codigo_ibge,municipio,uf,populacao_2022,percentual_tea_2022,area_territorial_km2_2022,focos_inpe_ref_2022,focos_por_100_km2_2022,anos_com_foco_ref_2018_2022,focos_inpe_ref_total_2018_2022,status_fogo_2022
1100015,Alta Floresta D'Oeste - RO,RO,21494.0,0.8,7067.127,236,3.3394051076201117,5,1104,ok
1100023,Ariquemes - RO,RO,96833.0,1.1,4426.571,126,2.8464470580049435,5,802,ok
1100031,Cabixi - RO,RO,5351.0,0.7,1314.352,24,1.8259948628677858,5,111,ok
1100049,Cacoal - RO,RO,86887.0,1.0,3793.0,43,1.1336672818349591,5,221,ok
1100056,Cerejeiras - RO,RO,15890.0,0.8,2783.3,34,1.2215715158265368,5,227,ok
1100064,Colorado do Oeste - RO,RO,15663.0,0.6,1451.06,4,0.2756605515967638,5,17,ok
1100072,Corumbiara - RO,RO,7519.0,0.5,3060.321,34,1.1109945656027587,5,255,ok
1100080,Costa Marques - RO,RO,12627.0,1.0,4987.177,172,3.44884490765016,5,764,ok
1100098,Espigão D'Oeste - RO,RO,29414.0,1.0,4518.038,43,0.9517405564096628,5,267,ok
1100106,Guajará-Mirim - RO,RO,39387.0,0.9,24856.877,336,1.3517385953191141,5,1421,ok
1100114,Jaru - RO,RO,50591.0,1.3,2944.128,43,1.4605343245945828,5,156,ok
1100122,Ji-Paraná - RO,RO,124333.0,1.2,6896.649,68,0.9859860926661629,5,343,ok
1100130,Machadinho D'Oeste - RO,RO,30707.0,1.1,8509.27,650,7.638728116512931,5,2843,ok
1100148,Nova Brasilândia D'Oeste - RO,RO,15679.0,1.0,1703.008,30,1.7615889062177041,5,107,ok
1100155,Ouro Preto do Oeste - RO,RO,35044.0,1.0,1969.85,42,2.132142041272178,5,373,ok
1100189,Pimenta Bueno - RO,RO,35079.0,2.0,6241.016,138,2.2111784363315206,5,820,ok
1100205,Porto Velho - RO,RO,460434.0,1.8,34090.952,4464,13.094383518535945,5,18175,ok
1100254,Presidente Médici - RO,RO,19327.0,1.2,1758.465,18,1.0236200322440312,5,60,ok
1100262,Rio Crespo - RO,RO,3471.0,1.4,1717.64,75,4.366456300505344,5,365,ok
1100288,Rolim de Moura - RO,RO,56406.0,1.0,1457.811,7,0.48017198388542826,5,61,ok
1100296,Santa Luzia D'Oeste - RO,RO,7419.0,0.8,1197.796,7,0.5844066936272955,5,34,ok
1100304,Vilhena - RO,RO,95832.0,0.8,11699.15,121,1.0342631729655574,5,1026,ok
1100320,São Miguel do Guaporé - RO,RO,21635.0,1.3,7460.117,123,1.6487677069944078,5,688,ok
1100338,Nova Mamoré - RO,RO,25444.0,0.9,10070.49,1107,10.992513770432224,5,5611,ok
1100346,Alvorada D'Oeste - RO,RO,13117.0,1.1,3029.189,9,0.29710922626485176,5,61,ok
1100379,Alto Alegre dos Parecis - RO,RO,11479.0,0.9,3958.273,60,1.5158125778590814,5,315,ok
1100403,Alto Paraíso - RO,RO,16320.0,1.1,2651.822,209,7.881373636692055,5,1271,ok
1100452,Buritis - RO,RO,27992.0,1.7,3265.809,394,12.064392008228282,5,1662,ok
1100502,Novo Horizonte do Oeste - RO,RO,7667.0,0.7,843.446,2,0.23712247138524575,4,13,ok
1100601,Cacaulândia - RO,RO,4150.0,1.2,1961.778,69,3.517217544492802,5,301,ok
1100700,Campo Novo de Rondônia - RO,RO,8844.0,1.1,3442.005,153,4.445083606793133,5,555,ok
1100809,Candeias do Jamari - RO,RO,22310.0,0.9,6843.868,1390,20.310152095277115,5,4891,ok
1100908,Castanheiras - RO,RO,3233.0,0.6,892.841,3,0.3360060749898358,5,52,ok
1100924,Chupinguaia - RO,RO,9324.0,0.4,5126.723,50,0.9752818710899731,5,480,ok
1100940,Cujubim - RO,RO,14863.0,1.7,3863.946,885,22.904046795685034,5,3874,ok
1101005,Governador Jorge Teixeira - RO,RO,8001.0,1.1,5067.384,224,4.420426792206788,5,510,ok
1101104,Itapuã do Oeste - RO,RO,8548.0,1.6,4081.58,117,2.8665369783270207,5,552,ok
1101203,Ministro Andreazza - RO,RO,6466.0,0.7,798.083,6,0.7518015043548102,5,53,ok
1101302,Mirante da Serra - RO,RO,9235.0,0.8,1191.875,52,4.362873623492396,5,262,ok
1101401,Monte Negro - RO,RO,11548.0,1.2,1931.378,98,5.074097354324218,5,522,ok
1101435,Nova União - RO,RO,6200.0,0.4,807.125,57,7.0621031438748645,5,267,ok
1101450,Parecis - RO,RO,4125.0,0.8,2548.683,57,2.2364491778695115,5,166,ok
1101468,Pimenteiras do Oeste - RO,RO,2156.0,0.2,6014.733,187,3.109032437516345,5,738,ok
1101476,Primavera de Rondônia - RO,RO,3076.0,0.8,605.692,5,0.8255020703591924,4,30,ok
1101484,São Felipe D'Oeste - RO,RO,5258.0,1.2,541.647,1,0.1846220878173423,4,8,ok
1101492,São Francisco do Guaporé - RO,RO,16286.0,0.8,10948.593,210,1.9180546760665957,5,1090,ok
1101500,Seringueiras - RO,RO,11171.0,0.9,3773.505,110,2.9150617264320573,5,847,ok
1101559,Teixeirópolis - RO,RO,4256.0,1.0,459.978,5,1.0870085091026094,5,25,ok
1101609,Theobroma - RO,RO,8113.0,1.0,2197.413,71,3.2310721744160067,5,196,ok
1101708,Urupá - RO,RO,10725.0,0.8,831.857,3,0.36063890788921654,5,57,ok
1101757,Vale do Anari - RO,RO,7788.0,0.8,3135.106,76,2.4241604590084034,5,364,ok
1101807,Vale do Paraíso - RO,RO,6479.0,1.5,965.676,12,1.2426528152299527,5,107,ok
1200013,Acrelândia - AC,AC,14021.0,1.0,1811.613,170,9.383902632626285,5,822,ok
1200054,Assis Brasil - AC,AC,8100.0,0.9,4979.073,188,3.7758032469096157,5,1020,ok
1200104,Brasiléia - AC,AC,26000.0,1.5,3928.174,581,14.790587178673858,5,2928,ok
1200138,Bujari - AC,AC,12917.0,1.7,3034.869,369,12.1586796662393,5,1371,ok
1200179,Capixaba - AC,AC,10392.0,1.3,1705.824,208,12.193520550771943,5,1006,ok
1200203,Cruzeiro do Sul - AC,AC,91888.0,1.3,8783.47,699,7.9581304427521244,5,2395,ok
1200252,Epitaciolândia - AC,AC,18757.0,1.7,1652.674,190,11.496520184864046,5,868,ok
1200302,Feijó - AC,AC,35426.0,1.0,27976.874,2417,8.639278283914065,5,7412,ok
1200328,Jordão - AC,AC,9222.0,0.7,5357.227,290,5.413248309246557,5,850,ok
1200336,Mâncio Lima - AC,AC,19294.0,0.5,5451.617,237,4.347334011175033,5,850,ok
1200344,Manoel Urbano - AC,AC,11996.0,1.7,10630.6,667,6.274340112505408,5,2175,ok
1200351,Marechal Thaumaturgo - AC,AC,17093.0,1.4,8190.953,270,3.2963197322704696,5,1093,ok
1200385,Plácido de Castro - AC,AC,16560.0,1.9,1952.555,46,2.355887542220321,5,261,ok
1200393,Porto Walter - AC,AC,10735.0,1.1,6446.385,220,3.4127654491625927,5,852,ok
1200401,Rio Branco - AC,AC,364756.0,2.0,8835.154,1088,12.314442962737264,5,3760,ok
1200427,Rodrigues Alves - AC,AC,14938.0,1.1,3076.342,262,8.516608361489068,5,1091,ok
1200435,Santa Rosa do Purus - AC,AC,6723.0,0.4,6155.858,129,2.0955649074426344,5,438,ok
1200450,Senador Guiomard - AC,AC,21454.0,1.9,2320.169,87,3.749726851793986,5,377,ok
1200500,Sena Madureira - AC,AC,41343.0,1.3,23759.512,1270,5.345227629254339,5,4983,ok
1200609,Tarauacá - AC,AC,43467.0,0.8,20169.485,1595,7.907985751743289,5,5128,ok
1200708,Xapuri - AC,AC,18243.0,1.6,5350.586,641,11.979996209760948,5,2713,ok
1200807,Porto Acre - AC,AC,16693.0,1.9,2604.417,216,8.293602752554603,5,896,ok
1300029,Alvarães - AM,AM,15866.0,0.6,5923.461,150,2.532303327395926,5,789,ok
1300060,Amaturá - AM,AM,10819.0,0.6,4754.109,12,0.2524132282200513,5,45,ok
1300086,Anamã - AM,AM,9962.0,1.5,2446.121,24,0.9811452499692369,5,93,ok
1300102,Anori - AM,AM,17194.0,0.5,6036.38,3,0.04969866045543852,5,19,ok
1300144,Apuí - AM,AM,20647.0,1.3,54240.545,3155,5.816681967336427,5,11235,ok
1300201,Atalaia do Norte - AM,AM,15314.0,0.8,76507.617,18,0.023527069206717027,5,107,ok
1300300,Autazes - AM,AM,41564.0,1.0,7652.852,487,6.363640640116913,5,1588,ok
1300409,Barcelos - AM,AM,18834.0,1.0,122461.086,12,0.009799031179586306,5,161,ok
1300508,Barreirinha - AM,AM,31051.0,0.6,5751.765,71,1.2344037004293464,5,621,ok
1300607,Benjamin Constant - AM,AM,37648.0,0.5,8705.441,27,0.31015085852629404,5,96,ok
1300631,Beruri - AM,AM,20718.0,1.3,17472.779,103,0.5894883693086258,5,304,ok
1300680,Boa Vista do Ramos - AM,AM,23785.0,1.2,2589.407,42,1.6219929891283988,5,245,ok
1300706,Boca do Acre - AM,AM,35447.0,0.9,21938.583,2112,9.626875172384652,5,6680,ok
1300805,Borba - AM,AM,33080.0,0.8,44236.184,271,0.6126206546206607,5,788,ok
1300839,Caapiranga - AM,AM,13469.0,0.8,9455.539,67,0.7085793839991564,5,326,ok
1300904,Canutama - AM,AM,16869.0,1.6,33642.732,1007,2.9932170788032315,5,3229,ok
1301001,Carauari - AM,AM,28742.0,0.9,25778.658,46,0.17844218267684842,5,297,ok
1301100,Careiro - AM,AM,30792.0,0.7,6096.212,144,2.362122577101977,5,607,ok
1301159,Careiro da Várzea - AM,AM,19637.0,1.1,2627.474,155,5.899202047289526,5,570,ok
1301209,Coari - AM,AM,70616.0,0.7,57970.768,125,0.21562591684139842,5,788,ok
1301308,Codajás - AM,AM,23549.0,1.3,18700.713,10,0.05347389695783257,5,126,ok
1301407,Eirunepé - AM,AM,33170.0,0.5,14966.242,119,0.7951227836620577,5,574,ok
1301506,Envira - AM,AM,17186.0,0.8,7505.794,308,4.103496578776343,5,972,ok
1301605,Fonte Boa - AM,AM,25871.0,0.8,12155.427,26,0.21389622923160168,5,80,ok
1301654,Guajará - AM,AM,13815.0,1.1,7583.534,399,5.261399236820195,5,1290,ok
1301704,Humaitá - AM,AM,57473.0,0.9,33111.129,1175,3.5486558008940134,5,4110,ok
1301803,Ipixuna - AM,AM,24311.0,0.7,12109.779,98,0.8092633234677528,5,506,ok
1301852,Iranduba - AM,AM,61163.0,1.2,2216.817,23,1.037523620578514,5,97,ok
1301902,Itacoatiara - AM,AM,103598.0,1.0,8891.906,228,2.5641296702866625,5,1011,ok
1301951,Itamarati - AM,AM,10937.0,0.2,25260.429,65,0.25731946199330186,5,209,ok
1302009,Itapiranga - AM,AM,10162.0,0.4,4335.075,27,0.6228265946955935,5,89,ok
1302108,Japurá - AM,AM,8858.0,0.6,55827.203,5,0.008956207245417614,4,15,ok
1302207,Juruá - AM,AM,10742.0,1.2,19442.548,6,0.030860152691920835,5,56,ok
1302306,Jutaí - AM,AM,25172.0,0.8,69457.415,29,0.04175220169077701,5,154,ok
1302405,Lábrea - AM,AM,45448.0,0.8,68262.68,4324,6.334354291393189,5,14781,ok
1302504,Manacapuru - AM,AM,101883.0,1.0,7336.579,126,1.7174217029490175,5,575,ok
1302553,Manaquiri - AM,AM,17107.0,0.8,3973.258,85,2.1393023055638474,5,499,ok
1302603,Manaus - AM,AM,2063689.0,1.3,11401.092,52,0.4560966616180275,5,247,ok
1302702,Manicoré - AM,AM,53914.0,0.7,48315.038,1591,3.2929706067912026,5,5877,ok
1302801,Maraã - AM,AM,15529.0,0.7,16830.827,12,0.07129774431167286,4,31,ok
1302900,Maués - AM,AM,61204.0,1.0,39991.066,603,1.5078367753437731,5,2103,ok
1303007,Nhamundá - AM,AM,20136.0,1.0,14107.04,143,1.0136782769454116,5,595,ok
1303106,Nova Olinda do Norte - AM,AM,27062.0,0.8,5578.132,110,1.9719863208687067,5,490,ok
1303205,Novo Airão - AM,AM,15761.0,1.6,37776.77,49,0.12970934254040248,5,176,ok
1303304,Novo Aripuanã - AM,AM,23818.0,0.4,41179.656,1949,4.732919575627344,5,6871,ok
1303403,Parintins - AM,AM,96372.0,0.9,5956.047,98,1.6453866129666206,5,577,ok
1303502,Pauini - AM,AM,19373.0,0.9,41624.664,314,0.7543604436062236,5,942,ok
1303536,Presidente Figueiredo - AM,AM,30668.0,1.4,25459.099,160,0.6284590039891044,5,557,ok
1303569,Rio Preto da Eva - AM,AM,24936.0,0.9,5815.622,18,0.30951117524488353,5,175,ok
1303601,Santa Isabel do Rio Negro - AM,AM,14164.0,0.4,62800.078,7,0.011146482970928795,5,47,ok
1303700,Santo Antônio do Içá - AM,AM,28211.0,0.5,12366.214,20,0.16173098734988736,5,71,ok
1303809,São Gabriel da Cachoeira - AM,AM,51795.0,1.1,109192.562,108,0.09890783586523044,5,472,ok
1303908,São Paulo de Olivença - AM,AM,32967.0,0.4,19658.502,23,0.11699772444512813,5,85,ok
1303957,São Sebastião do Uatumã - AM,AM,11670.0,0.5,10647.463,37,0.347500620570365,5,127,ok
1304005,Silves - AM,AM,11559.0,1.3,3723.382,40,1.0742921354832784,5,203,ok
1304062,Tabatinga - AM,AM,66764.0,0.6,3260.103,29,0.8895424469717675,5,78,ok
1304104,Tapauá - AM,AM,19599.0,0.6,84946.035,324,0.38141862654331066,5,1092,ok
1304203,Tefé - AM,AM,73669.0,1.0,23692.223,233,0.9834450739383974,5,1320,ok
1304237,Tonantins - AM,AM,19247.0,0.7,6446.894,14,0.21715883648777226,5,55,ok
1304260,Uarini - AM,AM,14431.0,0.6,10274.677,142,1.382038578925644,5,690,ok
1304302,Urucará - AM,AM,18631.0,1.5,27901.962,27,0.09676738861589734,5,119,ok
1304401,Urucurituba - AM,AM,23945.0,0.7,2886.494,30,1.0393231373423952,5,184,ok
1400027,Amajari - RR,RR,13927.0,0.5,28473.45,60,0.2107226205465091,5,626,ok
1400050,Alto Alegre - RR,RR,21096.0,1.2,25454.297,41,0.16107300075896813,5,505,ok
1400100,Boa Vista - RR,RR,413486.0,1.2,5687.037,102,1.7935526004138884,5,568,ok
1400159,Bonfim - RR,RR,13923.0,0.9,8079.914,86,1.0643677643103626,5,718,ok
1400175,Cantá - RR,RR,18682.0,1.4,7664.831,49,0.639283501488813,5,675,ok
1400209,Caracaraí - RR,RR,20957.0,1.3,47379.903,85,0.1794009582501678,5,2183,ok
1400233,Caroebe - RR,RR,10656.0,0.4,12065.896,151,1.2514611430431688,5,684,ok
1400282,Iracema - RR,RR,10023.0,0.7,14011.695,9,0.06423205757761641,5,649,ok
1400308,Mucajaí - RR,RR,18095.0,0.5,12337.851,20,0.16210278435037026,5,830,ok
1400407,Normandia - RR,RR,13986.0,0.7,6959.868,106,1.523017390559706,5,717,ok
1400456,Pacaraima - RR,RR,19305.0,1.7,8025.045,109,1.3582478353703937,5,722,ok
1400472,Rorainópolis - RR,RR,32647.0,1.0,33579.739,182,0.5419934919684755,5,1230,ok
1400506,São João da Baliza - RR,RR,8858.0,0.4,4284.505,65,1.5170947402325357,5,253,ok
1400605,São Luiz do Anauá - RR,RR,7315.0,0.6,1526.898,29,1.8992755246257444,5,251,ok
1400704,Uiramutã - RR,RR,13751.0,2.0,8113.598,129,1.5899234840079581,5,698,ok
1500107,Abaetetuba - PA,PA,158188.0,1.2,1610.654,72,4.470233830481283,5,379,ok
1500131,Abel Figueiredo - PA,PA,6136.0,0.4,614.131,33,5.373446381960853,5,148,ok
1500206,Acará - PA,PA,59023.0,0.9,4344.384,441,10.15103637247536,5,2203,ok
1500305,Afuá - PA,PA,37765.0,0.5,8338.438,0,0.0,4,13,ok
1500347,Água Azul do Norte - PA,PA,18080.0,1.1,7113.955,148,2.080417995334522,5,568,ok
1500404,Alenquer - PA,PA,69377.0,1.0,23645.452,327,1.3829297913188547,5,1418,ok
1500503,Almeirim - PA,PA,34280.0,0.9,72954.798,291,0.3988771238870403,5,1035,ok
1500602,Altamira - PA,PA,126279.0,1.1,159533.306,5041,3.1598417448955765,5,18446,ok
1500701,Anajás - PA,PA,28011.0,0.6,6913.64,2,0.02892832140522214,5,25,ok
1500800,Ananindeua - PA,PA,478778.0,1.5,190.581,0,0.0,1,1,ok
1500859,Anapu - PA,PA,31850.0,0.7,11895.27,678,5.699744520300927,5,2336,ok
1500909,Augusto Corrêa - PA,PA,44573.0,0.8,1099.619,83,7.548068922053912,5,241,ok
1500958,Aurora do Pará - PA,PA,23774.0,1.1,1811.84,108,5.960791239844578,5,446,ok
1501006,Aveiro - PA,PA,18290.0,0.9,17074.053,457,2.6765759717391058,5,1893,ok
1501105,Bagre - PA,PA,31892.0,0.4,4397.321,75,1.7055839225746767,5,315,ok
1501204,Baião - PA,PA,51641.0,0.7,3759.834,177,4.707654646455136,5,722,ok
1501253,Bannach - PA,PA,4031.0,0.7,2956.649,151,5.107133109138082,5,445,ok
1501303,Barcarena - PA,PA,126650.0,1.0,1310.338,36,2.7473827363626793,5,158,ok
1501402,Belém - PA,PA,1303403.0,1.5,1059.466,3,0.28316151721716415,4,13,ok
1501451,Belterra - PA,PA,18099.0,1.0,4398.418,82,1.8643066666242274,5,360,ok
1501501,Benevides - PA,PA,63567.0,1.6,187.826,1,0.5324076538924324,3,3,ok
1501576,Bom Jesus do Tocantins - PA,PA,18005.0,0.8,2816.604,90,3.1953373637188616,5,344,ok
1501600,Bonito - PA,PA,12622.0,1.3,586.976,37,6.303494521070709,5,112,ok
1501709,Bragança - PA,PA,123082.0,1.0,2124.734,118,5.553636361069198,5,432,ok
1501725,Brasil Novo - PA,PA,24718.0,1.1,6362.575,100,1.5716907069857722,5,502,ok
1501758,Brejo Grande do Araguaia - PA,PA,6783.0,0.6,1288.477,18,1.3969981613951976,5,62,ok
1501782,Breu Branco - PA,PA,45712.0,1.4,3941.904,158,4.008215319297476,5,519,ok
1501808,Breves - PA,PA,106968.0,0.8,9566.572,124,1.2961800736982902,5,501,ok
1501907,Bujaru - PA,PA,24383.0,0.8,994.691,129,12.968851633321302,5,540,ok
1501956,Cachoeira do Piriá - PA,PA,19630.0,0.9,2419.6,131,5.4141180360390155,5,527,ok
1502004,Cachoeira do Arari - PA,PA,23981.0,2.3,3100.261,63,2.0320869759029967,5,290,ok
1502103,Cametá - PA,PA,134184.0,0.9,3081.367,292,9.476313597179434,5,1088,ok
1502152,Canaã dos Carajás - PA,PA,77079.0,1.0,3146.821,39,1.239345993941187,5,225,ok
1502202,Capanema - PA,PA,70394.0,1.0,621.483,18,2.896298048377832,5,68,ok
1502301,Capitão Poço - PA,PA,56506.0,0.9,2901.026,158,5.446348981360388,5,505,ok
1502400,Castanhal - PA,PA,192256.0,1.2,1029.3,40,3.886136209074128,5,132,ok
1502509,Chaves - PA,PA,20757.0,0.6,12534.995,42,0.33506196053528536,5,299,ok
1502608,Colares - PA,PA,12868.0,0.9,384.068,2,0.5207411187602196,4,14,ok
1502707,Conceição do Araguaia - PA,PA,44617.0,0.8,5829.482,246,4.219928974821434,5,1442,ok
1502756,Concórdia do Pará - PA,PA,26881.0,1.9,700.59,99,14.13094677343382,5,359,ok
1502764,Cumaru do Norte - PA,PA,14036.0,0.4,17085.001,638,3.7342696087638507,5,2253,ok
1502772,Curionópolis - PA,PA,19950.0,0.9,2369.096,45,1.899458696481696,5,169,ok
1502806,Curralinho - PA,PA,33903.0,1.0,3617.252,87,2.4051406979663015,5,440,ok
1502855,Curuá - PA,PA,14117.0,0.4,1431.134,65,4.541852824403585,5,326,ok
1502905,Curuçá - PA,PA,41262.0,1.2,676.322,21,3.105029852644155,5,78,ok
1502939,Dom Eliseu - PA,PA,58484.0,1.5,5268.809,225,4.270414812911229,5,858,ok
1502954,Eldorado do Carajás - PA,PA,28192.0,0.7,2956.691,54,1.8263660287801464,5,253,ok
1503002,Faro - PA,PA,8728.0,0.6,11771.669,44,0.3737787734262661,5,162,ok
1503044,Floresta do Araguaia - PA,PA,17898.0,0.7,3444.285,112,3.2517634284038635,5,530,ok
1503077,Garrafão do Norte - PA,PA,24703.0,0.3,1608.014,124,7.711375647226952,5,397,ok
1503093,Goianésia do Pará - PA,PA,26362.0,1.1,7023.948,203,2.890112512222471,5,799,ok
1503101,Gurupá - PA,PA,31786.0,0.9,8570.286,43,0.5017335477485815,5,266,ok
1503200,Igarapé-Açu - PA,PA,35797.0,1.1,785.983,32,4.071334876199613,5,120,ok
1503309,Igarapé-Miri - PA,PA,64831.0,1.6,1996.79,82,4.106591078681284,5,381,ok
1503408,Inhangapi - PA,PA,10325.0,0.4,472.605,24,5.07823658234678,5,59,ok
1503457,Ipixuna do Pará - PA,PA,30329.0,0.8,5215.555,183,3.5087349284975424,5,890,ok
1503507,Irituia - PA,PA,30955.0,1.0,1385.209,98,7.074744677517978,5,352,ok
1503606,Itaituba - PA,PA,123314.0,1.3,62042.472,2044,3.294517342893752,5,6891,ok
1503705,Itupiranga - PA,PA,49754.0,0.8,7880.109,307,3.895885196511875,5,1109,ok
1503754,Jacareacanga - PA,PA,24042.0,1.9,53304.563,880,1.6508905625959265,5,3527,ok
1503804,Jacundá - PA,PA,37707.0,0.9,2008.315,27,1.344410612876964,5,109,ok
1503903,Juruti - PA,PA,50881.0,0.8,8305.454,146,1.7578810261305404,5,714,ok
1504000,Limoeiro do Ajuru - PA,PA,29569.0,0.9,1490.186,8,0.5368457360356359,5,49,ok
1504059,Mãe do Rio - PA,PA,34353.0,0.7,469.341,15,3.1959705203679203,5,61,ok
1504109,Magalhães Barata - PA,PA,8115.0,0.6,323.984,24,7.407773223369056,5,104,ok
1504208,Marabá - PA,PA,266533.0,1.2,15128.058,502,3.318337356982634,5,1844,ok
1504307,Maracanã - PA,PA,25971.0,0.9,807.628,36,4.457497758869182,5,203,ok
1504406,Marapanim - PA,PA,26573.0,1.0,804.625,38,4.722696908497747,5,186,ok
1504422,Marituba - PA,PA,111785.0,1.3,103.214,0,0.0,0,0,ok
1504455,Medicilândia - PA,PA,27094.0,0.7,8272.629,497,6.007763674643211,5,1554,ok
1504505,Melgaço - PA,PA,27881.0,1.1,6774.065,31,0.45762773165005066,5,182,ok
1504604,Mocajuba - PA,PA,27198.0,1.1,871.171,106,12.167530829194268,5,520,ok
1504703,Moju - PA,PA,84094.0,1.2,9094.139,914,10.050429183015568,5,3168,ok
1504752,Mojuí dos Campos - PA,PA,23501.0,1.1,4988.236,446,8.941036470608047,5,1339,ok
1504802,Monte Alegre - PA,PA,60012.0,0.7,18152.559,494,2.721379393395719,5,1700,ok
1504901,Muaná - PA,PA,45368.0,0.6,3763.337,98,2.604071864943267,5,303,ok
1504950,Nova Esperança do Piriá - PA,PA,20478.0,0.4,2808.195,163,5.804440218717004,5,577,ok
1504976,Nova Ipixuna - PA,PA,13955.0,1.3,1564.184,52,3.324417076251899,5,173,ok
1505007,Nova Timboteua - PA,PA,12806.0,0.6,489.853,18,3.6745717592828866,5,78,ok
1505031,Novo Progresso - PA,PA,33638.0,0.9,38162.002,3174,8.317173716410371,5,10873,ok
1505064,Novo Repartimento - PA,PA,60732.0,0.8,15398.723,702,4.558819585234438,5,2718,ok
1505106,Óbidos - PA,PA,52229.0,0.9,28011.041,428,1.5279689176849942,5,2339,ok
1505205,Oeiras do Pará - PA,PA,33844.0,0.4,3852.291,196,5.087881471051901,5,752,ok
1505304,Oriximiná - PA,PA,68294.0,1.7,107613.838,357,0.33174172265838153,5,1605,ok
1505403,Ourém - PA,PA,17855.0,0.8,561.71,28,4.984778622420822,5,83,ok
1505437,Ourilândia do Norte - PA,PA,32467.0,1.5,14410.567,263,1.8250496319818645,5,1066,ok
1505486,Pacajá - PA,PA,41097.0,0.6,11832.323,1569,13.260287096625067,5,5465,ok
1505494,Palestina do Pará - PA,PA,6885.0,0.5,984.362,2,0.20317728640479824,5,44,ok
1505502,Paragominas - PA,PA,105550.0,1.2,19342.565,413,2.1351873445946805,5,1734,ok
1505536,Parauapebas - PA,PA,267836.0,1.1,6885.794,69,1.0020630881493116,5,338,ok
1505551,Pau D'Arco - PA,PA,6931.0,0.6,1671.419,97,5.803452036862091,5,381,ok
1505601,Peixe-Boi - PA,PA,8285.0,1.5,450.224,17,3.775898219552934,5,68,ok
1505635,Piçarra - PA,PA,12832.0,0.9,3312.708,28,0.8452299448064846,5,132,ok
1505650,Placas - PA,PA,18668.0,1.1,7173.194,773,10.776231620112323,5,2661,ok
1505700,Ponta de Pedras - PA,PA,24984.0,0.8,3363.749,82,2.4377562059475903,5,280,ok
1505809,Portel - PA,PA,62503.0,0.6,25384.96,1538,6.0587056272690605,5,5374,ok
1505908,Porto de Moz - PA,PA,40597.0,0.8,17423.017,324,1.8596090447481055,5,1182,ok
1506005,Prainha - PA,PA,35577.0,0.5,14786.953,554,3.7465460260812358,5,1781,ok
1506104,Primavera - PA,PA,10851.0,0.9,258.6,9,3.480278422273782,5,74,ok
1506112,Quatipuru - PA,PA,11524.0,0.8,302.939,4,1.320397835867947,5,38,ok
1506138,Redenção - PA,PA,85597.0,1.2,3823.809,50,1.3075966921987996,5,294,ok
1506161,Rio Maria - PA,PA,18384.0,1.0,4114.627,84,2.0414973216284245,5,466,ok
1506187,Rondon do Pará - PA,PA,53143.0,1.2,8246.394,358,4.3412914784328756,5,1412,ok
1506195,Rurópolis - PA,PA,35769.0,0.8,7021.321,549,7.8190414595771935,5,2367,ok
1506203,Salinópolis - PA,PA,44772.0,1.1,226.12,4,1.7689722271360337,5,24,ok
1506302,Salvaterra - PA,PA,24129.0,0.7,918.563,43,4.681224913261257,5,193,ok
1506351,Santa Bárbara do Pará - PA,PA,21087.0,0.5,278.154,3,1.078539226471667,5,13,ok
1506401,Santa Cruz do Arari - PA,PA,7445.0,0.8,1076.652,6,0.5572831332686884,5,91,ok
1506500,Santa Izabel do Pará - PA,PA,73019.0,1.0,717.662,6,0.8360481675217581,5,33,ok
1506559,Santa Luzia do Pará - PA,PA,20370.0,0.7,1346.502,56,4.15892438332806,5,205,ok
1506583,Santa Maria das Barreiras - PA,PA,16548.0,1.2,10330.214,624,6.040533139003703,5,2549,ok
1506609,Santa Maria do Pará - PA,PA,24624.0,0.7,457.724,19,4.1509730754778,5,61,ok
1506708,Santana do Araguaia - PA,PA,32413.0,0.9,11591.441,485,4.184121715324263,5,2045,ok
1506807,Santarém - PA,PA,331942.0,1.1,17898.389,445,2.4862572827085163,5,1602,ok
1506906,Santarém Novo - PA,PA,6116.0,0.7,229.51,9,3.921397760446168,5,45,ok
1507003,Santo Antônio do Tauá - PA,PA,27461.0,1.1,537.618,5,0.9300283844662938,5,46,ok
1507102,São Caetano de Odivelas - PA,PA,16666.0,1.0,464.166,8,1.7235213264220128,5,59,ok
1507151,São Domingos do Araguaia - PA,PA,21092.0,1.2,1392.464,25,1.7953785519769272,5,98,ok
1507201,São Domingos do Capim - PA,PA,30599.0,0.8,1686.765,180,10.671314617033197,5,832,ok
1507300,São Félix do Xingu - PA,PA,65418.0,0.8,84212.903,5249,6.2330115849349115,5,17923,ok
1507409,São Francisco do Pará - PA,PA,14894.0,0.9,479.441,20,4.171524754870777,5,65,ok
1507458,São Geraldo do Araguaia - PA,PA,24255.0,2.1,3168.384,31,0.9784167575647396,5,142,ok
1507466,São João da Ponta - PA,PA,4430.0,0.7,195.918,8,4.083340989597688,5,29,ok
1507474,São João de Pirabas - PA,PA,20689.0,1.5,668.434,20,2.992068027658677,5,116,ok
1507508,São João do Araguaia - PA,PA,13664.0,1.4,1279.889,46,3.5940616725356658,5,188,ok
1507607,São Miguel do Guamá - PA,PA,52894.0,0.8,1094.564,95,8.679254936212043,5,318,ok
1507706,São Sebastião da Boa Vista - PA,PA,25643.0,0.9,1632.251,8,0.490120698348477,5,42,ok
1507755,Sapucaia - PA,PA,5847.0,0.8,1298.19,14,1.078424575755475,5,49,ok
1507805,Senador José Porfírio - PA,PA,22576.0,0.6,14419.916,638,4.424436314330818,5,2517,ok
1507904,Soure - PA,PA,24204.0,0.9,2857.349,12,0.4199696991862037,5,94,ok
1507953,Tailândia - PA,PA,72493.0,1.5,4430.477,242,5.4621658119430485,5,1100,ok
1507961,Terra Alta - PA,PA,10400.0,0.5,204.97,7,3.4151339220373713,5,18,ok
1507979,Terra Santa - PA,PA,18782.0,0.6,1895.883,62,3.2702439971242954,5,172,ok
1508001,Tomé-Açu - PA,PA,67585.0,1.0,5145.361,304,5.908234621438613,5,1094,ok
1508035,Tracuateua - PA,PA,28595.0,1.0,868.025,29,3.34091760029953,5,117,ok
1508050,Trairão - PA,PA,15242.0,0.4,11991.085,590,4.920322055927382,5,2523,ok
1508084,Tucumã - PA,PA,39550.0,1.3,2512.594,56,2.2287723364777596,5,410,ok
1508100,Tucuruí - PA,PA,91306.0,1.1,2084.289,96,4.605887187429382,5,331,ok
1508126,Ulianópolis - PA,PA,37972.0,0.7,5088.468,169,3.321235389512128,5,840,ok
1508159,Uruará - PA,PA,43558.0,0.8,10791.406,886,8.210236923715037,5,2834,ok
1508209,Vigia - PA,PA,50832.0,1.3,401.589,9,2.241097241209296,5,40,ok
1508308,Viseu - PA,PA,58692.0,0.8,4972.897,133,2.674497380500742,5,543,ok
1508357,Vitória do Xingu - PA,PA,15607.0,1.2,3089.537,32,1.035753900989048,5,174,ok
1508407,Xinguara - PA,PA,52893.0,1.0,3779.348,43,1.1377623865280466,5,190,ok
1600055,Serra do Navio - AP,AP,4673.0,0.9,7713.046,4,0.05186018597581292,5,22,ok
1600105,Amapá - AP,AP,7943.0,2.1,8454.847,60,0.709652108429638,5,419,ok
1600154,Pedra Branca do Amapari - AP,AP,12847.0,1.0,9622.29,41,0.4260939963355916,5,264,ok
1600204,Calçoene - AP,AP,10612.0,0.8,14117.297,139,0.9846077475029391,5,619,ok
1600212,Cutias - AP,AP,4461.0,0.9,2179.114,16,0.7342433667995341,5,80,ok
1600238,Ferreira Gomes - AP,AP,6666.0,1.2,4973.855,18,0.36189233501981866,5,141,ok
1600253,Itaubal - AP,AP,5599.0,0.6,1622.867,9,0.5545740963369149,5,90,ok
1600279,Laranjal do Jari - AP,AP,35114.0,1.3,30782.998,33,0.1072020340578913,5,126,ok
1600303,Macapá - AP,AP,442933.0,1.7,6563.849,128,1.9500753292770752,5,647,ok
1600402,Mazagão - AP,AP,21924.0,0.8,13294.778,134,1.0079145360682216,5,498,ok
1600501,Oiapoque - AP,AP,27482.0,0.7,23034.392,168,0.7293441910687289,5,697,ok
1600535,Porto Grande - AP,AP,17848.0,1.0,4428.013,37,0.8355892360749618,5,197,ok
1600550,Pracuúba - AP,AP,3803.0,0.8,4948.508,39,0.7881163372879261,5,215,ok
1600600,Santana - AP,AP,107618.0,1.5,1541.224,10,0.6488349519602601,5,110,ok
1600709,Tartarugalzinho - AP,AP,12945.0,1.3,6684.705,131,1.9596975483585288,5,665,ok
1600808,Vitória do Jari - AP,AP,11291.0,1.2,2508.979,23,0.9167075531520991,5,109,ok
1700251,Abreulândia - TO,TO,2576.0,0.4,1906.295,79,4.144164465625729,5,276,ok
1700301,Aguiarnópolis - TO,TO,4497.0,0.8,236.792,6,2.5338693874793066,5,28,ok
1700350,Aliança do Tocantins - TO,TO,5147.0,1.6,1580.999,22,1.3915252318312663,5,96,ok
1700400,Almas - TO,TO,6499.0,0.5,4007.152,325,8.110498428809288,5,1016,ok
1700707,Alvorada - TO,TO,8802.0,0.9,1207.201,14,1.1597074555107227,5,67,ok
1701002,Ananás - TO,TO,10325.0,0.8,1581.058,16,1.011980585152474,5,177,ok
1701051,Angico - TO,TO,2876.0,0.8,447.549,17,3.798466760064261,5,71,ok
1701101,Aparecida do Rio Negro - TO,TO,4856.0,0.4,1159.034,24,2.0706899021081346,5,118,ok
1701309,Aragominas - TO,TO,5290.0,0.7,1168.213,12,1.027209935174493,5,103,ok
1701903,Araguacema - TO,TO,5927.0,0.2,2774.505,122,4.397180758369511,5,553,ok
1702000,Araguaçu - TO,TO,8133.0,0.9,5155.223,20,0.38795605932080923,5,203,ok
1702109,Araguaína - TO,TO,171301.0,1.4,4004.646,95,2.3722446378531337,5,334,ok
1702158,Araguanã - TO,TO,4310.0,0.6,834.834,8,0.9582743395693036,3,15,ok
1702208,Araguatins - TO,TO,31918.0,0.9,2633.278,71,2.6962591872183648,5,268,ok
1702307,Arapoema - TO,TO,5550.0,0.9,1558.138,26,1.6686583601709222,5,72,ok
1702406,Arraias - TO,TO,10287.0,0.5,5803.085,207,3.567068205962863,5,1223,ok
1702554,Augustinópolis - TO,TO,17484.0,1.0,388.81,8,2.05756024793601,4,27,ok
1702703,Aurora do Tocantins - TO,TO,3342.0,0.6,696.194,33,4.740058087257288,5,93,ok
1702901,Axixá do Tocantins - TO,TO,10262.0,1.2,153.539,5,3.256501605455292,4,13,ok
1703008,Babaçulândia - TO,TO,7880.0,0.8,1790.297,102,5.697378703086694,5,316,ok
1703057,Bandeirantes do Tocantins - TO,TO,3407.0,0.8,1540.541,4,0.25964904536782857,5,88,ok
1703073,Barra do Ouro - TO,TO,4476.0,1.1,1105.84,26,2.3511538739781526,5,169,ok
1703107,Barrolândia - TO,TO,4846.0,1.0,697.759,11,1.5764755452813937,5,64,ok
1703206,Bernardo Sayão - TO,TO,4229.0,0.9,924.045,7,0.7575388644492422,5,56,ok
1703305,Bom Jesus do Tocantins - TO,TO,4038.0,1.0,1326.947,70,5.275267211124484,5,332,ok
1703602,Brasilândia do Tocantins - TO,TO,1974.0,0.9,645.908,11,1.7030289143345492,3,50,ok
1703701,Brejinho de Nazaré - TO,TO,4725.0,0.5,1722.59,51,2.9606580788231676,5,208,ok
1703800,Buriti do Tocantins - TO,TO,10307.0,0.4,252.73,13,5.143829383136153,5,38,ok
1703826,Cachoeirinha - TO,TO,1961.0,0.4,351.535,30,8.534000881846756,5,115,ok
1703842,Campos Lindos - TO,TO,8653.0,0.5,3234.445,147,4.544829174711581,5,649,ok
1703867,Cariri do Tocantins - TO,TO,4007.0,0.5,1126.291,20,1.7757400174555245,5,116,ok
1703883,Carmolândia - TO,TO,2201.0,1.0,339.366,3,0.8840013436820424,4,10,ok
1703891,Carrasco Bonito - TO,TO,3318.0,0.7,190.352,1,0.525342523325208,4,19,ok
1703909,Caseara - TO,TO,4847.0,0.8,1680.014,66,3.928538690749006,5,286,ok
1704105,Centenário - TO,TO,2131.0,0.7,1953.134,118,6.041572160435485,5,529,ok
1704600,Chapada de Areia - TO,TO,1501.0,0.7,658.564,6,0.9110731834719178,5,46,ok
1705102,Chapada da Natividade - TO,TO,3117.0,0.4,1640.833,82,4.997461655147111,5,287,ok
1705508,Colinas do Tocantins - TO,TO,34233.0,0.9,842.488,0,0.0,4,16,ok
1705557,Combinado - TO,TO,4756.0,1.4,208.791,1,0.4789478473689,5,39,ok
1705607,Conceição do Tocantins - TO,TO,3887.0,0.6,2530.647,184,7.27086788477413,5,945,ok
1706001,Couto Magalhães - TO,TO,5331.0,0.9,1584.196,45,2.840557607770756,5,226,ok
1706100,Cristalândia - TO,TO,6371.0,0.4,1850.75,62,3.3499932459813584,5,301,ok
1706258,Crixás do Tocantins - TO,TO,1470.0,0.8,983.766,8,0.8132015133680164,5,80,ok
1706506,Darcinópolis - TO,TO,5827.0,0.9,1641.77,61,3.715502171436925,5,256,ok
1707009,Dianópolis - TO,TO,17739.0,0.7,3318.094,128,3.8576363418275674,5,694,ok
1707108,Divinópolis do Tocantins - TO,TO,7024.0,0.5,2358.282,65,2.7562437401464286,5,231,ok
1707207,Dois Irmãos do Tocantins - TO,TO,6327.0,1.0,3747.645,66,1.7611059745520186,5,455,ok
1707306,Dueré - TO,TO,4248.0,0.6,3420.657,164,4.794400607836448,5,710,ok
1707405,Esperantina - TO,TO,7530.0,1.3,506.175,16,3.1609621178446186,5,67,ok
1707553,Fátima - TO,TO,3467.0,1.0,380.373,8,2.103198702326401,4,27,ok
1707652,Figueirópolis - TO,TO,5211.0,0.5,1935.709,22,1.136534468765708,5,85,ok
1707702,Filadélfia - TO,TO,7712.0,1.2,1991.258,39,1.9585608695608505,5,192,ok
1708205,Formoso do Araguaia - TO,TO,18881.0,0.7,13431.861,825,6.142112399763517,5,3887,ok
1708254,Tabocão - TO,TO,3455.0,,624.463,9,1.4412383119576342,5,46,ok
1708304,Goianorte - TO,TO,4738.0,1.2,1797.229,13,0.7233357574354743,5,189,ok
1709005,Goiatins - TO,TO,12433.0,0.4,6414.846,459,7.155276993399375,5,2093,ok
1709302,Guaraí - TO,TO,24775.0,0.8,2106.753,92,4.366909647215406,5,320,ok
1709500,Gurupi - TO,TO,85125.0,0.9,1844.164,24,1.3014026952049818,5,198,ok
1709807,Ipueiras - TO,TO,1590.0,0.4,821.152,44,5.358325864151825,5,243,ok
1710508,Itacajá - TO,TO,6819.0,0.3,3047.204,234,7.679170807074288,5,930,ok
1710706,Itaguatins - TO,TO,5172.0,1.3,730.163,47,6.436918879756985,5,97,ok
1710904,Itapiratins - TO,TO,3577.0,1.0,1246.349,15,1.2035152272758274,5,102,ok
1711100,Itaporã do Tocantins - TO,TO,2404.0,,969.794,3,0.30934404626137096,5,41,ok
1711506,Jaú do Tocantins - TO,TO,3334.0,0.1,2167.201,47,2.1686959354485347,5,177,ok
1711803,Juarina - TO,TO,2243.0,1.8,483.452,4,0.8273830700876198,5,44,ok
1711902,Lagoa da Confusão - TO,TO,15288.0,0.5,10563.181,755,7.147468172702901,5,5278,ok
1711951,Lagoa do Tocantins - TO,TO,3516.0,0.8,917.632,52,5.666759659645697,5,229,ok
1712009,Lajeado - TO,TO,3357.0,0.7,318.292,27,8.482776821283602,5,69,ok
1712157,Lavandeira - TO,TO,1626.0,0.6,468.006,29,6.196501754251014,5,81,ok
1712405,Lizarda - TO,TO,2999.0,2.9,5716.641,498,8.711409374840926,5,1771,ok
1712454,Luzinópolis - TO,TO,2717.0,0.1,281.543,17,6.038154029757443,5,76,ok
1712504,Marianópolis do Tocantins - TO,TO,4615.0,0.8,2089.575,81,3.876386346505869,5,286,ok
1712702,Mateiros - TO,TO,2748.0,0.7,9589.273,566,5.902428682549762,5,2516,ok
1712801,Maurilândia do Tocantins - TO,TO,3095.0,0.5,736.303,92,12.494856057900076,5,250,ok
1713205,Miracema do Tocantins - TO,TO,18566.0,1.1,2663.745,154,5.781334174254668,5,459,ok
1713304,Miranorte - TO,TO,12701.0,0.4,1033.301,16,1.5484355478219805,5,88,ok
1713601,Monte do Carmo - TO,TO,5694.0,0.7,3601.205,285,7.914017669085764,5,848,ok
1713700,Monte Santo do Tocantins - TO,TO,2396.0,1.2,1072.92,33,3.0757185997092047,5,160,ok
1713809,Palmeiras do Tocantins - TO,TO,4872.0,1.1,743.407,12,1.614189804508163,5,77,ok
1713957,Muricilândia - TO,TO,3367.0,0.7,1194.368,12,1.0047154645804308,5,53,ok
1714203,Natividade - TO,TO,8754.0,0.4,3241.672,117,3.6092485606193345,5,793,ok
1714302,Nazaré - TO,TO,4521.0,0.7,395.997,23,5.808124809026331,5,56,ok
1714880,Nova Olinda - TO,TO,10367.0,0.8,1567.834,73,4.6561051743998405,5,225,ok
1715002,Nova Rosalândia - TO,TO,3362.0,1.4,514.791,2,0.3885071805839651,5,52,ok
1715101,Novo Acordo - TO,TO,3969.0,0.9,2678.262,227,8.475645773266393,5,763,ok
1715150,Novo Alegre - TO,TO,1846.0,0.8,200.412,0,0.0,0,0,ok
1715259,Novo Jardim - TO,TO,2230.0,0.5,1213.893,22,1.812350841466258,5,293,ok
1715507,Oliveira de Fátima - TO,TO,1164.0,,209.292,9,4.300212143799094,4,21,ok
1715705,Palmeirante - TO,TO,4798.0,0.5,2638.465,110,4.1690907402599615,5,379,ok
1715754,Palmeirópolis - TO,TO,6975.0,0.8,1708.981,13,0.7606872165342974,5,151,ok
1716109,Paraíso do Tocantins - TO,TO,52360.0,1.2,1292.267,27,2.0893515039848576,5,103,ok
1716208,Paranã - TO,TO,10542.0,0.7,11217.373,490,4.36822418225729,5,2995,ok
1716307,Pau D'Arco - TO,TO,4043.0,0.7,1375.551,30,2.1809442179897367,5,111,ok
1716505,Pedro Afonso - TO,TO,14055.0,1.3,2019.556,120,5.941900100814238,5,466,ok
1716604,Peixe - TO,TO,9317.0,0.8,5303.612,124,2.338029252516964,5,463,ok
1716653,Pequizeiro - TO,TO,4921.0,0.3,1206.118,11,0.9120169005022726,5,108,ok
1716703,Colméia - TO,TO,8941.0,0.6,1161.03,14,1.2058258615195128,5,86,ok
1717008,Pindorama do Tocantins - TO,TO,4478.0,0.3,1560.551,84,5.382714182362512,5,309,ok
1717206,Piraquê - TO,TO,2282.0,1.6,1363.412,25,1.833635027416511,5,135,ok
1717503,Pium - TO,TO,7128.0,0.7,10003.549,569,5.687981335424057,5,2552,ok
1717800,Ponte Alta do Bom Jesus - TO,TO,4220.0,0.6,1718.791,52,3.0253823763331322,5,382,ok
1717909,Ponte Alta do Tocantins - TO,TO,7586.0,1.2,6542.838,421,6.434516642472272,5,1700,ok
1718006,Porto Alegre do Tocantins - TO,TO,2866.0,0.2,506.717,25,4.93372040014446,5,106,ok
1718204,Porto Nacional - TO,TO,64418.0,1.3,4434.68,159,3.5853770734303265,5,741,ok
1718303,Praia Norte - TO,TO,9044.0,0.3,300.999,6,1.9933621041930372,5,37,ok
1718402,Presidente Kennedy - TO,TO,3047.0,0.5,771.716,10,1.2958134857901094,5,152,ok
1718451,Pugmil - TO,TO,2193.0,0.4,401.174,24,5.982441534097424,5,61,ok
1718501,Recursolândia - TO,TO,3421.0,0.8,2215.669,152,6.860230476664158,5,690,ok
1718550,Riachinho - TO,TO,3960.0,1.5,512.156,9,1.7572770796397974,5,36,ok
1718659,Rio da Conceição - TO,TO,1768.0,0.3,845.823,45,5.320262040639708,5,172,ok
1718709,Rio dos Bois - TO,TO,2738.0,0.9,847.255,28,3.304790175330922,5,116,ok
1718758,Rio Sono - TO,TO,4841.0,0.3,6346.279,415,6.5392649771622064,5,1718,ok
1718808,Sampaio - TO,TO,4215.0,1.0,222.435,22,9.890529817699553,5,88,ok
1718840,Sandolândia - TO,TO,3723.0,0.7,3535.135,86,2.432721805532179,5,209,ok
1718865,Santa Fé do Araguaia - TO,TO,7216.0,0.8,1671.239,18,1.077045234104757,5,96,ok
1718881,Santa Maria do Tocantins - TO,TO,2680.0,0.8,1412.318,70,4.95639084115617,5,313,ok
1718899,Santa Rita do Tocantins - TO,TO,2219.0,0.6,3281.219,138,4.205754020076076,5,844,ok
1718907,Santa Rosa do Tocantins - TO,TO,4653.0,0.8,1804.687,21,1.1636366860292118,5,170,ok
1719004,Santa Tereza do Tocantins - TO,TO,2781.0,1.4,539.511,40,7.41412130614575,5,122,ok
1720002,Santa Terezinha do Tocantins - TO,TO,2406.0,0.1,274.104,7,2.5537752094095674,5,42,ok
1720101,São Bento do Tocantins - TO,TO,5654.0,0.5,1099.58,59,5.365685079757726,5,248,ok
1720150,São Félix do Tocantins - TO,TO,1783.0,0.5,1913.11,137,7.161114624877817,5,557,ok
1720200,São Miguel do Tocantins - TO,TO,13241.0,0.8,406.957,12,2.948714483348364,5,37,ok
1720259,São Salvador do Tocantins - TO,TO,2385.0,0.1,1424.753,22,1.5441272978544351,5,224,ok
1720309,São Sebastião do Tocantins - TO,TO,4100.0,0.2,289.597,19,6.560841445180716,5,46,ok
1720499,São Valério - TO,TO,4422.0,1.3,2520.465,93,3.689795335384542,5,425,ok
1720655,Silvanópolis - TO,TO,5108.0,0.4,1258.771,41,3.2571452631177555,5,219,ok
1720804,Sítio Novo do Tocantins - TO,TO,10830.0,1.8,307.095,3,0.9768964001367654,5,12,ok
1720853,Sucupira - TO,TO,1577.0,0.3,1018.222,19,1.865997788301569,5,90,ok
1720903,Taguatinga - TO,TO,14011.0,1.1,2341.919,69,2.9463017294791154,5,274,ok
1720937,Taipas do Tocantins - TO,TO,2021.0,0.7,1105.303,44,3.980808882270291,5,247,ok
1720978,Talismã - TO,TO,2456.0,0.6,2155.503,15,0.6958932555417459,5,92,ok
1721000,Palmas - TO,TO,302692.0,1.1,2227.329,122,5.477412631901259,5,365,ok
1721109,Tocantínia - TO,TO,7459.0,0.5,2609.775,290,11.112069048098014,5,1232,ok
1721208,Tocantinópolis - TO,TO,22615.0,1.3,1083.6,84,7.751937984496125,5,383,ok
1721257,Tupirama - TO,TO,1909.0,0.2,706.883,21,2.9707886595094237,5,96,ok
1721307,Tupiratins - TO,TO,1874.0,1.0,889.126,20,2.2493999725573204,5,194,ok
1722081,Wanderlândia - TO,TO,10522.0,0.9,1365.431,35,2.5632932019267174,5,181,ok
1722107,Xambioá - TO,TO,10517.0,0.7,1190.489,10,0.8399909616972521,5,62,ok
2100055,Açailândia - MA,MA,106550.0,1.2,5805.159,147,2.5322303833538413,5,647,ok
2100105,Afonso Cunha - MA,MA,6144.0,1.4,371.338,24,6.463114467143141,5,193,ok
2100154,Água Doce do Maranhão - MA,MA,12142.0,0.4,442.292,27,6.104564405415427,5,177,ok
2100204,Alcântara - MA,MA,18467.0,0.6,1167.964,22,1.8836197006072106,5,69,ok
2100303,Aldeias Altas - MA,MA,23286.0,0.5,1942.121,215,11.070371001600826,5,675,ok
2100402,Altamira do Maranhão - MA,MA,6447.0,1.2,524.374,15,2.8605537269200987,5,59,ok
2100436,Alto Alegre do Maranhão - MA,MA,24048.0,1.1,392.75,37,9.420751113940165,5,141,ok
2100477,Alto Alegre do Pindaré - MA,MA,25710.0,1.1,1875.901,65,3.465001617889217,5,337,ok
2100501,Alto Parnaíba - MA,MA,11109.0,0.5,11127.384,1029,9.247456545042393,5,3905,ok
2100550,Amapá do Maranhão - MA,MA,7170.0,0.7,502.402,42,8.359839331849795,5,166,ok
2100600,Amarante do Maranhão - MA,MA,37085.0,0.5,7439.615,175,2.352272261400624,5,846,ok
2100709,Anajatuba - MA,MA,25322.0,0.4,940.489,28,2.9771746400011057,5,116,ok
2100808,Anapurus - MA,MA,13793.0,0.7,608.903,49,8.04725875878424,5,234,ok
2100832,Apicum-Açu - MA,MA,17519.0,1.2,341.12,20,5.863039399624766,5,73,ok
2100873,Araguanã - MA,MA,11181.0,0.5,805.194,19,2.359679779034618,5,105,ok
2100907,Araioses - MA,MA,39052.0,1.8,1789.73,93,5.196314527889681,5,569,ok
2100956,Arame - MA,MA,25517.0,1.7,2976.039,225,7.560384793344442,5,751,ok
2101004,Arari - MA,MA,29472.0,1.5,1100.275,40,3.6354547726704682,5,178,ok
2101103,Axixá - MA,MA,11790.0,0.9,160.462,2,1.24640101706323,5,17,ok
2101202,Bacabal - MA,MA,103711.0,1.3,1656.736,36,2.172947289127537,5,236,ok
2101251,Bacabeira - MA,MA,16966.0,1.0,542.962,27,4.9727236896873075,5,96,ok
2101301,Bacuri - MA,MA,16290.0,0.6,850.491,20,2.3515827915874477,5,127,ok
2101350,Bacurituba - MA,MA,5252.0,0.3,413.651,4,0.9669987501541154,5,33,ok
2101400,Balsas - MA,MA,101767.0,1.2,13141.162,994,7.564019072285998,5,3779,ok
2101509,Barão de Grajaú - MA,MA,18984.0,0.8,2209.414,87,3.9376956966869945,5,552,ok
2101608,Barra do Corda - MA,MA,84532.0,1.3,5187.673,487,9.387638735132303,5,2056,ok
2101707,Barreirinhas - MA,MA,65589.0,0.6,3046.308,214,7.024897022888034,5,957,ok
2101731,Belágua - MA,MA,8460.0,0.8,569.606,57,10.006917061969151,5,233,ok
2101772,Bela Vista do Maranhão - MA,MA,11750.0,0.6,147.954,4,2.7035429930924475,5,41,ok
2101806,Benedito Leite - MA,MA,5469.0,0.5,1784.64,130,7.284382284382283,5,768,ok
2101905,Bequimão - MA,MA,19584.0,1.1,790.222,11,1.3920138897676855,5,75,ok
2101939,Bernardo do Mearim - MA,MA,5840.0,0.8,247.186,8,3.2364292476111105,5,37,ok
2101970,Boa Vista do Gurupi - MA,MA,7574.0,1.4,400.35,10,2.4978144123891592,5,69,ok
2102002,Bom Jardim - MA,MA,33100.0,0.6,6588.38,280,4.249906653835996,5,1104,ok
2102036,Bom Jesus das Selvas - MA,MA,28599.0,0.9,2676.98,118,4.4079522446936465,5,554,ok
2102077,Bom Lugar - MA,MA,12212.0,1.3,445.171,2,0.44926556312068844,5,25,ok
2102101,Brejo - MA,MA,34120.0,0.9,1073.258,63,5.869977209580548,5,284,ok
2102150,Brejo de Areia - MA,MA,9218.0,0.8,986.036,136,13.79259986450799,5,490,ok
2102200,Buriti - MA,MA,29685.0,1.2,1475.779,130,8.808907024696786,5,437,ok
2102309,Buriti Bravo - MA,MA,22455.0,1.3,1582.552,164,10.363008608879836,5,834,ok
2102325,Buriticupu - MA,MA,55499.0,1.2,2544.857,196,7.701807999427866,5,676,ok
2102358,Buritirana - MA,MA,12918.0,0.8,820.968,9,1.0962668459671996,5,78,ok
2102374,Cachoeira Grande - MA,MA,9732.0,0.7,707.236,41,5.797216205057435,5,200,ok
2102408,Cajapió - MA,MA,10121.0,1.4,545.244,11,2.0174454005912947,3,18,ok
2102507,Cajari - MA,MA,16412.0,1.2,662.066,13,1.9635504617364432,5,73,ok
2102556,Campestre do Maranhão - MA,MA,12301.0,0.9,613.529,5,0.8149574021765882,5,66,ok
2102606,Cândido Mendes - MA,MA,19932.0,0.7,1634.861,90,5.505055169827893,5,416,ok
2102705,Cantanhede - MA,MA,24303.0,0.9,773.01,81,10.478519035976248,5,343,ok
2102754,Capinzal do Norte - MA,MA,11374.0,1.4,590.267,21,3.557712018459443,5,101,ok
2102804,Carolina - MA,MA,24062.0,1.1,6267.675,363,5.791621294977803,5,1592,ok
2102903,Carutapera - MA,MA,24238.0,1.6,1260.977,46,3.647965030290005,5,203,ok
2103000,Caxias - MA,MA,156973.0,1.0,5201.927,440,8.458403972220294,5,1290,ok
2103109,Cedral - MA,MA,10208.0,0.9,285.211,9,3.155558516326509,5,37,ok
2103125,Central do Maranhão - MA,MA,7094.0,0.6,319.538,9,2.816566417765649,5,44,ok
2103158,Centro do Guilherme - MA,MA,12342.0,0.6,1167.848,34,2.911337776833972,5,151,ok
2103174,Centro Novo do Maranhão - MA,MA,16267.0,0.8,8401.003,112,1.3331741459918536,5,499,ok
2103208,Chapadinha - MA,MA,81386.0,1.0,3247.385,217,6.682299758113065,5,797,ok
2103257,Cidelândia - MA,MA,12878.0,0.5,1462.809,42,2.871188241253643,5,141,ok
2103307,Codó - MA,MA,114275.0,1.3,4361.606,302,6.924055038442262,5,993,ok
2103406,Coelho Neto - MA,MA,41658.0,0.9,977.079,39,3.9914889174775023,5,236,ok
2103505,Colinas - MA,MA,40316.0,0.7,1978.695,152,7.681830701548242,5,987,ok
2103554,Conceição do Lago-Açu - MA,MA,14915.0,0.8,725.664,28,3.8585350795960665,5,142,ok
2103604,Coroatá - MA,MA,59566.0,1.2,2263.692,195,8.614246107686029,5,787,ok
2103703,Cururupu - MA,MA,31558.0,0.9,1257.608,49,3.8962856470378693,5,223,ok
2103752,Davinópolis - MA,MA,14404.0,0.9,332.249,12,3.6117490195606305,5,28,ok
2103802,Dom Pedro - MA,MA,23053.0,0.9,358.493,14,3.905236643393316,5,57,ok
2103901,Duque Bacelar - MA,MA,10223.0,0.5,317.494,23,7.244231387049833,5,71,ok
2104008,Esperantinópolis - MA,MA,18311.0,1.5,452.411,29,6.410100550163457,5,103,ok
2104057,Estreito - MA,MA,33294.0,1.0,2720.266,88,3.2349777558518173,5,364,ok
2104073,Feira Nova do Maranhão - MA,MA,8048.0,1.0,1625.822,24,1.4761763587895846,5,164,ok
2104081,Fernando Falcão - MA,MA,10873.0,0.8,5086.589,752,14.783974093444547,5,2973,ok
2104099,Formosa da Serra Negra - MA,MA,17719.0,0.9,3690.61,216,5.852691018557907,5,754,ok
2104107,Fortaleza dos Nogueiras - MA,MA,12640.0,1.1,1853.406,80,4.316377523327323,5,249,ok
2104206,Fortuna - MA,MA,16976.0,1.0,834.83,49,5.869458452619096,5,228,ok
2104305,Godofredo Viana - MA,MA,10186.0,0.8,720.129,35,4.860240318054126,5,92,ok
2104404,Gonçalves Dias - MA,MA,17206.0,0.9,883.588,26,2.9425478843080715,5,125,ok
2104503,Governador Archer - MA,MA,10231.0,0.9,445.856,14,3.140027273379746,5,52,ok
2104552,Governador Edison Lobão - MA,MA,18411.0,1.0,615.957,35,5.68221482993131,5,93,ok
2104602,Governador Eugênio Barros - MA,MA,13930.0,0.7,647.989,38,5.864297079117083,5,154,ok
2104628,Governador Luiz Rocha - MA,MA,7063.0,1.1,401.587,23,5.727277028389864,5,115,ok
2104651,Governador Newton Bello - MA,MA,10713.0,2.4,1144.146,44,3.845663053491425,5,145,ok
2104677,Governador Nunes Freire - MA,MA,23128.0,1.3,1037.13,43,4.1460569070415465,5,258,ok
2104701,Graça Aranha - MA,MA,6023.0,0.7,271.445,4,1.473595019248835,5,38,ok
2104800,Grajaú - MA,MA,73872.0,0.8,8861.717,562,6.341886115297972,5,2314,ok
2104909,Guimarães - MA,MA,10290.0,0.8,478.857,7,1.4618142785842119,5,42,ok
2105005,Humberto de Campos - MA,MA,25680.0,0.8,1714.625,81,4.724065028796384,5,407,ok
2105104,Icatu - MA,MA,24794.0,0.8,1124.445,46,4.090907069709946,5,186,ok
2105153,Igarapé do Meio - MA,MA,13974.0,1.5,368.685,10,2.7123425146127453,5,100,ok
2105203,Igarapé Grande - MA,MA,10231.0,1.4,346.218,8,2.3106828645535473,5,19,ok
2105302,Imperatriz - MA,MA,273110.0,1.4,1369.039,70,5.113075668406817,5,210,ok
2105351,Itaipava do Grajaú - MA,MA,13828.0,0.5,1244.398,50,4.018007100622149,5,310,ok
2105401,Itapecuru Mirim - MA,MA,60440.0,0.9,1480.641,90,6.07844845577017,5,448,ok
2105427,Itinga do Maranhão - MA,MA,22513.0,1.3,3583.423,148,4.130129208859797,5,534,ok
2105450,Jatobá - MA,MA,7471.0,0.3,591.616,53,8.958513630463004,5,395,ok
2105476,Jenipapo dos Vieiras - MA,MA,17076.0,0.8,1962.362,221,11.261938419109216,5,1158,ok
2105500,João Lisboa - MA,MA,24709.0,1.3,1137.104,33,2.9021092178024173,5,114,ok
2105609,Joselândia - MA,MA,14924.0,0.5,703.081,28,3.982471436434778,5,126,ok
2105658,Junco do Maranhão - MA,MA,5146.0,0.4,568.499,21,3.693937896108876,5,86,ok
2105708,Lago da Pedra - MA,MA,44403.0,0.7,1240.444,110,8.867792500104802,5,437,ok
2105807,Lago do Junco - MA,MA,9506.0,0.6,328.525,5,1.521954189178906,5,24,ok
2105906,Lago Verde - MA,MA,14769.0,1.9,631.455,10,1.5836441234925687,5,77,ok
2105922,Lagoa do Mato - MA,MA,10572.0,0.7,1512.985,152,10.046365297739237,5,471,ok
2105948,Lago dos Rodrigues - MA,MA,8758.0,1.2,220.776,4,1.811791136717759,4,17,ok
2105963,Lagoa Grande do Maranhão - MA,MA,11411.0,0.8,744.199,64,8.599850308855563,5,291,ok
2105989,Lajeado Novo - MA,MA,7057.0,0.4,1063.619,39,3.6667265251937025,5,160,ok
2106003,Lima Campos - MA,MA,11297.0,1.0,321.932,15,4.659369059304449,5,32,ok
2106102,Loreto - MA,MA,11597.0,0.5,3597.231,266,7.394576550685791,5,1310,ok
2106201,Luís Domingues - MA,MA,7161.0,0.5,472.296,3,0.6351948777885056,5,63,ok
2106300,Magalhães de Almeida - MA,MA,13807.0,0.7,434.433,11,2.532036010155766,5,57,ok
2106326,Maracaçumé - MA,MA,21149.0,0.8,635.758,28,4.404191531998024,5,90,ok
2106359,Marajá do Sena - MA,MA,7027.0,0.7,1402.593,211,15.043565738599865,5,894,ok
2106375,Maranhãozinho - MA,MA,13761.0,0.9,760.947,41,5.388023081765222,5,138,ok
2106409,Mata Roma - MA,MA,17090.0,0.8,548.548,98,17.86534633249962,5,258,ok
2106508,Matinha - MA,MA,22034.0,0.8,410.632,14,3.4093787137875275,5,60,ok
2106607,Matões - MA,MA,32174.0,0.7,2108.671,208,9.86403284343551,5,876,ok
2106631,Matões do Norte - MA,MA,17432.0,0.2,794.454,63,7.929974548557878,5,293,ok
2106672,Milagres do Maranhão - MA,MA,8818.0,0.6,634.818,51,8.033798663553963,5,216,ok
2106706,Mirador - MA,MA,21030.0,1.0,8522.351,1053,12.35574549792657,5,5178,ok
2106755,Miranda do Norte - MA,MA,23864.0,0.7,341.107,12,3.5179577082850835,5,85,ok
2106805,Mirinzal - MA,MA,13978.0,1.4,686.942,9,1.3101542779448627,5,106,ok
2106904,Monção - MA,MA,27751.0,0.6,1245.548,65,5.218586517741588,5,198,ok
2107001,Montes Altos - MA,MA,9106.0,0.7,1488.513,30,2.015434195065814,5,226,ok
2107100,Morros - MA,MA,18554.0,1.4,1712.121,73,4.263717342407459,5,331,ok
2107209,Nina Rodrigues - MA,MA,14176.0,0.7,570.938,41,7.181165030178409,5,121,ok
2107258,Nova Colinas - MA,MA,5021.0,0.8,743.085,29,3.902649091288345,5,130,ok
2107308,Nova Iorque - MA,MA,4320.0,0.4,978.34,68,6.950548888934318,5,481,ok
2107357,Nova Olinda do Maranhão - MA,MA,14314.0,0.9,2452.615,51,2.0794131977501564,5,181,ok
2107407,Olho d'Água das Cunhãs - MA,MA,17919.0,1.2,695.333,7,1.0067118919999483,5,22,ok
2107456,Olinda Nova do Maranhão - MA,MA,13577.0,0.4,199.879,15,7.504540246849343,5,97,ok
2107506,Paço do Lumiar - MA,MA,145643.0,1.3,127.193,5,3.9310339405470427,5,13,ok
2107605,Palmeirândia - MA,MA,21059.0,0.6,532.161,18,3.3824350149672755,5,111,ok
2107704,Paraibano - MA,MA,18274.0,1.0,530.517,36,6.7858334417181725,5,292,ok
2107803,Parnarama - MA,MA,31250.0,1.0,3245.525,391,12.047357515348056,5,1460,ok
2107902,Passagem Franca - MA,MA,17220.0,0.5,1358.327,163,12.000055951181123,5,657,ok
2108009,Pastos Bons - MA,MA,18802.0,0.6,1635.181,156,9.540228268307912,5,692,ok
2108058,Paulino Neves - MA,MA,17056.0,0.6,979.482,109,11.128331097457636,5,453,ok
2108108,Paulo Ramos - MA,MA,20341.0,1.3,1168.609,110,9.412900294281492,5,409,ok
2108207,Pedreiras - MA,MA,37050.0,2.0,262.066,6,2.2894995917059067,5,31,ok
2108256,Pedro do Rosário - MA,MA,24320.0,0.8,1753.867,125,7.1271082698973185,5,539,ok
2108306,Penalva - MA,MA,32511.0,1.0,800.916,33,4.120282276793072,5,192,ok
2108405,Peri Mirim - MA,MA,11108.0,0.8,397.994,12,3.0151208309673008,5,41,ok
2108454,Peritoró - MA,MA,20479.0,1.5,824.725,54,6.5476370911515955,5,260,ok
2108504,Pindaré-Mirim - MA,MA,31429.0,0.8,268.285,11,4.100117412453175,5,35,ok
2108603,Pinheiro - MA,MA,84621.0,0.8,1512.969,41,2.7099035076065667,5,203,ok
2108702,Pio XII - MA,MA,21886.0,1.1,545.14,27,4.952856147044796,5,122,ok
2108801,Pirapemas - MA,MA,17714.0,0.4,688.761,83,12.050624236854295,5,253,ok
2108900,Poção de Pedras - MA,MA,17161.0,1.0,990.415,81,8.178389866873987,5,235,ok
2109007,Porto Franco - MA,MA,23903.0,1.2,1420.51,36,2.534301060886583,5,163,ok
2109056,Porto Rico do Maranhão - MA,MA,5954.0,0.7,244.979,11,4.490180791006576,5,46,ok
2109106,Presidente Dutra - MA,MA,45155.0,1.2,771.574,18,2.3328935396993677,5,110,ok
2109205,Presidente Juscelino - MA,MA,11356.0,0.5,355.568,33,9.280925167619133,5,139,ok
2109239,Presidente Médici - MA,MA,4696.0,0.3,437.687,37,8.4535295770722,5,140,ok
2109270,Presidente Sarney - MA,MA,17511.0,1.3,726.172,25,3.4427105424059317,5,135,ok
2109304,Presidente Vargas - MA,MA,10549.0,0.6,460.004,22,4.7825671081121035,5,88,ok
2109403,Primeira Cruz - MA,MA,13614.0,0.7,1337.161,40,2.991412402844534,5,176,ok
2109452,Raposa - MA,MA,30839.0,1.2,79.213,0,0.0,3,3,ok
2109502,Riachão - MA,MA,22145.0,1.1,6402.83,375,5.85678520279314,5,1614,ok
2109551,Ribamar Fiquene - MA,MA,7420.0,0.8,733.458,1,0.1363404584856938,5,42,ok
2109601,Rosário - MA,MA,38475.0,1.2,647.998,30,4.62964391865407,5,136,ok
2109700,Sambaíba - MA,MA,5568.0,1.5,2476.132,181,7.309788008070652,5,682,ok
2109759,Santa Filomena do Maranhão - MA,MA,6697.0,0.6,623.213,12,1.9255054050541307,5,56,ok
2109809,Santa Helena - MA,MA,41561.0,0.8,2191.168,46,2.099336974618103,5,224,ok
2109908,Santa Inês - MA,MA,85014.0,1.2,786.689,13,1.6524954588153642,5,60,ok
2110005,Santa Luzia - MA,MA,57635.0,0.6,4837.169,336,6.946211720119765,5,1325,ok
2110039,Santa Luzia do Paruá - MA,MA,24307.0,0.9,1010.483,36,3.5626527116240454,5,112,ok
2110104,Santa Quitéria do Maranhão - MA,MA,23957.0,1.2,1430.33,130,9.088811672830746,5,608,ok
2110203,Santa Rita - MA,MA,37035.0,0.6,756.797,38,5.021161553230258,5,176,ok
2110237,Santana do Maranhão - MA,MA,10567.0,0.8,932.03,135,14.48451230110619,5,554,ok
2110278,Santo Amaro do Maranhão - MA,MA,13949.0,1.3,1582.806,33,2.084904909382451,5,127,ok
2110302,Santo Antônio dos Lopes - MA,MA,14304.0,0.9,770.923,31,4.0211538636154325,5,131,ok
2110401,São Benedito do Rio Preto - MA,MA,18364.0,2.0,931.485,65,6.978104854077091,5,223,ok
2110500,São Bento - MA,MA,46395.0,0.6,456.997,44,9.628071956708686,5,173,ok
2110609,São Bernardo - MA,MA,26943.0,1.0,1005.824,66,6.561784168999746,5,277,ok
2110658,São Domingos do Azeitão - MA,MA,7992.0,0.4,961.249,31,3.224970845223246,5,275,ok
2110708,São Domingos do Maranhão - MA,MA,34034.0,0.8,1151.978,82,7.118191493240323,5,288,ok
2110807,São Félix de Balsas - MA,MA,4402.0,1.3,2032.599,187,9.200043884701312,5,1214,ok
2110856,São Francisco do Brejão - MA,MA,9051.0,0.7,745.357,10,1.341638973002199,5,67,ok
2110906,São Francisco do Maranhão - MA,MA,12064.0,1.0,2284.217,275,12.039136386779365,5,631,ok
2111003,São João Batista - MA,MA,18544.0,1.5,649.956,24,3.6925576500563113,5,109,ok
2111029,São João do Carú - MA,MA,12251.0,0.5,910.065,48,5.274348535544164,5,168,ok
2111052,São João do Paraíso - MA,MA,9904.0,0.4,2052.328,96,4.677614884170561,5,329,ok
2111078,São João do Soter - MA,MA,16889.0,1.1,1438.067,105,7.301467873193669,5,529,ok
2111102,São João dos Patos - MA,MA,25020.0,1.2,1483.255,112,7.550960556343986,5,490,ok
2111201,São José de Ribamar - MA,MA,244579.0,1.4,180.363,1,0.5544374400514518,3,10,ok
2111250,São José dos Basílios - MA,MA,6957.0,0.7,353.72,11,3.10980436503449,4,20,ok
2111300,São Luís - MA,MA,1037775.0,1.5,583.063,6,1.0290483189638169,4,21,ok
2111409,São Luís Gonzaga do Maranhão - MA,MA,17818.0,0.8,909.164,40,4.3996462684400175,5,150,ok
2111508,São Mateus do Maranhão - MA,MA,38829.0,1.4,800.045,43,5.374697673255879,5,153,ok
2111532,São Pedro da Água Branca - MA,MA,14338.0,0.5,720.461,31,4.302800567969675,5,90,ok
2111573,São Pedro dos Crentes - MA,MA,5783.0,0.7,979.915,31,3.1635396947694447,5,138,ok
2111607,São Raimundo das Mangabeiras - MA,MA,18672.0,0.9,3524.501,236,6.6959833462949785,5,1081,ok
2111631,São Raimundo do Doca Bezerra - MA,MA,5650.0,0.8,419.55,41,9.772375163866046,5,181,ok
2111672,São Roberto - MA,MA,4544.0,0.8,226.811,26,11.463288817561757,5,82,ok
2111706,São Vicente Ferrer - MA,MA,19498.0,0.9,393.928,34,8.631018866391829,5,152,ok
2111722,Satubinha - MA,MA,8784.0,0.4,441.811,13,2.942434660974942,5,48,ok
2111748,Senador Alexandre Costa - MA,MA,10207.0,1.3,426.437,19,4.455523324664604,5,75,ok
2111763,Senador La Rocque - MA,MA,14700.0,1.3,738.187,15,2.0320054403558987,5,62,ok
2111789,Serrano do Maranhão - MA,MA,10202.0,0.2,1165.318,35,3.0034720136477766,5,181,ok
2111805,Sítio Novo - MA,MA,17074.0,0.7,3114.683,173,5.55433731137326,5,551,ok
2111904,Sucupira do Norte - MA,MA,10238.0,0.9,1074.435,109,10.144866836988744,5,463,ok
2111953,Sucupira do Riachão - MA,MA,4985.0,1.5,862.226,24,2.7834929589226025,5,251,ok
2112001,Tasso Fragoso - MA,MA,8862.0,1.1,4369.159,156,3.5704811841363524,5,726,ok
2112100,Timbiras - MA,MA,26484.0,0.7,1486.584,124,8.341270994440945,5,384,ok
2112209,Timon - MA,MA,174465.0,1.5,1763.22,94,5.331155499597327,5,393,ok
2112233,Trizidela do Vale - MA,MA,22484.0,1.7,291.61,0,0.0,4,33,ok
2112274,Tufilândia - MA,MA,5507.0,0.8,270.934,13,4.798216539821506,5,32,ok
2112308,Tuntum - MA,MA,36251.0,0.9,3369.121,156,4.630287840656361,5,706,ok
2112407,Turiaçu - MA,MA,37491.0,1.2,2622.281,134,5.11005494834459,5,596,ok
2112456,Turilândia - MA,MA,31638.0,1.1,1507.622,57,3.7807885530988536,5,248,ok
2112506,Tutóia - MA,MA,53356.0,1.1,1566.08,191,12.196056395586433,5,905,ok
2112605,Urbano Santos - MA,MA,32812.0,1.3,1707.621,260,15.22586100779974,5,1171,ok
2112704,Vargem Grande - MA,MA,43261.0,1.0,1958.702,100,5.105421855902531,5,426,ok
2112803,Viana - MA,MA,51442.0,1.3,1166.745,45,3.8568838949384827,5,192,ok
2112852,Vila Nova dos Martírios - MA,MA,10362.0,0.5,1190.008,45,3.7814871832794403,5,134,ok
2112902,Vitória do Mearim - MA,MA,30805.0,1.0,716.719,25,3.488117379335555,5,193,ok
2113009,Vitorino Freire - MA,MA,30845.0,0.6,1193.385,32,2.6814481495912887,5,146,ok
2114007,Zé Doca - MA,MA,40801.0,1.0,2140.109,96,4.485752828477428,5,349,ok
2200053,Acauã - PI,PI,6420.0,0.3,1280.838,33,2.576438238091,5,102,ok
2200103,Agricolândia - PI,PI,4940.0,0.2,112.392,7,6.22820129546587,5,33,ok
2200202,Água Branca - PI,PI,17573.0,0.9,96.843,2,2.065198310667782,5,18,ok
2200251,Alagoinha do Piauí - PI,PI,6819.0,0.5,535.89,8,1.4928436806060945,5,59,ok
2200277,Alegrete do Piauí - PI,PI,4634.0,1.1,243.732,4,1.6411468334071848,4,20,ok
2200301,Alto Longá - PI,PI,13479.0,0.6,1743.331,22,1.2619519758439448,5,77,ok
2200400,Altos - PI,PI,47453.0,1.3,957.232,19,1.9848897654904978,5,54,ok
2200459,Alvorada do Gurguéia - PI,PI,5322.0,0.6,2131.506,91,4.26928190678328,5,642,ok
2200509,Amarante - PI,PI,17234.0,1.4,1152.127,55,4.773779279541231,5,290,ok
2200608,Angical do Piauí - PI,PI,6827.0,0.5,222.008,11,4.954776404453893,5,36,ok
2200707,Anísio de Abreu - PI,PI,9407.0,0.5,337.877,1,0.2959656916570231,5,78,ok
2200806,Antônio Almeida - PI,PI,3152.0,1.5,644.8,43,6.668734491315137,5,380,ok
2200905,Aroazes - PI,PI,5369.0,1.0,821.212,16,1.94833977097266,5,88,ok
2200954,Aroeiras do Itaim - PI,PI,2690.0,0.2,316.235,8,2.5297642575932455,5,64,ok
2201002,Arraial - PI,PI,4520.0,0.6,682.727,25,3.66178575038046,5,94,ok
2201051,Assunção do Piauí - PI,PI,7452.0,0.5,1690.703,14,0.8280579143705311,5,314,ok
2201101,Avelino Lopes - PI,PI,10866.0,1.7,1220.371,127,10.406671413856932,5,312,ok
2201150,Baixa Grande do Ribeiro - PI,PI,13272.0,1.4,7808.915,557,7.132873132823191,5,2352,ok
2201176,Barra D'Alcântara - PI,PI,3995.0,0.4,263.943,11,4.167566482157133,5,40,ok
2201200,Barras - PI,PI,47938.0,1.4,1722.507,107,6.211876062042128,5,380,ok
2201309,Barreiras do Piauí - PI,PI,3264.0,0.8,2168.713,142,6.547662138789226,5,577,ok
2201408,Barro Duro - PI,PI,6640.0,0.2,159.436,4,2.508843673950676,5,20,ok
2201507,Batalha - PI,PI,26300.0,0.8,1589.01,115,7.237210590241723,5,420,ok
2201556,Bela Vista do Piauí - PI,PI,4091.0,0.1,499.092,11,2.2040024684827646,5,27,ok
2201572,Belém do Piauí - PI,PI,3423.0,0.7,243.234,3,1.233380201781001,4,12,ok
2201606,Beneditinos - PI,PI,9929.0,1.5,937.098,11,1.1738366744993587,4,28,ok
2201705,Bertolínia - PI,PI,5562.0,0.7,1216.116,130,10.689769725914305,5,668,ok
2201739,Betânia do Piauí - PI,PI,6220.0,0.4,579.576,14,2.4155589603434233,5,42,ok
2201770,Boa Hora - PI,PI,6902.0,0.4,336.954,6,1.7806584875086806,4,40,ok
2201804,Bocaina - PI,PI,4078.0,0.3,261.651,0,0.0,4,49,ok
2201903,Bom Jesus - PI,PI,28796.0,0.6,5471.024,106,1.9374800768558136,5,547,ok
2201919,Bom Princípio do Piauí - PI,PI,5636.0,0.7,523.142,31,5.925733357291136,5,138,ok
2201929,Bonfim do Piauí - PI,PI,5913.0,0.4,289.149,0,0.0,4,16,ok
2201945,Boqueirão do Piauí - PI,PI,6545.0,0.9,269.786,2,0.7413283120695663,5,19,ok
2201960,Brasileira - PI,PI,8436.0,1.2,880.836,12,1.362342138604689,5,79,ok
2201988,Brejo do Piauí - PI,PI,3904.0,0.7,2267.327,29,1.2790391505063008,5,453,ok
2202000,Buriti dos Lopes - PI,PI,19654.0,1.0,690.54,16,2.317027254033076,5,64,ok
2202026,Buriti dos Montes - PI,PI,7434.0,1.0,2437.326,87,3.5694855755857033,5,801,ok
2202059,Cabeceiras do Piauí - PI,PI,10212.0,0.6,608.747,7,1.1499029974685708,5,17,ok
2202075,Cajazeiras do Piauí - PI,PI,3108.0,0.9,514.106,6,1.1670744943649753,5,50,ok
2202083,Cajueiro da Praia - PI,PI,7957.0,0.9,271.165,30,11.063374698062065,5,155,ok
2202091,Caldeirão Grande do Piauí - PI,PI,5503.0,0.5,467.083,15,3.211420668275231,5,66,ok
2202109,Campinas do Piauí - PI,PI,4938.0,0.6,783.842,4,0.5103069240994996,5,27,ok
2202117,Campo Alegre do Fidalgo - PI,PI,4616.0,0.7,657.796,1,0.15202281558416286,5,10,ok
2202133,Campo Grande do Piauí - PI,PI,6020.0,1.3,311.682,7,2.2458788123792837,4,52,ok
2202174,Campo Largo do Piauí - PI,PI,7419.0,1.3,478.078,14,2.9283924380540416,5,76,ok
2202208,Campo Maior - PI,PI,45793.0,1.0,1680.861,36,2.141759491117945,5,103,ok
2202251,Canavieira - PI,PI,3414.0,2.3,2165.277,118,5.449649167288989,5,603,ok
2202307,Canto do Buriti - PI,PI,19365.0,0.7,4325.643,227,5.24777472389654,5,1177,ok
2202406,Capitão de Campos - PI,PI,11100.0,0.9,571.658,10,1.7492976569907182,5,54,ok
2202455,Capitão Gervásio Oliveira - PI,PI,3974.0,0.7,1132.995,44,3.883512283814139,4,60,ok
2202505,Caracol - PI,PI,10318.0,1.0,1610.959,31,1.9243196133483222,5,227,ok
2202539,Caraúbas do Piauí - PI,PI,5630.0,0.4,471.217,7,1.485515166048763,5,55,ok
2202554,Caridade do Piauí - PI,PI,5033.0,1.1,498.793,21,4.210163334288974,5,54,ok
2202604,Castelo do Piauí - PI,PI,19288.0,0.7,2378.847,24,1.0088921229486385,5,161,ok
2202653,Caxingó - PI,PI,5496.0,1.1,491.093,17,3.461666120266426,5,54,ok
2202703,Cocal - PI,PI,28212.0,1.2,1294.133,79,6.104473033297196,5,269,ok
2202711,Cocal de Telha - PI,PI,4911.0,0.9,310.291,3,0.9668343587148838,5,20,ok
2202729,Cocal dos Alves - PI,PI,6386.0,1.6,324.856,12,3.693944393823725,5,48,ok
2202737,Coivaras - PI,PI,4117.0,0.9,484.46,6,1.2384923419890188,5,16,ok
2202752,Colônia do Gurguéia - PI,PI,6150.0,1.1,429.591,24,5.586709218768549,5,154,ok
2202778,Colônia do Piauí - PI,PI,6994.0,1.8,950.193,94,9.892727056503258,5,461,ok
2202802,Conceição do Canindé - PI,PI,4932.0,0.8,824.729,2,0.24250390128151186,4,10,ok
2202851,Coronel José Dias - PI,PI,4250.0,0.5,1926.103,0,0.0,4,16,ok
2202901,Corrente - PI,PI,27278.0,1.0,3048.747,192,6.297669173598202,5,829,ok
2203008,Cristalândia do Piauí - PI,PI,7356.0,0.3,1202.896,61,5.071095090514891,5,323,ok
2203107,Cristino Castro - PI,PI,10503.0,0.3,1845.698,137,7.422666113307811,5,580,ok
2203206,Curimatá - PI,PI,11270.0,0.3,2344.949,151,6.439372455435064,5,454,ok
2203230,Currais - PI,PI,4854.0,0.3,3156.657,124,3.9282063271365875,5,688,ok
2203255,Curralinhos - PI,PI,4413.0,0.7,345.811,27,7.807733125898252,4,37,ok
2203271,Curral Novo do Piauí - PI,PI,5073.0,0.6,755.251,17,2.2509073142571148,5,60,ok
2203305,Demerval Lobão - PI,PI,16352.0,1.0,216.807,5,2.306198600598689,5,32,ok
2203354,Dirceu Arcoverde - PI,PI,7054.0,0.6,1005.571,12,1.193351836916538,5,28,ok
2203404,Dom Expedito Lopes - PI,PI,6320.0,1.6,218.808,18,8.226390259953932,5,67,ok
2203420,Domingos Mourão - PI,PI,4075.0,1.2,848.705,6,0.706959426420252,4,51,ok
2203453,Dom Inocêncio - PI,PI,9159.0,0.7,3871.824,0,0.0,4,7,ok
2203503,Elesbão Veloso - PI,PI,13607.0,1.3,1383.976,50,3.612779412359752,5,150,ok
2203602,Eliseu Martins - PI,PI,4377.0,0.8,1097.79,66,6.012078812887712,5,212,ok
2203701,Esperantina - PI,PI,40970.0,1.3,908.748,51,5.612116890491093,5,255,ok
2203750,Fartura do Piauí - PI,PI,5284.0,1.2,713.046,1,0.14024340645624545,5,26,ok
2203800,Flores do Piauí - PI,PI,4414.0,0.3,946.719,55,5.8095379938503395,5,497,ok
2203859,Floresta do Piauí - PI,PI,2333.0,1.2,223.199,1,0.4480306811410445,4,13,ok
2203909,Floriano - PI,PI,62036.0,1.1,3407.979,382,11.208989257269485,5,1827,ok
2204006,Francinópolis - PI,PI,4505.0,1.1,268.704,12,4.465880671668453,5,58,ok
2204105,Francisco Ayres - PI,PI,4412.0,0.7,656.475,31,4.722190487071099,5,194,ok
2204154,Francisco Macedo - PI,PI,2929.0,,179.245,1,0.5578956177299227,5,17,ok
2204204,Francisco Santos - PI,PI,8237.0,1.5,492.191,12,2.438077900652389,5,106,ok
2204303,Fronteiras - PI,PI,10259.0,0.7,777.179,17,2.187398269896639,5,69,ok
2204352,Geminiano - PI,PI,5445.0,0.7,440.606,9,2.042641271339927,5,91,ok
2204402,Gilbués - PI,PI,10892.0,0.7,3495.692,214,6.121820801146097,5,849,ok
2204501,Guadalupe - PI,PI,10270.0,0.8,1026.538,103,10.03372500579618,5,655,ok
2204550,Guaribas - PI,PI,4276.0,0.7,3118.231,15,0.48104197540207894,5,58,ok
2204600,Hugo Napoleão - PI,PI,3518.0,1.7,224.573,6,2.6717370298299437,5,59,ok
2204659,Ilha Grande - PI,PI,9274.0,1.6,129.696,5,3.855169010609425,5,33,ok
2204709,Inhuma - PI,PI,14958.0,0.8,978.222,27,2.7601096683574893,5,195,ok
2204808,Ipiranga do Piauí - PI,PI,9420.0,0.9,529.417,21,3.9666274411286375,5,102,ok
2204907,Isaías Coelho - PI,PI,7774.0,1.0,800.688,16,1.998281477928981,5,55,ok
2205003,Itainópolis - PI,PI,10790.0,0.8,827.62,11,1.3291123945772214,5,87,ok
2205102,Itaueira - PI,PI,10323.0,0.8,2554.179,83,3.249576478390904,5,754,ok
2205151,Jacobina do Piauí - PI,PI,5613.0,0.2,1333.796,108,8.097190274974583,5,325,ok
2205201,Jaicós - PI,PI,17527.0,0.9,866.788,14,1.615158493195568,5,58,ok
2205250,Jardim do Mulato - PI,PI,4180.0,0.3,510.226,34,6.663713726858295,5,142,ok
2205276,Jatobá do Piauí - PI,PI,4494.0,1.2,650.393,0,0.0,4,21,ok
2205300,Jerumenha - PI,PI,4497.0,1.0,1865.94,189,10.12894305283128,5,1201,ok
2205359,João Costa - PI,PI,2970.0,0.6,1800.23,46,2.5552290540653138,5,240,ok
2205409,Joaquim Pires - PI,PI,13886.0,0.6,740.561,24,3.2407863768143335,5,139,ok
2205458,Joca Marques - PI,PI,5394.0,0.5,169.005,4,2.3667938818378156,5,11,ok
2205508,José de Freitas - PI,PI,42559.0,1.4,1538.172,19,1.2352324707509954,5,70,ok
2205516,Juazeiro do Piauí - PI,PI,5214.0,0.9,935.404,19,2.0312079058887926,5,57,ok
2205524,Júlio Borges - PI,PI,5388.0,0.6,1283.916,159,12.38398773751554,5,319,ok
2205532,Jurema - PI,PI,4425.0,0.3,1271.881,108,8.491360433877068,5,310,ok
2205540,Lagoinha do Piauí - PI,PI,2939.0,0.8,67.649,6,8.869310706736242,5,21,ok
2205557,Lagoa Alegre - PI,PI,8256.0,0.6,394.205,4,1.0147004731040956,5,30,ok
2205565,Lagoa do Barro do Piauí - PI,PI,4995.0,0.8,1331.025,18,1.3523412407730881,5,65,ok
2205573,Lagoa de São Francisco - PI,PI,6331.0,0.6,155.86,15,9.62402155780829,5,56,ok
2205581,Lagoa do Piauí - PI,PI,4810.0,0.6,427.841,5,1.1686584502186559,5,22,ok
2205599,Lagoa do Sítio - PI,PI,4520.0,1.1,805.018,22,2.732858147271241,5,211,ok
2205607,Landri Sales - PI,PI,5213.0,1.9,1088.583,119,10.931642327686541,5,678,ok
2205706,Luís Correia - PI,PI,30641.0,0.7,1074.132,72,6.703086771458257,5,326,ok
2205805,Luzilândia - PI,PI,25375.0,1.2,705.599,23,3.2596418078823803,5,109,ok
2205854,Madeiro - PI,PI,8032.0,0.4,178.842,7,3.914069402042026,5,27,ok
2205904,Manoel Emídio - PI,PI,5209.0,0.6,1620.413,186,11.47855515846886,5,712,ok
2205953,Marcolândia - PI,PI,8533.0,0.6,136.785,2,1.462148627407976,5,13,ok
2206001,Marcos Parente - PI,PI,4724.0,1.2,677.416,94,13.876259196712212,5,509,ok
2206050,Massapê do Piauí - PI,PI,5218.0,0.4,530.169,6,1.1317146042111101,5,36,ok
2206100,Matias Olímpio - PI,PI,10641.0,1.1,226.785,13,5.732301519059903,5,39,ok
2206209,Miguel Alves - PI,PI,32150.0,0.8,1392.123,33,2.3704801946379734,5,129,ok
2206308,Miguel Leão - PI,PI,1318.0,0.6,93.412,8,8.564210165717466,5,46,ok
2206357,Milton Brandão - PI,PI,6542.0,1.0,1309.128,7,0.5347070721885103,5,50,ok
2206407,Monsenhor Gil - PI,PI,10255.0,0.8,567.86,14,2.4653964005212554,5,56,ok
2206506,Monsenhor Hipólito - PI,PI,7577.0,0.8,401.568,7,1.7431667861981037,4,47,ok
2206605,Monte Alegre do Piauí - PI,PI,10660.0,0.3,2417.382,147,6.080958656927205,5,561,ok
2206654,Morro Cabeça no Tempo - PI,PI,4377.0,2.2,2207.658,85,3.850234048933304,5,946,ok
2206670,Morro do Chapéu do Piauí - PI,PI,6425.0,1.0,328.408,39,11.87547197388614,5,115,ok
2206696,Murici dos Portelas - PI,PI,9797.0,2.5,475.72,15,3.1531152778945595,5,41,ok
2206704,Nazaré do Piauí - PI,PI,6665.0,0.9,1315.841,112,8.511666683132688,5,522,ok
2206720,Nazária - PI,PI,10262.0,1.4,362.376,3,0.8278693953241937,5,44,ok
2206753,Nossa Senhora de Nazaré - PI,PI,5228.0,0.8,356.872,1,0.2802125131699881,3,7,ok
2206803,Nossa Senhora dos Remédios - PI,PI,8525.0,0.3,357.896,15,4.1911616782529,5,63,ok
2206902,Novo Oriente do Piauí - PI,PI,6097.0,0.5,525.906,6,1.1408882956269752,5,90,ok
2206951,Novo Santo Antônio - PI,PI,2827.0,0.5,443.872,6,1.3517410424626919,5,33,ok
2207009,Oeiras - PI,PI,38161.0,1.1,2703.138,75,2.7745531304728064,5,501,ok
2207108,Olho D'Água do Piauí - PI,PI,2637.0,0.8,183.603,10,5.44653409802672,5,44,ok
2207207,Padre Marcos - PI,PI,6382.0,0.9,278.696,5,1.7940695237821855,5,27,ok
2207306,Paes Landim - PI,PI,4088.0,0.5,401.378,0,0.0,4,31,ok
2207355,Pajeú do Piauí - PI,PI,3000.0,0.1,986.961,56,5.673983065186973,5,382,ok
2207405,Palmeira do Piauí - PI,PI,4952.0,0.7,2024.02,123,6.0770150492584065,5,518,ok
2207504,Palmeirais - PI,PI,13264.0,1.0,1493.764,43,2.8786341081991536,5,253,ok
2207553,Paquetá - PI,PI,3813.0,1.4,432.572,8,1.8494031051478135,5,80,ok
2207603,Parnaguá - PI,PI,10103.0,0.5,3428.811,273,7.961943659186814,5,919,ok
2207702,Parnaíba - PI,PI,162159.0,1.4,436.907,28,6.408686516810214,5,101,ok
2207751,Passagem Franca do Piauí - PI,PI,4135.0,1.1,643.226,18,2.798394343512234,5,72,ok
2207777,Patos do Piauí - PI,PI,5425.0,0.5,801.403,14,1.746936310445556,5,49,ok
2207793,Pau D'Arco do Piauí - PI,PI,3880.0,1.1,430.023,6,1.3952742062633858,4,18,ok
2207801,Paulistana - PI,PI,21055.0,0.9,1941.111,70,3.606182232752274,5,302,ok
2207850,Pavussu - PI,PI,3628.0,0.7,1090.697,111,10.176978574251146,5,223,ok
2207900,Pedro II - PI,PI,37894.0,1.3,1544.413,45,2.9137283874196864,5,153,ok
2207934,Pedro Laurentino - PI,PI,2458.0,0.5,870.614,5,0.5743073279317815,5,147,ok
2207959,Nova Santa Rita - PI,PI,4076.0,0.7,909.734,2,0.2198444820134237,5,28,ok
2208007,Picos - PI,PI,83090.0,1.3,577.284,58,10.047047900166989,5,269,ok
2208106,Pimenteiras - PI,PI,11341.0,1.2,4562.58,35,0.7671098369782009,5,1073,ok
2208205,Pio IX - PI,PI,17613.0,0.8,1948.142,29,1.4885978537498807,5,253,ok
2208304,Piracuruca - PI,PI,28846.0,1.6,2368.935,69,2.9127012771561906,5,426,ok
2208403,Piripiri - PI,PI,65538.0,1.0,1407.192,79,5.614017134833057,5,234,ok
2208502,Porto - PI,PI,12052.0,0.7,253.113,12,4.74096549762359,5,42,ok
2208551,Porto Alegre do Piauí - PI,PI,2364.0,0.7,1168.044,85,7.277123122074168,5,546,ok
2208601,Prata do Piauí - PI,PI,3042.0,0.4,196.787,1,0.5081636490215309,4,19,ok
2208650,Queimada Nova - PI,PI,8738.0,1.5,1283.369,29,2.259677458314795,5,82,ok
2208700,Redenção do Gurguéia - PI,PI,8394.0,0.6,2470.531,71,2.873876101939219,5,253,ok
2208809,Regeneração - PI,PI,17133.0,0.5,1251.321,50,3.9957772625888963,5,374,ok
2208858,Riacho Frio - PI,PI,4165.0,0.2,2220.598,255,11.483393212098724,5,781,ok
2208874,Ribeira do Piauí - PI,PI,4055.0,0.4,1012.479,39,3.8519317437695,5,299,ok
2208908,Ribeiro Gonçalves - PI,PI,6164.0,0.8,3987.147,286,7.173048799053559,5,1245,ok
2209005,Rio Grande do Piauí - PI,PI,5801.0,0.7,635.953,44,6.918750285005339,5,156,ok
2209104,Santa Cruz do Piauí - PI,PI,5831.0,0.7,582.658,14,2.4027817347397615,5,81,ok
2209153,Santa Cruz dos Milagres - PI,PI,3435.0,0.6,978.547,19,1.9416543099105101,5,38,ok
2209203,Santa Filomena - PI,PI,6087.0,0.8,5293.693,372,7.027230328619359,5,1622,ok
2209302,Santa Luz - PI,PI,5336.0,1.0,1185.398,25,2.1089963033512795,5,85,ok
2209351,Santana do Piauí - PI,PI,4125.0,0.4,112.189,4,3.5654119387818777,5,92,ok
2209377,Santa Rosa do Piauí - PI,PI,4650.0,0.6,338.336,6,1.7733850373593114,5,34,ok
2209401,Santo Antônio de Lisboa - PI,PI,5839.0,1.2,385.286,5,1.2977372653042156,5,110,ok
2209450,Santo Antônio dos Milagres - PI,PI,2138.0,0.8,33.64,5,14.863258026159334,5,17,ok
2209500,Santo Inácio do Piauí - PI,PI,3646.0,0.7,852.106,97,11.383560261282048,5,380,ok
2209559,São Braz do Piauí - PI,PI,4358.0,0.9,656.042,35,5.335024281981946,5,126,ok
2209609,São Félix do Piauí - PI,PI,2842.0,0.6,627.033,4,0.6379249576976012,5,31,ok
2209658,São Francisco de Assis do Piauí - PI,PI,5572.0,0.7,1072.311,23,2.144900126922134,5,65,ok
2209708,São Francisco do Piauí - PI,PI,5392.0,0.3,1341.451,40,2.981845777445468,5,310,ok
2209757,São Gonçalo do Gurguéia - PI,PI,2947.0,2.1,1385.255,103,7.4354541221652335,5,407,ok
2209807,São Gonçalo do Piauí - PI,PI,4837.0,0.6,150.495,11,7.309212930662149,5,49,ok
2209856,São João da Canabrava - PI,PI,4242.0,1.0,480.537,8,1.6648041670048301,5,73,ok
2209872,São João da Fronteira - PI,PI,5522.0,0.7,817.111,40,4.895295743173205,5,113,ok
2209906,São João da Serra - PI,PI,6114.0,0.9,994.224,7,0.7040666891968006,5,43,ok
2209955,São João da Varjota - PI,PI,4383.0,1.2,394.456,41,10.394061695094003,5,93,ok
2209971,São João do Arraial - PI,PI,8186.0,1.1,213.377,8,3.749232578956495,5,41,ok
2210003,São João do Piauí - PI,PI,21421.0,0.9,1527.497,39,2.5531965038229205,5,275,ok
2210052,São José do Divino - PI,PI,4841.0,1.4,319.367,12,3.757432671503317,5,83,ok
2210102,São José do Peixe - PI,PI,3297.0,1.2,1287.174,145,11.264988261105337,5,652,ok
2210201,São José do Piauí - PI,PI,6597.0,0.6,373.347,14,3.749862728239413,5,120,ok
2210300,São Julião - PI,PI,6025.0,0.7,291.089,5,1.7176877175022074,5,17,ok
2210359,São Lourenço do Piauí - PI,PI,4410.0,0.3,673.822,5,0.7420357305044952,4,12,ok
2210375,São Luis do Piauí - PI,PI,2309.0,0.5,217.924,0,0.0,4,32,ok
2210383,São Miguel da Baixa Grande - PI,PI,2269.0,0.3,444.528,13,2.924450203361768,5,33,ok
2210391,São Miguel do Fidalgo - PI,PI,2829.0,1.4,813.444,7,0.8605386480200236,5,186,ok
2210409,São Miguel do Tapuio - PI,PI,17554.0,0.8,4988.973,102,2.0445089600605177,5,588,ok
2210508,São Pedro do Piauí - PI,PI,13755.0,1.4,518.288,21,4.051801315098941,5,83,ok
2210607,São Raimundo Nonato - PI,PI,38934.0,0.9,2415.287,28,1.1592825200483423,5,142,ok
2210623,Sebastião Barros - PI,PI,3202.0,1.2,893.488,63,7.051018032698816,5,214,ok
2210631,Sebastião Leal - PI,PI,4446.0,0.6,3148.857,253,8.034661466049426,5,1337,ok
2210656,Sigefredo Pacheco - PI,PI,9460.0,0.9,1031.101,7,0.678885967524035,5,47,ok
2210706,Simões - PI,PI,14350.0,0.6,1076.055,6,0.5575923163778803,5,67,ok
2210805,Simplício Mendes - PI,PI,13870.0,1.1,1360.028,4,0.29411159182016844,5,89,ok
2210904,Socorro do Piauí - PI,PI,4141.0,0.6,761.854,44,5.775384785011301,5,175,ok
2210938,Sussuapara - PI,PI,6220.0,1.0,205.194,2,0.9746873690263849,5,103,ok
2210953,Tamboril do Piauí - PI,PI,2949.0,0.6,1587.296,23,1.4490051004979538,5,375,ok
2210979,Tanque do Piauí - PI,PI,2316.0,1.2,398.007,6,1.5075111744265803,5,40,ok
2211001,Teresina - PI,PI,866300.0,1.7,1391.293,30,2.156267587057507,5,208,ok
2211100,União - PI,PI,46119.0,0.9,1170.742,14,1.195822820057707,5,55,ok
2211209,Uruçuí - PI,PI,25203.0,0.9,8413.016,581,6.905965708373787,5,2793,ok
2211308,Valença do Piauí - PI,PI,22279.0,0.8,1333.722,47,3.523972761939895,5,273,ok
2211357,Várzea Branca - PI,PI,5055.0,0.9,450.429,3,0.6660317164303364,5,22,ok
2211407,Várzea Grande - PI,PI,4417.0,0.4,236.453,12,5.075004334899536,5,53,ok
2211506,Vera Mendes - PI,PI,3185.0,0.4,341.974,5,1.4620994578535211,4,10,ok
2211605,Vila Nova do Piauí - PI,PI,2935.0,0.8,221.627,1,0.451208562133675,4,6,ok
2211704,Wall Ferraz - PI,PI,4059.0,0.4,270.427,1,0.3697855613529714,5,10,ok
2300101,Abaiara - CE,CE,10038.0,0.7,180.833,9,4.976967699479631,5,41,ok
2300150,Acarape - CE,CE,14027.0,2.1,130.002,5,3.846094675466531,5,33,ok
2300200,Acaraú - CE,CE,65264.0,1.0,842.471,11,1.305682925584382,5,82,ok
2300309,Acopiara - CE,CE,44962.0,1.1,2254.279,46,2.0405637456588117,5,186,ok
2300408,Aiuaba - CE,CE,14076.0,0.8,2438.563,7,0.28705430206232113,5,44,ok
2300507,Alcântaras - CE,CE,11369.0,0.9,135.76,5,3.6829699469652333,4,21,ok
2300606,Altaneira - CE,CE,6782.0,0.8,72.675,0,0.0,3,8,ok
2300705,Alto Santo - CE,CE,14155.0,1.0,1147.208,4,0.3486726033988605,5,61,ok
2300754,Amontada - CE,CE,42156.0,1.3,1175.044,36,3.0637150608828265,5,175,ok
2300804,Antonina do Norte - CE,CE,7245.0,0.8,259.706,3,1.1551523645968902,4,9,ok
2300903,Apuiarés - CE,CE,12928.0,0.9,543.98,17,3.1251148939299234,5,63,ok
2301000,Aquiraz - CE,CE,80645.0,1.8,480.236,7,1.4576166718030301,5,53,ok
2301109,Aracati - CE,CE,75113.0,1.3,1227.197,12,0.9778381140110349,5,72,ok
2301208,Aracoiaba - CE,CE,25553.0,1.4,643.988,17,2.639800741628726,5,77,ok
2301257,Ararendá - CE,CE,11096.0,1.6,342.301,34,9.932778461062048,5,113,ok
2301307,Araripe - CE,CE,19783.0,1.0,1097.339,42,3.827440745293843,5,171,ok
2301406,Aratuba - CE,CE,11224.0,1.0,119.758,4,3.3400691394311863,5,19,ok
2301505,Arneiroz - CE,CE,7429.0,0.9,1068.437,4,0.37437864843692237,4,19,ok
2301604,Assaré - CE,CE,21697.0,0.5,1155.124,20,1.7314158479955397,5,76,ok
2301703,Aurora - CE,CE,23714.0,0.8,885.87,10,1.128833801799361,5,157,ok
2301802,Baixio - CE,CE,5704.0,1.0,145.556,5,3.435104014949572,5,22,ok
2301851,Banabuiú - CE,CE,17195.0,1.1,1080.986,7,0.6475569526339842,5,36,ok
2301901,Barbalha - CE,CE,75033.0,1.5,608.158,14,2.3020333531746684,5,88,ok
2301950,Barreira - CE,CE,22392.0,2.5,260.003,1,0.38461094679676777,5,13,ok
2302008,Barro - CE,CE,19381.0,1.2,711.346,22,3.0927284331394285,5,82,ok
2302057,Barroquinha - CE,CE,14567.0,1.1,385.583,18,4.668255602555091,5,123,ok
2302107,Baturité - CE,CE,35218.0,1.6,314.075,14,4.4575340284963785,5,71,ok
2302206,Beberibe - CE,CE,53114.0,1.7,1596.751,9,0.5636445507157973,5,120,ok
2302305,Bela Cruz - CE,CE,32775.0,1.0,842.106,27,3.2062471945337045,5,113,ok
2302404,Boa Viagem - CE,CE,50411.0,1.5,2835.037,148,5.22039042171231,5,640,ok
2302503,Brejo Santo - CE,CE,51090.0,0.9,654.658,13,1.9857696690485718,5,47,ok
2302602,Camocim - CE,CE,62326.0,1.6,1120.452,29,2.5882411740975964,5,148,ok
2302701,Campos Sales - CE,CE,25135.0,1.0,1082.582,13,1.200832823749148,5,37,ok
2302800,Canindé - CE,CE,74174.0,1.3,3032.39,53,1.7477962926932222,5,390,ok
2302909,Capistrano - CE,CE,17254.0,1.0,226.549,15,6.621084180464271,5,61,ok
2303006,Caridade - CE,CE,16377.0,1.6,926.271,8,0.863678124436585,5,86,ok
2303105,Cariré - CE,CE,17632.0,1.2,755.597,88,11.64641998313916,5,355,ok
2303204,Caririaçu - CE,CE,26320.0,1.4,634.179,20,3.1536837391335886,5,121,ok
2303303,Cariús - CE,CE,17015.0,0.8,1036.417,23,2.2191839771057404,5,252,ok
2303402,Carnaubal - CE,CE,17210.0,0.9,363.22,2,0.5506304718903143,5,18,ok
2303501,Cascavel - CE,CE,72720.0,1.8,838.115,11,1.312469052576317,5,107,ok
2303600,Catarina - CE,CE,10243.0,1.0,488.153,5,1.0242690304064503,3,19,ok
2303659,Catunda - CE,CE,10444.0,1.1,784.022,66,8.418131123871524,5,189,ok
2303709,Caucaia - CE,CE,355679.0,1.6,1223.246,41,3.3517379169848085,5,280,ok
2303808,Cedro - CE,CE,22344.0,1.4,729.97,39,5.342685315834897,5,196,ok
2303907,Chaval - CE,CE,12462.0,1.3,237.248,10,4.214998651200432,5,61,ok
2303931,Choró - CE,CE,12113.0,1.4,815.268,14,1.7172267278980653,5,106,ok
2303956,Chorozinho - CE,CE,20163.0,1.4,296.431,2,0.6746932675732296,5,44,ok
2304004,Coreaú - CE,CE,20953.0,1.4,750.332,57,7.596637221923095,5,186,ok
2304103,Crateús - CE,CE,76390.0,1.0,2981.459,136,4.561525078828856,5,588,ok
2304202,Crato - CE,CE,131050.0,1.4,1138.15,21,1.8450995035803714,5,129,ok
2304236,Croatá - CE,CE,17481.0,0.7,696.348,3,0.4308190732220097,5,30,ok
2304251,Cruz - CE,CE,29761.0,1.1,335.921,10,2.9768903998261496,5,32,ok
2304269,Deputado Irapuan Pinheiro - CE,CE,8932.0,0.5,471.134,13,2.7592999019387268,5,42,ok
2304277,Ereré - CE,CE,6474.0,0.7,362.906,19,5.235515532947925,5,101,ok
2304285,Eusébio - CE,CE,74170.0,1.2,78.818,0,0.0,2,3,ok
2304301,Farias Brito - CE,CE,18217.0,1.3,530.54,8,1.5078976137520264,5,69,ok
2304350,Forquilha - CE,CE,24173.0,1.6,568.778,56,9.845669136288675,5,209,ok
2304400,Fortaleza - CE,CE,2428708.0,1.8,312.353,4,1.2806023953667804,5,16,ok
2304459,Fortim - CE,CE,17294.0,1.2,285.024,6,2.10508588750421,5,18,ok
2304509,Frecheirinha - CE,CE,15657.0,1.3,210.284,25,11.888683875140286,5,71,ok
2304608,General Sampaio - CE,CE,6734.0,0.7,230.371,4,1.7363296595491617,5,44,ok
2304657,Graça - CE,CE,13801.0,1.0,258.942,27,10.4270454387469,5,101,ok
2304707,Granja - CE,CE,53344.0,1.0,2663.174,103,3.8675655439712164,5,469,ok
2304806,Granjeiro - CE,CE,4841.0,0.8,111.528,5,4.483179111971881,4,24,ok
2304905,Groaíras - CE,CE,10910.0,1.2,155.681,11,7.065730564423403,5,61,ok
2304954,Guaiúba - CE,CE,24325.0,1.2,256.053,13,5.077073887046822,5,98,ok
2305001,Guaraciaba do Norte - CE,CE,42053.0,1.3,624.606,6,0.9606055657486479,5,29,ok
2305100,Guaramiranga - CE,CE,5654.0,0.9,90.817,0,0.0,0,0,ok
2305209,Hidrolândia - CE,CE,17855.0,1.1,926.592,52,5.611962978311922,5,165,ok
2305233,Horizonte - CE,CE,74755.0,0.9,160.557,3,1.868495300734319,5,27,ok
2305266,Ibaretama - CE,CE,11956.0,0.6,879.255,12,1.3647917839534607,5,59,ok
2305308,Ibiapina - CE,CE,23965.0,1.6,414.092,6,1.4489533726804673,4,37,ok
2305332,Ibicuitinga - CE,CE,11611.0,1.2,423.856,0,0.0,4,29,ok
2305357,Icapuí - CE,CE,21433.0,1.0,421.44,1,0.2372817008352316,4,10,ok
2305407,Icó - CE,CE,62642.0,1.3,1865.862,83,4.448346126348037,5,655,ok
2305506,Iguatu - CE,CE,98064.0,1.4,992.208,48,4.837695321948623,5,164,ok
2305605,Independência - CE,CE,24024.0,0.9,3222.381,26,0.8068567931600887,5,135,ok
2305654,Ipaporanga - CE,CE,11575.0,1.5,704.773,29,4.1148000845662365,5,158,ok
2305704,Ipaumirim - CE,CE,12083.0,1.2,276.508,11,3.9781850796360327,5,71,ok
2305803,Ipu - CE,CE,41081.0,1.4,626.049,51,8.146327204420102,5,196,ok
2305902,Ipueiras - CE,CE,36798.0,1.3,1483.258,97,6.539657969146298,5,463,ok
2306009,Iracema - CE,CE,14001.0,0.8,839.174,22,2.6216255508392776,5,136,ok
2306108,Irauçuba - CE,CE,23915.0,0.9,1466.412,18,1.2274858634544725,5,99,ok
2306207,Itaiçaba - CE,CE,7536.0,0.5,213.604,1,0.46815602704069215,5,16,ok
2306256,Itaitinga - CE,CE,64650.0,1.8,153.686,4,2.6027094205067476,5,17,ok
2306306,Itapajé - CE,CE,46426.0,1.4,432.188,16,3.7020926078465854,5,107,ok
2306405,Itapipoca - CE,CE,131123.0,0.9,1600.358,58,3.624189087691629,5,299,ok
2306504,Itapiúna - CE,CE,17841.0,2.1,593.231,11,1.8542523907213209,5,89,ok
2306553,Itarema - CE,CE,42957.0,1.4,714.833,12,1.6787137695098018,5,105,ok
2306603,Itatira - CE,CE,20424.0,1.8,829.626,35,4.2187684571120005,5,196,ok
2306702,Jaguaretama - CE,CE,17232.0,1.6,1826.826,2,0.1094795016055169,5,18,ok
2306801,Jaguaribara - CE,CE,10356.0,1.1,622.963,1,0.16052317713893122,5,20,ok
2306900,Jaguaribe - CE,CE,33726.0,1.4,1877.062,38,2.02444032216304,5,84,ok
2307007,Jaguaruana - CE,CE,31701.0,1.8,854.362,0,0.0,4,23,ok
2307106,Jardim - CE,CE,27411.0,1.4,544.98,7,1.2844508055341481,5,57,ok
2307205,Jati - CE,CE,7861.0,1.5,368.359,5,1.3573714772816736,5,34,ok
2307254,Jijoca de Jericoacoara - CE,CE,25555.0,2.0,209.029,6,2.8704151098651383,5,13,ok
2307304,Juazeiro do Norte - CE,CE,286120.0,1.4,258.788,7,2.704916765846948,5,32,ok
2307403,Jucás - CE,CE,23922.0,1.1,940.336,20,2.126899321093737,5,151,ok
2307502,Lavras da Mangabeira - CE,CE,30802.0,0.8,945.263,43,4.5489985326834965,5,217,ok
2307601,Limoeiro do Norte - CE,CE,59560.0,1.2,744.525,17,2.2833350122561367,5,90,ok
2307635,Madalena - CE,CE,16896.0,1.6,997.781,9,0.902001541420412,5,109,ok
2307650,Maracanaú - CE,CE,234509.0,1.6,105.071,5,4.758686983087626,4,11,ok
2307700,Maranguape - CE,CE,105093.0,1.5,583.505,45,7.712016178096161,5,264,ok
2307809,Marco - CE,CE,25799.0,1.4,573.61,12,2.0920137375568766,5,47,ok
2307908,Martinópole - CE,CE,10846.0,1.2,303.445,32,10.545568389658753,5,109,ok
2308005,Massapê - CE,CE,37697.0,0.8,567.78,39,6.868857656134418,5,155,ok
2308104,Mauriti - CE,CE,45561.0,1.1,1079.011,46,4.263163211496454,5,236,ok
2308203,Meruoca - CE,CE,15157.0,0.8,151.651,5,3.29704387046574,4,13,ok
2308302,Milagres - CE,CE,25900.0,0.8,579.097,23,3.97170076861044,5,69,ok
2308351,Milhã - CE,CE,14123.0,1.0,502.137,9,1.7923395408026097,5,57,ok
2308377,Miraíma - CE,CE,14196.0,0.9,708.678,14,1.9755093286372656,5,68,ok
2308401,Missão Velha - CE,CE,36822.0,1.0,613.317,30,4.891434608856431,5,122,ok
2308500,Mombaça - CE,CE,37735.0,1.0,2115.748,42,1.9851135390415116,5,111,ok
2308609,Monsenhor Tabosa - CE,CE,17149.0,1.6,892.538,47,5.265882236946775,5,337,ok
2308708,Morada Nova - CE,CE,61443.0,1.4,2763.971,15,0.542697445088968,5,75,ok
2308807,Moraújo - CE,CE,8254.0,0.8,414.446,29,6.99729277155528,5,88,ok
2308906,Morrinhos - CE,CE,22753.0,1.7,411.586,13,3.158513652067854,5,63,ok
2309003,Mucambo - CE,CE,13666.0,1.0,192.19,31,16.129871481346584,5,107,ok
2309102,Mulungu - CE,CE,10569.0,1.0,97.951,3,3.0627558677297837,4,13,ok
2309201,Nova Olinda - CE,CE,15399.0,0.9,282.584,5,1.7693853862922173,5,34,ok
2309300,Nova Russas - CE,CE,30699.0,1.4,736.911,53,7.1921846735901624,5,176,ok
2309409,Novo Oriente - CE,CE,27545.0,1.0,947.44,25,2.638689521236173,5,122,ok
2309458,Ocara - CE,CE,24493.0,0.9,763.075,9,1.1794384562461095,5,49,ok
2309508,Orós - CE,CE,19675.0,1.6,577.526,25,4.328809438882406,5,67,ok
2309607,Pacajus - CE,CE,70983.0,1.1,250.304,1,0.3995141907440552,5,17,ok
2309706,Pacatuba - CE,CE,81524.0,1.8,133.236,7,5.253835299768832,5,25,ok
2309805,Pacoti - CE,CE,11186.0,0.8,112.433,1,0.8894185870696325,4,11,ok
2309904,Pacujá - CE,CE,6175.0,0.8,88.355,11,12.449776469922472,5,33,ok
2310001,Palhano - CE,CE,9346.0,1.6,436.98,0,0.0,2,3,ok
2310100,Palmácia - CE,CE,10242.0,0.9,128.896,10,7.758192651439922,5,76,ok
2310209,Paracuru - CE,CE,38980.0,1.1,304.734,7,2.2970853268752425,5,56,ok
2310258,Paraipaba - CE,CE,32216.0,1.0,289.231,14,4.840421669876328,5,97,ok
2310308,Parambu - CE,CE,31445.0,1.6,2313.868,7,0.302523739470013,5,69,ok
2310407,Paramoti - CE,CE,10384.0,1.3,539.238,13,2.41080932723584,5,38,ok
2310506,Pedra Branca - CE,CE,40187.0,1.1,1302.081,38,2.918405229782172,5,93,ok
2310605,Penaforte - CE,CE,8972.0,0.8,150.536,3,1.9928787798267524,2,4,ok
2310704,Pentecoste - CE,CE,37813.0,1.1,1379.836,15,1.0870857116352959,5,84,ok
2310803,Pereiro - CE,CE,15274.0,0.8,435.868,9,2.0648453201427954,5,98,ok
2310852,Pindoretama - CE,CE,23391.0,2.1,74.033,3,4.052246970945389,4,10,ok
2310902,Piquet Carneiro - CE,CE,16616.0,0.9,589.601,6,1.0176373513613444,4,33,ok
2310951,Pires Ferreira - CE,CE,10606.0,0.4,244.464,62,25.36160743504156,5,165,ok
2311009,Poranga - CE,CE,12065.0,1.1,1310.771,33,2.5176022356307852,5,225,ok
2311108,Porteiras - CE,CE,17050.0,0.7,224.86,6,2.6683269589967087,5,30,ok
2311207,Potengi - CE,CE,8833.0,1.0,343.264,14,4.078493521021721,5,35,ok
2311231,Potiretama - CE,CE,5974.0,1.2,409.137,0,0.0,3,6,ok
2311264,Quiterianópolis - CE,CE,20213.0,1.1,1041.832,24,2.3036343671532453,5,126,ok
2311306,Quixadá - CE,CE,84168.0,1.6,2020.586,31,1.5342083930107404,5,222,ok
2311355,Quixelô - CE,CE,15910.0,0.9,605.345,11,1.8171455946608956,5,27,ok
2311405,Quixeramobim - CE,CE,82177.0,1.1,3324.987,72,2.1654220001461657,5,348,ok
2311504,Quixeré - CE,CE,20874.0,0.9,613.099,2,0.32621159062402644,5,64,ok
2311603,Redenção - CE,CE,27214.0,1.7,247.989,18,7.258386460689789,5,75,ok
2311702,Reriutaba - CE,CE,18606.0,0.8,372.949,55,14.747324701232609,5,241,ok
2311801,Russas - CE,CE,72928.0,1.2,1611.091,11,0.6827671435071018,5,41,ok
2311900,Saboeiro - CE,CE,13854.0,0.6,1381.274,17,1.230747845829285,5,103,ok
2311959,Salitre - CE,CE,16633.0,0.9,806.253,35,4.341069118502505,5,73,ok
2312007,Santana do Acaraú - CE,CE,30628.0,0.8,972.573,32,3.290241452312577,5,144,ok
2312106,Santana do Cariri - CE,CE,16954.0,0.9,855.165,30,3.50809492904878,5,130,ok
2312205,Santa Quitéria - CE,CE,40183.0,1.2,4262.293,106,2.4869242916899426,5,495,ok
2312304,São Benedito - CE,CE,47640.0,1.4,350.847,2,0.5700490527209867,4,15,ok
2312403,São Gonçalo do Amarante - CE,CE,54143.0,1.6,842.635,21,2.4921822615960645,5,107,ok
2312502,São João do Jaguaribe - CE,CE,5855.0,0.8,279.451,0,0.0,2,6,ok
2312601,São Luís do Curu - CE,CE,10822.0,1.1,122.865,2,1.627802873072071,4,7,ok
2312700,Senador Pompeu - CE,CE,24266.0,1.0,956.882,26,2.717158437508491,5,92,ok
2312809,Senador Sá - CE,CE,7262.0,1.1,424.642,5,1.177462427173949,5,43,ok
2312908,Sobral - CE,CE,203023.0,1.5,2068.474,80,3.8675854760562616,5,303,ok
2313005,Solonópole - CE,CE,18179.0,0.7,1535.855,12,0.7813237577766131,5,55,ok
2313104,Tabuleiro do Norte - CE,CE,30652.0,1.2,1047.637,8,0.7636232779101922,4,29,ok
2313203,Tamboril - CE,CE,24815.0,0.9,2014.543,86,4.26895826994013,5,224,ok
2313252,Tarrafas - CE,CE,7529.0,0.9,412.719,15,3.63443408226905,5,38,ok
2313302,Tauá - CE,CE,61227.0,1.4,4010.618,40,0.99735252771518,5,112,ok
2313351,Tejuçuoca - CE,CE,17154.0,0.8,758.707,32,4.217701958727151,5,184,ok
2313401,Tianguá - CE,CE,81506.0,1.7,909.853,35,3.846775248309343,5,131,ok
2313500,Trairi - CE,CE,58415.0,1.0,928.725,14,1.5074429998115697,5,126,ok
2313559,Tururu - CE,CE,15412.0,1.0,201.27,16,7.949520544542158,5,68,ok
2313609,Ubajara - CE,CE,32767.0,1.0,423.673,11,2.5963419901669447,5,51,ok
2313708,Umari - CE,CE,6871.0,1.6,263.183,17,6.459383774787886,5,84,ok
2313757,Umirim - CE,CE,17470.0,1.0,315.648,14,4.435320356853204,5,72,ok
2313807,Uruburetama - CE,CE,20189.0,1.2,99.4,10,10.060362173038229,4,24,ok
2313906,Uruoca - CE,CE,13746.0,1.3,697.683,21,3.0099629774553773,5,140,ok
2313955,Varjota - CE,CE,18105.0,1.5,179.239,21,11.71620015733183,5,84,ok
2314003,Várzea Alegre - CE,CE,38984.0,1.2,829.976,23,2.7711644674062863,5,121,ok
2314102,Viçosa do Ceará - CE,CE,59712.0,1.1,1310.91,76,5.7974994469490655,5,320,ok
2400109,Acari - RN,RN,10597.0,1.0,608.466,0,0.0,1,1,ok
2400208,Assú - RN,RN,56496.0,1.0,1303.442,6,0.46031967667145907,5,42,ok
2400307,Afonso Bezerra - RN,RN,10839.0,0.8,576.179,3,0.5206715274246372,4,12,ok
2400406,Água Nova - RN,RN,2946.0,0.6,50.684,2,3.9460184673664274,5,13,ok
2400505,Alexandria - RN,RN,13640.0,0.9,381.205,1,0.26232604504138196,5,22,ok
2400604,Almino Afonso - RN,RN,4687.0,0.7,128.038,4,3.1240725409644012,3,13,ok
2400703,Alto do Rodrigues - RN,RN,12484.0,1.0,191.334,0,0.0,2,4,ok
2400802,Angicos - RN,RN,11632.0,0.7,741.582,0,0.0,1,2,ok
2400901,Antônio Martins - RN,RN,6577.0,0.6,244.897,5,2.0416746632257645,5,43,ok
2401008,Apodi - RN,RN,36093.0,1.3,1602.477,15,0.9360508762372253,5,159,ok
2401107,Areia Branca - RN,RN,24093.0,1.3,342.749,18,5.2516564599750835,5,44,ok
2401206,Arez - RN,RN,13251.0,1.6,115.407,0,0.0,2,11,ok
2401305,Campo Grande - RN,RN,9730.0,0.6,890.89,1,0.11224730325853922,3,12,ok
2401404,Baía Formosa - RN,RN,8825.0,1.6,247.484,0,0.0,3,8,ok
2401453,Baraúna - RN,RN,26913.0,1.0,825.681,14,1.6955700809392487,5,72,ok
2401503,Barcelona - RN,RN,3986.0,0.4,152.626,0,0.0,0,0,ok
2401602,Bento Fernandes - RN,RN,4807.0,0.2,301.069,3,0.9964493189268904,5,11,ok
2401651,Bodó - RN,RN,2306.0,0.4,253.519,3,1.1833432602684613,3,7,ok
2401701,Bom Jesus - RN,RN,9952.0,1.0,122.035,0,0.0,1,1,ok
2401800,Brejinho - RN,RN,12202.0,0.9,61.559,0,0.0,2,2,ok
2401859,Caiçara do Norte - RN,RN,6293.0,0.8,225.633,1,0.44319758191399306,2,3,ok
2401909,Caiçara do Rio do Vento - RN,RN,3268.0,0.5,261.194,0,0.0,1,3,ok
2402006,Caicó - RN,RN,61146.0,1.0,1228.584,4,0.32557806385236987,3,7,ok
2402105,Campo Redondo - RN,RN,10215.0,0.5,213.727,0,0.0,2,2,ok
2402204,Canguaretama - RN,RN,29668.0,0.7,245.485,4,1.6294274599262681,5,21,ok
2402303,Caraúbas - RN,RN,19727.0,2.1,1095.803,3,0.2737718367261268,4,21,ok
2402402,Carnaúba dos Dantas - RN,RN,7992.0,0.7,246.308,0,0.0,0,0,ok
2402501,Carnaubais - RN,RN,9714.0,0.5,517.737,19,3.669816914765605,5,82,ok
2402600,Ceará-Mirim - RN,RN,79115.0,0.9,724.838,3,0.41388558546875304,5,47,ok
2402709,Cerro Corá - RN,RN,11000.0,1.2,393.573,0,0.0,3,9,ok
2402808,Coronel Ezequiel - RN,RN,5117.0,1.3,185.748,0,0.0,1,3,ok
2402907,Coronel João Pessoa - RN,RN,4237.0,0.5,117.139,2,1.7073732915596003,4,15,ok
2403004,Cruzeta - RN,RN,8005.0,0.9,295.83,1,0.3380319778251023,1,1,ok
2403103,Currais Novos - RN,RN,41313.0,1.2,864.349,0,0.0,0,0,ok
2403202,Doutor Severiano - RN,RN,7044.0,1.1,113.737,16,14.067541784995207,5,89,ok
2403251,Parnamirim - RN,RN,252716.0,1.3,124.006,0,0.0,2,2,ok
2403301,Encanto - RN,RN,6016.0,0.7,125.749,1,0.7952349521666177,5,19,ok
2403400,Equador - RN,RN,5360.0,1.2,264.985,0,0.0,0,0,ok
2403509,Espírito Santo - RN,RN,10620.0,0.7,135.838,1,0.7361710272530514,4,8,ok
2403608,Extremoz - RN,RN,61635.0,1.1,140.639,1,0.7110403230967227,2,3,ok
2403707,Felipe Guerra - RN,RN,5944.0,0.9,268.591,3,1.116939882572387,4,29,ok
2403756,Fernando Pedroza - RN,RN,2938.0,1.3,322.628,0,0.0,1,2,ok
2403806,Florânia - RN,RN,10196.0,0.8,507.892,4,0.7875690107345656,5,21,ok
2403905,Francisco Dantas - RN,RN,2700.0,1.8,181.558,1,0.55078817788255,4,14,ok
2404002,Frutuoso Gomes - RN,RN,4122.0,1.1,63.279,1,1.5803031021349894,4,7,ok
2404101,Galinhos - RN,RN,2104.0,1.1,340.769,0,0.0,2,3,ok
2404200,Goianinha - RN,RN,26741.0,1.0,192.279,0,0.0,3,15,ok
2404309,Governador Dix-Sept Rosado - RN,RN,11938.0,1.2,1129.55,3,0.2655924925855429,5,67,ok
2404408,Grossos - RN,RN,9924.0,1.9,124.538,2,1.6059355377475149,1,2,ok
2404507,Guamaré - RN,RN,15295.0,1.9,258.307,0,0.0,0,0,ok
2404606,Ielmo Marinho - RN,RN,11615.0,0.5,312.028,2,0.6409681182457984,5,18,ok
2404705,Ipanguaçu - RN,RN,14131.0,0.6,374.245,3,0.801613916017582,3,8,ok
2404804,Ipueira - RN,RN,2035.0,0.9,127.348,0,0.0,1,3,ok
2404853,Itajá - RN,RN,7292.0,0.8,203.624,1,0.49110124543275846,1,1,ok
2404903,Itaú - RN,RN,5320.0,1.3,133.031,0,0.0,2,6,ok
2405009,Jaçanã - RN,RN,7834.0,1.1,54.561,0,0.0,1,1,ok
2405108,Jandaíra - RN,RN,6562.0,0.4,442.754,0,0.0,1,1,ok
2405207,Janduís - RN,RN,4746.0,0.9,303.448,0,0.0,1,1,ok
2405306,Januário Cicco - RN,RN,9051.0,0.6,170.737,0,0.0,0,0,ok
2405405,Japi - RN,RN,5117.0,0.5,188.99,0,0.0,0,0,ok
2405504,Jardim de Angicos - RN,RN,2437.0,0.1,254.022,0,0.0,0,0,ok
2405603,Jardim de Piranhas - RN,RN,13977.0,0.5,330.53,5,1.5127219919523192,3,12,ok
2405702,Jardim do Seridó - RN,RN,11655.0,0.5,367.645,1,0.27200152320853,2,2,ok
2405801,João Câmara - RN,RN,33290.0,1.1,714.961,2,0.2797355380223537,5,9,ok
2405900,João Dias - RN,RN,2076.0,1.0,88.173,4,4.536536127839589,5,18,ok
2406007,José da Penha - RN,RN,5803.0,2.1,117.635,0,0.0,4,15,ok
2406106,Jucurutu - RN,RN,17793.0,0.9,933.73,3,0.32129202231908577,5,24,ok
2406155,Jundiá - RN,RN,3739.0,0.1,44.641,0,0.0,2,4,ok
2406205,Lagoa d'Anta - RN,RN,6654.0,1.1,105.652,0,0.0,1,1,ok
2406304,Lagoa de Pedras - RN,RN,7338.0,0.4,117.971,0,0.0,1,3,ok
2406403,Lagoa de Velhos - RN,RN,2567.0,1.4,111.607,0,0.0,0,0,ok
2406502,Lagoa Nova - RN,RN,15573.0,0.7,176.302,0,0.0,2,3,ok
2406601,Lagoa Salgada - RN,RN,8319.0,0.6,79.128,0,0.0,1,1,ok
2406700,Lajes - RN,RN,9866.0,0.8,676.625,0,0.0,2,8,ok
2406809,Lajes Pintadas - RN,RN,4787.0,1.4,130.211,1,0.7679842716821159,2,2,ok
2406908,Lucrécia - RN,RN,3490.0,1.1,30.931,0,0.0,1,3,ok
2407005,Luís Gomes - RN,RN,9070.0,1.6,166.638,4,2.400412871013814,5,64,ok
2407104,Macaíba - RN,RN,82249.0,1.2,510.092,2,0.3920861334818033,5,21,ok
2407203,Macau - RN,RN,27369.0,0.9,775.302,1,0.1289819966929016,4,5,ok
2407252,Major Sales - RN,RN,3924.0,0.4,31.971,0,0.0,2,4,ok
2407302,Marcelino Vieira - RN,RN,7896.0,0.8,345.711,1,0.2892589475023936,5,28,ok
2407401,Martins - RN,RN,8179.0,0.9,169.464,4,2.3603833262521836,4,26,ok
2407500,Maxaranguape - RN,RN,10255.0,0.6,132.129,1,0.756836122274444,2,5,ok
2407609,Messias Targino - RN,RN,4274.0,0.4,142.608,0,0.0,0,0,ok
2407708,Montanhas - RN,RN,11444.0,0.9,82.214,0,0.0,3,4,ok
2407807,Monte Alegre - RN,RN,23031.0,0.5,211.259,1,0.4733526145631666,3,5,ok
2407906,Monte das Gameleiras - RN,RN,2276.0,1.3,71.946,0,0.0,1,1,ok
2408003,Mossoró - RN,RN,264577.0,1.3,2099.334,59,2.810415112602378,5,292,ok
2408102,Natal - RN,RN,751300.0,1.4,167.401,0,0.0,1,1,ok
2408201,Nísia Floresta - RN,RN,31942.0,0.8,307.719,0,0.0,4,19,ok
2408300,Nova Cruz - RN,RN,34269.0,1.6,277.658,0,0.0,4,9,ok
2408409,Olho d'Água do Borges - RN,RN,3905.0,1.2,141.17,1,0.7083658000991713,4,10,ok
2408508,Ouro Branco - RN,RN,4913.0,1.2,253.21,0,0.0,1,2,ok
2408607,Paraná - RN,RN,3934.0,1.1,81.39,4,4.91460867428431,5,21,ok
2408706,Paraú - RN,RN,3579.0,1.1,383.214,2,0.5219016006722093,2,7,ok
2408805,Parazinho - RN,RN,4801.0,0.7,231.007,0,0.0,0,0,ok
2408904,Parelhas - RN,RN,21499.0,1.2,513.507,0,0.0,2,10,ok
2408953,Rio do Fogo - RN,RN,10351.0,0.9,151.097,4,2.6473060351959337,5,13,ok
2409100,Passa e Fica - RN,RN,10896.0,0.9,42.137,0,0.0,0,0,ok
2409209,Passagem - RN,RN,3115.0,0.7,41.215,0,0.0,0,0,ok
2409308,Patu - RN,RN,11007.0,1.4,319.135,0,0.0,3,19,ok
2409332,Santa Maria - RN,RN,4847.0,0.4,219.57,0,0.0,3,13,ok
2409407,Pau dos Ferros - RN,RN,30479.0,0.9,259.959,0,0.0,4,17,ok
2409506,Pedra Grande - RN,RN,3618.0,0.8,221.167,0,0.0,4,6,ok
2409605,Pedra Preta - RN,RN,2441.0,0.1,294.985,0,0.0,0,0,ok
2409704,Pedro Avelino - RN,RN,6242.0,0.4,952.755,0,0.0,1,1,ok
2409803,Pedro Velho - RN,RN,13824.0,1.0,192.708,0,0.0,3,9,ok
2409902,Pendências - RN,RN,12278.0,0.5,419.137,2,0.47717094887829037,4,5,ok
2410009,Pilões - RN,RN,2965.0,0.8,82.69,0,0.0,2,2,ok
2410108,Poço Branco - RN,RN,12390.0,0.5,230.401,0,0.0,3,6,ok
2410207,Portalegre - RN,RN,7601.0,1.1,110.054,1,0.9086448470750722,5,13,ok
2410256,Porto do Mangue - RN,RN,5228.0,1.5,361.237,19,5.259704847510084,5,144,ok
2410306,Serra Caiada - RN,RN,10125.0,0.8,217.539,0,0.0,1,1,ok
2410405,Pureza - RN,RN,9362.0,0.4,504.294,9,1.7846732263322587,5,57,ok
2410504,Rafael Fernandes - RN,RN,5432.0,0.5,78.231,1,1.27826564916721,4,10,ok
2410603,Rafael Godeiro - RN,RN,2934.0,1.2,100.073,1,0.9992705325112669,1,1,ok
2410702,Riacho da Cruz - RN,RN,2701.0,0.7,127.223,0,0.0,3,9,ok
2410801,Riacho de Santana - RN,RN,4127.0,0.8,128.106,2,1.5612071253493203,5,31,ok
2410900,Riachuelo - RN,RN,7389.0,0.9,262.887,0,0.0,0,0,ok
2411007,Rodolfo Fernandes - RN,RN,4242.0,0.8,154.84,0,0.0,3,4,ok
2411056,Tibau - RN,RN,5382.0,1.0,169.365,0,0.0,1,1,ok
2411106,Ruy Barbosa - RN,RN,3206.0,0.7,125.809,0,0.0,2,2,ok
2411205,Santa Cruz - RN,RN,37313.0,1.4,624.356,1,0.16016503405108623,1,1,ok
2411403,Santana do Matos - RN,RN,12456.0,0.7,1422.268,4,0.28124094755700046,4,10,ok
2411429,Santana do Seridó - RN,RN,2696.0,0.8,188.403,0,0.0,0,0,ok
2411502,Santo Antônio - RN,RN,22177.0,1.2,301.082,0,0.0,3,8,ok
2411601,São Bento do Norte - RN,RN,3304.0,1.3,288.761,1,0.34630715366687326,3,6,ok
2411700,São Bento do Trairí - RN,RN,3792.0,0.4,190.818,0,0.0,0,0,ok
2411809,São Fernando - RN,RN,3492.0,0.9,404.427,0,0.0,1,2,ok
2411908,São Francisco do Oeste - RN,RN,4161.0,1.0,75.588,2,2.6459226332222046,5,14,ok
2412005,São Gonçalo do Amarante - RN,RN,115838.0,1.3,249.8,1,0.4003202562049639,3,6,ok
2412104,São João do Sabugi - RN,RN,5956.0,0.7,277.011,0,0.0,1,2,ok
2412203,São José de Mipibu - RN,RN,47286.0,1.1,289.987,6,2.0690582681292606,5,30,ok
2412302,São José do Campestre - RN,RN,11121.0,1.3,341.115,0,0.0,1,2,ok
2412401,São José do Seridó - RN,RN,4558.0,0.8,174.505,0,0.0,0,0,ok
2412500,São Miguel - RN,RN,23537.0,1.6,166.233,6,3.6093916370395767,5,57,ok
2412559,São Miguel do Gostoso - RN,RN,10221.0,0.7,431.444,3,0.6953393719694791,5,40,ok
2412609,São Paulo do Potengi - RN,RN,16786.0,0.6,240.425,0,0.0,0,0,ok
2412708,São Pedro - RN,RN,5776.0,0.4,195.237,0,0.0,2,4,ok
2412807,São Rafael - RN,RN,7711.0,0.9,469.101,0,0.0,2,4,ok
2412906,São Tomé - RN,RN,9972.0,1.3,862.585,1,0.11593060394048123,4,9,ok
2413003,São Vicente - RN,RN,6310.0,1.0,197.817,0,0.0,3,5,ok
2413102,Senador Elói de Souza - RN,RN,5965.0,0.9,152.376,0,0.0,2,2,ok
2413201,Senador Georgino Avelino - RN,RN,4065.0,0.4,26.1,0,0.0,1,1,ok
2413300,Serra de São Bento - RN,RN,5703.0,0.6,96.628,0,0.0,1,1,ok
2413359,Serra do Mel - RN,RN,13091.0,0.6,620.241,46,7.41647198427708,5,214,ok
2413409,Serra Negra do Norte - RN,RN,7597.0,0.4,562.396,11,1.9559171829102626,4,63,ok
2413508,Serrinha - RN,RN,6436.0,0.9,193.351,0,0.0,3,6,ok
2413557,Serrinha dos Pintos - RN,RN,4659.0,0.7,122.375,2,1.634320735444331,5,18,ok
2413607,Severiano Melo - RN,RN,5487.0,0.7,157.85,0,0.0,1,1,ok
2413706,Sítio Novo - RN,RN,4654.0,0.6,213.456,0,0.0,0,0,ok
2413805,Taboleiro Grande - RN,RN,2338.0,1.1,124.093,1,0.8058472274826138,5,10,ok
2413904,Taipu - RN,RN,11422.0,1.4,352.818,1,0.2834322511889983,4,13,ok
2414001,Tangará - RN,RN,13281.0,0.7,339.484,0,0.0,0,0,ok
2414100,Tenente Ananias - RN,RN,10262.0,1.0,223.671,10,4.470852278569864,5,53,ok
2414159,Tenente Laurentino Cruz - RN,RN,5891.0,0.7,68.556,1,1.4586615321780734,3,5,ok
2414209,Tibau do Sul - RN,RN,16929.0,1.4,102.68,0,0.0,2,4,ok
2414308,Timbaúba dos Batistas - RN,RN,2348.0,0.3,135.456,0,0.0,0,0,ok
2414407,Touros - RN,RN,33035.0,0.9,753.961,7,0.9284299851053304,5,106,ok
2414456,Triunfo Potiguar - RN,RN,3376.0,1.3,268.725,1,0.37212763978044466,3,3,ok
2414506,Umarizal - RN,RN,10078.0,1.3,213.584,9,4.213798786425949,4,23,ok
2414605,Upanema - RN,RN,13577.0,0.8,873.14,4,0.4581166823189866,5,53,ok
2414704,Várzea - RN,RN,5233.0,0.5,72.684,0,0.0,0,0,ok
2414753,Venha-Ver - RN,RN,3014.0,1.8,71.621,7,9.773669733737313,5,30,ok
2414803,Vera Cruz - RN,RN,10735.0,0.5,84.127,0,0.0,0,0,ok
2414902,Viçosa - RN,RN,1822.0,0.8,37.905,0,0.0,1,2,ok
2415008,Vila Flor - RN,RN,3174.0,0.3,47.656,0,0.0,0,0,ok
2500106,Água Branca - PB,PB,9335.0,0.7,241.662,10,4.138010940900927,5,52,ok
2500205,Aguiar - PB,PB,5003.0,0.6,351.607,11,3.128492891210925,5,81,ok
2500304,Alagoa Grande - PB,PB,26062.0,1.2,322.071,0,0.0,4,17,ok
2500403,Alagoa Nova - PB,PB,21013.0,0.5,128.23,0,0.0,2,3,ok
2500502,Alagoinha - PB,PB,13725.0,0.9,111.361,0,0.0,2,5,ok
2500536,Alcantil - PB,PB,5578.0,0.8,309.896,0,0.0,3,4,ok
2500577,Algodão de Jandaíra - PB,PB,2953.0,1.0,222.74,0,0.0,0,0,ok
2500601,Alhandra - PB,PB,21730.0,1.7,183.974,2,1.0871101351277899,5,14,ok
2500700,São João do Rio do Peixe - PB,PB,17964.0,0.7,476.238,6,1.259874264548398,5,59,ok
2500734,Amparo - PB,PB,2234.0,0.6,122.094,1,0.8190410667190853,4,7,ok
2500775,Aparecida - PB,PB,7960.0,0.7,291.478,6,2.0584743960093044,5,67,ok
2500809,Araçagi - PB,PB,16646.0,0.7,232.177,0,0.0,2,3,ok
2500908,Arara - PB,PB,12212.0,1.2,91.306,0,0.0,2,3,ok
2501005,Araruna - PB,PB,17189.0,0.9,246.717,1,0.4053226976657466,5,12,ok
2501104,Areia - PB,PB,22633.0,0.6,269.13,0,0.0,3,10,ok
2501153,Areia de Baraúnas - PB,PB,2005.0,0.7,114.078,0,0.0,0,0,ok
2501203,Areial - PB,PB,7128.0,0.9,35.81,0,0.0,0,0,ok
2501302,Aroeiras - PB,PB,18705.0,0.9,376.118,0,0.0,4,10,ok
2501351,Assunção - PB,PB,4152.0,0.5,132.139,0,0.0,1,1,ok
2501401,Baía da Traição - PB,PB,9224.0,0.8,102.756,3,2.919537545252832,3,8,ok
2501500,Bananeiras - PB,PB,23134.0,0.7,255.641,0,0.0,4,9,ok
2501534,Baraúna - PB,PB,4762.0,0.8,50.03,0,0.0,0,0,ok
2501575,Barra de Santana - PB,PB,8059.0,1.5,375.177,0,0.0,2,3,ok
2501609,Barra de Santa Rosa - PB,PB,12904.0,0.9,781.187,1,0.12801032275242674,2,3,ok
2501708,Barra de São Miguel - PB,PB,5906.0,0.8,609.697,0,0.0,3,5,ok
2501807,Bayeux - PB,PB,82742.0,1.7,27.705,0,0.0,0,0,ok
2501906,Belém - PB,PB,16401.0,1.0,99.609,0,0.0,3,4,ok
2502003,Belém do Brejo do Cruz - PB,PB,6268.0,0.8,601.549,2,0.33247499372453454,4,6,ok
2502052,Bernardino Batista - PB,PB,3504.0,0.5,57.453,4,6.962212591161471,5,30,ok
2502102,Boa Ventura - PB,PB,5207.0,1.1,168.664,6,3.5573684959446004,5,35,ok
2502151,Boa Vista - PB,PB,6377.0,0.8,468.933,0,0.0,0,0,ok
2502201,Bom Jesus - PB,PB,2286.0,1.5,47.367,0,0.0,3,10,ok
2502300,Bom Sucesso - PB,PB,4661.0,0.3,186.059,0,0.0,1,1,ok
2502409,Bonito de Santa Fé - PB,PB,10252.0,0.8,226.798,10,4.409209957759769,4,35,ok
2502508,Boqueirão - PB,PB,17598.0,0.8,373.077,0,0.0,0,0,ok
2502607,Igaracy - PB,PB,5648.0,1.0,197.058,3,1.5223944219468382,5,33,ok
2502706,Borborema - PB,PB,4214.0,1.1,26.107,0,0.0,1,1,ok
2502805,Brejo do Cruz - PB,PB,13613.0,0.5,401.315,1,0.24918081806062567,3,17,ok
2502904,Brejo dos Santos - PB,PB,5742.0,1.0,93.857,0,0.0,3,12,ok
2503001,Caaporã - PB,PB,21193.0,0.9,151.018,5,3.310863605662901,5,18,ok
2503100,Cabaceiras - PB,PB,5335.0,0.3,469.171,0,0.0,1,1,ok
2503209,Cabedelo - PB,PB,66519.0,1.5,29.873,1,3.347504435443377,2,2,ok
2503308,Cachoeira dos Índios - PB,PB,9151.0,0.5,193.215,15,7.763372408974459,5,102,ok
2503407,Cacimba de Areia - PB,PB,3291.0,0.1,213.018,0,0.0,3,4,ok
2503506,Cacimba de Dentro - PB,PB,16064.0,0.5,165.072,0,0.0,0,0,ok
2503555,Cacimbas - PB,PB,7223.0,0.9,124.068,0,0.0,3,5,ok
2503605,Caiçara - PB,PB,6602.0,0.8,123.677,0,0.0,2,4,ok
2503704,Cajazeiras - PB,PB,63239.0,1.0,562.703,19,3.3765592150743826,5,214,ok
2503753,Cajazeirinhas - PB,PB,2740.0,1.4,282.693,3,1.0612218908851652,5,76,ok
2503803,Caldas Brandão - PB,PB,5753.0,0.9,55.963,0,0.0,0,0,ok
2503902,Camalaú - PB,PB,6085.0,0.3,541.841,0,0.0,1,1,ok
2504009,Campina Grande - PB,PB,419379.0,1.6,591.658,2,0.3380331204851451,3,5,ok
2504033,Capim - PB,PB,6970.0,1.1,79.876,1,1.2519405077870698,4,5,ok
2504074,Caraúbas - PB,PB,3944.0,0.1,486.622,1,0.20549831285885142,2,2,ok
2504108,Carrapateira - PB,PB,2312.0,0.1,59.07,7,11.850347045877772,3,15,ok
2504157,Casserengue - PB,PB,6889.0,0.7,202.761,0,0.0,0,0,ok
2504207,Catingueira - PB,PB,4491.0,0.7,527.424,19,3.602414755490839,5,56,ok
2504306,Catolé do Rocha - PB,PB,30661.0,1.0,551.765,2,0.3624731543320073,5,51,ok
2504355,Caturité - PB,PB,5254.0,0.6,117.823,0,0.0,0,0,ok
2504405,Conceição - PB,PB,18260.0,0.9,580.65,53,9.127701713596831,5,134,ok
2504504,Condado - PB,PB,6451.0,1.3,265.473,0,0.0,3,14,ok
2504603,Conde - PB,PB,27605.0,1.2,171.267,0,0.0,3,7,ok
2504702,Congo - PB,PB,4933.0,0.5,324.686,0,0.0,0,0,ok
2504801,Coremas - PB,PB,14683.0,1.2,372.012,6,1.6128511983484404,5,49,ok
2504850,Coxixola - PB,PB,1824.0,0.8,173.942,0,0.0,0,0,ok
2504900,Cruz do Espírito Santo - PB,PB,17095.0,0.6,192.512,2,1.0388962765957446,5,27,ok
2505006,Cubati - PB,PB,7580.0,1.1,163.57,0,0.0,0,0,ok
2505105,Cuité - PB,PB,19719.0,1.1,733.818,0,0.0,0,0,ok
2505204,Cuitegi - PB,PB,6730.0,0.8,42.091,0,0.0,1,7,ok
2505238,Cuité de Mamanguape - PB,PB,6251.0,1.1,107.68,0,0.0,3,7,ok
2505279,Curral de Cima - PB,PB,5254.0,0.6,86.428,0,0.0,3,7,ok
2505303,Curral Velho - PB,PB,2292.0,0.2,217.624,6,2.757048854905709,5,40,ok
2505352,Damião - PB,PB,4982.0,0.9,186.198,0,0.0,0,0,ok
2505402,Desterro - PB,PB,8067.0,0.7,182.018,0,0.0,3,6,ok
2505501,Vista Serrana - PB,PB,3641.0,1.5,60.39,0,0.0,1,2,ok
2505600,Diamante - PB,PB,6299.0,1.1,271.791,4,1.4717190782623413,5,75,ok
2505709,Dona Inês - PB,PB,10380.0,1.3,173.648,0,0.0,2,3,ok
2505808,Duas Estradas - PB,PB,3327.0,1.0,27.012,0,0.0,2,3,ok
2505907,Emas - PB,PB,3011.0,0.7,248.226,1,0.40285868523039486,4,9,ok
2506004,Esperança - PB,PB,31231.0,1.4,157.851,0,0.0,0,0,ok
2506103,Fagundes - PB,PB,11049.0,0.4,185.061,1,0.5403623670033124,3,8,ok
2506202,Frei Martinho - PB,PB,2846.0,0.3,238.658,0,0.0,0,0,ok
2506251,Gado Bravo - PB,PB,8179.0,0.8,192.42,0,0.0,1,2,ok
2506301,Guarabira - PB,PB,57484.0,1.2,162.387,0,0.0,1,2,ok
2506400,Gurinhém - PB,PB,13766.0,0.5,340.408,0,0.0,4,12,ok
2506509,Gurjão - PB,PB,3242.0,0.4,344.502,0,0.0,1,4,ok
2506608,Ibiara - PB,PB,5631.0,0.8,240.357,26,10.817242684839634,5,52,ok
2506707,Imaculada - PB,PB,10392.0,0.5,317.804,16,5.034549596606714,5,100,ok
2506806,Ingá - PB,PB,17692.0,0.8,262.179,1,0.381418801658409,5,23,ok
2506905,Itabaiana - PB,PB,23182.0,0.6,210.572,0,0.0,3,8,ok
2507002,Itaporanga - PB,PB,23940.0,1.7,460.21,26,5.649594750222724,5,109,ok
2507101,Itapororoca - PB,PB,18382.0,0.6,145.806,0,0.0,2,6,ok
2507200,Itatuba - PB,PB,10499.0,0.9,251.749,0,0.0,3,4,ok
2507309,Jacaraú - PB,PB,14477.0,1.3,256.845,0,0.0,4,12,ok
2507408,Jericó - PB,PB,7516.0,0.6,177.356,1,0.5638377049550057,5,10,ok
2507507,João Pessoa - PB,PB,833932.0,1.4,210.044,0,0.0,1,2,ok
2507606,Juarez Távora - PB,PB,7796.0,0.7,75.678,2,2.6427759718808637,2,8,ok
2507705,Juazeirinho - PB,PB,17007.0,1.2,474.606,0,0.0,0,0,ok
2507804,Junco do Seridó - PB,PB,6793.0,0.6,180.425,0,0.0,0,0,ok
2507903,Juripiranga - PB,PB,10012.0,0.9,78.706,0,0.0,4,9,ok
2508000,Juru - PB,PB,9234.0,0.8,395.075,34,8.605960893501233,5,68,ok
2508109,Lagoa - PB,PB,4415.0,1.0,176.649,2,1.1321886905671699,5,38,ok
2508208,Lagoa de Dentro - PB,PB,7819.0,0.8,83.508,0,0.0,2,2,ok
2508307,Lagoa Seca - PB,PB,27730.0,1.4,108.219,1,0.9240521535035437,4,4,ok
2508406,Lastro - PB,PB,3162.0,1.2,107.416,2,1.861920011916288,5,21,ok
2508505,Livramento - PB,PB,6877.0,0.5,266.948,0,0.0,1,2,ok
2508554,Logradouro - PB,PB,4797.0,0.9,42.876,0,0.0,0,0,ok
2508604,Lucena - PB,PB,12560.0,1.2,93.8,2,2.1321961620469083,5,11,ok
2508703,Mãe d'Água - PB,PB,3583.0,2.0,228.676,3,1.311899805838829,5,50,ok
2508802,Malta - PB,PB,6046.0,0.7,172.01,1,0.5813615487471658,4,23,ok
2508901,Mamanguape - PB,PB,44599.0,1.9,337.434,4,1.185417000065198,5,32,ok
2509008,Manaíra - PB,PB,10434.0,0.7,352.025,31,8.806192741992756,5,75,ok
2509057,Marcação - PB,PB,8999.0,0.5,122.665,5,4.076142338890474,1,5,ok
2509107,Mari - PB,PB,21512.0,0.8,155.265,0,0.0,3,5,ok
2509156,Marizópolis - PB,PB,6705.0,1.5,69.952,5,7.147758462946021,4,13,ok
2509206,Massaranduba - PB,PB,14139.0,0.8,209.402,0,0.0,3,12,ok
2509305,Mataraca - PB,PB,8244.0,1.5,182.439,2,1.0962568310503784,4,12,ok
2509339,Matinhas - PB,PB,4571.0,0.6,36.522,0,0.0,2,5,ok
2509370,Mato Grosso - PB,PB,2543.0,1.1,85.275,0,0.0,1,1,ok
2509396,Maturéia - PB,PB,6433.0,0.9,83.053,1,1.2040504256318256,4,10,ok
2509404,Mogeiro - PB,PB,13899.0,0.8,214.093,1,0.46708673333551315,5,14,ok
2509503,Montadas - PB,PB,5812.0,1.1,31.793,0,0.0,0,0,ok
2509602,Monte Horebe - PB,PB,4338.0,0.9,116.854,3,2.5673062111694933,5,29,ok
2509701,Monteiro - PB,PB,32277.0,1.1,992.62,17,1.7126392778706856,5,68,ok
2509800,Mulungu - PB,PB,8791.0,0.8,187.259,0,0.0,1,1,ok
2509909,Natuba - PB,PB,8945.0,0.4,202.173,0,0.0,4,14,ok
2510006,Nazarezinho - PB,PB,7203.0,0.9,193.203,9,4.658312759118647,5,59,ok
2510105,Nova Floresta - PB,PB,9724.0,1.2,47.572,0,0.0,2,2,ok
2510204,Nova Olinda - PB,PB,5787.0,0.5,81.516,9,11.040777270719857,4,28,ok
2510303,Nova Palmeira - PB,PB,4259.0,0.3,314.748,0,0.0,0,0,ok
2510402,Olho d'Água - PB,PB,6060.0,0.8,580.47,4,0.6890967664134235,5,173,ok
2510501,Olivedos - PB,PB,3580.0,0.7,314.625,0,0.0,0,0,ok
2510600,Ouro Velho - PB,PB,2918.0,0.5,128.11,1,0.7805791897588009,3,3,ok
2510659,Parari - PB,PB,1720.0,0.8,207.814,0,0.0,1,1,ok
2510709,Passagem - PB,PB,2463.0,1.1,123.422,0,0.0,3,5,ok
2510808,Patos - PB,PB,103165.0,1.1,472.892,6,1.2687886451874848,5,35,ok
2510907,Paulista - PB,PB,11834.0,0.8,577.379,1,0.17319646194267543,5,56,ok
2511004,Pedra Branca - PB,PB,3739.0,0.5,116.873,2,1.7112592301044722,5,45,ok
2511103,Pedra Lavrada - PB,PB,6859.0,0.6,335.615,0,0.0,0,0,ok
2511202,Pedras de Fogo - PB,PB,29662.0,0.8,406.729,5,1.2293197681994645,5,29,ok
2511301,Piancó - PB,PB,16441.0,1.3,576.986,16,2.773030888097805,5,98,ok
2511400,Picuí - PB,PB,18333.0,0.8,667.714,0,0.0,1,2,ok
2511509,Pilar - PB,PB,12311.0,0.6,103.306,0,0.0,1,2,ok
2511608,Pilões - PB,PB,6815.0,1.0,65.574,1,1.5249946625186812,4,6,ok
2511707,Pilõezinhos - PB,PB,5329.0,0.9,40.908,0,0.0,1,3,ok
2511806,Pirpirituba - PB,PB,9340.0,0.7,80.672,0,0.0,3,6,ok
2511905,Pitimbu - PB,PB,16751.0,1.3,135.801,2,1.4727432051310374,4,9,ok
2512002,Pocinhos - PB,PB,17469.0,0.9,623.967,0,0.0,0,0,ok
2512036,Poço Dantas - PB,PB,3830.0,0.2,97.758,3,3.0688025532437244,5,35,ok
2512077,Poço de José de Moura - PB,PB,4006.0,0.8,94.646,0,0.0,4,24,ok
2512101,Pombal - PB,PB,32473.0,1.4,894.099,18,2.0131998805501405,5,137,ok
2512200,Prata - PB,PB,3915.0,0.7,201.788,2,0.991139215414197,5,12,ok
2512309,Princesa Isabel - PB,PB,21114.0,0.4,368.569,37,10.03882583722451,5,101,ok
2512408,Puxinanã - PB,PB,14277.0,0.8,71.118,0,0.0,0,0,ok
2512507,Queimadas - PB,PB,47658.0,1.0,402.748,0,0.0,3,3,ok
2512606,Quixaba - PB,PB,1743.0,0.7,147.158,0,0.0,2,2,ok
2512705,Remígio - PB,PB,17885.0,0.7,183.459,0,0.0,2,2,ok
2512721,Pedro Régis - PB,PB,5766.0,0.8,74.216,0,0.0,0,0,ok
2512747,Riachão - PB,PB,2927.0,0.3,85.291,0,0.0,2,2,ok
2512754,Riachão do Bacamarte - PB,PB,4690.0,0.8,40.281,0,0.0,2,2,ok
2512762,Riachão do Poço - PB,PB,4738.0,0.1,40.46,0,0.0,1,1,ok
2512788,Riacho de Santo Antônio - PB,PB,1955.0,1.2,93.654,0,0.0,0,0,ok
2512804,Riacho dos Cavalos - PB,PB,8493.0,1.0,262.532,4,1.52362378681456,3,10,ok
2512903,Rio Tinto - PB,PB,24581.0,1.0,465.24,6,1.2896569512509672,5,39,ok
2513000,Salgadinho - PB,PB,3355.0,1.3,179.005,0,0.0,2,2,ok
2513109,Salgado de São Félix - PB,PB,11505.0,0.6,204.079,1,0.49000632108154196,2,2,ok
2513158,Santa Cecília - PB,PB,7670.0,0.5,217.577,0,0.0,0,0,ok
2513208,Santa Cruz - PB,PB,5947.0,0.4,217.677,4,1.837585045732898,5,32,ok
2513307,Santa Helena - PB,PB,5865.0,0.4,211.143,4,1.8944506803446004,5,13,ok
2513356,Santa Inês - PB,PB,3227.0,1.0,327.635,17,5.188700840874754,5,41,ok
2513406,Santa Luzia - PB,PB,14959.0,0.6,440.766,0,0.0,2,8,ok
2513505,Santana de Mangueira - PB,PB,5010.0,0.3,405.164,39,9.62573180243062,5,77,ok
2513604,Santana dos Garrotes - PB,PB,6569.0,0.5,361.484,25,6.9159354217614055,5,78,ok
2513653,Joca Claudino - PB,PB,2539.0,0.5,71.799,3,4.178331174528893,5,30,ok
2513703,Santa Rita - PB,PB,149910.0,1.6,718.576,10,1.3916412460199061,5,63,ok
2513802,Santa Teresinha - PB,PB,4402.0,0.5,359.442,14,3.8949260242264394,4,32,ok
2513851,Santo André - PB,PB,2622.0,0.5,197.791,0,0.0,0,0,ok
2513901,São Bento - PB,PB,32235.0,1.8,245.84,1,0.40676863000325414,4,13,ok
2513927,São Bentinho - PB,PB,4327.0,0.6,199.635,0,0.0,2,8,ok
2513943,São Domingos do Cariri - PB,PB,2585.0,1.5,233.835,0,0.0,0,0,ok
2513968,São Domingos - PB,PB,2595.0,0.8,170.361,2,1.1739776122469345,4,17,ok
2513984,São Francisco - PB,PB,3137.0,1.2,90.724,0,0.0,4,19,ok
2514008,São João do Cariri - PB,PB,4226.0,0.9,612.966,0,0.0,1,2,ok
2514107,São João do Tigre - PB,PB,4263.0,1.2,812.617,0,0.0,2,5,ok
2514206,São José da Lagoa Tapada - PB,PB,7126.0,0.5,333.724,15,4.494732173892198,5,104,ok
2514305,São José de Caiana - PB,PB,5034.0,0.7,183.273,10,5.456341086794017,5,26,ok
2514404,São José de Espinharas - PB,PB,4083.0,1.3,726.757,18,2.476756329832393,5,60,ok
2514453,São José dos Ramos - PB,PB,5891.0,0.8,100.642,0,0.0,2,10,ok
2514503,São José de Piranhas - PB,PB,19067.0,1.2,686.918,33,4.804066860964482,5,105,ok
2514552,São José de Princesa - PB,PB,3416.0,0.4,158.052,7,4.428922126894946,5,38,ok
2514602,São José do Bonfim - PB,PB,3242.0,1.0,153.629,0,0.0,2,7,ok
2514651,São José do Brejo do Cruz - PB,PB,1699.0,0.4,253.787,0,0.0,1,3,ok
2514701,São José do Sabugi - PB,PB,4138.0,0.7,213.555,0,0.0,1,1,ok
2514800,São José dos Cordeiros - PB,PB,3411.0,1.4,376.661,0,0.0,1,2,ok
2514909,São Mamede - PB,PB,7470.0,0.4,533.446,4,0.7498415959628528,3,11,ok
2515005,São Miguel de Taipu - PB,PB,7066.0,0.7,92.413,0,0.0,2,2,ok
2515104,São Sebastião de Lagoa de Roça - PB,PB,11040.0,0.9,46.372,0,0.0,0,0,ok
2515203,São Sebastião do Umbuzeiro - PB,PB,3279.0,0.9,464.327,0,0.0,1,1,ok
2515302,Sapé - PB,PB,51306.0,1.1,313.678,3,0.9563947742589535,4,21,ok
2515401,São Vicente do Seridó - PB,PB,10291.0,0.8,262.751,0,0.0,0,0,ok
2515500,Serra Branca - PB,PB,13614.0,1.1,698.102,0,0.0,2,2,ok
2515609,Serra da Raiz - PB,PB,3094.0,1.0,31.679,0,0.0,2,5,ok
2515708,Serra Grande - PB,PB,2942.0,1.6,64.352,1,1.5539532570860266,5,14,ok
2515807,Serra Redonda - PB,PB,6828.0,0.8,55.197,0,0.0,1,1,ok
2515906,Serraria - PB,PB,4885.0,0.8,65.062,0,0.0,1,1,ok
2515930,Sertãozinho - PB,PB,5054.0,0.5,32.455,1,3.081189339084887,2,3,ok
2515971,Sobrado - PB,PB,8236.0,0.8,61.953,0,0.0,0,0,ok
2516003,Solânea - PB,PB,26774.0,1.0,233.043,0,0.0,1,1,ok
2516102,Soledade - PB,PB,13968.0,1.9,578.178,0,0.0,1,2,ok
2516151,Sossêgo - PB,PB,3345.0,0.5,147.264,0,0.0,0,0,ok
2516201,Sousa - PB,PB,67259.0,1.5,728.492,17,2.3335877401536327,5,138,ok
2516300,Sumé - PB,PB,17166.0,1.1,833.315,1,0.12000264005808127,3,9,ok
2516409,Tacima - PB,PB,8010.0,0.9,245.236,0,0.0,3,6,ok
2516508,Taperoá - PB,PB,14068.0,0.6,628.365,1,0.15914317315572957,2,6,ok
2516607,Tavares - PB,PB,14101.0,1.1,239.507,23,9.603059618299255,5,46,ok
2516706,Teixeira - PB,PB,14631.0,0.7,155.452,2,1.286570774258292,5,10,ok
2516755,Tenório - PB,PB,2966.0,0.2,87.452,0,0.0,0,0,ok
2516805,Triunfo - PB,PB,9892.0,0.9,224.336,3,1.3372797945938235,5,19,ok
2516904,Uiraúna - PB,PB,14930.0,0.4,293.182,10,3.4108505979221095,5,92,ok
2517001,Umbuzeiro - PB,PB,9124.0,0.7,185.578,1,0.5388569765812758,2,2,ok
2517100,Várzea - PB,PB,2668.0,0.4,191.282,0,0.0,1,3,ok
2517209,Vieirópolis - PB,PB,4864.0,0.6,147.098,3,2.03945668873812,5,37,ok
2517407,Zabelê - PB,PB,2228.0,0.5,106.811,0,0.0,1,1,ok
2600054,Abreu e Lima - PE,PE,98462.0,1.2,126.384,0,0.0,0,0,ok
2600104,Afogados da Ingazeira - PE,PE,40241.0,0.8,377.696,8,2.1181055663814283,4,32,ok
2600203,Afrânio - PE,PE,18674.0,0.6,1490.594,56,3.75689154793324,5,149,ok
2600302,Agrestina - PE,PE,23779.0,1.1,200.369,0,0.0,3,5,ok
2600401,Água Preta - PE,PE,26461.0,1.0,531.935,2,0.3759857877372236,5,21,ok
2600500,Águas Belas - PE,PE,41548.0,0.8,885.988,1,0.11286834584667062,5,9,ok
2600609,Alagoinha - PE,PE,13542.0,0.6,214.267,1,0.4667074257818516,3,5,ok
2600708,Aliança - PE,PE,35741.0,0.9,272.773,3,1.099815597584805,5,37,ok
2600807,Altinho - PE,PE,20674.0,2.0,450.178,0,0.0,3,5,ok
2600906,Amaraji - PE,PE,18205.0,1.1,233.239,7,3.0012133476819916,4,18,ok
2601003,Angelim - PE,PE,10241.0,0.7,118.088,0,0.0,2,3,ok
2601052,Araçoiaba - PE,PE,19243.0,1.5,96.36,6,6.226650062266501,5,12,ok
2601102,Araripina - PE,PE,85088.0,1.0,2037.394,66,3.239432333657604,5,213,ok
2601201,Arcoverde - PE,PE,77742.0,1.3,343.923,2,0.5815255158858234,4,22,ok
2601300,Barra de Guabiraba - PE,PE,12263.0,1.2,118.639,2,1.685786292871653,5,9,ok
2601409,Barreiros - PE,PE,40121.0,1.1,233.433,2,0.8567768910136955,5,21,ok
2601508,Belém de Maria - PE,PE,10378.0,0.9,73.145,1,1.3671474468521432,2,3,ok
2601607,Belém do São Francisco - PE,PE,18301.0,0.3,1830.797,4,0.21848408097675495,3,6,ok
2601706,Belo Jardim - PE,PE,79507.0,1.5,647.445,2,0.30890654804655215,5,25,ok
2601805,Betânia - PE,PE,11232.0,1.0,1244.074,0,0.0,3,9,ok
2601904,Bezerros - PE,PE,61694.0,1.1,492.632,1,0.20299127949463291,5,21,ok
2602001,Bodocó - PE,PE,34478.0,1.0,1621.786,93,5.734418721088972,5,372,ok
2602100,Bom Conselho - PE,PE,44294.0,0.8,792.185,3,0.3786994199587218,5,19,ok
2602209,Bom Jardim - PE,PE,37629.0,1.0,224.108,0,0.0,4,11,ok
2602308,Bonito - PE,PE,37474.0,1.0,393.191,0,0.0,4,16,ok
2602407,Brejão - PE,PE,9079.0,0.6,159.786,1,0.6258370570638229,2,2,ok
2602506,Brejinho - PE,PE,7720.0,1.5,106.039,0,0.0,2,5,ok
2602605,Brejo da Madre de Deus - PE,PE,48648.0,1.2,762.346,1,0.13117403383765378,5,11,ok
2602704,Buenos Aires - PE,PE,12808.0,0.7,93.187,0,0.0,4,11,ok
2602803,Buíque - PE,PE,52097.0,1.4,1336.544,3,0.224459501520339,5,36,ok
2602902,Cabo de Santo Agostinho - PE,PE,203440.0,1.2,445.386,3,0.6735730355242419,5,25,ok
2603009,Cabrobó - PE,PE,30294.0,0.7,1658.616,5,0.3014561538053413,4,17,ok
2603108,Cachoeirinha - PE,PE,19899.0,1.4,179.262,0,0.0,1,2,ok
2603207,Caetés - PE,PE,28827.0,0.6,294.946,0,0.0,1,2,ok
2603306,Calçado - PE,PE,11093.0,0.8,121.945,0,0.0,3,5,ok
2603405,Calumbi - PE,PE,5228.0,0.7,179.314,1,0.5576809395808471,4,7,ok
2603454,Camaragibe - PE,PE,147771.0,1.3,51.321,0,0.0,0,0,ok
2603504,Camocim de São Félix - PE,PE,17419.0,1.2,72.01,0,0.0,0,0,ok
2603603,Camutanga - PE,PE,7750.0,0.5,39.116,0,0.0,2,3,ok
2603702,Canhotinho - PE,PE,24329.0,1.2,423.168,0,0.0,4,5,ok
2603801,Capoeiras - PE,PE,18338.0,0.5,337.13,1,0.29662148132767774,5,13,ok
2603900,Carnaíba - PE,PE,18644.0,0.8,427.802,10,2.337529978821978,5,44,ok
2603926,Carnaubeira da Penha - PE,PE,12239.0,0.9,1004.667,2,0.19907093594195885,5,16,ok
2604007,Carpina - PE,PE,79293.0,1.1,147.017,0,0.0,4,8,ok
2604106,Caruaru - PE,PE,378048.0,1.2,923.15,1,0.10832475762335482,5,12,ok
2604155,Casinhas - PE,PE,12967.0,1.4,115.868,1,0.8630510581005973,3,3,ok
2604205,Catende - PE,PE,32156.0,1.2,208.594,0,0.0,3,11,ok
2604304,Cedro - PE,PE,10518.0,1.1,148.746,0,0.0,3,10,ok
2604403,Chã de Alegria - PE,PE,12984.0,0.6,49.327,0,0.0,4,10,ok
2604502,Chã Grande - PE,PE,20546.0,0.7,84.787,0,0.0,1,3,ok
2604601,Condado - PE,PE,24587.0,0.9,89.645,3,3.346533548998829,5,24,ok
2604700,Correntes - PE,PE,17131.0,0.5,317.793,0,0.0,3,11,ok
2604809,Cortês - PE,PE,10198.0,0.7,102.852,0,0.0,4,6,ok
2604908,Cumaru - PE,PE,15920.0,0.6,292.231,1,0.342195044331368,4,9,ok
2605004,Cupira - PE,PE,23518.0,1.5,95.155,0,0.0,2,3,ok
2605103,Custódia - PE,PE,37699.0,0.8,1404.126,15,1.0682801970763307,5,57,ok
2605152,Dormentes - PE,PE,17188.0,1.1,1539.052,48,3.1188030034072924,5,168,ok
2605202,Escada - PE,PE,59891.0,1.1,342.584,5,1.4594960651986082,5,33,ok
2605301,Exu - PE,PE,31843.0,1.0,1336.786,38,2.8426389863448596,5,199,ok
2605400,Feira Nova - PE,PE,21427.0,1.2,107.726,0,0.0,2,2,ok
2605459,Fernando de Noronha - PE,PE,3167.0,0.7,18.609,0,0.0,0,0,ok
2605509,Ferreiros - PE,PE,15026.0,0.9,92.516,1,1.0808941156124345,5,13,ok
2605608,Flores - PE,PE,20347.0,0.9,995.558,14,1.4062465471624956,5,83,ok
2605707,Floresta - PE,PE,30137.0,0.8,3604.948,2,0.05547930233667725,4,18,ok
2605806,Frei Miguelinho - PE,PE,13636.0,0.6,212.707,0,0.0,2,3,ok
2605905,Gameleira - PE,PE,18214.0,1.3,257.781,0,0.0,3,12,ok
2606002,Garanhuns - PE,PE,142506.0,1.1,458.552,2,0.4361555505155358,4,7,ok
2606101,Glória do Goitá - PE,PE,29347.0,0.8,234.708,2,0.8521226374899875,4,12,ok
2606200,Goiana - PE,PE,81055.0,1.2,445.405,17,3.8167510468001034,5,76,ok
2606309,Granito - PE,PE,6967.0,0.5,521.69,39,7.4757039621231,5,82,ok
2606408,Gravatá - PE,PE,86516.0,0.9,507.36,0,0.0,3,6,ok
2606507,Iati - PE,PE,17165.0,0.7,635.137,5,0.7872317311068321,4,14,ok
2606606,Ibimirim - PE,PE,26593.0,1.2,1882.498,1,0.05312090637015285,3,3,ok
2606705,Ibirajuba - PE,PE,7140.0,0.7,189.596,0,0.0,2,3,ok
2606804,Igarassu - PE,PE,115196.0,1.4,306.879,3,0.9775839989051058,4,10,ok
2606903,Iguaracy - PE,PE,11081.0,0.8,838.132,11,1.3124424315024366,5,56,ok
2607000,Inajá - PE,PE,25603.0,1.5,1231.362,5,0.40605443403320873,4,11,ok
2607109,Ingazeira - PE,PE,4765.0,0.8,243.586,6,2.4631957501662654,5,25,ok
2607208,Ipojuca - PE,PE,98932.0,0.9,521.801,6,1.1498636453360571,5,37,ok
2607307,Ipubi - PE,PE,29009.0,0.9,693.914,29,4.179192234196169,5,142,ok
2607406,Itacuruba - PE,PE,4284.0,0.8,430.038,0,0.0,0,0,ok
2607505,Itaíba - PE,PE,32650.0,0.9,1061.694,2,0.18837819560061564,4,8,ok
2607604,Ilha de Itamaracá - PE,PE,24540.0,0.8,66.146,0,0.0,0,0,ok
2607653,Itambé - PE,PE,34935.0,0.7,304.006,2,0.6578817523338356,5,29,ok
2607703,Itapetim - PE,PE,13791.0,0.5,411.901,3,0.728330351225173,5,29,ok
2607752,Itapissuma - PE,PE,27749.0,0.6,73.968,2,2.7038719446247024,2,3,ok
2607802,Itaquitinga - PE,PE,16554.0,0.5,162.739,2,1.2289617116978722,4,11,ok
2607901,Jaboatão dos Guararapes - PE,PE,644037.0,1.7,258.724,5,1.9325613394969157,4,13,ok
2607950,Jaqueira - PE,PE,10247.0,0.8,87.208,1,1.146683790477938,4,7,ok
2608008,Jataúba - PE,PE,15843.0,0.7,714.601,0,0.0,4,16,ok
2608057,Jatobá - PE,PE,14020.0,1.0,277.862,0,0.0,0,0,ok
2608107,João Alfredo - PE,PE,27725.0,0.6,134.147,0,0.0,2,2,ok
2608206,Joaquim Nabuco - PE,PE,13269.0,0.8,122.592,0,0.0,3,4,ok
2608255,Jucati - PE,PE,11517.0,0.1,120.527,0,0.0,1,2,ok
2608305,Jupi - PE,PE,15329.0,0.5,104.835,0,0.0,0,0,ok
2608404,Jurema - PE,PE,13648.0,0.9,148.254,0,0.0,0,0,ok
2608453,Lagoa do Carro - PE,PE,17981.0,0.8,69.666,0,0.0,1,1,ok
2608503,Lagoa de Itaenga - PE,PE,19003.0,0.7,56.131,0,0.0,0,0,ok
2608602,Lagoa do Ouro - PE,PE,11933.0,0.7,198.762,2,1.006228554753927,4,9,ok
2608701,Lagoa dos Gatos - PE,PE,14076.0,0.8,224.947,0,0.0,2,4,ok
2608750,Lagoa Grande - PE,PE,24088.0,1.0,1850.07,10,0.5405200884290865,5,44,ok
2608800,Lajedo - PE,PE,39582.0,0.8,189.096,0,0.0,1,1,ok
2608909,Limoeiro - PE,PE,56510.0,0.9,273.733,0,0.0,4,10,ok
2609006,Macaparana - PE,PE,23879.0,1.7,108.049,0,0.0,2,3,ok
2609105,Machados - PE,PE,11333.0,0.5,61.619,0,0.0,1,2,ok
2609154,Manari - PE,PE,23763.0,0.3,344.685,2,0.5802399292107286,3,6,ok
2609204,Maraial - PE,PE,9359.0,0.7,199.865,3,1.5010131838991319,4,10,ok
2609303,Mirandiba - PE,PE,14166.0,0.9,821.676,7,0.8519173007365433,4,21,ok
2609402,Moreno - PE,PE,55292.0,1.2,194.197,4,2.059764054027611,2,6,ok
2609501,Nazaré da Mata - PE,PE,30648.0,1.1,130.572,0,0.0,2,9,ok
2609600,Olinda - PE,PE,349976.0,1.1,41.3,0,0.0,0,0,ok
2609709,Orobó - PE,PE,21808.0,0.7,138.521,0,0.0,3,3,ok
2609808,Orocó - PE,PE,13613.0,0.8,554.76,0,0.0,4,9,ok
2609907,Ouricuri - PE,PE,65245.0,1.7,2381.57,45,1.8895098611420196,5,155,ok
2610004,Palmares - PE,PE,54584.0,1.0,339.401,1,0.29463672764664806,5,16,ok
2610103,Palmeirina - PE,PE,7031.0,0.5,168.796,0,0.0,1,1,ok
2610202,Panelas - PE,PE,22991.0,0.5,380.428,0,0.0,3,7,ok
2610301,Paranatama - PE,PE,12199.0,0.4,185.371,0,0.0,0,0,ok
2610400,Parnamirim - PE,PE,18612.0,1.3,2609.548,44,1.6861157564451774,5,117,ok
2610509,Passira - PE,PE,28340.0,1.1,327.21,0,0.0,2,12,ok
2610608,Paudalho - PE,PE,56665.0,1.1,269.651,0,0.0,4,26,ok
2610707,Paulista - PE,PE,342167.0,1.2,96.932,0,0.0,0,0,ok
2610806,Pedra - PE,PE,22795.0,0.4,922.602,3,0.32516729857511695,5,27,ok
2610905,Pesqueira - PE,PE,62722.0,1.0,960.042,8,0.8332968765949822,5,76,ok
2611002,Petrolândia - PE,PE,34161.0,1.3,1056.589,0,0.0,3,5,ok
2611101,Petrolina - PE,PE,386791.0,1.3,4561.87,86,1.885191818267509,5,204,ok
2611200,Poção - PE,PE,10500.0,0.8,205.119,0,0.0,4,13,ok
2611309,Pombos - PE,PE,27552.0,1.1,239.832,2,0.8339170752860336,5,24,ok
2611408,Primavera - PE,PE,13838.0,0.6,113.135,1,0.8838997657665622,3,8,ok
2611507,Quipapá - PE,PE,17928.0,1.9,230.617,0,0.0,3,5,ok
2611533,Quixaba - PE,PE,6554.0,0.7,210.705,8,3.7967774851095126,5,49,ok
2611606,Recife - PE,PE,1488920.0,1.4,218.843,1,0.45694858871428373,1,1,ok
2611705,Riacho das Almas - PE,PE,20639.0,0.7,314.003,0,0.0,1,1,ok
2611804,Ribeirão - PE,PE,33507.0,0.7,289.566,1,0.3453444119820698,5,12,ok
2611903,Rio Formoso - PE,PE,20009.0,0.9,227.458,0,0.0,3,13,ok
2612000,Sairé - PE,PE,10887.0,1.5,190.455,0,0.0,0,0,ok
2612109,Salgadinho - PE,PE,5727.0,0.7,87.217,0,0.0,1,1,ok
2612208,Salgueiro - PE,PE,62372.0,0.7,1678.564,8,0.476597853879864,5,66,ok
2612307,Saloá - PE,PE,13836.0,0.9,251.549,1,0.39753686160549234,2,3,ok
2612406,Sanharó - PE,PE,18624.0,1.0,268.065,0,0.0,3,18,ok
2612455,Santa Cruz - PE,PE,13841.0,1.1,1245.983,2,0.1605158336831241,5,51,ok
2612471,Santa Cruz da Baixa Verde - PE,PE,11567.0,0.6,114.932,2,1.7401593986009118,4,17,ok
2612505,Santa Cruz do Capibaribe - PE,PE,98254.0,1.3,335.309,0,0.0,2,2,ok
2612554,Santa Filomena - PE,PE,12106.0,0.6,1005.341,34,3.3819370740872996,5,84,ok
2612604,Santa Maria da Boa Vista - PE,PE,40578.0,0.8,3000.774,13,0.43322156217029345,5,57,ok
2612703,Santa Maria do Cambucá - PE,PE,14013.0,0.8,92.148,0,0.0,0,0,ok
2612802,Santa Terezinha - PE,PE,10244.0,0.7,200.327,5,2.495919172153529,5,29,ok
2612901,São Benedito do Sul - PE,PE,13113.0,0.6,160.477,2,1.2462845142917676,2,7,ok
2613008,São Bento do Una - PE,PE,49449.0,1.4,719.148,3,0.41716030636252893,5,12,ok
2613107,São Caitano - PE,PE,37126.0,1.1,382.483,0,0.0,2,7,ok
2613206,São João - PE,PE,23837.0,1.0,258.519,0,0.0,2,2,ok
2613305,São Joaquim do Monte - PE,PE,20037.0,1.4,227.385,2,0.8795654946456452,4,6,ok
2613404,São José da Coroa Grande - PE,PE,18825.0,0.9,69.184,1,1.4454209065679926,4,8,ok
2613503,São José do Belmonte - PE,PE,34843.0,1.4,1474.086,63,4.273834769477493,5,184,ok
2613602,São José do Egito - PE,PE,31004.0,0.7,774.037,13,1.6795062768317277,5,62,ok
2613701,São Lourenço da Mata - PE,PE,111249.0,1.2,263.687,1,0.37923750507230164,5,28,ok
2613800,São Vicente Férrer - PE,PE,16677.0,0.9,112.554,1,0.8884624269239654,2,2,ok
2613909,Serra Talhada - PE,PE,92228.0,1.4,2980.007,69,2.3154308026793227,5,186,ok
2614006,Serrita - PE,PE,18207.0,0.7,1535.19,40,2.605540682260828,5,121,ok
2614105,Sertânia - PE,PE,32811.0,1.1,2421.527,6,0.24777753871833763,5,41,ok
2614204,Sirinhaém - PE,PE,37596.0,1.4,374.321,6,1.602902321804013,5,36,ok
2614303,Moreilândia - PE,PE,10540.0,0.5,404.287,25,6.183725917479415,5,53,ok
2614402,Solidão - PE,PE,5210.0,0.6,138.398,17,12.283414500209542,5,37,ok
2614501,Surubim - PE,PE,64120.0,0.8,252.896,1,0.39541946096419084,1,1,ok
2614600,Tabira - PE,PE,27681.0,1.0,390.434,19,4.866379464903159,5,85,ok
2614709,Tacaimbó - PE,PE,13738.0,1.6,227.601,0,0.0,2,3,ok
2614808,Tacaratu - PE,PE,23902.0,1.2,1264.532,2,0.15816128022066664,3,4,ok
2614857,Tamandaré - PE,PE,23561.0,0.9,213.75,0,0.0,3,9,ok
2615003,Taquaritinga do Norte - PE,PE,24736.0,0.7,475.184,0,0.0,3,12,ok
2615102,Terezinha - PE,PE,6513.0,0.5,151.45,2,1.3205678441729944,3,5,ok
2615201,Terra Nova - PE,PE,8920.0,0.6,318.709,0,0.0,1,2,ok
2615300,Timbaúba - PE,PE,46147.0,0.8,287.683,2,0.6952096578525668,5,33,ok
2615409,Toritama - PE,PE,41137.0,1.3,25.704,0,0.0,1,2,ok
2615508,Tracunhaém - PE,PE,13867.0,0.7,137.321,0,0.0,4,18,ok
2615607,Trindade - PE,PE,30321.0,1.0,295.765,1,0.33810626679965516,5,35,ok
2615706,Triunfo - PE,PE,14705.0,0.8,191.518,8,4.17715306133105,5,39,ok
2615805,Tupanatinga - PE,PE,26937.0,0.6,934.801,4,0.4278985580888338,4,13,ok
2615904,Tuparetama - PE,PE,8005.0,1.2,189.509,8,4.221435393569699,4,12,ok
2616001,Venturosa - PE,PE,17251.0,0.8,336.107,0,0.0,2,2,ok
2616100,Verdejante - PE,PE,9169.0,0.5,476.039,4,0.8402672890246387,4,9,ok
2616183,Vertente do Lério - PE,PE,7558.0,1.0,73.631,0,0.0,2,3,ok
2616209,Vertentes - PE,PE,21959.0,1.2,196.325,0,0.0,1,1,ok
2616308,Vicência - PE,PE,26359.0,0.9,228.017,0,0.0,3,16,ok
2616407,Vitória de Santo Antão - PE,PE,134084.0,1.1,336.573,2,0.5942247298505822,5,27,ok
2616506,Xexéu - PE,PE,11611.0,0.8,110.815,1,0.9024049090827053,5,12,ok
2700102,Água Branca - AL,AL,19008.0,1.0,468.229,0,0.0,0,0,ok
2700201,Anadia - AL,AL,13966.0,0.8,186.134,2,1.0744947188584568,1,2,ok
2700300,Arapiraca - AL,AL,234696.0,1.2,345.655,1,0.28930581070720807,4,4,ok
2700409,Atalaia - AL,AL,37512.0,1.1,533.258,5,0.9376324405822322,5,24,ok
2700508,Barra de Santo Antônio - AL,AL,16365.0,0.9,131.364,1,0.7612435674918546,3,4,ok
2700607,Barra de São Miguel - AL,AL,7944.0,0.5,74.247,0,0.0,2,6,ok
2700706,Batalha - AL,AL,16448.0,0.8,315.87,5,1.582929686263336,2,7,ok
2700805,Belém - AL,AL,4722.0,0.8,66.628,0,0.0,0,0,ok
2700904,Belo Monte - AL,AL,5936.0,0.5,334.136,0,0.0,3,6,ok
2701001,Boca da Mata - AL,AL,21187.0,1.7,193.002,0,0.0,1,4,ok
2701100,Branquinha - AL,AL,9603.0,1.2,168.048,2,1.1901361515757403,4,19,ok
2701209,Cacimbinhas - AL,AL,10482.0,1.0,281.692,0,0.0,3,6,ok
2701308,Cajueiro - AL,AL,16024.0,0.9,94.357,0,0.0,2,3,ok
2701357,Campestre - AL,AL,6665.0,0.5,65.91,0,0.0,1,5,ok
2701407,Campo Alegre - AL,AL,32106.0,0.6,312.726,7,2.2383812027141974,5,27,ok
2701506,Campo Grande - AL,AL,8143.0,0.8,170.144,0,0.0,1,2,ok
2701605,Canapi - AL,AL,15559.0,0.6,602.778,1,0.16589855635076264,3,4,ok
2701704,Capela - AL,AL,15032.0,0.8,263.735,0,0.0,4,8,ok
2701803,Carneiros - AL,AL,8999.0,0.7,111.696,0,0.0,0,0,ok
2701902,Chã Preta - AL,AL,5910.0,0.4,157.831,0,0.0,0,0,ok
2702009,Coité do Nóia - AL,AL,10810.0,1.1,88.759,0,0.0,1,1,ok
2702108,Colônia Leopoldina - AL,AL,15816.0,0.8,207.935,0,0.0,2,5,ok
2702207,Coqueiro Seco - AL,AL,5581.0,0.7,39.608,0,0.0,2,2,ok
2702306,Coruripe - AL,AL,50414.0,1.1,897.8,11,1.225217197594119,5,75,ok
2702355,Craíbas - AL,AL,25397.0,1.2,278.879,0,0.0,1,3,ok
2702405,Delmiro Gouveia - AL,AL,51318.0,1.4,628.545,0,0.0,0,0,ok
2702504,Dois Riachos - AL,AL,9805.0,0.3,141.621,1,0.7061099695666603,1,1,ok
2702553,Estrela de Alagoas - AL,AL,15429.0,0.5,260.772,3,1.1504302609175832,3,6,ok
2702603,Feira Grande - AL,AL,22712.0,0.8,175.906,0,0.0,3,5,ok
2702702,Feliz Deserto - AL,AL,3963.0,0.8,110.062,1,0.9085788010394141,2,5,ok
2702801,Flexeiras - AL,AL,9618.0,0.9,333.756,1,0.2996200817363583,4,20,ok
2702900,Girau do Ponciano - AL,AL,36102.0,0.7,513.454,1,0.19475941369626104,4,8,ok
2703007,Ibateguara - AL,AL,13731.0,1.1,265.312,0,0.0,4,15,ok
2703106,Igaci - AL,AL,23995.0,0.7,334.346,1,0.2990913604469621,3,7,ok
2703205,Igreja Nova - AL,AL,21372.0,0.9,426.538,2,0.4688914000628314,4,12,ok
2703304,Inhapi - AL,AL,15167.0,1.0,372.019,0,0.0,1,1,ok
2703403,Jacaré dos Homens - AL,AL,5083.0,0.4,148.992,1,0.6711769759450172,1,1,ok
2703502,Jacuípe - AL,AL,5352.0,0.8,208.738,0,0.0,3,10,ok
2703601,Japaratinga - AL,AL,9219.0,0.5,85.356,0,0.0,3,7,ok
2703700,Jaramataia - AL,AL,4985.0,0.4,105.416,1,0.9486225999848221,1,1,ok
2703759,Jequiá da Praia - AL,AL,9470.0,0.7,334.265,4,1.1966553483014972,5,31,ok
2703809,Joaquim Gomes - AL,AL,17150.0,0.7,298.17,0,0.0,4,11,ok
2703908,Jundiá - AL,AL,4092.0,0.4,88.793,0,0.0,2,6,ok
2704005,Junqueiro - AL,AL,23907.0,1.5,247.724,1,0.40367505772553325,5,6,ok
2704104,Lagoa da Canoa - AL,AL,18457.0,0.6,83.621,0,0.0,1,1,ok
2704203,Limoeiro de Anadia - AL,AL,24740.0,0.6,309.205,4,1.2936401416535954,3,8,ok
2704302,Maceió - AL,AL,957916.0,1.3,509.32,2,0.3926804366606456,4,13,ok
2704401,Major Isidoro - AL,AL,17700.0,0.5,442.744,1,0.22586415626185785,2,2,ok
2704500,Maragogi - AL,AL,32174.0,1.3,334.165,3,0.8977600885789954,5,25,ok
2704609,Maravilha - AL,AL,9534.0,0.6,332.37,1,0.3008695128922586,1,1,ok
2704708,Marechal Deodoro - AL,AL,60370.0,0.8,340.98,0,0.0,3,10,ok
2704807,Maribondo - AL,AL,13679.0,0.8,180.107,1,0.5552255048387903,1,1,ok
2704906,Mar Vermelho - AL,AL,3155.0,0.6,91.741,0,0.0,1,1,ok
2705002,Mata Grande - AL,AL,21844.0,0.8,914.722,1,0.10932283251086122,5,15,ok
2705101,Matriz de Camaragibe - AL,AL,23857.0,0.9,238.113,3,1.2599060110115785,5,25,ok
2705200,Messias - AL,AL,15405.0,1.3,114.156,0,0.0,4,10,ok
2705309,Minador do Negrão - AL,AL,4845.0,0.7,167.462,0,0.0,3,4,ok
2705408,Monteirópolis - AL,AL,7184.0,0.9,86.604,0,0.0,2,4,ok
2705507,Murici - AL,AL,25187.0,2.0,418.028,6,1.435310553360062,3,18,ok
2705606,Novo Lino - AL,AL,10020.0,0.6,215.547,0,0.0,4,23,ok
2705705,Olho d'Água das Flores - AL,AL,20695.0,0.7,188.221,1,0.5312903448605628,2,2,ok
2705804,Olho d'Água do Casado - AL,AL,8349.0,0.4,327.678,0,0.0,0,0,ok
2705903,Olho d'Água Grande - AL,AL,4330.0,0.8,117.006,0,0.0,1,2,ok
2706000,Olivença - AL,AL,10812.0,0.6,175.288,0,0.0,1,1,ok
2706109,Ouro Branco - AL,AL,11446.0,0.7,196.56,0,0.0,0,0,ok
2706208,Palestina - AL,AL,4325.0,0.9,38.189,0,0.0,0,0,ok
2706307,Palmeira dos Índios - AL,AL,71574.0,0.8,450.99,3,0.6652032195835827,4,11,ok
2706406,Pão de Açúcar - AL,AL,23823.0,0.7,688.87,2,0.29033054132129427,2,3,ok
2706422,Pariconha - AL,AL,10573.0,0.9,254.719,0,0.0,1,1,ok
2706448,Paripueira - AL,AL,13835.0,1.1,92.788,4,4.310902271845498,2,6,ok
2706505,Passo de Camaragibe - AL,AL,13804.0,0.6,251.29,6,2.3876795734012495,5,28,ok
2706604,Paulo Jacinto - AL,AL,6576.0,1.2,118.457,0,0.0,3,5,ok
2706703,Penedo - AL,AL,58650.0,1.1,688.452,7,1.0167738636825807,5,25,ok
2706802,Piaçabuçu - AL,AL,15908.0,0.6,243.686,0,0.0,3,6,ok
2706901,Pilar - AL,AL,35370.0,1.0,259.614,8,3.0814979161370344,5,16,ok
2707008,Pindoba - AL,AL,2731.0,1.0,117.086,0,0.0,0,0,ok
2707107,Piranhas - AL,AL,22609.0,1.1,403.995,1,0.24752781593831608,4,7,ok
2707206,Poço das Trincheiras - AL,AL,12518.0,0.7,284.26,0,0.0,2,5,ok
2707305,Porto Calvo - AL,AL,24071.0,0.4,313.231,5,1.596266014538791,5,21,ok
2707404,Porto de Pedras - AL,AL,9295.0,0.6,257.105,2,0.7778923008109527,5,14,ok
2707503,Porto Real do Colégio - AL,AL,20082.0,0.9,235.852,0,0.0,2,4,ok
2707602,Quebrangulo - AL,AL,11080.0,0.7,319.829,0,0.0,4,9,ok
2707701,Rio Largo - AL,AL,93927.0,1.1,293.816,10,3.4034906199798516,5,52,ok
2707800,Roteiro - AL,AL,6474.0,0.9,128.926,0,0.0,2,6,ok
2707909,Santa Luzia do Norte - AL,AL,6919.0,0.8,28.857,0,0.0,2,2,ok
2708006,Santana do Ipanema - AL,AL,46220.0,0.9,436.16,0,0.0,3,9,ok
2708105,Santana do Mundaú - AL,AL,11323.0,1.4,232.169,2,0.8614414499782486,1,2,ok
2708204,São Brás - AL,AL,6555.0,0.8,139.038,1,0.719227836994203,2,2,ok
2708303,São José da Laje - AL,AL,20813.0,0.7,256.603,1,0.38970705720509896,4,11,ok
2708402,São José da Tapera - AL,AL,30604.0,0.5,490.879,0,0.0,1,1,ok
2708501,São Luís do Quitunde - AL,AL,30873.0,0.9,397.257,4,1.0069048500089364,5,42,ok
2708600,São Miguel dos Campos - AL,AL,51990.0,1.2,335.683,2,0.5958002043594701,5,19,ok
2708709,São Miguel dos Milagres - AL,AL,8482.0,1.0,76.731,1,1.3032542258018274,5,5,ok
2708808,São Sebastião - AL,AL,31786.0,0.8,314.924,1,0.3175369295449061,4,7,ok
2708907,Satuba - AL,AL,24278.0,1.1,41.268,0,0.0,3,3,ok
2708956,Senador Rui Palmeira - AL,AL,12303.0,0.6,338.569,0,0.0,0,0,ok
2709004,Tanque d'Arca - AL,AL,5796.0,0.6,124.617,0,0.0,0,0,ok
2709103,Taquarana - AL,AL,19032.0,0.7,153.841,0,0.0,1,1,ok
2709152,Teotônio Vilela - AL,AL,38053.0,1.0,299.221,1,0.3342011422995044,5,17,ok
2709202,Traipu - AL,AL,23565.0,0.9,681.577,4,0.5868742636561973,5,22,ok
2709301,União dos Palmares - AL,AL,59280.0,1.2,420.376,0,0.0,3,5,ok
2709400,Viçosa - AL,AL,24092.0,1.1,367.888,0,0.0,2,2,ok
2800100,Amparo do São Francisco - SE,SE,2170.0,1.0,35.683,0,0.0,0,0,ok
2800209,Aquidabã - SE,SE,20131.0,1.6,359.543,1,0.2781308494394273,2,9,ok
2800308,Aracaju - SE,SE,602757.0,1.3,182.163,0,0.0,0,0,ok
2800407,Arauá - SE,SE,10318.0,0.6,198.967,1,0.5025959078641181,2,2,ok
2800506,Areia Branca - SE,SE,18081.0,0.9,148.134,1,0.6750644686567567,3,3,ok
2800605,Barra dos Coqueiros - SE,SE,41511.0,0.9,92.268,0,0.0,0,0,ok
2800670,Boquim - SE,SE,24636.0,1.1,205.443,0,0.0,0,0,ok
2800704,Brejo Grande - SE,SE,7841.0,0.5,141.464,0,0.0,0,0,ok
2801009,Campo do Brito - SE,SE,18149.0,1.4,201.518,0,0.0,1,2,ok
2801108,Canhoba - SE,SE,3791.0,1.7,171.581,1,0.5828151135615249,2,3,ok
2801207,Canindé de São Francisco - SE,SE,26834.0,0.9,934.167,3,0.32114172305380084,2,8,ok
2801306,Capela - SE,SE,31645.0,1.5,442.211,2,0.4522727838068253,5,23,ok
2801405,Carira - SE,SE,19939.0,1.1,638.743,1,0.15655748869263536,1,1,ok
2801504,Carmópolis - SE,SE,13853.0,1.2,46.395,0,0.0,3,8,ok
2801603,Cedro de São João - SE,SE,5391.0,0.7,83.711,0,0.0,3,4,ok
2801702,Cristinápolis - SE,SE,17100.0,0.5,228.556,0,0.0,1,1,ok
2801900,Cumbe - SE,SE,3824.0,0.4,128.393,0,0.0,1,1,ok
2802007,Divina Pastora - SE,SE,4340.0,1.2,90.508,0,0.0,4,7,ok
2802106,Estância - SE,SE,65078.0,0.8,647.344,0,0.0,4,12,ok
2802205,Feira Nova - SE,SE,5975.0,0.9,183.273,1,0.5456341086794018,1,1,ok
2802304,Frei Paulo - SE,SE,14530.0,1.3,399.178,1,0.25051480793029673,4,5,ok
2802403,Gararu - SE,SE,11096.0,0.9,656.956,5,0.7610859783608035,3,10,ok
2802502,General Maynard - SE,SE,3037.0,1.1,19.793,0,0.0,2,2,ok
2802601,Graccho Cardoso - SE,SE,5834.0,1.9,242.679,1,0.412066969123822,3,3,ok
2802700,Ilha das Flores - SE,SE,8321.0,0.6,52.693,0,0.0,0,0,ok
2802809,Indiaroba - SE,SE,16549.0,0.3,316.316,0,0.0,4,8,ok
2802908,Itabaiana - SE,SE,103440.0,1.2,337.295,2,0.5929527564891267,2,5,ok
2803005,Itabaianinha - SE,SE,40678.0,0.9,501.794,3,0.5978548966308884,4,9,ok
2803104,Itabi - SE,SE,4745.0,0.8,183.422,0,0.0,3,4,ok
2803203,Itaporanga d'Ajuda - SE,SE,34411.0,0.7,739.702,2,0.2703791526858113,5,26,ok
2803302,Japaratuba - SE,SE,16209.0,1.0,365.677,1,0.2734653806501366,3,15,ok
2803401,Japoatã - SE,SE,13407.0,1.0,402.353,0,0.0,3,14,ok
2803500,Lagarto - SE,SE,101579.0,1.0,968.921,7,0.7224531205330466,5,35,ok
2803609,Laranjeiras - SE,SE,23975.0,0.8,162.273,1,0.6162454628927795,3,3,ok
2803708,Macambira - SE,SE,6838.0,1.0,137.496,2,1.4545877698260312,2,3,ok
2803807,Malhada dos Bois - SE,SE,3579.0,0.2,63.199,0,0.0,0,0,ok
2803906,Malhador - SE,SE,11533.0,1.4,101.888,0,0.0,2,3,ok
2804003,Maruim - SE,SE,15719.0,0.7,95.554,0,0.0,2,7,ok
2804102,Moita Bonita - SE,SE,11050.0,0.5,95.416,0,0.0,1,1,ok
2804201,Monte Alegre de Sergipe - SE,SE,14336.0,0.7,386.912,0,0.0,2,5,ok
2804300,Muribeca - SE,SE,7822.0,1.2,74.31,0,0.0,1,2,ok
2804409,Neópolis - SE,SE,16426.0,0.7,271.323,0,0.0,3,14,ok
2804458,Nossa Senhora Aparecida - SE,SE,9232.0,0.9,340.772,0,0.0,0,0,ok
2804508,Nossa Senhora da Glória - SE,SE,41212.0,1.4,758.429,0,0.0,2,3,ok
2804607,Nossa Senhora das Dores - SE,SE,24996.0,0.9,482.412,1,0.20729169257812824,5,15,ok
2804706,Nossa Senhora de Lourdes - SE,SE,6268.0,0.7,83.767,2,2.38757505939093,2,4,ok
2804805,Nossa Senhora do Socorro - SE,SE,192330.0,1.4,155.018,0,0.0,2,8,ok
2804904,Pacatuba - SE,SE,12502.0,0.8,381.428,0,0.0,3,5,ok
2805000,Pedra Mole - SE,SE,2778.0,1.0,82.211,0,0.0,0,0,ok
2805109,Pedrinhas - SE,SE,7396.0,0.8,33.344,0,0.0,2,2,ok
2805208,Pinhão - SE,SE,5677.0,0.5,156.373,0,0.0,2,2,ok
2805307,Pirambu - SE,SE,7913.0,1.1,208.681,2,0.9584006210436024,4,8,ok
2805406,Poço Redondo - SE,SE,33439.0,1.0,1220.426,1,0.08193860176692401,4,7,ok
2805505,Poço Verde - SE,SE,21794.0,1.6,441.326,0,0.0,1,3,ok
2805604,Porto da Folha - SE,SE,26576.0,1.0,878.043,6,0.6833378319740605,5,18,ok
2805703,Propriá - SE,SE,26618.0,1.1,96.32,0,0.0,2,2,ok
2805802,Riachão do Dantas - SE,SE,18313.0,0.7,530.607,4,0.7538536053990996,5,25,ok
2805901,Riachuelo - SE,SE,8748.0,0.9,78.308,0,0.0,2,6,ok
2806008,Ribeirópolis - SE,SE,17033.0,0.7,259.044,2,0.7720696097960192,2,3,ok
2806107,Rosário do Catete - SE,SE,9295.0,0.7,102.683,0,0.0,2,8,ok
2806206,Salgado - SE,SE,20279.0,1.6,247.579,1,0.40391147876031486,1,1,ok
2806305,Santa Luzia do Itanhy - SE,SE,13616.0,1.2,325.258,3,0.9223447232658383,3,6,ok
2806404,Santana do São Francisco - SE,SE,7346.0,0.5,44.017,0,0.0,1,2,ok
2806503,Santa Rosa de Lima - SE,SE,3937.0,1.0,67.672,2,2.955432084170706,3,4,ok
2806602,Santo Amaro das Brotas - SE,SE,11092.0,1.4,236.965,0,0.0,4,16,ok
2806701,São Cristóvão - SE,SE,95612.0,1.3,438.037,3,0.6848736522257253,5,16,ok
2806800,São Domingos - SE,SE,10327.0,1.2,101.999,0,0.0,3,5,ok
2806909,São Francisco - SE,SE,3243.0,0.9,83.985,2,2.3813776269571947,2,3,ok
2807006,São Miguel do Aleixo - SE,SE,3434.0,0.8,144.868,2,1.3805671369798715,2,3,ok
2807105,Simão Dias - SE,SE,42578.0,1.6,560.199,5,0.8925399724026641,4,18,ok
2807204,Siriri - SE,SE,7834.0,0.6,168.343,0,0.0,4,7,ok
2807303,Telha - SE,SE,3274.0,0.7,47.86,1,2.089427496865859,1,1,ok
2807402,Tobias Barreto - SE,SE,50905.0,1.4,1024.645,9,0.8783529905479459,5,41,ok
2807501,Tomar do Geru - SE,SE,12012.0,1.2,304.837,3,0.9841325036002848,3,10,ok
2807600,Umbaúba - SE,SE,23917.0,1.4,117.514,0,0.0,2,4,ok
2900108,Abaíra - BA,BA,7301.0,0.6,538.677,1,0.18564000319300805,4,10,ok
2900207,Abaré - BA,BA,17639.0,1.3,1604.923,0,0.0,2,3,ok
2900306,Acajutiba - BA,BA,13795.0,0.7,181.475,0,0.0,2,4,ok
2900355,Adustina - BA,BA,14201.0,0.9,629.099,1,0.1589574931767496,2,3,ok
2900405,Água Fria - BA,BA,14497.0,0.6,742.775,5,0.673151358082865,1,5,ok
2900504,Érico Cardoso - BA,BA,10604.0,0.6,735.249,1,0.13600834547207816,5,24,ok
2900603,Aiquara - BA,BA,4447.0,0.6,167.877,0,0.0,1,1,ok
2900702,Alagoinhas - BA,BA,151055.0,1.1,707.835,1,0.14127586231254458,5,20,ok
2900801,Alcobaça - BA,BA,24530.0,0.4,1477.929,2,0.1353244979968591,5,148,ok
2900900,Almadina - BA,BA,5218.0,0.6,245.236,0,0.0,3,6,ok
2901007,Amargosa - BA,BA,36521.0,0.7,431.655,2,0.463332985833594,4,7,ok
2901106,Amélia Rodrigues - BA,BA,24138.0,1.0,166.872,0,0.0,4,5,ok
2901155,América Dourada - BA,BA,15137.0,0.8,822.373,19,2.310387135764428,5,36,ok
2901205,Anagé - BA,BA,25438.0,0.6,1899.683,65,3.4216235024475137,5,335,ok
2901304,Andaraí - BA,BA,13080.0,1.5,1590.316,11,0.6916864321304697,5,81,ok
2901353,Andorinha - BA,BA,15012.0,1.5,1362.386,8,0.5872050945914007,5,17,ok
2901403,Angical - BA,BA,13732.0,0.9,1530.05,29,1.8953628966373648,5,191,ok
2901502,Anguera - BA,BA,11031.0,0.9,187.84,0,0.0,1,2,ok
2901601,Antas - BA,BA,14206.0,1.0,319.745,2,0.6254984440726203,1,2,ok
2901700,Antônio Cardoso - BA,BA,11146.0,0.9,293.53,0,0.0,2,2,ok
2901809,Antônio Gonçalves - BA,BA,10862.0,0.5,345.284,3,0.8688499901530335,4,8,ok
2901908,Aporá - BA,BA,15922.0,0.9,479.262,2,0.4173082781443136,4,19,ok
2901957,Apuarema - BA,BA,6913.0,1.1,150.83,0,0.0,1,1,ok
2902005,Aracatu - BA,BA,13936.0,0.6,1489.803,75,5.034222645544411,5,495,ok
2902054,Araçás - BA,BA,11557.0,0.7,474.577,0,0.0,2,4,ok
2902104,Araci - BA,BA,48294.0,1.1,1496.245,0,0.0,3,4,ok
2902203,Aramari - BA,BA,9833.0,1.2,368.947,0,0.0,1,1,ok
2902252,Arataca - BA,BA,10191.0,0.5,435.962,0,0.0,1,1,ok
2902302,Aratuípe - BA,BA,8677.0,0.7,174.012,0,0.0,3,5,ok
2902401,Aurelino Leal - BA,BA,11179.0,0.9,445.394,3,0.6735609370579756,4,22,ok
2902500,Baianópolis - BA,BA,13614.0,0.5,3320.723,159,4.788113913747097,5,509,ok
2902609,Baixa Grande - BA,BA,18220.0,1.8,967.514,2,0.20671535502328647,4,12,ok
2902658,Banzaê - BA,BA,11958.0,0.8,409.507,2,0.48839213981690177,2,3,ok
2902708,Barra - BA,BA,51092.0,0.7,11428.112,647,5.661477591399175,5,2897,ok
2902807,Barra da Estiva - BA,BA,26026.0,0.8,1657.413,39,2.3530646857482114,5,110,ok
2902906,Barra do Choça - BA,BA,36539.0,1.1,765.936,7,0.9139144784942866,5,46,ok
2903003,Barra do Mendes - BA,BA,13836.0,0.7,1436.298,22,1.5317155632048503,5,74,ok
2903102,Barra do Rocha - BA,BA,5775.0,0.5,214.411,0,0.0,3,8,ok
2903201,Barreiras - BA,BA,159734.0,0.9,8051.274,317,3.937265083761899,5,998,ok
2903235,Barro Alto - BA,BA,13453.0,1.2,414.51,13,3.1362331427468573,2,17,ok
2903276,Barrocas - BA,BA,15203.0,0.6,207.297,0,0.0,0,0,ok
2903300,Barro Preto - BA,BA,5833.0,0.7,201.585,0,0.0,3,4,ok
2903409,Belmonte - BA,BA,20121.0,1.4,1939.447,8,0.41248871456657493,5,276,ok
2903508,Belo Campo - BA,BA,18412.0,1.0,772.756,49,6.340940736791432,5,289,ok
2903607,Biritinga - BA,BA,15146.0,0.6,553.762,1,0.18058299413827603,2,2,ok
2903706,Boa Nova - BA,BA,13690.0,1.0,848.857,5,0.5890273626771059,5,44,ok
2903805,Boa Vista do Tupim - BA,BA,16873.0,0.6,2972.109,29,0.9757381038178614,5,102,ok
2903904,Bom Jesus da Lapa - BA,BA,65550.0,0.9,4115.51,70,1.7008827581514805,5,496,ok
2903953,Bom Jesus da Serra - BA,BA,9730.0,0.5,467.909,11,2.3508844668514604,5,25,ok
2904001,Boninal - BA,BA,13622.0,0.8,896.857,25,2.7875123904925756,5,50,ok
2904050,Bonito - BA,BA,15844.0,1.1,791.276,16,2.022050460269236,5,47,ok
2904100,Boquira - BA,BA,19322.0,0.7,1426.233,24,1.6827545008424292,5,97,ok
2904209,Botuporã - BA,BA,11024.0,0.7,627.612,4,0.6373364435351778,5,33,ok
2904308,Brejões - BA,BA,12943.0,0.4,518.566,2,0.38567896854016653,3,6,ok
2904407,Brejolândia - BA,BA,9108.0,0.3,2247.208,38,1.6909872161366457,5,220,ok
2904506,Brotas de Macaúbas - BA,BA,11765.0,0.5,2520.817,11,0.4363664637298145,5,98,ok
2904605,Brumado - BA,BA,70510.0,1.1,2207.612,87,3.9409099062697606,5,281,ok
2904704,Buerarema - BA,BA,14804.0,1.2,219.487,0,0.0,2,2,ok
2904753,Buritirama - BA,BA,19589.0,1.5,4046.736,60,1.4826764088391238,5,785,ok
2904803,Caatiba - BA,BA,6205.0,0.9,512.436,15,2.9271948106690395,5,68,ok
2904852,Cabaceiras do Paraguaçu - BA,BA,16559.0,0.4,222.026,0,0.0,0,0,ok
2904902,Cachoeira - BA,BA,29250.0,0.9,394.894,0,0.0,3,15,ok
2905008,Caculé - BA,BA,22462.0,0.9,610.983,12,1.964048099537958,5,59,ok
2905107,Caém - BA,BA,10384.0,1.3,540.908,3,0.5546229673068248,5,13,ok
2905156,Caetanos - BA,BA,11266.0,0.7,767.146,16,2.085652535501717,5,80,ok
2905206,Caetité - BA,BA,52012.0,1.0,2651.536,54,2.0365554154271335,5,244,ok
2905305,Cafarnaum - BA,BA,17466.0,1.1,643.66,15,2.3304228940745113,3,20,ok
2905404,Cairu - BA,BA,17761.0,1.3,448.846,1,0.22279356393952493,5,20,ok
2905503,Caldeirão Grande - BA,BA,13080.0,0.9,458.311,0,0.0,3,4,ok
2905602,Camacan - BA,BA,22579.0,0.8,584.848,1,0.17098459770743854,5,11,ok
2905701,Camaçari - BA,BA,300372.0,1.2,785.421,1,0.12732025245059655,5,35,ok
2905800,Camamu - BA,BA,30469.0,1.3,839.702,6,0.7145392055753113,5,26,ok
2905909,Campo Alegre de Lourdes - BA,BA,30671.0,1.8,2914.587,64,2.1958514190861345,5,441,ok
2906006,Campo Formoso - BA,BA,71377.0,1.1,7161.827,44,0.6143683727629835,5,154,ok
2906105,Canápolis - BA,BA,10225.0,0.6,460.388,1,0.21720809404241642,3,13,ok
2906204,Canarana - BA,BA,24206.0,1.3,579.726,13,2.2424386693023943,4,26,ok
2906303,Canavieiras - BA,BA,32683.0,1.5,1334.284,3,0.224839689301528,5,167,ok
2906402,Candeal - BA,BA,7772.0,0.8,447.578,0,0.0,1,1,ok
2906501,Candeias - BA,BA,72382.0,1.0,251.808,2,0.7942559410344389,3,7,ok
2906600,Candiba - BA,BA,13016.0,0.7,433.642,2,0.46120993815174727,5,15,ok
2906709,Cândido Sales - BA,BA,25247.0,1.1,1169.814,100,8.548367518255038,5,417,ok
2906808,Cansanção - BA,BA,37439.0,1.0,1351.891,6,0.4438227638174971,5,22,ok
2906824,Canudos - BA,BA,16105.0,1.0,3565.377,4,0.11219009939201381,4,23,ok
2906857,Capela do Alto Alegre - BA,BA,10744.0,1.1,629.586,3,0.476503607132306,3,5,ok
2906873,Capim Grosso - BA,BA,33235.0,2.2,464.776,1,0.21515740916054185,2,7,ok
2906899,Caraíbas - BA,BA,9940.0,0.5,805.629,65,8.068229917244786,5,209,ok
2906907,Caravelas - BA,BA,20580.0,0.9,2377.889,27,1.1354609067117933,5,148,ok
2907004,Cardeal da Silva - BA,BA,8365.0,0.8,293.456,0,0.0,3,9,ok
2907103,Carinhanha - BA,BA,28869.0,1.5,2525.906,103,4.077744777517453,5,404,ok
2907202,Casa Nova - BA,BA,72086.0,1.0,9647.072,39,0.40426774051235437,5,115,ok
2907301,Castro Alves - BA,BA,24712.0,0.5,713.789,2,0.2801948474969494,3,5,ok
2907400,Catolândia - BA,BA,3434.0,0.8,702.504,27,3.843394486010044,5,55,ok
2907509,Catu - BA,BA,48148.0,0.9,426.955,0,0.0,3,8,ok
2907558,Caturama - BA,BA,8841.0,0.6,716.261,14,1.9545947636406282,5,29,ok
2907608,Central - BA,BA,16348.0,0.7,566.974,16,2.8219988923654347,4,33,ok
2907707,Chorrochó - BA,BA,10579.0,0.8,3005.319,0,0.0,2,5,ok
2907806,Cícero Dantas - BA,BA,30907.0,1.0,819.969,9,1.0976024703372933,4,16,ok
2907905,Cipó - BA,BA,17230.0,0.7,168.33,0,0.0,1,1,ok
2908002,Coaraci - BA,BA,17333.0,1.0,274.5,1,0.36429872495446264,2,6,ok
2908101,Cocos - BA,BA,19151.0,0.6,10140.572,432,4.260114715422365,5,2254,ok
2908200,Conceição da Feira - BA,BA,20800.0,0.5,164.798,0,0.0,2,3,ok
2908309,Conceição do Almeida - BA,BA,15794.0,1.0,284.836,0,0.0,1,2,ok
2908408,Conceição do Coité - BA,BA,67825.0,0.9,1015.252,2,0.1969954257662137,1,2,ok
2908507,Conceição do Jacuípe - BA,BA,35308.0,1.0,114.869,0,0.0,0,0,ok
2908606,Conde - BA,BA,23654.0,0.6,931.106,3,0.3221974726830243,5,33,ok
2908705,Condeúba - BA,BA,17053.0,0.5,1348.039,43,3.1898186921891725,5,156,ok
2908804,Contendas do Sincorá - BA,BA,4333.0,0.5,977.455,12,1.2276780005217631,4,30,ok
2908903,Coração de Maria - BA,BA,26692.0,0.4,378.42,2,0.5285132921092965,3,4,ok
2909000,Cordeiros - BA,BA,7546.0,0.5,523.64,15,2.864563440531663,5,37,ok
2909109,Coribe - BA,BA,13990.0,0.8,2662.819,81,3.041889065685651,5,319,ok
2909208,Coronel João Sá - BA,BA,17056.0,1.0,797.434,4,0.5016089105806876,4,11,ok
2909307,Correntina - BA,BA,32457.0,0.8,11504.314,298,2.5903326352184055,5,1075,ok
2909406,Cotegipe - BA,BA,13063.0,1.5,4282.775,120,2.8019216512658267,5,987,ok
2909505,Cravolândia - BA,BA,4415.0,0.4,182.585,3,1.6430703507955196,3,5,ok
2909604,Crisópolis - BA,BA,19729.0,0.6,636.609,2,0.3141645813992576,2,7,ok
2909703,Cristópolis - BA,BA,13993.0,0.5,1052.837,16,1.5197034298756598,5,90,ok
2909802,Cruz das Almas - BA,BA,60348.0,1.3,139.117,0,0.0,1,2,ok
2909901,Curaçá - BA,BA,34180.0,0.9,5950.614,0,0.0,2,2,ok
2910008,Dário Meira - BA,BA,10820.0,1.3,413.637,3,0.7252736094691723,5,24,ok
2910057,Dias d'Ávila - BA,BA,71485.0,0.9,183.759,2,1.0883820656403225,4,10,ok
2910107,Dom Basílio - BA,BA,11884.0,0.4,689.516,3,0.435087800718185,5,13,ok
2910206,Dom Macedo Costa - BA,BA,4407.0,1.1,94.778,0,0.0,0,0,ok
2910305,Elísio Medrado - BA,BA,7808.0,1.3,179.329,1,0.5576342922784379,1,1,ok
2910404,Encruzilhada - BA,BA,19107.0,1.1,1890.133,72,3.8092557507857916,5,393,ok
2910503,Entre Rios - BA,BA,38098.0,1.2,1187.766,0,0.0,4,19,ok
2910602,Esplanada - BA,BA,32554.0,0.9,1299.355,1,0.07696126154899931,4,31,ok
2910701,Euclides da Cunha - BA,BA,61456.0,1.7,2025.368,7,0.3456162040676065,5,15,ok
2910727,Eunápolis - BA,BA,113710.0,1.2,1425.97,6,0.42076621527802127,5,42,ok
2910750,Fátima - BA,BA,17895.0,1.0,364.419,0,0.0,1,2,ok
2910776,Feira da Mata - BA,BA,5631.0,0.8,1176.111,23,1.9555977284456991,5,80,ok
2910800,Feira de Santana - BA,BA,616272.0,1.1,1304.425,2,0.1533242616478525,3,10,ok
2910859,Filadélfia - BA,BA,17897.0,1.1,579.686,4,0.6900287396970083,5,17,ok
2910909,Firmino Alves - BA,BA,4873.0,0.4,172.353,1,0.5802045801349556,4,12,ok
2911006,Floresta Azul - BA,BA,11059.0,0.7,321.013,4,1.2460554556980559,5,21,ok
2911105,Formosa do Rio Preto - BA,BA,25899.0,1.2,15634.328,576,3.6842005617382467,5,2811,ok
2911204,Gandu - BA,BA,32178.0,1.1,229.661,3,1.3062731591345504,2,4,ok
2911253,Gavião - BA,BA,4360.0,0.4,384.592,0,0.0,0,0,ok
2911303,Gentio do Ouro - BA,BA,10884.0,1.0,3817.946,54,1.4143730686604787,5,213,ok
2911402,Glória - BA,BA,15524.0,0.9,1566.609,0,0.0,2,3,ok
2911501,Gongogi - BA,BA,5555.0,0.6,202.194,0,0.0,1,2,ok
2911600,Governador Mangabeira - BA,BA,20605.0,1.0,106.848,0,0.0,1,1,ok
2911659,Guajeru - BA,BA,8050.0,0.4,872.867,68,7.790419388062557,5,228,ok
2911709,Guanambi - BA,BA,87817.0,0.7,1272.366,18,1.4146872833760098,4,60,ok
2911808,Guaratinga - BA,BA,19049.0,0.6,2189.404,7,0.319721714219943,5,59,ok
2911857,Heliópolis - BA,BA,12309.0,1.0,313.438,0,0.0,1,2,ok
2911907,Iaçu - BA,BA,24607.0,0.7,2342.497,31,1.3233741601376652,5,96,ok
2912004,Ibiassucê - BA,BA,10429.0,0.2,483.274,17,3.5176732040209076,5,61,ok
2912103,Ibicaraí - BA,BA,21665.0,0.9,230.953,2,0.8659770602676735,2,8,ok
2912202,Ibicoara - BA,BA,20785.0,0.5,817.355,5,0.6117292975512476,4,24,ok
2912301,Ibicuí - BA,BA,13934.0,0.8,1139.378,10,0.8776718525370861,5,61,ok
2912400,Ibipeba - BA,BA,16603.0,0.9,1382.008,8,0.5788678502584645,5,53,ok
2912509,Ibipitanga - BA,BA,13863.0,1.6,954.373,16,1.6764933626579963,5,45,ok
2912608,Ibiquera - BA,BA,3725.0,0.6,698.245,3,0.4296486190377303,4,8,ok
2912707,Ibirapitanga - BA,BA,25344.0,1.1,472.664,1,0.21156677893810405,4,9,ok
2912806,Ibirapuã - BA,BA,8896.0,0.4,771.098,20,2.593704042806492,5,39,ok
2912905,Ibirataia - BA,BA,18792.0,1.1,318.129,2,0.6286757887523614,4,8,ok
2913002,Ibitiara - BA,BA,14637.0,0.9,1834.002,19,1.0359857840940196,5,132,ok
2913101,Ibititá - BA,BA,16969.0,1.0,573.033,25,4.3627504873192295,5,33,ok
2913200,Ibotirama - BA,BA,26309.0,1.0,1740.113,49,2.8159090817665287,5,181,ok
2913309,Ichu - BA,BA,6190.0,0.7,138.016,1,0.7245536749362393,2,2,ok
2913408,Igaporã - BA,BA,15527.0,0.6,836.586,16,1.9125349934137077,5,54,ok
2913457,Igrapiúna - BA,BA,13151.0,0.9,591.312,0,0.0,4,10,ok
2913507,Iguaí - BA,BA,21491.0,1.3,860.223,5,0.5812446307527235,5,45,ok
2913606,Ilhéus - BA,BA,178649.0,1.3,1588.555,1,0.062950291302473,5,55,ok
2913705,Inhambupe - BA,BA,33790.0,1.2,1082.283,11,1.0163700252152166,5,27,ok
2913804,Ipecaetá - BA,BA,13709.0,1.2,372.565,0,0.0,2,3,ok
2913903,Ipiaú - BA,BA,40706.0,0.9,280.454,1,0.3565647129297496,4,5,ok
2914000,Ipirá - BA,BA,56876.0,0.8,3105.281,5,0.1610160239926757,5,23,ok
2914109,Ipupiara - BA,BA,9935.0,0.8,1055.76,6,0.5683109797681292,4,14,ok
2914208,Irajuba - BA,BA,6101.0,1.7,459.047,2,0.4356852348452337,4,8,ok
2914307,Iramaia - BA,BA,10752.0,0.5,1708.115,46,2.6930271088304947,5,202,ok
2914406,Iraquara - BA,BA,23879.0,1.2,991.822,16,1.6131926898173259,5,47,ok
2914505,Irará - BA,BA,28043.0,0.8,267.88,0,0.0,1,2,ok
2914604,Irecê - BA,BA,74507.0,1.0,319.174,11,3.446396009700038,3,14,ok
2914653,Itabela - BA,BA,28165.0,0.7,924.914,4,0.43247264069956776,5,41,ok
2914703,Itaberaba - BA,BA,65073.0,0.9,2386.39,13,0.5447558865063967,5,53,ok
2914802,Itabuna - BA,BA,186708.0,1.3,401.028,7,1.7455140289456095,4,30,ok
2914901,Itacaré - BA,BA,27704.0,1.2,726.265,5,0.6884539389892119,5,24,ok
2915007,Itaeté - BA,BA,13472.0,0.6,1331.822,23,1.726957506333429,5,77,ok
2915106,Itagi - BA,BA,13803.0,0.7,310.621,4,1.2877429407541667,4,17,ok
2915205,Itagibá - BA,BA,15310.0,1.1,810.993,12,1.479667518708546,5,58,ok
2915304,Itagimirim - BA,BA,6347.0,1.1,876.8,2,0.22810218978102192,3,14,ok
2915353,Itaguaçu da Bahia - BA,BA,12311.0,0.3,4310.238,15,0.34800862504576313,5,138,ok
2915403,Itaju do Colônia - BA,BA,6037.0,0.6,1225.287,8,0.652908257412345,5,57,ok
2915502,Itajuípe - BA,BA,18781.0,0.4,270.752,0,0.0,0,0,ok
2915601,Itamaraju - BA,BA,59605.0,1.0,2360.584,6,0.2541743907439854,5,55,ok
2915700,Itamari - BA,BA,7051.0,0.8,143.479,0,0.0,3,8,ok
2915809,Itambé - BA,BA,24394.0,1.6,1534.575,11,0.7168108433931218,5,107,ok
2915908,Itanagra - BA,BA,5914.0,0.5,533.634,0,0.0,4,11,ok
2916005,Itanhém - BA,BA,17813.0,0.5,1394.174,4,0.2869082338359487,5,29,ok
2916104,Itaparica - BA,BA,19789.0,1.7,121.373,0,0.0,1,1,ok
2916203,Itapé - BA,BA,10341.0,0.9,453.144,7,1.5447628127041293,5,44,ok
2916302,Itapebi - BA,BA,9174.0,0.8,1013.074,2,0.19741894471677293,5,36,ok
2916401,Itapetinga - BA,BA,65897.0,1.0,1651.158,25,1.5140889000325832,5,113,ok
2916500,Itapicuru - BA,BA,31679.0,0.8,1557.685,12,0.7703739844705445,4,39,ok
2916609,Itapitanga - BA,BA,10279.0,0.4,420.663,3,0.713159940379829,3,24,ok
2916708,Itaquara - BA,BA,8153.0,0.7,344.093,0,0.0,4,12,ok
2916807,Itarantim - BA,BA,17052.0,1.4,1674.029,17,1.0155140681553307,5,71,ok
2916856,Itatim - BA,BA,15737.0,0.7,547.51,1,0.18264506584354626,3,8,ok
2916906,Itiruçu - BA,BA,10999.0,1.0,322.243,1,0.3103248169859392,3,3,ok
2917003,Itiúba - BA,BA,33872.0,0.8,1650.593,3,0.18175286094149193,4,15,ok
2917102,Itororó - BA,BA,16617.0,0.7,313.839,3,0.9559041419326471,5,17,ok
2917201,Ituaçu - BA,BA,17914.0,1.0,1199.374,16,1.3340292519264214,5,56,ok
2917300,Ituberá - BA,BA,21902.0,1.0,415.428,0,0.0,4,20,ok
2917334,Iuiu - BA,BA,11118.0,0.6,1525.142,26,1.7047592945443768,5,57,ok
2917359,Jaborandi - BA,BA,9275.0,1.1,9955.113,319,3.204383516289569,5,1283,ok
2917409,Jacaraci - BA,BA,14436.0,1.5,1332.42,24,1.801233845183951,5,119,ok
2917508,Jacobina - BA,BA,82590.0,1.1,2192.905,8,0.3648128851911049,5,38,ok
2917607,Jaguaquara - BA,BA,45964.0,1.1,924.512,1,0.10816517254508326,5,19,ok
2917706,Jaguarari - BA,BA,32703.0,1.2,2466.009,9,0.36496217167090633,5,36,ok
2917805,Jaguaripe - BA,BA,17659.0,0.6,863.424,6,0.6949077162552812,5,18,ok
2917904,Jandaíra - BA,BA,9285.0,0.6,640.772,1,0.15606175051344315,4,9,ok
2918001,Jequié - BA,BA,158813.0,1.3,2969.039,9,0.30312838598617264,5,95,ok
2918100,Jeremoabo - BA,BA,37626.0,0.6,4267.488,14,0.3280618480942418,5,76,ok
2918209,Jiquiriçá - BA,BA,13629.0,0.7,238.66,1,0.4190061174893154,3,3,ok
2918308,Jitaúna - BA,BA,14355.0,0.8,262.05,1,0.38160656363289447,2,8,ok
2918357,João Dourado - BA,BA,24854.0,0.8,913.258,12,1.3139769922628655,4,23,ok
2918407,Juazeiro - BA,BA,237821.0,1.0,6721.237,49,0.7290324682792766,5,136,ok
2918456,Jucuruçu - BA,BA,9655.0,1.0,1457.656,6,0.4116197511621397,5,56,ok
2918506,Jussara - BA,BA,16354.0,1.0,1355.173,14,1.0330784335284129,4,27,ok
2918555,Jussari - BA,BA,5888.0,0.9,329.19,1,0.3037759348704396,5,31,ok
2918605,Jussiape - BA,BA,7379.0,0.5,589.763,2,0.33911927333522107,3,12,ok
2918704,Lafaiete Coutinho - BA,BA,4075.0,0.5,498.11,3,0.602276605569051,3,13,ok
2918753,Lagoa Real - BA,BA,14105.0,0.8,912.222,17,1.8635814527604027,5,87,ok
2918803,Laje - BA,BA,21052.0,1.4,449.834,1,0.22230422778180395,4,8,ok
2918902,Lajedão - BA,BA,3845.0,0.9,624.353,9,1.4414922327593525,5,39,ok
2919009,Lajedinho - BA,BA,3527.0,1.0,846.728,10,1.1810168082312147,5,28,ok
2919058,Lajedo do Tabocal - BA,BA,7494.0,0.7,382.937,3,0.7834186824464598,3,5,ok
2919108,Lamarão - BA,BA,9015.0,0.6,189.257,0,0.0,1,1,ok
2919157,Lapão - BA,BA,25736.0,1.6,642.882,22,3.422089901412701,4,28,ok
2919207,Lauro de Freitas - BA,BA,203331.0,1.1,57.942,0,0.0,0,0,ok
2919306,Lençóis - BA,BA,10774.0,1.0,1283.328,17,1.3246808298424098,5,60,ok
2919405,Licínio de Almeida - BA,BA,11834.0,1.2,856.626,19,2.218004123152928,5,85,ok
2919504,Livramento de Nossa Senhora - BA,BA,43903.0,0.8,1952.51,38,1.9462128234938616,5,151,ok
2919553,Luís Eduardo Magalhães - BA,BA,107909.0,0.6,4036.094,95,2.3537608390686637,5,388,ok
2919603,Macajuba - BA,BA,10454.0,1.1,701.171,4,0.5704742495054701,4,15,ok
2919702,Macarani - BA,BA,21599.0,0.5,1210.106,26,2.148572108559085,5,142,ok
2919801,Macaúbas - BA,BA,41859.0,0.9,2459.102,27,1.0979617762906948,5,131,ok
2919900,Macururé - BA,BA,7256.0,1.3,2545.856,0,0.0,0,0,ok
2919926,Madre de Deus - BA,BA,18504.0,1.0,32.201,0,0.0,0,0,ok
2919959,Maetinga - BA,BA,6973.0,0.2,614.834,25,4.0661381771339915,5,138,ok
2920007,Maiquinique - BA,BA,8731.0,0.6,588.297,12,2.039786026445826,5,44,ok
2920106,Mairi - BA,BA,17674.0,1.0,906.68,5,0.5514624784929634,4,16,ok
2920205,Malhada - BA,BA,15398.0,0.6,1979.193,31,1.5662949495071983,5,163,ok
2920304,Malhada de Pedras - BA,BA,8670.0,0.6,550.55,17,3.0878212696394516,5,65,ok
2920403,Manoel Vitorino - BA,BA,13860.0,1.6,2201.764,69,3.133850857766772,5,249,ok
2920452,Mansidão - BA,BA,13919.0,0.5,3129.588,138,4.409526110146127,5,833,ok
2920502,Maracás - BA,BA,27620.0,0.8,2413.27,46,1.9061273707459174,5,128,ok
2920601,Maragogipe - BA,BA,35859.0,1.4,437.61,0,0.0,4,10,ok
2920700,Maraú - BA,BA,24527.0,1.5,848.885,3,0.3534047603621221,4,28,ok
2920809,Marcionílio Souza - BA,BA,9267.0,1.2,1099.283,20,1.8193677151379584,5,52,ok
2920908,Mascote - BA,BA,13544.0,0.8,742.689,0,0.0,4,37,ok
2921005,Mata de São João - BA,BA,42566.0,1.1,605.168,0,0.0,1,1,ok
2921054,Matina - BA,BA,10330.0,0.6,773.278,20,2.5863919573555694,4,75,ok
2921104,Medeiros Neto - BA,BA,22194.0,0.7,1311.739,13,0.991050811175089,5,41,ok
2921203,Miguel Calmon - BA,BA,24661.0,0.9,1599.672,11,0.6876409663981116,5,34,ok
2921302,Milagres - BA,BA,11071.0,0.7,420.358,8,1.9031397047278749,4,26,ok
2921401,Mirangaba - BA,BA,15734.0,0.4,1751.778,10,0.5708485892618813,5,43,ok
2921450,Mirante - BA,BA,10187.0,2.6,1172.86,41,3.4957283904302305,5,166,ok
2921500,Monte Santo - BA,BA,47780.0,0.9,3034.197,10,0.32957649091341135,4,35,ok
2921609,Morpará - BA,BA,7996.0,1.9,2093.872,25,1.1939602802845637,5,255,ok
2921708,Morro do Chapéu - BA,BA,33594.0,1.1,5744.969,25,0.43516335771350545,5,129,ok
2921807,Mortugaba - BA,BA,11143.0,0.7,528.214,10,1.8931720855562328,5,35,ok
2921906,Mucugê - BA,BA,12137.0,0.4,2462.153,17,0.6904526241870429,5,82,ok
2922003,Mucuri - BA,BA,37977.0,1.1,1787.626,16,0.8950418040462602,5,115,ok
2922052,Mulungu do Morro - BA,BA,13152.0,0.7,646.621,11,1.7011510606676863,5,30,ok
2922102,Mundo Novo - BA,BA,17305.0,0.7,1491.99,5,0.335122889563603,5,32,ok
2922201,Muniz Ferreira - BA,BA,7190.0,0.1,104.54,1,0.9565716472163764,2,2,ok
2922250,Muquém do São Francisco - BA,BA,10443.0,0.8,3852.111,118,3.063255446169646,5,602,ok
2922300,Muritiba - BA,BA,28707.0,1.0,86.311,0,0.0,2,3,ok
2922409,Mutuípe - BA,BA,20037.0,1.1,275.854,0,0.0,1,2,ok
2922508,Nazaré - BA,BA,27060.0,1.1,278.629,0,0.0,1,1,ok
2922607,Nilo Peçanha - BA,BA,12063.0,1.3,388.936,1,0.25711170989571547,4,11,ok
2922656,Nordestina - BA,BA,18523.0,0.6,465.407,1,0.214865698195343,3,6,ok
2922706,Nova Canaã - BA,BA,13715.0,1.1,804.617,4,0.4971309331023332,5,42,ok
2922730,Nova Fátima - BA,BA,7967.0,0.6,346.784,0,0.0,1,1,ok
2922755,Nova Ibiá - BA,BA,6501.0,1.3,203.198,0,0.0,1,1,ok
2922805,Nova Itarana - BA,BA,7780.0,0.6,475.381,2,0.4207151737238132,5,16,ok
2922854,Nova Redenção - BA,BA,7538.0,1.2,565.356,15,2.653195508670643,5,26,ok
2922904,Nova Soure - BA,BA,24236.0,0.9,966.993,2,0.20682672987291528,3,8,ok
2923001,Nova Viçosa - BA,BA,39509.0,1.2,1316.379,18,1.3673873557691212,5,100,ok
2923035,Novo Horizonte - BA,BA,11162.0,0.3,627.5,4,0.6374501992031872,4,16,ok
2923050,Novo Triunfo - BA,BA,10660.0,0.6,278.487,1,0.3590831888023498,2,2,ok
2923100,Olindina - BA,BA,22633.0,1.2,637.317,2,0.31381557372547725,5,7,ok
2923209,Oliveira dos Brejinhos - BA,BA,20715.0,1.6,3313.418,36,1.086491351227041,5,101,ok
2923308,Ouriçangas - BA,BA,7716.0,0.1,156.982,0,0.0,0,0,ok
2923357,Ourolândia - BA,BA,19243.0,0.6,1544.988,8,0.5178033745245917,5,60,ok
2923407,Palmas de Monte Alto - BA,BA,20078.0,0.9,2560.027,42,1.6406076967156986,5,213,ok
2923506,Palmeiras - BA,BA,10339.0,0.9,737.454,7,0.9492117474445864,3,23,ok
2923605,Paramirim - BA,BA,20351.0,0.5,1087.06,17,1.5638511213732453,5,80,ok
2923704,Paratinga - BA,BA,29252.0,0.8,2624.998,60,2.285716027212211,5,259,ok
2923803,Paripiranga - BA,BA,26604.0,0.8,442.186,0,0.0,2,5,ok
2923902,Pau Brasil - BA,BA,9370.0,1.3,626.306,1,0.1596663611716956,5,38,ok
2924009,Paulo Afonso - BA,BA,112870.0,1.4,1544.388,3,0.19425170358744048,4,10,ok
2924058,Pé de Serra - BA,BA,13243.0,0.4,596.771,2,0.33513692857059074,1,2,ok
2924108,Pedrão - BA,BA,6235.0,0.7,158.488,0,0.0,0,0,ok
2924207,Pedro Alexandre - BA,BA,13954.0,0.7,889.572,5,0.5620680507030347,4,9,ok
2924306,Piatã - BA,BA,20086.0,0.6,1825.857,17,0.9310696292206893,5,64,ok
2924405,Pilão Arcado - BA,BA,35357.0,0.7,11597.923,518,4.466316943128524,5,1931,ok
2924504,Pindaí - BA,BA,14731.0,0.5,628.468,9,1.4320538197648887,5,48,ok
2924603,Pindobaçu - BA,BA,19083.0,1.3,495.845,2,0.4033518539059585,5,11,ok
2924652,Pintadas - BA,BA,10325.0,1.1,647.144,1,0.15452511342143324,1,1,ok
2924678,Piraí do Norte - BA,BA,10974.0,1.4,193.427,0,0.0,4,8,ok
2924702,Piripá - BA,BA,9152.0,1.2,511.756,8,1.5632449839376579,5,84,ok
2924801,Piritiba - BA,BA,17566.0,1.1,980.328,5,0.5100333765841637,4,22,ok
2924900,Planaltino - BA,BA,8022.0,0.8,955.454,4,0.41864914480445947,5,31,ok
2925006,Planalto - BA,BA,23334.0,0.8,769.0,8,1.0403120936280885,5,96,ok
2925105,Poções - BA,BA,48293.0,1.3,937.855,14,1.4927680718234695,5,91,ok
2925204,Pojuca - BA,BA,32136.0,1.6,314.932,2,0.6350577267473613,5,8,ok
2925253,Ponto Novo - BA,BA,17938.0,1.5,530.144,1,0.18862799541256714,3,5,ok
2925303,Porto Seguro - BA,BA,168326.0,1.1,2285.734,4,0.17499849063801826,5,145,ok
2925402,Potiraguá - BA,BA,10274.0,0.8,1111.567,11,0.9895939695942755,5,63,ok
2925501,Prado - BA,BA,35003.0,1.3,1692.1,8,0.47278529637728267,5,123,ok
2925600,Presidente Dutra - BA,BA,15130.0,0.6,232.064,7,3.0164092664092665,3,18,ok
2925709,Presidente Jânio Quadros - BA,BA,12621.0,1.2,1208.549,137,11.33590777039243,5,481,ok
2925758,Presidente Tancredo Neves - BA,BA,27734.0,1.3,441.82,3,0.679009551401023,4,14,ok
2925808,Queimadas - BA,BA,25988.0,0.7,2011.06,0,0.0,4,23,ok
2925907,Quijingue - BA,BA,25272.0,0.9,1380.798,1,0.07242188937121867,4,5,ok
2925931,Quixabeira - BA,BA,9461.0,1.4,366.387,0,0.0,2,6,ok
2925956,Rafael Jambeiro - BA,BA,19662.0,0.8,1090.552,1,0.09169668204725681,3,3,ok
2926004,Remanso - BA,BA,40586.0,1.1,4573.505,18,0.39357123256670756,5,43,ok
2926103,Retirolândia - BA,BA,13651.0,0.8,242.329,0,0.0,0,0,ok
2926202,Riachão das Neves - BA,BA,21642.0,1.2,5977.931,314,5.252653468231735,5,1133,ok
2926301,Riachão do Jacuípe - BA,BA,33386.0,0.6,1155.418,1,0.08654876417019643,2,2,ok
2926400,Riacho de Santana - BA,BA,30711.0,0.9,3183.911,66,2.072922264472845,5,288,ok
2926509,Ribeira do Amparo - BA,BA,13841.0,0.3,644.229,0,0.0,2,2,ok
2926608,Ribeira do Pombal - BA,BA,54010.0,1.0,1252.144,6,0.4791781136993828,3,15,ok
2926657,Ribeirão do Largo - BA,BA,9740.0,0.7,1363.7,26,1.9065776930409912,5,170,ok
2926707,Rio de Contas - BA,BA,13184.0,0.5,1115.252,1,0.08966583337218853,5,17,ok
2926806,Rio do Antônio - BA,BA,13146.0,0.7,777.903,40,5.142029276143684,5,124,ok
2926905,Rio do Pires - BA,BA,10497.0,0.4,656.223,12,1.8286466643199037,3,23,ok
2927002,Rio Real - BA,BA,35362.0,1.1,739.775,6,0.8110574161062485,4,15,ok
2927101,Rodelas - BA,BA,10308.0,0.8,2207.159,1,0.04530711199329092,3,4,ok
2927200,Ruy Barbosa - BA,BA,28282.0,0.8,1991.772,12,0.6024785969478434,5,51,ok
2927309,Salinas da Margarida - BA,BA,14987.0,0.7,150.569,0,0.0,2,2,ok
2927408,Salvador - BA,BA,2417678.0,1.2,693.442,0,0.0,0,0,ok
2927507,Santa Bárbara - BA,BA,20952.0,1.1,347.021,2,0.5763339970779866,2,3,ok
2927606,Santa Brígida - BA,BA,14965.0,1.7,934.461,0,0.0,3,5,ok
2927705,Santa Cruz Cabrália - BA,BA,29185.0,1.1,1462.942,4,0.2734216394088077,5,88,ok
2927804,Santa Cruz da Vitória - BA,BA,4681.0,1.1,284.083,2,0.7040195999056613,5,22,ok
2927903,Santa Inês - BA,BA,10300.0,0.9,379.27,2,0.527328815883144,2,3,ok
2928000,Santaluz - BA,BA,37834.0,1.2,1623.445,6,0.36958443310367767,4,11,ok
2928059,Santa Luzia - BA,BA,13896.0,1.0,824.473,5,0.6064479976906461,5,56,ok
2928109,Santa Maria da Vitória - BA,BA,38604.0,0.6,1984.91,33,1.6625438936777988,5,117,ok
2928208,Santana - BA,BA,24755.0,0.8,1909.353,47,2.4615668239450743,5,155,ok
2928307,Santanópolis - BA,BA,8716.0,0.4,222.686,1,0.4490628059240365,1,1,ok
2928406,Santa Rita de Cássia - BA,BA,27390.0,0.5,6030.491,368,6.102322348213438,5,1093,ok
2928505,Santa Terezinha - BA,BA,10441.0,1.0,719.257,3,0.4170970876891014,4,9,ok
2928604,Santo Amaro - BA,BA,56012.0,1.1,494.502,0,0.0,3,18,ok
2928703,Santo Antônio de Jesus - BA,BA,103055.0,1.2,261.74,1,0.3820585313670054,4,5,ok
2928802,Santo Estêvão - BA,BA,52276.0,0.8,360.334,0,0.0,0,0,ok
2928901,São Desidério - BA,BA,32828.0,0.8,15156.712,530,3.496800625359907,5,2169,ok
2928950,São Domingos - BA,BA,8426.0,0.6,289.963,0,0.0,0,0,ok
2929008,São Félix - BA,BA,11026.0,1.0,103.226,0,0.0,3,12,ok
2929057,São Félix do Coribe - BA,BA,15194.0,0.7,1751.671,45,2.568975566758826,5,164,ok
2929107,São Felipe - BA,BA,20283.0,1.0,222.407,1,0.4496261358680257,2,2,ok
2929206,São Francisco do Conde - BA,BA,38733.0,1.0,269.715,0,0.0,1,1,ok
2929255,São Gabriel - BA,BA,18600.0,0.7,1146.054,23,2.0068862374722305,5,62,ok
2929305,São Gonçalo dos Campos - BA,BA,39513.0,0.7,294.768,2,0.6784997014601314,3,4,ok
2929354,São José da Vitória - BA,BA,5315.0,0.9,127.925,2,1.5634160641000587,3,5,ok
2929370,São José do Jacuípe - BA,BA,10187.0,0.6,362.365,1,0.2759648420791191,3,4,ok
2929404,São Miguel das Matas - BA,BA,10334.0,0.2,230.906,0,0.0,0,0,ok
2929503,São Sebastião do Passé - BA,BA,40958.0,0.7,536.678,0,0.0,2,5,ok
2929602,Sapeaçu - BA,BA,17963.0,0.7,131.218,0,0.0,1,3,ok
2929701,Sátiro Dias - BA,BA,16008.0,0.6,949.223,4,0.4213972902047254,3,11,ok
2929750,Saubara - BA,BA,11438.0,0.5,166.428,0,0.0,0,0,ok
2929800,Saúde - BA,BA,10478.0,1.1,509.098,3,0.5892775064918738,5,9,ok
2929909,Seabra - BA,BA,46160.0,0.7,2402.17,35,1.4570159480802773,5,97,ok
2930006,Sebastião Laranjeiras - BA,BA,9360.0,0.9,1984.511,37,1.864439148989348,5,135,ok
2930105,Senhor do Bonfim - BA,BA,74523.0,1.0,789.361,4,0.5067389952125834,5,21,ok
2930154,Serra do Ramalho - BA,BA,34222.0,0.7,2340.684,55,2.349740503203337,5,280,ok
2930204,Sento Sé - BA,BA,38154.0,1.1,11980.172,21,0.17528963691005436,5,165,ok
2930303,Serra Dourada - BA,BA,17066.0,0.7,1592.245,17,1.0676748867165544,5,173,ok
2930402,Serra Preta - BA,BA,17996.0,0.5,595.297,2,0.3359667527301498,2,3,ok
2930501,Serrinha - BA,BA,80435.0,1.0,583.314,3,0.5143027597486088,3,8,ok
2930600,Serrolândia - BA,BA,13335.0,0.4,322.022,0,0.0,2,3,ok
2930709,Simões Filho - BA,BA,114559.0,1.1,201.528,1,0.49620896351871707,3,8,ok
2930758,Sítio do Mato - BA,BA,13408.0,0.6,1627.806,21,1.290080021820782,5,140,ok
2930766,Sítio do Quinto - BA,BA,14773.0,0.5,684.089,2,0.2923596198740222,3,5,ok
2930774,Sobradinho - BA,BA,25475.0,1.4,1355.972,1,0.07374783550102805,4,10,ok
2930808,Souto Soares - BA,BA,17054.0,0.4,1026.634,13,1.2662740567719362,5,46,ok
2930907,Tabocas do Brejo Velho - BA,BA,11979.0,0.6,1437.189,25,1.7395067732914735,5,241,ok
2931004,Tanhaçu - BA,BA,21006.0,0.9,1277.514,39,3.0528041179979244,5,123,ok
2931053,Tanque Novo - BA,BA,17158.0,0.6,729.516,14,1.9190805959019408,5,79,ok
2931103,Tanquinho - BA,BA,7717.0,0.2,243.839,2,0.820213337489081,2,4,ok
2931202,Taperoá - BA,BA,18044.0,1.4,454.081,1,0.22022502593149682,5,19,ok
2931301,Tapiramutá - BA,BA,15818.0,0.7,714.691,3,0.4197618271392811,5,15,ok
2931350,Teixeira de Freitas - BA,BA,145216.0,1.1,1165.622,3,0.2573733165640319,5,62,ok
2931400,Teodoro Sampaio - BA,BA,7110.0,0.7,244.613,0,0.0,0,0,ok
2931509,Teofilândia - BA,BA,21176.0,0.8,351.892,0,0.0,0,0,ok
2931608,Teolândia - BA,BA,15332.0,0.7,289.782,2,0.6901739928636009,4,10,ok
2931707,Terra Nova - BA,BA,10798.0,0.8,193.241,0,0.0,3,5,ok
2931806,Tremedal - BA,BA,16296.0,1.0,2010.316,146,7.262539819610449,5,702,ok
2931905,Tucano - BA,BA,48736.0,0.7,2198.237,0,0.0,3,16,ok
2932002,Uauá - BA,BA,24665.0,1.3,3060.116,5,0.16339249884644896,4,11,ok
2932101,Ubaíra - BA,BA,18626.0,0.6,659.08,3,0.4551799478060326,4,8,ok
2932200,Ubaitaba - BA,BA,17596.0,0.7,181.102,0,0.0,0,0,ok
2932309,Ubatã - BA,BA,16094.0,1.2,177.643,1,0.5629267688566394,4,4,ok
2932408,Uibaí - BA,BA,13432.0,0.8,545.298,13,2.3840175463691415,4,65,ok
2932457,Umburanas - BA,BA,13642.0,1.3,1775.633,11,0.6194973848762666,5,84,ok
2932507,Una - BA,BA,18131.0,1.0,1126.733,6,0.5325130265999133,4,40,ok
2932606,Urandi - BA,BA,15355.0,0.2,902.402,36,3.9893528604768163,5,137,ok
2932705,Uruçuca - BA,BA,21420.0,0.6,510.098,1,0.1960407607949845,3,8,ok
2932804,Utinga - BA,BA,16277.0,1.8,633.76,6,0.946730623579904,5,25,ok
2932903,Valença - BA,BA,85655.0,1.3,1123.975,5,0.4448497519962633,5,46,ok
2933000,Valente - BA,BA,24362.0,1.1,394.877,0,0.0,0,0,ok
2933059,Várzea da Roça - BA,BA,13800.0,0.8,468.407,0,0.0,2,3,ok
2933109,Várzea do Poço - BA,BA,8101.0,1.7,206.478,2,0.9686261974641366,4,5,ok
2933158,Várzea Nova - BA,BA,13377.0,1.1,1225.892,2,0.16314650882785758,5,26,ok
2933174,Varzedo - BA,BA,9913.0,0.6,221.399,0,0.0,0,0,ok
2933208,Vera Cruz - BA,BA,42529.0,1.0,297.537,0,0.0,2,6,ok
2933257,Vereda - BA,BA,6003.0,0.8,782.159,5,0.6392562126115023,5,28,ok
2933307,Vitória da Conquista - BA,BA,370879.0,1.0,3254.186,85,2.6120203331954595,5,566,ok
2933406,Wagner - BA,BA,9503.0,0.6,522.37,4,0.7657407584662212,5,22,ok
2933455,Wanderley - BA,BA,12968.0,1.4,2920.579,84,2.8761420252627987,5,305,ok
2933505,Wenceslau Guimarães - BA,BA,24474.0,1.8,655.057,7,1.0686092965955634,5,30,ok
2933604,Xique-Xique - BA,BA,44757.0,1.0,5079.662,47,0.925258412862903,5,219,ok
3100104,Abadia dos Dourados - MG,MG,6272.0,0.5,880.461,8,0.9086149187755052,5,54,ok
3100203,Abaeté - MG,MG,22675.0,0.7,1817.067,17,0.9355736469816469,5,56,ok
3100302,Abre Campo - MG,MG,13927.0,0.8,470.551,3,0.637550446179054,4,19,ok
3100401,Acaiaca - MG,MG,3909.0,0.7,101.886,0,0.0,3,4,ok
3100500,Açucena - MG,MG,8943.0,0.7,815.422,7,0.858451206859761,5,62,ok
3100609,Água Boa - MG,MG,12589.0,0.9,1320.344,63,4.771483795132178,5,297,ok
3100708,Água Comprida - MG,MG,2108.0,0.4,492.167,0,0.0,4,51,ok
3100807,Aguanil - MG,MG,4357.0,0.8,232.091,1,0.43086547948864884,4,8,ok
3100906,Águas Formosas - MG,MG,18448.0,0.6,820.079,4,0.48775788674017995,5,40,ok
3101003,Águas Vermelhas - MG,MG,14037.0,0.5,1256.607,18,1.4324287545748193,5,169,ok
3101102,Aimorés - MG,MG,25269.0,0.8,1348.913,9,0.6672038893538723,5,58,ok
3101201,Aiuruoca - MG,MG,6233.0,0.9,649.68,2,0.3078438615933998,5,44,ok
3101300,Alagoa - MG,MG,2749.0,0.9,161.356,0,0.0,3,13,ok
3101409,Albertina - MG,MG,2952.0,1.4,58.01,0,0.0,0,0,ok
3101508,Além Paraíba - MG,MG,30717.0,0.7,510.25,7,1.3718765311121999,5,25,ok
3101607,Alfenas - MG,MG,78970.0,1.1,850.446,24,2.822048666229249,4,70,ok
3101631,Alfredo Vasconcelos - MG,MG,6931.0,0.5,130.815,0,0.0,2,7,ok
3101706,Almenara - MG,MG,40364.0,1.3,2294.426,47,2.0484426170205534,5,455,ok
3101805,Alpercata - MG,MG,6903.0,0.8,166.972,5,2.9945140502599235,4,20,ok
3101904,Alpinópolis - MG,MG,18300.0,1.2,460.685,4,0.8682722467629725,5,37,ok
3102001,Alterosa - MG,MG,13915.0,1.0,362.01,3,0.8287063893262617,4,10,ok
3102050,Alto Caparaó - MG,MG,5795.0,1.7,103.69,0,0.0,1,4,ok
3102100,Alto Rio Doce - MG,MG,10891.0,0.9,518.053,4,0.7721217713245556,5,23,ok
3102209,Alvarenga - MG,MG,3975.0,0.7,278.175,0,0.0,3,6,ok
3102308,Alvinópolis - MG,MG,15059.0,1.1,599.443,4,0.6672861306245965,5,30,ok
3102407,Alvorada de Minas - MG,MG,4159.0,1.4,374.008,7,1.8716177194070716,4,32,ok
3102506,Amparo do Serra - MG,MG,4541.0,1.4,136.186,0,0.0,1,2,ok
3102605,Andradas - MG,MG,40553.0,0.9,469.396,4,0.8521589446863629,5,47,ok
3102704,Cachoeira de Pajeú - MG,MG,9110.0,0.8,695.672,16,2.299934451868122,5,71,ok
3102803,Andrelândia - MG,MG,11927.0,0.7,1005.285,9,0.8952685059460751,5,66,ok
3102852,Angelândia - MG,MG,7718.0,1.2,185.211,6,3.2395484069520704,5,27,ok
3102902,Antônio Carlos - MG,MG,11095.0,0.5,529.915,18,3.396771180283631,5,80,ok
3103009,Antônio Dias - MG,MG,9219.0,1.5,787.061,7,0.8893846855580444,5,43,ok
3103108,Antônio Prado de Minas - MG,MG,1538.0,0.5,83.802,1,1.1932889429846543,2,2,ok
3103207,Araçaí - MG,MG,2181.0,0.4,187.538,9,4.799027397114185,3,20,ok
3103306,Aracitaba - MG,MG,2049.0,0.8,106.608,2,1.8760318174996249,3,7,ok
3103405,Araçuaí - MG,MG,34297.0,0.7,2236.279,72,3.2196340438737745,5,284,ok
3103504,Araguari - MG,MG,117808.0,0.9,2729.777,17,0.6227614929717702,5,170,ok
3103603,Arantina - MG,MG,2915.0,0.6,89.42,1,1.1183180496533214,4,6,ok
3103702,Araponga - MG,MG,8048.0,0.7,303.793,2,0.6583430164618671,4,8,ok
3103751,Araporã - MG,MG,8479.0,1.1,294.354,2,0.6794539907730148,5,65,ok
3103801,Arapuá - MG,MG,2631.0,1.1,173.894,0,0.0,3,8,ok
3103900,Araújos - MG,MG,9199.0,0.8,245.522,2,0.8145909531528742,5,15,ok
3104007,Araxá - MG,MG,111691.0,1.3,1164.062,8,0.6872486173416881,5,90,ok
3104106,Arceburgo - MG,MG,9177.0,0.6,162.875,0,0.0,4,11,ok
3104205,Arcos - MG,MG,41416.0,1.0,509.873,4,0.7845090836345522,5,37,ok
3104304,Areado - MG,MG,13881.0,1.4,283.124,0,0.0,2,5,ok
3104403,Argirita - MG,MG,2688.0,0.8,159.378,0,0.0,1,2,ok
3104452,Aricanduva - MG,MG,4719.0,1.0,243.329,14,5.753527117606204,5,34,ok
3104502,Arinos - MG,MG,17272.0,1.3,5279.419,69,1.3069619971440039,5,458,ok
3104601,Astolfo Dutra - MG,MG,14138.0,1.2,158.891,5,3.1468113360731573,4,16,ok
3104700,Ataléia - MG,MG,13736.0,1.1,1836.925,22,1.1976536875484844,5,89,ok
3104809,Augusto de Lima - MG,MG,4538.0,1.1,1254.832,69,5.4987440549810644,5,192,ok
3104908,Baependi - MG,MG,18366.0,0.8,750.554,6,0.7994095028472302,5,46,ok
3105004,Baldim - MG,MG,7492.0,0.5,556.266,15,2.6965516497502997,5,62,ok
3105103,Bambuí - MG,MG,23546.0,0.8,1455.819,29,1.9920058743566338,5,125,ok
3105202,Bandeira - MG,MG,4741.0,1.0,483.789,6,1.2402100915895153,5,125,ok
3105301,Bandeira do Sul - MG,MG,5943.0,1.3,47.266,0,0.0,2,2,ok
3105400,Barão de Cocais - MG,MG,30778.0,1.0,340.14,6,1.763979537837361,5,25,ok
3105509,Barão do Monte Alto - MG,MG,4964.0,0.6,198.313,0,0.0,0,0,ok
3105608,Barbacena - MG,MG,125317.0,1.1,759.186,19,2.502680502538245,5,100,ok
3105707,Barra Longa - MG,MG,5666.0,0.8,383.628,2,0.5213383798888507,3,12,ok
3105905,Barroso - MG,MG,20080.0,1.5,82.07,2,2.436944072133545,5,15,ok
3106002,Bela Vista de Minas - MG,MG,10167.0,1.1,109.143,0,0.0,3,7,ok
3106101,Belmiro Braga - MG,MG,3244.0,0.4,393.086,4,1.01758902631994,5,12,ok
3106200,Belo Horizonte - MG,MG,2315560.0,1.3,331.354,2,0.6035840822805821,5,21,ok
3106309,Belo Oriente - MG,MG,23928.0,0.8,334.909,2,0.5971771436420042,5,10,ok
3106408,Belo Vale - MG,MG,8627.0,1.0,365.923,5,1.3664076868630832,5,47,ok
3106507,Berilo - MG,MG,9826.0,2.1,587.106,12,2.043923925151506,5,48,ok
3106606,Bertópolis - MG,MG,4451.0,1.6,427.803,2,0.4675049029576698,5,30,ok
3106655,Berizal - MG,MG,4201.0,0.6,488.756,12,2.4552128260318034,5,58,ok
3106705,Betim - MG,MG,411846.0,1.2,344.062,10,2.9064529067435516,5,51,ok
3106804,Bias Fortes - MG,MG,3361.0,0.8,283.535,0,0.0,3,5,ok
3106903,Bicas - MG,MG,13978.0,0.9,140.082,10,7.138675918390658,4,15,ok
3107000,Biquinhas - MG,MG,2383.0,0.4,458.948,3,0.6536688252263874,2,9,ok
3107109,Boa Esperança - MG,MG,39848.0,1.4,860.669,5,0.5809434288907814,5,52,ok
3107208,Bocaina de Minas - MG,MG,5348.0,0.6,503.77,4,0.7940131409174822,4,17,ok
3107307,Bocaiúva - MG,MG,48032.0,0.9,3206.757,14,0.4365781379755311,5,196,ok
3107406,Bom Despacho - MG,MG,51737.0,0.9,1213.546,20,1.6480627845998421,5,78,ok
3107505,Bom Jardim de Minas - MG,MG,6783.0,0.8,412.021,4,0.970824302644768,5,26,ok
3107604,Bom Jesus da Penha - MG,MG,4474.0,0.5,208.349,3,1.4398917201426453,4,9,ok
3107703,Bom Jesus do Amparo - MG,MG,5631.0,0.4,195.611,2,1.0224373884904223,4,19,ok
3107802,Bom Jesus do Galho - MG,MG,14536.0,0.9,592.289,6,1.0130189822873632,5,45,ok
3107901,Bom Repouso - MG,MG,12649.0,1.1,229.845,1,0.4350758119602341,3,4,ok
3108008,Bom Sucesso - MG,MG,17151.0,0.8,705.046,5,0.7091735858369524,5,36,ok
3108107,Bonfim - MG,MG,7434.0,0.6,301.865,5,1.656369569178275,3,17,ok
3108206,Bonfinópolis de Minas - MG,MG,5528.0,1.3,1850.487,18,0.9727169118183483,5,52,ok
3108255,Bonito de Minas - MG,MG,10204.0,0.9,3936.455,55,1.3971962082635265,5,406,ok
3108305,Borda da Mata - MG,MG,17404.0,1.0,301.108,0,0.0,4,7,ok
3108404,Botelhos - MG,MG,14828.0,0.8,334.089,2,0.5986428765987506,4,9,ok
3108503,Botumirim - MG,MG,5790.0,0.7,1568.884,6,0.3824374523546674,5,22,ok
3108552,Brasilândia de Minas - MG,MG,15020.0,1.1,2509.694,49,1.9524292603002598,5,188,ok
3108602,Brasília de Minas - MG,MG,32025.0,0.9,1399.484,15,1.0718236149895248,5,54,ok
3108701,Brás Pires - MG,MG,4260.0,1.0,223.351,2,0.8954515538323087,4,18,ok
3108800,Braúnas - MG,MG,4441.0,2.6,378.318,0,0.0,4,9,ok
3108909,Brazópolis - MG,MG,14246.0,1.1,367.688,0,0.0,1,2,ok
3109006,Brumadinho - MG,MG,38915.0,1.5,639.434,20,3.1277661181607486,5,78,ok
3109105,Bueno Brandão - MG,MG,10911.0,0.8,356.15,0,0.0,2,4,ok
3109204,Buenópolis - MG,MG,9150.0,0.6,1599.881,80,5.000371902660261,5,240,ok
3109253,Bugre - MG,MG,4041.0,0.5,161.491,0,0.0,2,4,ok
3109303,Buritis - MG,MG,24030.0,0.7,5225.186,70,1.3396652291420823,5,300,ok
3109402,Buritizeiro - MG,MG,23910.0,0.8,7218.401,58,0.8035020498307035,5,408,ok
3109451,Cabeceira Grande - MG,MG,6627.0,0.8,1033.055,4,0.3872010686749495,4,21,ok
3109501,Cabo Verde - MG,MG,11410.0,0.9,368.206,1,0.27158710069906516,4,7,ok
3109600,Cachoeira da Prata - MG,MG,3693.0,1.1,61.381,0,0.0,3,9,ok
3109709,Cachoeira de Minas - MG,MG,11883.0,0.6,304.243,0,0.0,1,5,ok
3109808,Cachoeira Dourada - MG,MG,2315.0,0.2,203.07,0,0.0,4,5,ok
3109907,Caetanópolis - MG,MG,11435.0,0.6,156.039,6,3.8451925480168425,5,27,ok
3110004,Caeté - MG,MG,38776.0,1.1,542.531,9,1.6588913813219892,5,43,ok
3110103,Caiana - MG,MG,5304.0,0.6,106.465,2,1.8785516366881134,4,6,ok
3110202,Cajuri - MG,MG,4088.0,0.7,83.038,2,2.408535851056143,3,7,ok
3110301,Caldas - MG,MG,14217.0,0.6,711.414,2,0.2811302560815503,5,42,ok
3110400,Camacho - MG,MG,2838.0,0.7,223.001,1,0.4484284823834871,4,12,ok
3110509,Camanducaia - MG,MG,26097.0,1.1,528.688,0,0.0,2,15,ok
3110608,Cambuí - MG,MG,29536.0,1.1,244.567,0,0.0,3,6,ok
3110707,Cambuquira - MG,MG,12313.0,0.8,246.38,0,0.0,4,19,ok
3110806,Campanário - MG,MG,2923.0,1.4,442.398,7,1.582285634202686,4,18,ok
3110905,Campanha - MG,MG,15935.0,1.7,335.587,9,2.68186789118768,5,36,ok
3111002,Campestre - MG,MG,20696.0,1.4,577.843,3,0.5191721626808666,5,27,ok
3111101,Campina Verde - MG,MG,18011.0,0.8,3650.749,10,0.27391639359484865,5,67,ok
3111150,Campo Azul - MG,MG,3714.0,1.2,505.914,0,0.0,2,6,ok
3111200,Campo Belo - MG,MG,52277.0,1.2,528.225,8,1.5145061290169908,4,27,ok
3111309,Campo do Meio - MG,MG,11377.0,1.4,275.426,11,3.993813220247907,5,92,ok
3111408,Campo Florido - MG,MG,8466.0,0.9,1264.245,4,0.3163943697621901,5,118,ok
3111507,Campos Altos - MG,MG,12979.0,1.0,710.645,25,3.517930893765523,5,80,ok
3111606,Campos Gerais - MG,MG,26105.0,0.8,769.504,7,0.9096768827712397,5,61,ok
3111705,Canaã - MG,MG,4715.0,1.2,174.9,1,0.5717552887364208,2,4,ok
3111804,Canápolis - MG,MG,10608.0,0.3,843.599,6,0.7112383964419113,5,76,ok
3111903,Cana Verde - MG,MG,5272.0,0.8,212.721,0,0.0,3,8,ok
3112000,Candeias - MG,MG,14001.0,0.9,720.512,14,1.9430627109610945,5,34,ok
3112059,Cantagalo - MG,MG,3974.0,0.9,141.855,2,1.4098903810228756,4,13,ok
3112109,Caparaó - MG,MG,5048.0,0.5,130.694,1,0.7651460663840728,5,13,ok
3112208,Capela Nova - MG,MG,4362.0,0.2,111.073,2,1.8006176118408614,2,3,ok
3112307,Capelinha - MG,MG,39626.0,0.7,965.292,20,2.0719119188805046,5,67,ok
3112406,Capetinga - MG,MG,6562.0,0.9,297.937,2,0.6712828551002392,4,17,ok
3112505,Capim Branco - MG,MG,10663.0,0.7,95.333,0,0.0,2,22,ok
3112604,Capinópolis - MG,MG,14655.0,0.8,620.716,1,0.1611042731297405,5,51,ok
3112653,Capitão Andrade - MG,MG,4585.0,1.2,279.088,0,0.0,2,8,ok
3112703,Capitão Enéas - MG,MG,14108.0,1.9,971.576,33,3.3965433481271665,5,119,ok
3112802,Capitólio - MG,MG,10380.0,0.6,521.802,7,1.3415050153123216,5,39,ok
3112901,Caputira - MG,MG,8936.0,0.9,187.704,0,0.0,3,9,ok
3113008,Caraí - MG,MG,19548.0,1.1,1242.345,31,2.4952811014653737,5,141,ok
3113107,Caranaíba - MG,MG,2933.0,0.4,159.95,2,1.2503907471084714,4,17,ok
3113206,Carandaí - MG,MG,23812.0,0.8,487.28,12,2.462649811196848,5,92,ok
3113305,Carangola - MG,MG,31240.0,1.4,353.404,3,0.8488868264083034,4,19,ok
3113404,Caratinga - MG,MG,87360.0,1.4,1258.479,19,1.5097590027326637,5,85,ok
3113503,Carbonita - MG,MG,8512.0,1.2,1456.095,12,0.8241220524759717,5,45,ok
3113602,Careaçu - MG,MG,6816.0,0.7,181.009,0,0.0,3,11,ok
3113701,Carlos Chagas - MG,MG,18615.0,0.7,3202.984,23,0.7180803900362911,5,116,ok
3113800,Carmésia - MG,MG,2605.0,0.4,259.103,3,1.1578407042759058,4,31,ok
3113909,Carmo da Cachoeira - MG,MG,11547.0,0.7,506.333,12,2.3699818103896053,5,57,ok
3114006,Carmo da Mata - MG,MG,11019.0,0.9,357.178,9,2.5197520563976505,4,23,ok
3114105,Carmo de Minas - MG,MG,13797.0,1.5,322.285,0,0.0,4,16,ok
3114204,Carmo do Cajuru - MG,MG,23479.0,1.1,455.808,6,1.3163437236731257,4,22,ok
3114303,Carmo do Paranaíba - MG,MG,29011.0,1.4,1307.862,5,0.38230333169707503,5,55,ok
3114402,Carmo do Rio Claro - MG,MG,20954.0,1.0,1065.685,14,1.313709022835078,5,58,ok
3114501,Carmópolis de Minas - MG,MG,18003.0,0.8,400.01,5,1.2499687507812305,4,13,ok
3114550,Carneirinho - MG,MG,9422.0,0.9,2063.462,6,0.2907734671149747,5,57,ok
3114600,Carrancas - MG,MG,4049.0,0.7,727.894,8,1.0990611270322328,5,77,ok
3114709,Carvalhópolis - MG,MG,3341.0,1.3,81.101,1,1.2330304188604333,5,7,ok
3114808,Carvalhos - MG,MG,4422.0,0.6,282.254,2,0.7085816321469315,4,8,ok
3114907,Casa Grande - MG,MG,2214.0,0.2,157.727,0,0.0,3,12,ok
3115003,Cascalho Rico - MG,MG,2712.0,1.2,367.308,3,0.8167532425103728,2,4,ok
3115102,Cássia - MG,MG,17155.0,0.8,665.802,2,0.30038960531809755,5,31,ok
3115201,Conceição da Barra de Minas - MG,MG,3560.0,0.4,273.014,2,0.7325631652589244,4,16,ok
3115300,Cataguases - MG,MG,66261.0,1.7,491.767,2,0.4066966673241596,5,8,ok
3115359,Catas Altas - MG,MG,5473.0,0.5,240.042,2,0.8331875255163679,4,16,ok
3115409,Catas Altas da Noruega - MG,MG,3110.0,0.5,141.622,1,0.7061049836889748,5,10,ok
3115458,Catuji - MG,MG,7030.0,0.9,419.38,12,2.8613667795316897,5,68,ok
3115474,Catuti - MG,MG,4739.0,0.4,287.812,1,0.34744902922741233,2,9,ok
3115508,Caxambu - MG,MG,21056.0,1.0,100.483,1,0.9951932167630345,5,19,ok
3115607,Cedro do Abaeté - MG,MG,1081.0,1.3,283.211,2,0.7061872596756481,3,11,ok
3115706,Central de Minas - MG,MG,6171.0,0.7,204.328,2,0.9788183704631769,5,43,ok
3115805,Centralina - MG,MG,10207.0,0.8,322.385,6,1.861128774601796,5,45,ok
3115904,Chácara - MG,MG,3075.0,0.3,152.807,2,1.3088405635867466,4,7,ok
3116001,Chalé - MG,MG,6075.0,1.2,212.674,0,0.0,3,11,ok
3116100,Chapada do Norte - MG,MG,10337.0,0.6,830.833,7,0.8425279207734887,5,43,ok
3116159,Chapada Gaúcha - MG,MG,12355.0,0.8,3255.189,50,1.5360091226653816,5,310,ok
3116209,Chiador - MG,MG,2800.0,0.4,252.852,1,0.39548826981791724,4,11,ok
3116308,Cipotânea - MG,MG,5581.0,0.7,153.479,0,0.0,2,3,ok
3116407,Claraval - MG,MG,4658.0,0.6,227.627,0,0.0,2,8,ok
3116506,Claro dos Poções - MG,MG,7166.0,1.0,720.424,0,0.0,4,16,ok
3116605,Cláudio - MG,MG,30159.0,0.6,630.706,6,0.9513148757107114,5,32,ok
3116704,Coimbra - MG,MG,7117.0,1.0,106.875,2,1.8713450292397662,2,5,ok
3116803,Coluna - MG,MG,8163.0,0.4,348.492,2,0.5739012660261928,5,28,ok
3116902,Comendador Gomes - MG,MG,2773.0,0.8,1041.047,5,0.4802857123645714,5,45,ok
3117009,Comercinho - MG,MG,6660.0,0.5,654.961,39,5.954553019187402,5,166,ok
3117108,Conceição da Aparecida - MG,MG,10371.0,0.9,352.521,5,1.4183552185543558,4,14,ok
3117207,Conceição das Pedras - MG,MG,2772.0,0.5,102.206,0,0.0,0,0,ok
3117306,Conceição das Alagoas - MG,MG,28381.0,1.0,1340.25,32,2.387614251072561,5,208,ok
3117405,Conceição de Ipanema - MG,MG,4409.0,0.6,253.935,1,0.3938015633922066,4,13,ok
3117504,Conceição do Mato Dentro - MG,MG,23163.0,0.7,1720.04,23,1.3371782051580194,5,103,ok
3117603,Conceição do Pará - MG,MG,5415.0,0.6,250.306,1,0.39951099853778976,5,17,ok
3117702,Conceição do Rio Verde - MG,MG,12541.0,1.1,369.681,2,0.5410069762849592,5,25,ok
3117801,Conceição dos Ouros - MG,MG,10880.0,1.3,180.236,0,0.0,0,0,ok
3117836,Cônego Marinho - MG,MG,7237.0,0.7,1610.47,13,0.8072177687258999,5,51,ok
3117876,Confins - MG,MG,7350.0,1.2,42.355,3,7.082989021367017,3,8,ok
3117900,Congonhal - MG,MG,11083.0,1.1,205.125,0,0.0,1,3,ok
3118007,Congonhas - MG,MG,52890.0,1.1,304.067,3,0.986624658381212,5,40,ok
3118106,Congonhas do Norte - MG,MG,4831.0,1.6,405.671,3,0.7395155187331607,5,33,ok
3118205,Conquista - MG,MG,6694.0,0.7,618.363,4,0.6468692337672208,5,120,ok
3118304,Conselheiro Lafaiete - MG,MG,131621.0,1.1,370.246,4,1.0803627858234794,5,30,ok
3118403,Conselheiro Pena - MG,MG,20824.0,1.2,1483.883,14,0.9434706105535274,5,90,ok
3118502,Consolação - MG,MG,1563.0,2.5,89.122,0,0.0,0,0,ok
3118601,Contagem - MG,MG,621863.0,1.3,194.746,5,2.5674468281761884,5,37,ok
3118700,Coqueiral - MG,MG,9023.0,0.7,296.163,10,3.376519011490294,4,22,ok
3118809,Coração de Jesus - MG,MG,25377.0,1.0,2225.216,10,0.44939457562771434,5,77,ok
3118908,Cordisburgo - MG,MG,7547.0,0.5,823.654,7,0.8498714265941766,5,33,ok
3119005,Cordislândia - MG,MG,3200.0,0.4,179.543,0,0.0,4,8,ok
3119104,Corinto - MG,MG,23532.0,1.2,2525.397,35,1.3859207087044136,5,171,ok
3119203,Coroaci - MG,MG,10884.0,0.4,576.274,13,2.25587133898111,4,41,ok
3119302,Coromandel - MG,MG,28894.0,1.3,3313.313,31,0.9356194238214137,5,258,ok
3119401,Coronel Fabriciano - MG,MG,104736.0,1.2,221.252,9,4.067759839459078,4,57,ok
3119500,Coronel Murta - MG,MG,8200.0,0.8,815.413,15,1.8395586040448213,5,115,ok
3119609,Coronel Pacheco - MG,MG,2762.0,0.8,131.511,0,0.0,1,2,ok
3119708,Coronel Xavier Chaves - MG,MG,3486.0,0.2,140.954,0,0.0,4,9,ok
3119807,Córrego Danta - MG,MG,2960.0,0.7,657.425,14,2.1295204776210217,5,64,ok
3119906,Córrego do Bom Jesus - MG,MG,4272.0,1.6,123.651,0,0.0,0,0,ok
3119955,Córrego Fundo - MG,MG,6133.0,0.6,101.112,1,0.9890022944853232,3,10,ok
3120003,Córrego Novo - MG,MG,2875.0,0.9,205.385,10,4.868904739878765,3,29,ok
3120102,Couto de Magalhães de Minas - MG,MG,4245.0,0.9,485.654,9,1.853171187718005,5,36,ok
3120151,Crisólita - MG,MG,5265.0,0.6,966.202,6,0.6209881577558316,5,46,ok
3120201,Cristais - MG,MG,12197.0,1.1,628.434,4,0.6365027990210588,5,40,ok
3120300,Cristália - MG,MG,5121.0,0.8,840.702,7,0.8326374862912186,5,47,ok
3120409,Cristiano Otoni - MG,MG,4667.0,0.5,132.872,2,1.505208019748329,4,10,ok
3120508,Cristina - MG,MG,10374.0,0.9,311.33,0,0.0,2,4,ok
3120607,Crucilândia - MG,MG,5434.0,1.2,167.164,1,0.59821492665885,3,4,ok
3120706,Cruzeiro da Fortaleza - MG,MG,3521.0,0.4,187.446,1,0.5334869775828772,4,15,ok
3120805,Cruzília - MG,MG,15362.0,1.1,522.419,10,1.914172340592513,4,18,ok
3120839,Cuparaque - MG,MG,3983.0,1.1,226.75,4,1.7640573318632855,3,8,ok
3120870,Curral de Dentro - MG,MG,7406.0,0.7,570.95,4,0.700586741395919,5,38,ok
3120904,Curvelo - MG,MG,80665.0,1.1,3296.2,30,0.9101389478793763,5,240,ok
3121001,Datas - MG,MG,5465.0,0.7,310.099,4,1.2899106414403143,5,35,ok
3121100,Delfim Moreira - MG,MG,7952.0,0.4,408.473,1,0.24481422272708353,3,3,ok
3121209,Delfinópolis - MG,MG,8393.0,0.9,1378.423,19,1.378386750656366,5,194,ok
3121258,Delta - MG,MG,10494.0,0.5,102.784,1,0.9729140722291406,5,34,ok
3121308,Descoberto - MG,MG,4928.0,0.8,213.168,2,0.9382271260226674,2,3,ok
3121407,Desterro de Entre Rios - MG,MG,7653.0,0.4,377.165,2,0.5302718969151432,4,14,ok
3121506,Desterro do Melo - MG,MG,2994.0,0.7,142.279,1,0.7028444113326633,2,2,ok
3121605,Diamantina - MG,MG,47702.0,1.1,3891.659,139,3.571741511781993,5,516,ok
3121704,Diogo de Vasconcelos - MG,MG,3549.0,0.3,165.091,0,0.0,2,7,ok
3121803,Dionísio - MG,MG,6847.0,1.1,339.375,1,0.29465930018416203,2,12,ok
3121902,Divinésia - MG,MG,4226.0,0.5,116.97,0,0.0,3,5,ok
3122009,Divino - MG,MG,20706.0,1.1,337.776,8,2.3684335180711478,5,36,ok
3122108,Divino das Laranjeiras - MG,MG,4178.0,0.7,342.249,3,0.8765547890570901,4,11,ok
3122207,Divinolândia de Minas - MG,MG,6516.0,0.9,133.12,0,0.0,2,2,ok
3122306,Divinópolis - MG,MG,231091.0,1.3,708.115,18,2.54195999237412,5,69,ok
3122355,Divisa Alegre - MG,MG,6321.0,0.7,117.802,6,5.09329213425918,5,28,ok
3122405,Divisa Nova - MG,MG,5851.0,1.6,216.955,1,0.460925076628794,2,3,ok
3122454,Divisópolis - MG,MG,10213.0,0.8,572.926,7,1.2217982776135137,5,103,ok
3122470,Dom Bosco - MG,MG,3697.0,1.1,817.383,3,0.3670250054136188,5,35,ok
3122504,Dom Cavati - MG,MG,4904.0,1.2,59.52,0,0.0,1,1,ok
3122603,Dom Joaquim - MG,MG,4899.0,0.8,398.793,17,4.262863189674844,3,38,ok
3122702,Dom Silvério - MG,MG,5228.0,0.5,194.972,0,0.0,1,1,ok
3122801,Dom Viçoso - MG,MG,3095.0,0.9,113.921,0,0.0,2,4,ok
3122900,Dona Euzébia - MG,MG,6093.0,0.5,70.231,0,0.0,2,2,ok
3123007,Dores de Campos - MG,MG,10007.0,1.0,124.842,1,0.8010124797744348,4,10,ok
3123106,Dores de Guanhães - MG,MG,5029.0,0.6,382.124,1,0.26169515654604264,4,22,ok
3123205,Dores do Indaiá - MG,MG,12630.0,1.0,1111.202,12,1.0799116632259482,5,46,ok
3123304,Dores do Turvo - MG,MG,4987.0,1.0,231.169,0,0.0,3,6,ok
3123403,Doresópolis - MG,MG,1461.0,0.4,152.912,1,0.6539709113738621,4,5,ok
3123502,Douradoquara - MG,MG,1829.0,0.9,312.878,3,0.9588401869099138,4,9,ok
3123528,Durandé - MG,MG,7817.0,0.4,217.461,2,0.9197051425313044,4,18,ok
3123601,Elói Mendes - MG,MG,26336.0,0.7,499.537,10,2.0018537165415173,5,50,ok
3123700,Engenheiro Caldas - MG,MG,13622.0,2.4,187.058,3,1.603780645575169,4,35,ok
3123809,Engenheiro Navarro - MG,MG,6354.0,0.3,608.306,2,0.3287818959536812,5,8,ok
3123858,Entre Folhas - MG,MG,5179.0,1.1,85.39,0,0.0,0,0,ok
3123908,Entre Rios de Minas - MG,MG,14746.0,0.6,456.796,5,1.0945805129642117,5,29,ok
3124005,Ervália - MG,MG,20255.0,0.8,357.489,7,1.9581022073406456,5,20,ok
3124104,Esmeraldas - MG,MG,85598.0,0.8,909.727,11,1.2091539549777022,5,117,ok
3124203,Espera Feliz - MG,MG,24102.0,1.5,317.638,5,1.5741189656149452,3,13,ok
3124302,Espinosa - MG,MG,30443.0,1.1,1868.97,9,0.48154866049214273,5,37,ok
3124401,Espírito Santo do Dourado - MG,MG,6611.0,0.7,263.879,0,0.0,4,14,ok
3124500,Estiva - MG,MG,11502.0,0.8,243.872,1,0.4100511743865634,2,2,ok
3124609,Estrela Dalva - MG,MG,2186.0,1.2,131.365,0,0.0,3,5,ok
3124708,Estrela do Indaiá - MG,MG,2772.0,0.6,635.981,9,1.4151366157165073,5,42,ok
3124807,Estrela do Sul - MG,MG,6840.0,1.1,822.454,3,0.36476204140292345,5,43,ok
3124906,Eugenópolis - MG,MG,10801.0,1.2,309.395,3,0.9696342862683625,5,9,ok
3125002,Ewbank da Câmara - MG,MG,3875.0,1.4,103.834,0,0.0,3,6,ok
3125101,Extrema - MG,MG,53482.0,1.7,244.575,1,0.40887253398752943,4,8,ok
3125200,Fama - MG,MG,2578.0,0.2,86.024,0,0.0,3,5,ok
3125309,Faria Lemos - MG,MG,3188.0,1.7,165.224,0,0.0,3,6,ok
3125408,Felício dos Santos - MG,MG,5133.0,0.9,357.622,6,1.6777491317648243,5,20,ok
3125507,São Gonçalo do Rio Preto - MG,MG,3032.0,0.5,314.458,2,0.6360149845130351,5,24,ok
3125606,Felisburgo - MG,MG,6489.0,1.0,596.215,0,0.0,3,4,ok
3125705,Felixlândia - MG,MG,13978.0,0.6,1554.627,12,0.771889334226152,5,72,ok
3125804,Fernandes Tourinho - MG,MG,2789.0,0.8,151.875,0,0.0,1,6,ok
3125903,Ferros - MG,MG,9590.0,0.5,1088.791,10,0.9184499137116306,4,87,ok
3125952,Fervedouro - MG,MG,10445.0,1.1,357.683,9,2.5161945074269676,4,18,ok
3126000,Florestal - MG,MG,8045.0,0.5,194.242,1,0.51482171723932,4,10,ok
3126109,Formiga - MG,MG,68248.0,0.8,1501.915,10,0.6658166407553024,5,101,ok
3126208,Formoso - MG,MG,7949.0,0.9,3686.004,69,1.8719458796029522,5,212,ok
3126307,Fortaleza de Minas - MG,MG,3477.0,1.1,218.792,0,0.0,3,11,ok
3126406,Fortuna de Minas - MG,MG,3093.0,0.2,198.709,3,1.5097454065996003,3,11,ok
3126505,Francisco Badaró - MG,MG,7366.0,0.8,461.481,2,0.4333872900509446,5,17,ok
3126604,Francisco Dumont - MG,MG,4503.0,0.8,1576.128,93,5.900535997076379,5,370,ok
3126703,Francisco Sá - MG,MG,23476.0,0.7,2747.295,44,1.6015753677708435,5,121,ok
3126752,Franciscópolis - MG,MG,5034.0,1.2,717.087,5,0.6972654643021,5,88,ok
3126802,Frei Gaspar - MG,MG,5640.0,0.6,626.672,12,1.9148773201930196,5,38,ok
3126901,Frei Inocêncio - MG,MG,8226.0,1.3,469.557,4,0.8518667595201433,4,60,ok
3126950,Frei Lagonegro - MG,MG,3391.0,0.8,167.474,4,2.3884304429344256,4,14,ok
3127008,Fronteira - MG,MG,14540.0,0.9,199.987,0,0.0,4,27,ok
3127057,Fronteira dos Vales - MG,MG,4345.0,1.2,320.757,2,0.6235249737340105,5,25,ok
3127073,Fruta de Leite - MG,MG,4647.0,0.3,762.837,6,0.7865376220608072,5,28,ok
3127107,Frutal - MG,MG,58588.0,1.8,2426.965,22,0.9064819640991938,5,189,ok
3127206,Funilândia - MG,MG,4686.0,0.4,199.797,2,1.0010160312717409,4,19,ok
3127305,Galiléia - MG,MG,6222.0,2.1,720.303,12,1.6659655728214378,4,31,ok
3127339,Gameleiras - MG,MG,4793.0,0.5,1733.203,35,2.0193826112694246,5,212,ok
3127354,Glaucilândia - MG,MG,2928.0,0.6,145.861,7,4.799089544155052,3,11,ok
3127370,Goiabeira - MG,MG,2830.0,0.5,112.443,0,0.0,0,0,ok
3127388,Goianá - MG,MG,4053.0,0.9,152.039,0,0.0,3,7,ok
3127404,Gonçalves - MG,MG,4727.0,1.2,187.353,0,0.0,0,0,ok
3127503,Gonzaga - MG,MG,5230.0,0.6,209.348,1,0.47767353879664476,4,13,ok
3127602,Gouveia - MG,MG,11331.0,0.3,866.601,20,2.3078671730127245,5,119,ok
3127701,Governador Valadares - MG,MG,257171.0,1.3,2342.376,20,0.8538338849100229,5,219,ok
3127800,Grão Mogol - MG,MG,13901.0,0.6,3885.294,48,1.2354277436919832,5,104,ok
3127909,Grupiara - MG,MG,1392.0,0.6,193.141,2,1.035512915434838,2,4,ok
3128006,Guanhães - MG,MG,32244.0,0.9,1075.124,4,0.37205010770850616,4,40,ok
3128105,Guapé - MG,MG,13772.0,1.1,934.345,6,0.6421610861084502,4,26,ok
3128204,Guaraciaba - MG,MG,9753.0,0.8,348.596,3,0.8605950728063432,5,12,ok
3128253,Guaraciama - MG,MG,5051.0,0.5,390.263,2,0.5124749207585654,3,4,ok
3128303,Guaranésia - MG,MG,19150.0,0.8,294.828,0,0.0,3,37,ok
3128402,Guarani - MG,MG,7714.0,1.0,264.194,5,1.8925486574259822,3,10,ok
3128501,Guarará - MG,MG,3149.0,0.9,88.655,2,2.2559359314195477,2,4,ok
3128600,Guarda-Mor - MG,MG,6539.0,0.5,2068.808,16,0.773392214260579,5,180,ok
3128709,Guaxupé - MG,MG,50911.0,1.3,286.398,4,1.39665779788965,5,48,ok
3128808,Guidoval - MG,MG,7131.0,0.5,158.375,5,3.1570639305445938,2,6,ok
3128907,Guimarânia - MG,MG,8478.0,1.0,366.833,6,1.6356216589020072,4,20,ok
3129004,Guiricema - MG,MG,7778.0,0.9,293.578,4,1.3624999148437555,3,6,ok
3129103,Gurinhatã - MG,MG,5192.0,0.6,1849.137,1,0.05407928130798313,5,69,ok
3129202,Heliodora - MG,MG,6134.0,1.1,153.95,0,0.0,3,8,ok
3129301,Iapu - MG,MG,12030.0,1.5,340.994,0,0.0,2,9,ok
3129400,Ibertioga - MG,MG,5198.0,0.9,346.24,6,1.732902033271719,5,23,ok
3129509,Ibiá - MG,MG,22229.0,1.0,2704.132,46,1.7011003900697157,5,283,ok
3129608,Ibiaí - MG,MG,6286.0,2.4,874.76,1,0.11431706982486624,5,45,ok
3129657,Ibiracatu - MG,MG,5081.0,0.7,353.257,6,1.698480143351724,3,20,ok
3129707,Ibiraci - MG,MG,10948.0,0.5,562.095,1,0.1779058700041808,3,23,ok
3129806,Ibirité - MG,MG,170537.0,1.5,72.395,0,0.0,3,6,ok
3129905,Ibitiúra de Minas - MG,MG,3365.0,0.7,68.316,0,0.0,0,0,ok
3130002,Ibituruna - MG,MG,2698.0,0.9,153.106,1,0.6531422674486957,2,3,ok
3130051,Icaraí de Minas - MG,MG,10677.0,0.5,625.664,5,0.7991509819967266,5,26,ok
3130101,Igarapé - MG,MG,45847.0,1.3,110.942,4,3.605487552054227,4,11,ok
3130200,Igaratinga - MG,MG,10830.0,1.4,218.343,2,0.9159899790696291,5,26,ok
3130309,Iguatama - MG,MG,6826.0,0.6,628.2,6,0.9551098376313275,5,63,ok
3130408,Ijaci - MG,MG,7003.0,0.6,105.246,1,0.9501548752446649,2,2,ok
3130507,Ilicínea - MG,MG,12741.0,0.6,376.341,4,1.0628658583571813,5,20,ok
3130556,Imbé de Minas - MG,MG,6986.0,1.0,196.735,0,0.0,4,6,ok
3130606,Inconfidentes - MG,MG,7301.0,1.2,149.611,1,0.6684000507984039,3,5,ok
3130655,Indaiabira - MG,MG,6346.0,0.8,1004.149,26,2.5892571719933994,5,107,ok
3130705,Indianópolis - MG,MG,6171.0,0.3,830.03,7,0.8433430116983723,5,43,ok
3130804,Ingaí - MG,MG,2580.0,0.6,305.591,4,1.3089390721585386,5,24,ok
3130903,Inhapim - MG,MG,22692.0,0.9,858.024,13,1.515109134476425,5,54,ok
3131000,Inhaúma - MG,MG,6239.0,0.8,244.996,0,0.0,4,28,ok
3131109,Inimutaba - MG,MG,7371.0,0.5,527.06,3,0.5691951580465222,5,29,ok
3131158,Ipaba - MG,MG,17136.0,1.0,113.246,0,0.0,4,9,ok
3131208,Ipanema - MG,MG,19522.0,1.5,456.641,0,0.0,3,12,ok
3131307,Ipatinga - MG,MG,227731.0,1.5,164.884,1,0.6064869847893064,5,29,ok
3131406,Ipiaçu - MG,MG,3775.0,0.7,466.02,5,1.07291532552251,4,61,ok
3131505,Ipuiúna - MG,MG,9135.0,0.9,298.195,3,1.0060530860678416,3,18,ok
3131604,Iraí de Minas - MG,MG,7180.0,0.4,356.264,2,0.5613814474659241,5,26,ok
3131703,Itabira - MG,MG,113343.0,0.9,1253.704,19,1.5155092430111097,5,63,ok
3131802,Itabirinha - MG,MG,10362.0,2.6,209.034,2,0.9567821502722045,4,8,ok
3131901,Itabirito - MG,MG,53365.0,0.8,544.027,3,0.551443218810831,5,67,ok
3132008,Itacambira - MG,MG,4252.0,1.9,1788.445,16,0.8946319288543959,5,34,ok
3132107,Itacarambi - MG,MG,17208.0,1.5,1225.273,5,0.408072323474034,5,107,ok
3132206,Itaguara - MG,MG,13846.0,0.7,410.468,5,1.2181217537055262,5,21,ok
3132305,Itaipé - MG,MG,10463.0,0.7,480.829,6,1.2478448679260195,5,23,ok
3132404,Itajubá - MG,MG,93073.0,2.1,294.835,1,0.33917275764410604,5,25,ok
3132503,Itamarandiba - MG,MG,32948.0,1.3,2735.573,48,1.7546598098460542,5,220,ok
3132602,Itamarati de Minas - MG,MG,3690.0,0.6,94.568,0,0.0,1,1,ok
3132701,Itambacuri - MG,MG,21042.0,1.3,1419.209,9,0.6341560686269605,5,97,ok
3132800,Itambé do Mato Dentro - MG,MG,2142.0,0.7,380.34,7,1.840458537098386,5,49,ok
3132909,Itamogi - MG,MG,10770.0,0.6,243.714,2,0.8206340218452777,5,23,ok
3133006,Itamonte - MG,MG,14786.0,0.8,431.792,2,0.46318597843406084,5,14,ok
3133105,Itanhandu - MG,MG,15236.0,0.6,143.363,2,1.3950600922134722,3,7,ok
3133204,Itanhomi - MG,MG,11128.0,1.3,488.843,2,0.40912931145582526,3,19,ok
3133303,Itaobim - MG,MG,19151.0,1.3,679.024,18,2.6508635924503405,5,71,ok
3133402,Itapagipe - MG,MG,13690.0,0.8,1802.438,6,0.3328824625313048,5,99,ok
3133501,Itapecerica - MG,MG,21046.0,1.4,1040.519,20,1.9221177124108257,5,67,ok
3133600,Itapeva - MG,MG,12692.0,1.4,177.347,2,1.1277326371463854,3,6,ok
3133709,Itatiaiuçu - MG,MG,12966.0,1.1,295.145,4,1.3552660556675533,5,27,ok
3133758,Itaú de Minas - MG,MG,14406.0,0.9,153.421,1,0.6518012527620078,5,20,ok
3133808,Itaúna - MG,MG,97669.0,0.9,495.769,12,2.420482119696875,5,50,ok
3133907,Itaverava - MG,MG,5642.0,0.9,284.22,2,0.7036802476954471,5,12,ok
3134004,Itinga - MG,MG,13745.0,0.6,1649.622,84,5.092075639146422,5,322,ok
3134103,Itueta - MG,MG,6055.0,0.6,452.676,1,0.22090855269552614,5,11,ok
3134202,Ituiutaba - MG,MG,102217.0,1.0,2598.046,24,0.9237711726428246,5,237,ok
3134301,Itumirim - MG,MG,6638.0,0.6,234.802,0,0.0,3,13,ok
3134400,Iturama - MG,MG,38295.0,1.0,1404.663,4,0.28476581215565583,5,53,ok
3134509,Itutinga - MG,MG,4217.0,0.6,372.018,4,1.0752167905854018,5,34,ok
3134608,Jaboticatubas - MG,MG,20406.0,1.2,1114.972,11,0.9865718601005227,5,132,ok
3134707,Jacinto - MG,MG,11042.0,1.1,1393.609,23,1.6503911785873946,5,99,ok
3134806,Jacuí - MG,MG,7495.0,0.4,409.229,0,0.0,2,8,ok
3134905,Jacutinga - MG,MG,25525.0,0.8,347.667,1,0.2876315554826889,5,37,ok
3135001,Jaguaraçu - MG,MG,3092.0,0.6,163.76,3,1.8319491939423547,4,43,ok
3135050,Jaíba - MG,MG,37660.0,0.8,2635.467,118,4.477384842989876,5,522,ok
3135076,Jampruca - MG,MG,4296.0,0.8,517.095,3,0.5801641864647695,5,29,ok
3135100,Janaúba - MG,MG,70699.0,0.9,2181.319,41,1.8795967027289453,5,175,ok
3135209,Januária - MG,MG,65150.0,1.1,6661.588,66,0.9907547569738627,5,380,ok
3135308,Japaraíba - MG,MG,4506.0,0.4,172.141,0,0.0,2,6,ok
3135357,Japonvar - MG,MG,8127.0,0.9,375.181,0,0.0,2,5,ok
3135407,Jeceaba - MG,MG,6197.0,0.5,236.25,3,1.2698412698412698,5,21,ok
3135456,Jenipapo de Minas - MG,MG,6100.0,0.8,284.453,4,1.406207703908906,5,27,ok
3135506,Jequeri - MG,MG,12419.0,1.1,547.897,1,0.1825160568501014,5,17,ok
3135605,Jequitaí - MG,MG,6484.0,1.2,1268.443,15,1.1825521525208464,5,110,ok
3135704,Jequitibá - MG,MG,5883.0,0.7,445.03,4,0.898815810170101,4,26,ok
3135803,Jequitinhonha - MG,MG,24007.0,1.4,3514.216,28,0.7967637732000538,5,225,ok
3135902,Jesuânia - MG,MG,5138.0,0.6,153.852,1,0.6499753009385643,4,10,ok
3136009,Joaíma - MG,MG,13888.0,0.8,1664.19,18,1.0816072684008435,5,105,ok
3136108,Joanésia - MG,MG,4329.0,0.1,233.292,3,1.2859420811686642,5,34,ok
3136207,João Monlevade - MG,MG,80187.0,0.9,99.158,2,2.0169829968333364,4,20,ok
3136306,João Pinheiro - MG,MG,46801.0,1.1,10727.097,143,1.3330726849957635,5,632,ok
3136405,Joaquim Felício - MG,MG,3854.0,0.4,790.935,20,2.5286527970060755,5,84,ok
3136504,Jordânia - MG,MG,10304.0,0.5,546.705,5,0.9145700149074911,5,58,ok
3136520,José Gonçalves de Minas - MG,MG,3969.0,1.2,381.332,1,0.2622386791562208,4,10,ok
3136553,José Raydan - MG,MG,4268.0,0.8,180.822,8,4.424240413224054,4,59,ok
3136579,Josenópolis - MG,MG,3630.0,0.8,541.393,5,0.9235435256828218,5,21,ok
3136603,Nova União - MG,MG,5909.0,0.5,172.131,1,0.5809528789119914,4,12,ok
3136652,Juatuba - MG,MG,30716.0,1.2,97.017,0,0.0,2,14,ok
3136702,Juiz de Fora - MG,MG,540756.0,1.3,1435.749,29,2.0198516593081384,5,146,ok
3136801,Juramento - MG,MG,3768.0,1.4,431.63,0,0.0,3,7,ok
3136900,Juruaia - MG,MG,11084.0,0.3,220.353,0,0.0,2,3,ok
3136959,Juvenília - MG,MG,5789.0,1.4,1064.692,16,1.5027820252241963,5,131,ok
3137007,Ladainha - MG,MG,14383.0,1.7,866.29,3,0.34630435535444254,5,47,ok
3137106,Lagamar - MG,MG,6631.0,0.7,1474.562,24,1.627601959090225,5,77,ok
3137205,Lagoa da Prata - MG,MG,51412.0,1.3,439.984,12,2.727371904432889,5,59,ok
3137304,Lagoa dos Patos - MG,MG,3313.0,0.8,600.547,12,1.998178327424831,5,34,ok
3137403,Lagoa Dourada - MG,MG,12769.0,0.5,476.693,5,1.0488931031082898,5,31,ok
3137502,Lagoa Formosa - MG,MG,18904.0,0.6,840.92,2,0.23783475241402277,5,28,ok
3137536,Lagoa Grande - MG,MG,8969.0,0.4,1236.301,27,2.183934171370888,5,178,ok
3137601,Lagoa Santa - MG,MG,75145.0,1.0,229.409,3,1.307708067251067,5,47,ok
3137700,Lajinha - MG,MG,20835.0,1.1,431.92,2,0.4630487127245786,5,38,ok
3137809,Lambari - MG,MG,20414.0,0.8,213.11,2,0.938482473839801,3,6,ok
3137908,Lamim - MG,MG,3184.0,0.9,118.602,2,1.6863122038414193,4,6,ok
3138005,Laranjal - MG,MG,5963.0,0.6,204.882,0,0.0,2,4,ok
3138104,Lassance - MG,MG,7124.0,0.9,3204.217,158,4.931001864105958,5,574,ok
3138203,Lavras - MG,MG,104761.0,1.0,564.744,7,1.2394996671058036,5,45,ok
3138302,Leandro Ferreira - MG,MG,3199.0,0.3,352.005,6,1.704521242595986,4,15,ok
3138351,Leme do Prado - MG,MG,4341.0,0.7,280.036,2,0.7141938893570826,4,8,ok
3138401,Leopoldina - MG,MG,51145.0,1.8,943.077,9,0.9543229237909524,5,42,ok
3138500,Liberdade - MG,MG,4737.0,0.6,401.337,1,0.24916715877180526,5,32,ok
3138609,Lima Duarte - MG,MG,17221.0,1.1,848.564,4,0.4713845979796456,5,29,ok
3138625,Limeira do Oeste - MG,MG,8687.0,0.9,1317.153,19,1.4425051607520158,5,110,ok
3138658,Lontra - MG,MG,8790.0,1.1,258.925,0,0.0,2,5,ok
3138674,Luisburgo - MG,MG,6956.0,0.6,145.418,0,0.0,4,7,ok
3138682,Luislândia - MG,MG,6210.0,0.9,411.714,1,0.24288705266277077,3,8,ok
3138708,Luminárias - MG,MG,5586.0,1.4,500.143,9,1.7994853471907035,5,47,ok
3138807,Luz - MG,MG,17875.0,0.7,1171.659,35,2.987217270553975,5,107,ok
3138906,Machacalis - MG,MG,6487.0,0.7,332.378,0,0.0,2,3,ok
3139003,Machado - MG,MG,37684.0,1.4,585.958,6,1.023964174906734,5,31,ok
3139102,Madre de Deus de Minas - MG,MG,5191.0,0.8,492.909,6,1.2172632270865413,5,35,ok
3139201,Malacacheta - MG,MG,17516.0,1.2,727.886,24,3.29721961955581,5,142,ok
3139250,Mamonas - MG,MG,5997.0,0.2,284.365,1,0.3516607177395249,3,3,ok
3139300,Manga - MG,MG,18886.0,1.5,1950.184,48,2.461306215208411,5,191,ok
3139409,Manhuaçu - MG,MG,91886.0,0.8,628.318,11,1.7507058527688208,5,54,ok
3139508,Manhumirim - MG,MG,20613.0,0.8,182.9,0,0.0,3,16,ok
3139607,Mantena - MG,MG,26535.0,1.4,685.208,5,0.7297054325110041,5,50,ok
3139706,Maravilhas - MG,MG,7333.0,0.4,261.604,2,0.7645143040626291,4,13,ok
3139805,Mar de Espanha - MG,MG,12721.0,1.1,371.6,5,1.3455328310010763,4,16,ok
3139904,Maria da Fé - MG,MG,14247.0,1.4,202.898,0,0.0,2,6,ok
3140001,Mariana - MG,MG,61387.0,1.3,1194.208,19,1.591012620916959,5,71,ok
3140100,Marilac - MG,MG,4224.0,1.6,158.809,0,0.0,2,7,ok
3140159,Mário Campos - MG,MG,15900.0,0.8,35.196,1,2.8412319581770658,3,6,ok
3140209,Maripá de Minas - MG,MG,3387.0,1.0,77.338,0,0.0,1,1,ok
3140308,Marliéria - MG,MG,4592.0,1.0,545.813,3,0.549638795704756,4,27,ok
3140407,Marmelópolis - MG,MG,3200.0,0.8,107.902,0,0.0,1,2,ok
3140506,Martinho Campos - MG,MG,14003.0,0.7,1058.418,6,0.5668837831556153,5,49,ok
3140530,Martins Soares - MG,MG,8396.0,0.6,113.268,4,3.531447540346788,3,12,ok
3140555,Mata Verde - MG,MG,9112.0,0.8,227.539,10,4.394850992577097,5,47,ok
3140605,Materlândia - MG,MG,3963.0,1.0,280.53,7,2.495276797490465,5,18,ok
3140704,Mateus Leme - MG,MG,37841.0,1.2,301.383,6,1.9908223091547965,4,39,ok
3140803,Matias Barbosa - MG,MG,14121.0,1.2,157.066,3,1.9100250849961162,4,9,ok
3140852,Matias Cardoso - MG,MG,8895.0,1.0,1940.598,40,2.061220304256729,5,100,ok
3140902,Matipó - MG,MG,18552.0,1.1,266.99,1,0.37454586314094157,5,23,ok
3141009,Mato Verde - MG,MG,12038.0,0.6,472.245,11,2.32929941026374,5,43,ok
3141108,Matozinhos - MG,MG,37618.0,0.6,252.453,3,1.188340007843044,5,38,ok
3141207,Matutina - MG,MG,3814.0,1.0,260.957,3,1.1496146874772473,3,10,ok
3141306,Medeiros - MG,MG,3900.0,0.7,946.437,1,0.10565943639143441,5,56,ok
3141405,Medina - MG,MG,20156.0,0.4,1435.903,52,3.6214145384472345,5,157,ok
3141504,Mendes Pimentel - MG,MG,5606.0,0.7,305.507,2,0.6546494842998687,5,38,ok
3141603,Mercês - MG,MG,10373.0,1.2,348.271,2,0.5742654427155864,4,11,ok
3141702,Mesquita - MG,MG,5040.0,0.7,274.938,8,2.909746924761219,5,15,ok
3141801,Minas Novas - MG,MG,24405.0,0.9,1812.398,23,1.2690369333888032,5,61,ok
3141900,Minduri - MG,MG,3741.0,1.1,219.774,2,0.9100257537288304,5,14,ok
3142007,Mirabela - MG,MG,13651.0,1.5,723.278,4,0.5530376978146716,5,30,ok
3142106,Miradouro - MG,MG,8968.0,0.7,301.672,2,0.6629717043676575,4,5,ok
3142205,Miraí - MG,MG,13633.0,1.0,320.695,2,0.6236455198864965,2,4,ok
3142254,Miravânia - MG,MG,3985.0,0.7,602.128,2,0.3321552892408259,4,53,ok
3142304,Moeda - MG,MG,5125.0,0.4,155.112,2,1.2893908917427408,4,27,ok
3142403,Moema - MG,MG,7548.0,1.1,202.705,4,1.9733109691423496,4,19,ok
3142502,Monjolos - MG,MG,2169.0,0.3,650.911,26,3.994401692397271,5,113,ok
3142601,Monsenhor Paulo - MG,MG,8340.0,0.5,216.54,3,1.3854253255749516,4,20,ok
3142700,Montalvânia - MG,MG,14060.0,1.4,1503.755,13,0.8645025286698964,5,93,ok
3142809,Monte Alegre de Minas - MG,MG,20170.0,1.2,2595.957,13,0.5007787108954425,5,182,ok
3142908,Monte Azul - MG,MG,20328.0,0.7,1001.296,8,0.7989645419536281,4,29,ok
3143005,Monte Belo - MG,MG,13046.0,0.6,421.283,1,0.23737012886824296,3,6,ok
3143104,Monte Carmelo - MG,MG,47692.0,0.8,1343.035,20,1.4891644670466517,5,133,ok
3143153,Monte Formoso - MG,MG,4381.0,0.9,385.553,2,0.518735426776604,5,31,ok
3143203,Monte Santo de Minas - MG,MG,20890.0,0.6,594.632,1,0.16817123868207565,5,29,ok
3143302,Montes Claros - MG,MG,414240.0,1.3,3589.811,30,0.8356985924885738,5,137,ok
3143401,Monte Sião - MG,MG,24089.0,1.0,291.594,0,0.0,2,3,ok
3143450,Montezuma - MG,MG,6888.0,0.6,1130.419,16,1.415404376607258,5,66,ok
3143500,Morada Nova de Minas - MG,MG,9067.0,0.6,2084.275,8,0.3838265104172914,5,37,ok
3143609,Morro da Garça - MG,MG,2411.0,0.5,414.772,0,0.0,4,10,ok
3143708,Morro do Pilar - MG,MG,3133.0,0.7,477.548,2,0.41880606766230827,5,30,ok
3143807,Munhoz - MG,MG,7451.0,0.8,191.564,0,0.0,4,11,ok
3143906,Muriaé - MG,MG,104108.0,1.4,841.693,6,0.7128489841307936,5,25,ok
3144003,Mutum - MG,MG,27635.0,0.7,1250.824,10,0.7994729874067014,5,59,ok
3144102,Muzambinho - MG,MG,21891.0,0.7,409.948,6,1.4636002614965802,5,20,ok
3144201,Nacip Raydan - MG,MG,2459.0,1.7,233.493,0,0.0,3,18,ok
3144300,Nanuque - MG,MG,35038.0,1.3,1518.166,5,0.3293447488614552,5,43,ok
3144359,Naque - MG,MG,6303.0,0.7,127.173,0,0.0,2,9,ok
3144375,Natalândia - MG,MG,3520.0,1.1,468.66,10,2.1337430119916356,4,21,ok
3144409,Natércia - MG,MG,4691.0,0.8,188.719,0,0.0,1,1,ok
3144508,Nazareno - MG,MG,8179.0,0.8,341.453,10,2.928660752724387,5,16,ok
3144607,Nepomuceno - MG,MG,25018.0,1.1,582.553,6,1.0299492063383073,5,66,ok
3144656,Ninheira - MG,MG,10588.0,0.6,1108.255,44,3.970205413014152,5,167,ok
3144672,Nova Belém - MG,MG,3151.0,0.7,146.775,1,0.6813149378300118,4,8,ok
3144706,Nova Era - MG,MG,17438.0,0.7,361.926,2,0.5525991501025072,5,16,ok
3144805,Nova Lima - MG,MG,111697.0,1.1,429.313,8,1.8634422903569192,5,67,ok
3144904,Nova Módica - MG,MG,3663.0,0.2,375.973,9,2.393788915693414,5,31,ok
3145000,Nova Ponte - MG,MG,14598.0,0.5,1111.011,12,1.0800973167682408,5,87,ok
3145059,Nova Porteirinha - MG,MG,6706.0,0.7,120.943,11,9.09519360359839,4,24,ok
3145109,Nova Resende - MG,MG,16387.0,1.0,390.152,5,1.2815518054501835,4,10,ok
3145208,Nova Serrana - MG,MG,105552.0,1.2,282.472,8,2.8321391146733133,5,52,ok
3145307,Novo Cruzeiro - MG,MG,26975.0,0.9,1702.981,16,0.9395289788905454,5,115,ok
3145356,Novo Oriente de Minas - MG,MG,10275.0,1.4,755.151,14,1.8539338489917911,5,75,ok
3145372,Novorizonte - MG,MG,4571.0,0.8,271.61,1,0.36817495673944256,5,16,ok
3145406,Olaria - MG,MG,1945.0,1.2,178.242,4,2.2441399894525422,1,4,ok
3145455,Olhos-d'Água - MG,MG,5385.0,0.8,2092.078,19,0.9081879356314632,5,130,ok
3145505,Olímpio Noronha - MG,MG,2555.0,0.7,54.633,0,0.0,2,4,ok
3145604,Oliveira - MG,MG,39262.0,0.6,897.294,17,1.8945852752832406,5,65,ok
3145703,Oliveira Fortes - MG,MG,2027.0,0.4,111.13,1,0.8998470260055791,4,9,ok
3145802,Onça de Pitangui - MG,MG,2969.0,0.7,246.976,1,0.40489764187613375,3,11,ok
3145851,Oratórios - MG,MG,4917.0,0.9,89.068,1,1.1227376835676113,2,6,ok
3145877,Orizânia - MG,MG,8437.0,0.9,121.8,4,3.284072249589491,3,6,ok
3145901,Ouro Branco - MG,MG,38724.0,0.9,258.726,2,0.7730185601756299,5,20,ok
3146008,Ouro Fino - MG,MG,32094.0,0.8,533.714,0,0.0,3,12,ok
3146107,Ouro Preto - MG,MG,74821.0,0.7,1245.865,24,1.9263724400316244,5,169,ok
3146206,Ouro Verde de Minas - MG,MG,5757.0,0.6,175.482,1,0.569859016879224,5,14,ok
3146255,Padre Carvalho - MG,MG,5058.0,0.4,446.275,20,4.4815416503277135,5,48,ok
3146305,Padre Paraíso - MG,MG,17334.0,1.1,544.375,12,2.2043628013777266,4,41,ok
3146404,Paineiras - MG,MG,4224.0,0.3,637.309,5,0.7845487824587445,4,18,ok
3146503,Pains - MG,MG,8142.0,1.4,421.862,8,1.8963547321161895,5,23,ok
3146552,Pai Pedro - MG,MG,5551.0,1.0,839.805,17,2.024279445823733,5,42,ok
3146602,Paiva - MG,MG,1474.0,0.1,58.419,0,0.0,2,3,ok
3146701,Palma - MG,MG,5707.0,1.1,316.476,1,0.3159797267407323,4,6,ok
3146750,Palmópolis - MG,MG,6301.0,0.5,433.154,1,0.23086477326770619,2,6,ok
3146909,Papagaios - MG,MG,13920.0,0.7,553.577,9,1.625790088822332,5,51,ok
3147006,Paracatu - MG,MG,94023.0,0.7,8231.029,110,1.336406420145039,5,785,ok
3147105,Pará de Minas - MG,MG,97139.0,1.2,551.247,16,2.9025101270392404,5,99,ok
3147204,Paraguaçu - MG,MG,21723.0,1.2,424.296,6,1.4141071327563777,5,38,ok
3147303,Paraisópolis - MG,MG,20445.0,1.9,331.238,0,0.0,3,5,ok
3147402,Paraopeba - MG,MG,24107.0,0.6,625.623,15,2.3976100622899095,5,88,ok
3147501,Passabém - MG,MG,1600.0,1.1,94.183,0,0.0,1,1,ok
3147600,Passa Quatro - MG,MG,15515.0,0.8,277.221,0,0.0,2,11,ok
3147709,Passa Tempo - MG,MG,8473.0,0.6,429.172,16,3.7281090099074494,3,23,ok
3147808,Passa Vinte - MG,MG,2233.0,0.5,246.565,6,2.43343540242938,3,9,ok
3147907,Passos - MG,MG,111939.0,1.2,1338.07,5,0.3736725283430613,5,147,ok
3147956,Patis - MG,MG,4837.0,0.4,444.196,0,0.0,1,1,ok
3148004,Patos de Minas - MG,MG,159235.0,1.0,3190.456,42,1.3164262412645715,5,226,ok
3148103,Patrocínio - MG,MG,89826.0,1.0,2874.344,77,2.6788721182989925,5,381,ok
3148202,Patrocínio do Muriaé - MG,MG,5576.0,0.3,108.246,3,2.7714649963970954,3,5,ok
3148301,Paula Cândido - MG,MG,8659.0,0.8,268.321,5,1.8634396860476816,5,24,ok
3148400,Paulistas - MG,MG,4389.0,0.9,220.564,12,5.440597740338406,5,38,ok
3148509,Pavão - MG,MG,8047.0,1.3,601.19,2,0.3326735308305194,5,21,ok
3148608,Peçanha - MG,MG,17446.0,0.6,996.646,11,1.1037018158904968,5,67,ok
3148707,Pedra Azul - MG,MG,24410.0,0.8,1594.651,15,0.9406446927885788,5,134,ok
3148756,Pedra Bonita - MG,MG,7320.0,0.8,173.928,1,0.5749505542523343,4,11,ok
3148806,Pedra do Anta - MG,MG,3311.0,0.9,173.168,0,0.0,3,10,ok
3148905,Pedra do Indaiá - MG,MG,4112.0,0.8,347.92,2,0.5748447919061853,4,13,ok
3149002,Pedra Dourada - MG,MG,2757.0,0.5,69.99,0,0.0,1,1,ok
3149101,Pedralva - MG,MG,10760.0,1.1,217.989,0,0.0,1,3,ok
3149150,Pedras de Maria da Cruz - MG,MG,10433.0,1.0,1525.648,29,1.900831646618355,5,196,ok
3149200,Pedrinópolis - MG,MG,3344.0,1.5,357.891,0,0.0,4,26,ok
3149309,Pedro Leopoldo - MG,MG,62580.0,0.8,292.831,6,2.0489633952689434,5,81,ok
3149408,Pedro Teixeira - MG,MG,1810.0,0.1,112.959,0,0.0,1,1,ok
3149507,Pequeri - MG,MG,3351.0,0.9,90.833,0,0.0,3,6,ok
3149606,Pequi - MG,MG,4155.0,0.8,203.991,3,1.4706531170492814,4,9,ok
3149705,Perdigão - MG,MG,12268.0,1.2,249.322,2,0.8021754999558803,5,23,ok
3149804,Perdizes - MG,MG,17151.0,0.8,2451.112,29,1.1831364703040905,5,223,ok
3149903,Perdões - MG,MG,21384.0,1.1,270.657,1,0.36947132348322786,3,8,ok
3149952,Periquito - MG,MG,6553.0,0.6,228.907,6,2.6211518214820866,3,16,ok
3150000,Pescador - MG,MG,3570.0,1.2,317.463,1,0.3149973382724916,5,9,ok
3150109,Piau - MG,MG,2796.0,0.5,192.196,0,0.0,3,6,ok
3150158,Piedade de Caratinga - MG,MG,8529.0,1.0,109.345,1,0.9145365585989299,5,18,ok
3150208,Piedade de Ponte Nova - MG,MG,3976.0,0.4,83.733,3,3.582816810576475,3,8,ok
3150307,Piedade do Rio Grande - MG,MG,4604.0,1.4,322.814,2,0.6195518162161492,4,22,ok
3150406,Piedade dos Gerais - MG,MG,5019.0,0.9,259.638,1,0.38515163419838394,3,8,ok
3150505,Pimenta - MG,MG,8563.0,0.5,414.969,6,1.4458911388561555,5,30,ok
3150539,Pingo-d'Água - MG,MG,4706.0,0.6,66.57,0,0.0,2,10,ok
3150570,Pintópolis - MG,MG,7084.0,1.0,1228.736,2,0.16276889421324026,5,44,ok
3150604,Piracema - MG,MG,6700.0,1.3,280.335,0,0.0,3,11,ok
3150703,Pirajuba - MG,MG,5537.0,0.9,337.98,0,0.0,4,82,ok
3150802,Piranga - MG,MG,17018.0,0.5,658.812,8,1.2143069646575957,5,42,ok
3150901,Piranguçu - MG,MG,6041.0,1.2,203.619,0,0.0,1,1,ok
3151008,Piranguinho - MG,MG,9120.0,1.4,124.803,1,0.8012627901572879,5,15,ok
3151107,Pirapetinga - MG,MG,11077.0,0.8,190.681,5,2.6221805004169267,4,10,ok
3151206,Pirapora - MG,MG,55606.0,1.0,549.514,30,5.4593695520041345,5,112,ok
3151305,Piraúba - MG,MG,11610.0,1.2,144.289,0,0.0,3,5,ok
3151404,Pitangui - MG,MG,26685.0,2.0,569.636,7,1.2288549178773815,5,56,ok
3151503,Piumhi - MG,MG,36062.0,1.1,902.468,24,2.6593740719892565,5,83,ok
3151602,Planura - MG,MG,11145.0,1.3,317.52,4,1.2597631645250693,5,54,ok
3151701,Poço Fundo - MG,MG,16390.0,1.3,474.244,2,0.42172383836168714,5,6,ok
3151800,Poços de Caldas - MG,MG,163742.0,1.0,546.958,10,1.828293945787428,5,74,ok
3151909,Pocrane - MG,MG,8350.0,0.8,691.066,6,0.8682238744200987,3,25,ok
3152006,Pompéu - MG,MG,31047.0,0.7,2551.074,33,1.2935728246221003,5,141,ok
3152105,Ponte Nova - MG,MG,57776.0,1.5,470.643,16,3.3996043710413204,5,59,ok
3152131,Ponto Chique - MG,MG,3747.0,0.7,602.799,2,0.33178555372520524,5,32,ok
3152170,Ponto dos Volantes - MG,MG,10883.0,1.0,1212.413,3,0.2474404349013084,5,60,ok
3152204,Porteirinha - MG,MG,37438.0,1.2,1749.683,51,2.91481371196954,5,139,ok
3152303,Porto Firme - MG,MG,10569.0,1.1,284.777,2,0.7023039079700959,5,22,ok
3152402,Poté - MG,MG,13666.0,0.7,625.111,2,0.3199431780915709,4,21,ok
3152501,Pouso Alegre - MG,MG,152217.0,1.5,542.797,1,0.18423093716435424,5,34,ok
3152600,Pouso Alto - MG,MG,6566.0,0.8,263.034,1,0.38017898826767643,3,6,ok
3152709,Prados - MG,MG,9048.0,0.5,264.115,5,1.8931147416844936,5,26,ok
3152808,Prata - MG,MG,28342.0,0.7,4847.544,27,0.5569830825671721,5,276,ok
3152907,Pratápolis - MG,MG,8406.0,0.9,215.516,0,0.0,1,5,ok
3153004,Pratinha - MG,MG,3559.0,0.7,622.478,10,1.6064824780956115,5,46,ok
3153103,Presidente Bernardes - MG,MG,4850.0,1.1,236.798,6,2.5338051841654066,3,11,ok
3153202,Presidente Juscelino - MG,MG,3465.0,1.1,695.882,3,0.43110757283562445,4,19,ok
3153301,Presidente Kubitschek - MG,MG,3071.0,0.2,189.235,2,1.0568869395196447,5,17,ok
3153400,Presidente Olegário - MG,MG,18765.0,0.4,3503.848,16,0.45664081318596017,5,119,ok
3153509,Alto Jequitibá - MG,MG,8397.0,1.2,152.272,3,1.970158663444363,3,18,ok
3153608,Prudente de Morais - MG,MG,11466.0,1.4,124.189,1,0.8052242952274355,5,34,ok
3153707,Quartel Geral - MG,MG,3179.0,0.7,556.436,0,0.0,4,10,ok
3153806,Queluzito - MG,MG,1770.0,0.3,153.56,6,3.9072675175827034,4,15,ok
3153905,Raposos - MG,MG,16279.0,0.6,72.228,5,6.922523121227226,4,16,ok
3154002,Raul Soares - MG,MG,23423.0,1.6,763.364,12,1.5719892475935464,5,69,ok
3154101,Recreio - MG,MG,11007.0,0.9,234.296,5,2.134052651347014,5,13,ok
3154150,Reduto - MG,MG,7848.0,0.6,151.859,2,1.3170111748398183,5,13,ok
3154200,Resende Costa - MG,MG,11230.0,1.0,618.312,12,1.9407677677289137,5,46,ok
3154309,Resplendor - MG,MG,17226.0,1.1,1081.796,7,0.6470720912260722,5,32,ok
3154408,Ressaquinha - MG,MG,4548.0,0.6,183.062,0,0.0,3,15,ok
3154457,Riachinho - MG,MG,6863.0,0.8,1719.266,4,0.2326574247382313,5,98,ok
3154507,Riacho dos Machados - MG,MG,8756.0,0.9,1315.54,9,0.6841297109932043,4,58,ok
3154606,Ribeirão das Neves - MG,MG,329794.0,1.2,155.105,13,8.381419038715709,5,48,ok
3154705,Ribeirão Vermelho - MG,MG,4080.0,0.7,49.251,0,0.0,0,0,ok
3154804,Rio Acima - MG,MG,10261.0,0.8,228.394,6,2.6270392392094366,5,57,ok
3154903,Rio Casca - MG,MG,12789.0,0.5,384.381,2,0.5203170812293012,4,30,ok
3155009,Rio Doce - MG,MG,2484.0,1.4,112.094,0,0.0,1,2,ok
3155108,Rio do Prado - MG,MG,4639.0,0.9,479.815,1,0.20841365943123913,4,13,ok
3155207,Rio Espera - MG,MG,5429.0,0.8,238.602,0,0.0,3,7,ok
3155306,Rio Manso - MG,MG,5568.0,1.5,231.54,6,2.591344908007256,3,18,ok
3155405,Rio Novo - MG,MG,8518.0,0.6,209.31,3,1.4332807797047442,3,6,ok
3155504,Rio Paranaíba - MG,MG,14532.0,0.8,1352.353,26,1.9225749489963049,5,106,ok
3155603,Rio Pardo de Minas - MG,MG,28271.0,0.7,3117.675,75,2.405638817387957,5,260,ok
3155702,Rio Piracicaba - MG,MG,14631.0,0.9,373.037,6,1.6084195401528536,5,32,ok
3155801,Rio Pomba - MG,MG,17443.0,1.1,252.418,0,0.0,2,5,ok
3155900,Rio Preto - MG,MG,5141.0,0.3,348.046,1,0.2873183429776524,4,6,ok
3156007,Rio Vermelho - MG,MG,12641.0,1.2,986.561,20,2.0272441339156932,5,103,ok
3156106,Ritápolis - MG,MG,4994.0,0.5,404.805,7,1.7292276528204937,4,40,ok
3156205,Rochedo de Minas - MG,MG,2291.0,1.0,79.402,0,0.0,1,1,ok
3156304,Rodeiro - MG,MG,8664.0,1.0,72.673,0,0.0,0,0,ok
3156403,Romaria - MG,MG,3386.0,0.6,407.557,10,2.4536445208891027,5,52,ok
3156452,Rosário da Limeira - MG,MG,4734.0,1.2,111.156,2,1.7992730936701573,3,6,ok
3156502,Rubelita - MG,MG,5679.0,1.0,1110.295,37,3.332447682823033,5,112,ok
3156601,Rubim - MG,MG,10298.0,0.5,965.174,4,0.4144330452332947,2,10,ok
3156700,Sabará - MG,MG,129380.0,1.1,302.453,5,1.6531494149504222,5,73,ok
3156809,Sabinópolis - MG,MG,14240.0,0.9,919.811,21,2.283077719227102,5,86,ok
3156908,Sacramento - MG,MG,26670.0,0.8,3073.268,86,2.798324129233116,5,403,ok
3157005,Salinas - MG,MG,40178.0,1.3,1862.117,22,1.181451004421312,5,97,ok
3157104,Salto da Divisa - MG,MG,6110.0,0.5,938.008,3,0.3198266965740164,4,22,ok
3157203,Santa Bárbara - MG,MG,30466.0,1.1,684.505,3,0.4382729125426403,5,43,ok
3157252,Santa Bárbara do Leste - MG,MG,8458.0,0.9,107.402,3,2.793244073667157,4,12,ok
3157278,Santa Bárbara do Monte Verde - MG,MG,3095.0,1.2,417.925,4,0.9571095292217504,4,12,ok
3157302,Santa Bárbara do Tugúrio - MG,MG,4208.0,1.2,194.564,2,1.0279393926934068,2,3,ok
3157336,Santa Cruz de Minas - MG,MG,8109.0,1.1,3.565,0,0.0,0,0,ok
3157377,Santa Cruz de Salinas - MG,MG,3910.0,1.2,589.607,10,1.6960449926815657,5,40,ok
3157401,Santa Cruz do Escalvado - MG,MG,4673.0,0.9,258.726,0,0.0,3,8,ok
3157500,Santa Efigênia de Minas - MG,MG,4039.0,1.6,131.965,2,1.515553366422915,3,8,ok
3157609,Santa Fé de Minas - MG,MG,3522.0,0.8,2917.448,42,1.4396143478821217,5,114,ok
3157658,Santa Helena de Minas - MG,MG,5938.0,0.5,276.433,11,3.979264414885343,5,46,ok
3157708,Santa Juliana - MG,MG,15734.0,0.6,723.784,10,1.3816276679230268,5,82,ok
3157807,Santa Luzia - MG,MG,219132.0,1.5,235.205,4,1.700644118960056,5,46,ok
3157906,Santa Margarida - MG,MG,16395.0,0.3,255.73,3,1.1731122668439369,5,22,ok
3158003,Santa Maria de Itabira - MG,MG,10485.0,0.7,597.441,1,0.16738054468976854,4,29,ok
3158102,Santa Maria do Salto - MG,MG,4755.0,2.4,440.605,0,0.0,3,18,ok
3158201,Santa Maria do Suaçuí - MG,MG,12788.0,1.0,624.047,15,2.4036651085575285,5,123,ok
3158300,Santana da Vargem - MG,MG,6691.0,0.4,172.444,2,1.1597968036000095,5,12,ok
3158409,Santana de Cataguases - MG,MG,3489.0,0.7,161.486,0,0.0,2,2,ok
3158508,Santana de Pirapama - MG,MG,7030.0,0.9,1255.832,30,2.388854560164098,5,120,ok
3158607,Santana do Deserto - MG,MG,3747.0,0.3,182.655,0,0.0,1,1,ok
3158706,Santana do Garambéu - MG,MG,2137.0,0.9,203.074,0,0.0,3,11,ok
3158805,Santana do Jacaré - MG,MG,4214.0,0.4,106.169,0,0.0,0,0,ok
3158904,Santana do Manhuaçu - MG,MG,8987.0,1.3,347.362,4,1.1515364374917232,5,23,ok
3158953,Santana do Paraíso - MG,MG,44800.0,1.6,276.067,2,0.7244618154288632,4,19,ok
3159001,Santana do Riacho - MG,MG,5313.0,0.4,677.207,36,5.3159521387109105,5,93,ok
3159100,Santana dos Montes - MG,MG,3469.0,0.7,196.565,4,2.0349502709027547,4,13,ok
3159209,Santa Rita de Caldas - MG,MG,8460.0,0.4,503.011,0,0.0,4,24,ok
3159308,Santa Rita de Jacutinga - MG,MG,4755.0,0.9,420.94,1,0.23756354824915663,4,15,ok
3159357,Santa Rita de Minas - MG,MG,6773.0,1.7,68.153,0,0.0,2,4,ok
3159407,Santa Rita de Ibitipoca - MG,MG,3301.0,0.7,324.234,4,1.2336769123534237,5,17,ok
3159506,Santa Rita do Itueto - MG,MG,5826.0,0.8,485.081,0,0.0,2,5,ok
3159605,Santa Rita do Sapucaí - MG,MG,40635.0,1.1,352.969,2,0.566621997965827,4,17,ok
3159704,Santa Rosa da Serra - MG,MG,3382.0,1.0,284.334,3,1.0550971744497668,3,8,ok
3159803,Santa Vitória - MG,MG,20973.0,0.7,2998.364,10,0.3335152102946807,5,144,ok
3159902,Santo Antônio do Amparo - MG,MG,17285.0,0.3,488.885,13,2.659112061118668,5,43,ok
3160009,Santo Antônio do Aventureiro - MG,MG,3769.0,0.5,202.032,0,0.0,1,5,ok
3160108,Santo Antônio do Grama - MG,MG,4229.0,0.9,130.213,0,0.0,0,0,ok
3160207,Santo Antônio do Itambé - MG,MG,3915.0,2.7,305.737,5,1.6353925105564586,4,20,ok
3160306,Santo Antônio do Jacinto - MG,MG,10327.0,1.3,503.706,0,0.0,3,4,ok
3160405,Santo Antônio do Monte - MG,MG,27295.0,0.9,1125.78,14,1.243582227433424,5,61,ok
3160454,Santo Antônio do Retiro - MG,MG,6629.0,0.3,796.29,11,1.381406271584473,4,35,ok
3160504,Santo Antônio do Rio Abaixo - MG,MG,1808.0,1.0,107.269,1,0.932235781073749,3,5,ok
3160603,Santo Hipólito - MG,MG,2717.0,0.3,430.656,2,0.4644077871897756,3,17,ok
3160702,Santos Dumont - MG,MG,42406.0,0.9,637.373,5,0.7844700042204487,5,23,ok
3160801,São Bento Abade - MG,MG,4713.0,1.7,80.403,0,0.0,0,0,ok
3160900,São Brás do Suaçuí - MG,MG,3989.0,1.0,110.019,6,5.4536034684918056,3,16,ok
3160959,São Domingos das Dores - MG,MG,5626.0,0.6,60.865,2,3.2859607327692433,4,6,ok
3161007,São Domingos do Prata - MG,MG,17392.0,0.7,743.768,2,0.2689010551677405,5,12,ok
3161056,São Félix de Minas - MG,MG,3200.0,1.3,162.56,1,0.6151574803149605,2,2,ok
3161106,São Francisco - MG,MG,52762.0,1.2,3308.1,35,1.0580091291073426,5,232,ok
3161205,São Francisco de Paula - MG,MG,6187.0,0.5,316.822,2,0.6312692931677725,5,16,ok
3161304,São Francisco de Sales - MG,MG,5732.0,0.9,1128.864,5,0.44292315106159824,5,37,ok
3161403,São Francisco do Glória - MG,MG,4800.0,0.9,164.613,1,0.607485435536683,2,2,ok
3161502,São Geraldo - MG,MG,10282.0,1.0,185.578,4,2.1554279063251034,3,13,ok
3161601,São Geraldo da Piedade - MG,MG,3305.0,0.7,152.336,0,0.0,0,0,ok
3161650,São Geraldo do Baixio - MG,MG,3143.0,0.5,280.954,4,1.4237206090676766,4,11,ok
3161700,São Gonçalo do Abaeté - MG,MG,7375.0,0.8,2692.545,30,1.1141875066154883,5,272,ok
3161809,São Gonçalo do Pará - MG,MG,11770.0,0.8,265.73,5,1.881609152146916,3,7,ok
3161908,São Gonçalo do Rio Abaixo - MG,MG,11850.0,0.9,363.828,8,2.198841210681971,4,25,ok
3162005,São Gonçalo do Sapucaí - MG,MG,23959.0,2.0,516.683,11,2.1289649553014134,5,36,ok
3162104,São Gotardo - MG,MG,40910.0,0.8,866.087,4,0.4618473663731242,5,63,ok
3162203,São João Batista do Glória - MG,MG,7652.0,0.7,547.908,6,1.0950743555487417,5,71,ok
3162252,São João da Lagoa - MG,MG,4822.0,0.5,998.015,3,0.3005966844185709,4,37,ok
3162302,São João da Mata - MG,MG,2914.0,1.2,120.536,0,0.0,1,2,ok
3162401,São João da Ponte - MG,MG,23930.0,0.8,1851.102,19,1.0264156162113163,5,95,ok
3162450,São João das Missões - MG,MG,13024.0,0.7,678.274,10,1.4743304328339284,5,58,ok
3162500,São João del Rei - MG,MG,90225.0,0.8,1452.002,62,4.26996657029398,5,191,ok
3162559,São João do Manhuaçu - MG,MG,11246.0,0.7,143.096,1,0.6988315536423101,3,4,ok
3162575,São João do Manteninha - MG,MG,5331.0,0.4,137.928,1,0.7250159503509077,4,15,ok
3162609,São João do Oriente - MG,MG,7070.0,0.9,120.122,0,0.0,2,18,ok
3162658,São João do Pacuí - MG,MG,3972.0,0.5,415.922,3,0.7212890878578194,3,8,ok
3162708,São João do Paraíso - MG,MG,23910.0,0.8,1925.575,30,1.5579761889305792,5,119,ok
3162807,São João Evangelista - MG,MG,15315.0,1.2,478.183,3,0.6273748753092435,5,15,ok
3162906,São João Nepomuceno - MG,MG,25565.0,0.7,407.427,7,1.7180991932297072,3,15,ok
3162922,São Joaquim de Bicas - MG,MG,34348.0,1.5,71.758,5,6.967864210262271,4,16,ok
3162948,São José da Barra - MG,MG,7793.0,0.6,308.319,0,0.0,4,25,ok
3162955,São José da Lapa - MG,MG,26090.0,1.0,47.93,0,0.0,3,15,ok
3163003,São José da Safira - MG,MG,3806.0,0.7,213.881,1,0.46754971222315217,4,35,ok
3163102,São José da Varginha - MG,MG,4536.0,1.1,205.501,2,0.9732312738137526,4,8,ok
3163201,São José do Alegre - MG,MG,4133.0,1.2,88.794,1,1.1262022208707796,1,1,ok
3163300,São José do Divino - MG,MG,3464.0,0.5,328.704,4,1.2169003115264798,5,14,ok
3163409,São José do Goiabal - MG,MG,5396.0,0.5,189.578,7,3.6924115667429764,2,9,ok
3163508,São José do Jacuri - MG,MG,6197.0,1.2,345.146,3,0.8691973831364118,4,23,ok
3163607,São José do Mantimento - MG,MG,2753.0,0.8,54.701,0,0.0,0,0,ok
3163706,São Lourenço - MG,MG,44798.0,1.6,58.019,1,1.723573312190834,3,4,ok
3163805,São Miguel do Anta - MG,MG,6334.0,0.7,152.111,0,0.0,2,5,ok
3163904,São Pedro da União - MG,MG,4885.0,0.9,260.827,0,0.0,3,9,ok
3164001,São Pedro dos Ferros - MG,MG,7166.0,0.8,402.739,2,0.496599534686236,4,22,ok
3164100,São Pedro do Suaçuí - MG,MG,5103.0,1.6,308.106,19,6.166708859937814,5,47,ok
3164209,São Romão - MG,MG,10315.0,0.7,2434.004,49,2.0131437746199268,5,165,ok
3164308,São Roque de Minas - MG,MG,7129.0,0.9,2098.867,21,1.0005398150525975,5,149,ok
3164407,São Sebastião da Bela Vista - MG,MG,6387.0,1.3,167.428,0,0.0,3,7,ok
3164431,São Sebastião da Vargem Alegre - MG,MG,3113.0,0.4,73.629,0,0.0,1,1,ok
3164472,São Sebastião do Anta - MG,MG,6194.0,0.9,80.618,1,1.2404177727058474,3,6,ok
3164506,São Sebastião do Maranhão - MG,MG,10079.0,0.6,517.83,19,3.6691578317208347,5,84,ok
3164605,São Sebastião do Oeste - MG,MG,8815.0,0.7,408.09,6,1.470263912372271,5,41,ok
3164704,São Sebastião do Paraíso - MG,MG,71796.0,0.9,814.925,15,1.840660183452465,5,84,ok
3164803,São Sebastião do Rio Preto - MG,MG,1259.0,0.9,128.002,0,0.0,2,10,ok
3164902,São Sebastião do Rio Verde - MG,MG,2300.0,0.7,90.848,0,0.0,1,5,ok
3165008,São Tiago - MG,MG,11192.0,1.1,572.4,3,0.5241090146750524,5,19,ok
3165107,São Tomás de Aquino - MG,MG,6740.0,0.5,277.928,1,0.3598054172303618,5,16,ok
3165206,São Tomé das Letras - MG,MG,6904.0,1.4,369.747,2,0.5409104063048517,4,6,ok
3165305,São Vicente de Minas - MG,MG,6804.0,0.7,392.651,6,1.5280745496636963,5,29,ok
3165404,Sapucaí-Mirim - MG,MG,6311.0,0.5,285.073,0,0.0,2,3,ok
3165503,Sardoá - MG,MG,5104.0,2.3,141.904,1,0.7047017702108468,2,3,ok
3165537,Sarzedo - MG,MG,36844.0,1.1,62.134,1,1.6094247915794895,4,9,ok
3165552,Setubinha - MG,MG,9917.0,0.9,534.655,31,5.798131505363272,5,100,ok
3165560,Sem-Peixe - MG,MG,2433.0,2.5,176.634,0,0.0,0,0,ok
3165578,Senador Amaral - MG,MG,6206.0,1.4,151.097,0,0.0,1,1,ok
3165602,Senador Cortes - MG,MG,2240.0,1.3,98.336,0,0.0,0,0,ok
3165701,Senador Firmino - MG,MG,7716.0,0.7,166.495,1,0.6006186371963121,3,6,ok
3165800,Senador José Bento - MG,MG,2068.0,0.6,93.892,0,0.0,0,0,ok
3165909,Senador Modestino Gonçalves - MG,MG,4008.0,0.8,952.055,14,1.4705032797474937,5,49,ok
3166006,Senhora de Oliveira - MG,MG,5483.0,0.5,170.749,0,0.0,2,8,ok
3166105,Senhora do Porto - MG,MG,3067.0,0.5,381.328,19,4.982587169051316,5,73,ok
3166204,Senhora dos Remédios - MG,MG,10384.0,1.0,237.815,2,0.8409898450476211,3,5,ok
3166303,Sericita - MG,MG,7345.0,0.4,166.012,4,2.4094643760691996,3,14,ok
3166402,Seritinga - MG,MG,1819.0,0.6,114.769,0,0.0,3,10,ok
3166501,Serra Azul de Minas - MG,MG,3792.0,0.3,218.595,0,0.0,3,10,ok
3166600,Serra da Saudade - MG,MG,833.0,0.5,335.659,6,1.7875284142537515,5,13,ok
3166709,Serra dos Aimorés - MG,MG,6944.0,1.0,213.574,2,0.9364435745924129,5,10,ok
3166808,Serra do Salitre - MG,MG,11801.0,0.7,1295.272,23,1.7756888128516637,5,186,ok
3166907,Serrania - MG,MG,7621.0,0.8,209.27,0,0.0,1,9,ok
3166956,Serranópolis de Minas - MG,MG,4399.0,0.4,551.954,8,1.4493961453309516,5,22,ok
3167004,Serranos - MG,MG,1990.0,0.4,213.173,3,1.407307679678008,3,9,ok
3167103,Serro - MG,MG,21952.0,0.9,1217.813,50,4.105720664831136,5,128,ok
3167202,Sete Lagoas - MG,MG,227397.0,1.0,536.928,21,3.911138923654568,5,84,ok
3167301,Silveirânia - MG,MG,2323.0,1.7,157.456,0,0.0,1,1,ok
3167400,Silvianópolis - MG,MG,6179.0,1.4,312.166,3,0.9610271458134454,4,15,ok
3167509,Simão Pereira - MG,MG,2947.0,1.7,135.689,0,0.0,3,5,ok
3167608,Simonésia - MG,MG,19750.0,0.8,486.543,14,2.8774435147561466,4,40,ok
3167707,Sobrália - MG,MG,5137.0,0.8,206.787,2,0.9671787878348251,3,18,ok
3167806,Soledade de Minas - MG,MG,5613.0,0.5,196.866,0,0.0,4,8,ok
3167905,Tabuleiro - MG,MG,4014.0,0.9,211.084,1,0.4737450493642341,3,4,ok
3168002,Taiobeiras - MG,MG,33050.0,0.8,1220.046,43,3.5244572745617786,5,130,ok
3168051,Taparuba - MG,MG,3387.0,0.8,193.082,0,0.0,2,4,ok
3168101,Tapira - MG,MG,4118.0,0.7,1179.248,13,1.102397460076252,5,55,ok
3168200,Tapiraí - MG,MG,1690.0,1.1,407.92,11,2.696607177878015,5,38,ok
3168309,Taquaraçu de Minas - MG,MG,4224.0,0.6,329.287,2,0.6073728996285915,4,33,ok
3168408,Tarumirim - MG,MG,14709.0,1.5,731.753,6,0.8199488078627624,5,29,ok
3168507,Teixeiras - MG,MG,12255.0,0.8,166.735,0,0.0,3,6,ok
3168606,Teófilo Otoni - MG,MG,137418.0,1.0,3242.27,61,1.8813979094893394,5,241,ok
3168705,Timóteo - MG,MG,81579.0,1.7,144.381,8,5.540895270153276,4,29,ok
3168804,Tiradentes - MG,MG,7744.0,1.1,83.047,1,1.2041374161619325,3,5,ok
3168903,Tiros - MG,MG,7883.0,1.5,2091.774,25,1.195157794293265,5,125,ok
3169000,Tocantins - MG,MG,16185.0,1.7,173.866,4,2.3006223183371097,2,12,ok
3169059,Tocos do Moji - MG,MG,3826.0,2.9,114.705,0,0.0,0,0,ok
3169109,Toledo - MG,MG,7214.0,1.6,136.776,0,0.0,2,4,ok
3169208,Tombos - MG,MG,8609.0,1.1,285.124,4,1.402898388069752,4,9,ok
3169307,Três Corações - MG,MG,75485.0,1.2,828.038,24,2.8984177054676237,5,90,ok
3169356,Três Marias - MG,MG,28895.0,0.8,2678.253,18,0.6720798968581384,5,158,ok
3169406,Três Pontas - MG,MG,55255.0,1.2,689.794,13,1.8846206258680127,5,63,ok
3169505,Tumiritinga - MG,MG,5886.0,1.0,500.073,8,1.5997664341006215,5,30,ok
3169604,Tupaciguara - MG,MG,25470.0,1.1,1822.53,4,0.21947512523799334,5,109,ok
3169703,Turmalina - MG,MG,20000.0,1.3,1153.111,3,0.26016576027806515,5,33,ok
3169802,Turvolândia - MG,MG,4935.0,1.2,221.0,2,0.904977375565611,4,14,ok
3169901,Ubá - MG,MG,103365.0,1.7,407.452,5,1.227138411395698,4,33,ok
3170008,Ubaí - MG,MG,11708.0,0.8,820.524,2,0.2437466789514993,4,8,ok
3170057,Ubaporanga - MG,MG,13017.0,1.1,189.045,6,3.173847496627787,4,19,ok
3170107,Uberaba - MG,MG,337836.0,1.2,4523.957,48,1.0610180423907654,5,573,ok
3170206,Uberlândia - MG,MG,713224.0,1.2,4115.206,30,0.7290036027358047,5,494,ok
3170305,Umburatiba - MG,MG,2684.0,0.1,405.834,0,0.0,3,6,ok
3170404,Unaí - MG,MG,86619.0,0.9,8445.432,89,1.0538241264626842,5,525,ok
3170438,União de Minas - MG,MG,3828.0,1.0,1147.407,1,0.08715303288196778,5,10,ok
3170479,Uruana de Minas - MG,MG,3282.0,0.8,598.221,2,0.3343246057894992,5,29,ok
3170503,Urucânia - MG,MG,10600.0,1.1,138.792,0,0.0,3,10,ok
3170529,Urucuia - MG,MG,17479.0,0.6,2076.942,12,0.5777725136282091,5,88,ok
3170578,Vargem Alegre - MG,MG,5780.0,0.7,116.664,0,0.0,2,11,ok
3170602,Vargem Bonita - MG,MG,2158.0,0.4,409.888,1,0.2439690842376454,5,29,ok
3170651,Vargem Grande do Rio Pardo - MG,MG,4633.0,0.8,491.512,4,0.8138153290255375,3,7,ok
3170701,Varginha - MG,MG,136467.0,0.9,395.396,13,3.287843073779199,5,60,ok
3170750,Varjão de Minas - MG,MG,6969.0,1.2,651.505,5,0.7674538184664739,3,13,ok
3170800,Várzea da Palma - MG,MG,33744.0,0.8,2220.279,62,2.7924418507764113,5,224,ok
3170909,Varzelândia - MG,MG,18840.0,1.0,814.994,12,1.4724034778170145,5,51,ok
3171006,Vazante - MG,MG,19975.0,1.1,1913.396,35,1.8292083813282771,5,194,ok
3171030,Verdelândia - MG,MG,7672.0,0.8,1570.582,30,1.9101199427982745,5,180,ok
3171071,Veredinha - MG,MG,5181.0,0.7,631.692,9,1.4247449706502535,5,27,ok
3171105,Veríssimo - MG,MG,3411.0,0.8,1031.823,4,0.3876633880035626,5,81,ok
3171154,Vermelho Novo - MG,MG,4899.0,1.8,115.242,0,0.0,1,3,ok
3171204,Vespasiano - MG,MG,129246.0,1.3,71.04,6,8.445945945945946,5,40,ok
3171303,Viçosa - MG,MG,76430.0,1.2,299.418,10,3.339812569718587,5,21,ok
3171402,Vieiras - MG,MG,3700.0,1.3,112.691,0,0.0,1,2,ok
3171501,Mathias Lobato - MG,MG,3038.0,1.7,172.297,10,5.803931583254497,4,22,ok
3171600,Virgem da Lapa - MG,MG,11804.0,0.5,868.914,21,2.4168099489707844,5,84,ok
3171709,Virgínia - MG,MG,8908.0,0.5,326.515,0,0.0,0,0,ok
3171808,Virginópolis - MG,MG,10314.0,1.1,439.878,1,0.2273357612792638,4,20,ok
3171907,Virgolândia - MG,MG,4552.0,1.0,281.022,3,1.0675320793389842,4,33,ok
3172004,Visconde do Rio Branco - MG,MG,39160.0,1.7,243.351,4,1.6437162781332313,4,29,ok
3172103,Volta Grande - MG,MG,4443.0,1.0,205.552,1,0.48649490153343194,5,13,ok
3172202,Wenceslau Braz - MG,MG,2356.0,0.6,102.487,0,0.0,0,0,ok
3200102,Afonso Cláudio - ES,ES,30684.0,1.5,941.188,4,0.4249947938137758,5,49,ok
3200136,Águia Branca - ES,ES,9711.0,2.1,454.448,1,0.22004717811498786,5,8,ok
3200169,Água Doce do Norte - ES,ES,12042.0,0.8,473.729,3,0.6332734538100898,4,12,ok
3200201,Alegre - ES,ES,29177.0,0.7,756.86,8,1.0569986523267183,4,22,ok
3200300,Alfredo Chaves - ES,ES,13836.0,1.3,615.677,2,0.324845657706882,4,17,ok
3200359,Alto Rio Novo - ES,ES,7434.0,0.9,227.617,2,0.8786689922105995,5,17,ok
3200409,Anchieta - ES,ES,29984.0,1.0,409.691,0,0.0,1,2,ok
3200508,Apiacá - ES,ES,7223.0,1.0,193.984,0,0.0,1,1,ok
3200607,Aracruz - ES,ES,94765.0,1.0,1420.285,17,1.196942867100617,5,112,ok
3200706,Atílio Vivácqua - ES,ES,10540.0,0.8,232.868,1,0.4294278303588299,2,2,ok
3200805,Baixo Guandu - ES,ES,30674.0,1.3,909.039,8,0.8800502508693248,5,45,ok
3200904,Barra de São Francisco - ES,ES,42498.0,1.2,944.521,5,0.5293688546893082,5,38,ok
3201001,Boa Esperança - ES,ES,13608.0,0.8,428.716,7,1.6327825413560493,4,27,ok
3201100,Bom Jesus do Norte - ES,ES,10254.0,0.9,89.084,0,0.0,1,1,ok
3201159,Brejetuba - ES,ES,12985.0,0.8,354.404,4,1.1286554327829257,5,26,ok
3201209,Cachoeiro de Itapemirim - ES,ES,185786.0,1.3,864.583,19,2.1975912087098637,5,46,ok
3201308,Cariacica - ES,ES,353491.0,1.4,279.718,3,1.0725087409462386,3,6,ok
3201407,Castelo - ES,ES,36930.0,0.9,663.515,6,0.9042749598727986,4,16,ok
3201506,Colatina - ES,ES,120033.0,1.5,1398.219,10,0.7151955451899881,5,89,ok
3201605,Conceição da Barra - ES,ES,27458.0,1.1,1182.587,50,4.228018741961479,5,228,ok
3201704,Conceição do Castelo - ES,ES,11937.0,1.1,369.778,4,1.0817301191525726,4,11,ok
3201803,Divino de São Lourenço - ES,ES,5083.0,1.0,174.039,1,0.5745838576411035,3,3,ok
3201902,Domingos Martins - ES,ES,35416.0,1.2,1229.21,24,1.9524735399158808,5,51,ok
3202009,Dores do Rio Preto - ES,ES,6596.0,0.7,159.298,0,0.0,2,7,ok
3202108,Ecoporanga - ES,ES,21992.0,1.0,2285.369,15,0.6563491497434331,5,74,ok
3202207,Fundão - ES,ES,18014.0,2.3,286.854,2,0.6972187942298173,5,13,ok
3202256,Governador Lindenberg - ES,ES,11009.0,1.1,360.016,1,0.27776543264743786,5,23,ok
3202306,Guaçuí - ES,ES,29358.0,1.0,468.185,5,1.067953907109369,5,14,ok
3202405,Guarapari - ES,ES,124656.0,1.4,589.825,7,1.186792692747849,5,22,ok
3202454,Ibatiba - ES,ES,25380.0,0.9,240.278,5,2.0809229309383297,5,21,ok
3202504,Ibiraçu - ES,ES,11723.0,1.4,201.248,4,1.9875973922722212,5,11,ok
3202553,Ibitirama - ES,ES,9520.0,0.7,330.874,2,0.6044597036938532,5,22,ok
3202603,Iconha - ES,ES,12326.0,0.7,203.528,0,0.0,1,1,ok
3202652,Irupi - ES,ES,13710.0,0.7,184.807,2,1.082210089444664,3,10,ok
3202702,Itaguaçu - ES,ES,13589.0,0.8,535.021,0,0.0,4,14,ok
3202801,Itapemirim - ES,ES,39832.0,1.4,550.71,9,1.6342539630658606,5,59,ok
3202900,Itarana - ES,ES,10597.0,1.0,295.189,0,0.0,2,3,ok
3203007,Iúna - ES,ES,28590.0,0.8,460.586,9,1.954032471677385,5,27,ok
3203056,Jaguaré - ES,ES,28931.0,1.0,659.751,7,1.0610063493651394,5,34,ok
3203106,Jerônimo Monteiro - ES,ES,11575.0,0.7,177.342,0,0.0,1,2,ok
3203130,João Neiva - ES,ES,14079.0,0.7,284.735,0,0.0,2,9,ok
3203163,Laranja da Terra - ES,ES,11094.0,0.3,458.37,4,0.8726574601304623,3,7,ok
3203205,Linhares - ES,ES,166786.0,1.4,3496.263,36,1.0296708228185352,5,161,ok
3203304,Mantenópolis - ES,ES,12770.0,1.2,321.418,1,0.31112134354640997,4,20,ok
3203320,Marataízes - ES,ES,41929.0,1.2,130.268,0,0.0,4,6,ok
3203346,Marechal Floriano - ES,ES,17641.0,0.6,285.495,0,0.0,1,2,ok
3203353,Marilândia - ES,ES,12387.0,1.2,327.642,2,0.6104223512248125,4,8,ok
3203403,Mimoso do Sul - ES,ES,24475.0,0.7,869.439,2,0.23003338934646364,3,5,ok
3203502,Montanha - ES,ES,18900.0,1.1,1099.06,3,0.2729605299073754,5,30,ok
3203601,Mucurici - ES,ES,5466.0,1.1,540.529,4,0.7400157993373159,5,16,ok
3203700,Muniz Freire - ES,ES,18153.0,0.9,678.804,7,1.0312255083941757,5,31,ok
3203809,Muqui - ES,ES,13745.0,0.8,327.268,4,1.2222398767982205,4,8,ok
3203908,Nova Venécia - ES,ES,49065.0,0.8,1439.571,11,0.7641165319390292,5,68,ok
3204005,Pancas - ES,ES,18893.0,1.2,837.842,6,0.7161254747315127,5,41,ok
3204054,Pedro Canário - ES,ES,21522.0,0.9,433.453,8,1.8456441644192108,5,24,ok
3204104,Pinheiros - ES,ES,23915.0,1.6,973.136,2,0.20552111935022446,5,24,ok
3204203,Piúma - ES,ES,22300.0,1.3,74.046,0,0.0,0,0,ok
3204252,Ponto Belo - ES,ES,6497.0,1.1,360.11,1,0.2776929271611452,5,13,ok
3204302,Presidente Kennedy - ES,ES,13696.0,1.0,594.897,4,0.6723853036744175,4,24,ok
3204351,Rio Bananal - ES,ES,19274.0,0.8,641.929,5,0.778902339666848,5,24,ok
3204401,Rio Novo do Sul - ES,ES,11069.0,0.6,204.464,0,0.0,1,1,ok
3204500,Santa Leopoldina - ES,ES,13106.0,0.7,718.325,3,0.4176382556642188,5,20,ok
3204559,Santa Maria de Jetibá - ES,ES,41636.0,0.8,735.198,0,0.0,4,27,ok
3204609,Santa Teresa - ES,ES,22808.0,0.7,683.032,3,0.43921807470221014,5,21,ok
3204658,São Domingos do Norte - ES,ES,8589.0,1.1,298.58,1,0.3349186147766093,5,20,ok
3204708,São Gabriel da Palha - ES,ES,32252.0,1.6,434.887,2,0.45988958051171913,5,24,ok
3204807,São José do Calçado - ES,ES,10878.0,0.9,273.489,2,0.7312908380227359,2,3,ok
3204906,São Mateus - ES,ES,123752.0,1.0,2346.049,52,2.216492494402291,5,220,ok
3204955,São Roque do Canaã - ES,ES,10886.0,1.3,341.944,1,0.2924455466392158,5,16,ok
3205002,Serra - ES,ES,520653.0,1.7,547.631,30,5.478141303176774,5,60,ok
3205010,Sooretama - ES,ES,26502.0,1.0,587.036,5,0.8517365204178279,5,39,ok
3205036,Vargem Alta - ES,ES,19563.0,0.8,417.76,1,0.23937188816545385,5,12,ok
3205069,Venda Nova do Imigrante - ES,ES,23831.0,1.1,185.909,1,0.5378975735440458,3,7,ok
3205101,Viana - ES,ES,73423.0,1.6,312.279,10,3.2022646415545073,4,20,ok
3205150,Vila Pavão - ES,ES,8911.0,1.1,433.257,7,1.615669221732136,3,11,ok
3205176,Vila Valério - ES,ES,13728.0,0.6,470.343,5,1.0630539840074158,5,31,ok
3205200,Vila Velha - ES,ES,467722.0,1.7,210.225,2,0.9513616363420145,5,9,ok
3205309,Vitória - ES,ES,322869.0,1.4,97.123,2,2.0592444632064497,2,3,ok
3300100,Angra dos Reis - RJ,RJ,167434.0,1.2,813.42,3,0.36881315925352215,4,7,ok
3300159,Aperibé - RJ,RJ,11034.0,1.1,94.542,3,3.173192866662436,2,4,ok
3300209,Araruama - RJ,RJ,129671.0,1.1,638.276,10,1.5667203529507612,5,39,ok
3300225,Areal - RJ,RJ,11828.0,0.8,110.724,6,5.418879375745096,4,17,ok
3300233,Armação dos Búzios - RJ,RJ,40006.0,1.6,70.977,2,2.817814221508376,3,7,ok
3300258,Arraial do Cabo - RJ,RJ,30986.0,1.1,152.106,0,0.0,2,3,ok
3300308,Barra do Piraí - RJ,RJ,92883.0,0.9,584.61,17,2.9079215203297926,5,47,ok
3300407,Barra Mansa - RJ,RJ,169894.0,0.9,547.133,11,2.010480084367055,5,60,ok
3300456,Belford Roxo - RJ,RJ,483087.0,1.6,78.985,0,0.0,2,2,ok
3300506,Bom Jardim - RJ,RJ,28102.0,1.0,382.43,15,3.922286431503805,4,42,ok
3300605,Bom Jesus do Itabapoana - RJ,RJ,35173.0,0.9,596.659,7,1.1731994321714747,4,24,ok
3300704,Cabo Frio - RJ,RJ,222161.0,1.1,413.449,9,2.1768101990813857,5,22,ok
3300803,Cachoeiras de Macacu - RJ,RJ,56943.0,1.0,954.749,12,1.2568748435452668,5,44,ok
3300902,Cambuci - RJ,RJ,14616.0,0.8,558.281,9,1.6120914020000683,4,20,ok
3300936,Carapebus - RJ,RJ,13847.0,0.8,304.885,2,0.6559850435410073,4,8,ok
3300951,Comendador Levy Gasparian - RJ,RJ,8741.0,0.6,108.639,6,5.522878524286858,5,32,ok
3301009,Campos dos Goytacazes - RJ,RJ,483540.0,1.4,4032.487,94,2.3310676513030293,5,302,ok
3301108,Cantagalo - RJ,RJ,19390.0,0.3,747.21,14,1.8736365947993199,4,43,ok
3301157,Cardoso Moreira - RJ,RJ,12958.0,1.5,522.596,3,0.574057206714173,5,13,ok
3301207,Carmo - RJ,RJ,17198.0,1.2,305.749,3,0.9811969949206701,4,11,ok
3301306,Casimiro de Abreu - RJ,RJ,46110.0,1.6,462.918,1,0.21602097995757347,5,9,ok
3301405,Conceição de Macabu - RJ,RJ,21104.0,0.9,338.26,6,1.773783480163188,4,11,ok
3301504,Cordeiro - RJ,RJ,20783.0,0.8,113.048,0,0.0,1,1,ok
3301603,Duas Barras - RJ,RJ,10980.0,1.4,379.619,12,3.161064119551445,4,17,ok
3301702,Duque de Caxias - RJ,RJ,808161.0,1.5,467.319,1,0.21398659160017033,5,12,ok
3301801,Engenheiro Paulo de Frontin - RJ,RJ,12242.0,0.9,139.381,0,0.0,2,5,ok
3301850,Guapimirim - RJ,RJ,51696.0,1.1,358.443,1,0.2789843852439579,5,19,ok
3301876,Iguaba Grande - RJ,RJ,27920.0,1.4,50.977,0,0.0,0,0,ok
3301900,Itaboraí - RJ,RJ,224267.0,1.5,429.961,11,2.558371573235712,5,41,ok
3302007,Itaguaí - RJ,RJ,116841.0,1.2,282.606,11,3.892344819289045,5,57,ok
3302056,Italva - RJ,RJ,14073.0,0.6,291.193,9,3.090733637141003,4,19,ok
3302106,Itaocara - RJ,RJ,22919.0,0.5,433.182,14,3.231897908962053,4,26,ok
3302205,Itaperuna - RJ,RJ,101041.0,1.2,1106.694,17,1.5361066383300173,5,80,ok
3302254,Itatiaia - RJ,RJ,30908.0,1.2,241.035,7,2.9041425519115482,5,31,ok
3302270,Japeri - RJ,RJ,96289.0,1.0,81.697,1,1.224035154289631,4,5,ok
3302304,Laje do Muriaé - RJ,RJ,7336.0,1.3,253.53,1,0.39443063937206646,3,7,ok
3302403,Macaé - RJ,RJ,246391.0,1.7,1216.989,11,0.9038701253667865,5,22,ok
3302452,Macuco - RJ,RJ,5415.0,0.5,78.364,1,1.2760961666071153,2,2,ok
3302502,Magé - RJ,RJ,228127.0,1.1,390.775,0,0.0,2,5,ok
3302601,Mangaratiba - RJ,RJ,41220.0,1.0,367.606,2,0.5440607607057556,1,2,ok
3302700,Maricá - RJ,RJ,197277.0,1.3,361.572,0,0.0,4,16,ok
3302809,Mendes - RJ,RJ,17502.0,0.8,95.324,6,6.294322521085981,3,11,ok
3302858,Mesquita - RJ,RJ,167127.0,1.2,41.169,4,9.71604848308193,1,4,ok
3302908,Miguel Pereira - RJ,RJ,26582.0,0.7,287.933,6,2.083818110463198,5,30,ok
3303005,Miracema - RJ,RJ,26881.0,0.8,303.27,2,0.6594783526230752,3,7,ok
3303104,Natividade - RJ,RJ,15074.0,0.8,387.073,9,2.3251428025204546,4,20,ok
3303203,Nilópolis - RJ,RJ,146774.0,1.3,19.393,1,5.15649976795751,3,6,ok
3303302,Niterói - RJ,RJ,481749.0,1.2,133.757,0,0.0,2,2,ok
3303401,Nova Friburgo - RJ,RJ,189939.0,1.2,935.429,8,0.8552225770208107,5,57,ok
3303500,Nova Iguaçu - RJ,RJ,785867.0,1.6,520.581,5,0.9604653262412574,5,19,ok
3303609,Paracambi - RJ,RJ,41375.0,1.1,190.949,3,1.5711001366857116,5,28,ok
3303708,Paraíba do Sul - RJ,RJ,42063.0,1.1,571.118,21,3.6769984486568443,5,82,ok
3303807,Paraty - RJ,RJ,45243.0,1.2,924.296,0,0.0,4,9,ok
3303856,Paty do Alferes - RJ,RJ,29619.0,0.8,314.341,7,2.22688099866069,5,48,ok
3303906,Petrópolis - RJ,RJ,278881.0,1.2,791.144,12,1.516790874986096,5,62,ok
3303955,Pinheiral - RJ,RJ,24298.0,1.7,82.254,0,0.0,3,14,ok
3304003,Piraí - RJ,RJ,27474.0,0.6,490.255,14,2.855656750058643,5,58,ok
3304102,Porciúncula - RJ,RJ,17288.0,1.0,291.847,5,1.71322645084582,4,20,ok
3304110,Porto Real - RJ,RJ,20373.0,1.1,50.892,1,1.9649453745185883,4,4,ok
3304128,Quatis - RJ,RJ,13682.0,0.6,284.826,2,0.7021830872181613,3,9,ok
3304144,Queimados - RJ,RJ,140523.0,1.0,75.927,5,6.585272696142347,5,24,ok
3304151,Quissamã - RJ,RJ,22393.0,1.2,719.643,5,0.6947889439624925,5,20,ok
3304201,Resende - RJ,RJ,129612.0,1.2,1099.336,13,1.1825320011352307,5,100,ok
3304300,Rio Bonito - RJ,RJ,56276.0,1.2,459.458,2,0.43529550035041287,5,25,ok
3304409,Rio Claro - RJ,RJ,17401.0,0.8,846.797,4,0.47236822992995964,4,24,ok
3304508,Rio das Flores - RJ,RJ,8954.0,0.8,478.783,11,2.2974917655806495,5,34,ok
3304524,Rio das Ostras - RJ,RJ,156491.0,1.6,228.044,3,1.3155355983932926,3,6,ok
3304557,Rio de Janeiro - RJ,RJ,6211223.0,1.4,1200.329,9,0.7497944313600688,5,61,ok
3304607,Santa Maria Madalena - RJ,RJ,10232.0,1.1,810.963,5,0.6165509400552183,3,12,ok
3304706,Santo Antônio de Pádua - RJ,RJ,41325.0,0.6,603.633,7,1.1596450160942162,5,32,ok
3304755,São Francisco de Itabapoana - RJ,RJ,45059.0,1.0,1118.037,18,1.609964607611376,5,79,ok
3304805,São Fidélis - RJ,RJ,38961.0,1.2,1034.833,32,3.0922863882384886,4,67,ok
3304904,São Gonçalo - RJ,RJ,896744.0,1.5,248.16,3,1.2088974854932302,5,17,ok
3305000,São João da Barra - RJ,RJ,36573.0,1.1,452.396,5,1.1052263945746645,3,12,ok
3305109,São João de Meriti - RJ,RJ,440962.0,1.2,35.216,0,0.0,0,0,ok
3305133,São José de Ubá - RJ,RJ,7070.0,0.7,249.688,5,2.0024991189003876,4,19,ok
3305158,São José do Vale do Rio Preto - RJ,RJ,22080.0,0.6,220.178,5,2.2708899163404155,5,24,ok
3305208,São Pedro da Aldeia - RJ,RJ,104029.0,1.1,332.488,7,2.1053391400591903,5,24,ok
3305307,São Sebastião do Alto - RJ,RJ,7750.0,0.5,397.214,5,1.258767314344409,5,28,ok
3305406,Sapucaia - RJ,RJ,17729.0,0.7,540.673,12,2.219456122277236,5,60,ok
3305505,Saquarema - RJ,RJ,89559.0,1.2,352.13,8,2.2718882230994235,5,32,ok
3305554,Seropédica - RJ,RJ,80596.0,1.6,265.189,41,15.460671445648197,5,147,ok
3305604,Silva Jardim - RJ,RJ,21352.0,1.2,937.755,8,0.8531012897825124,5,23,ok
3305703,Sumidouro - RJ,RJ,15206.0,0.4,413.407,6,1.4513542344469252,5,16,ok
3305752,Tanguá - RJ,RJ,31086.0,0.9,143.007,3,2.0977994084205664,3,12,ok
3305802,Teresópolis - RJ,RJ,165123.0,1.1,773.338,12,1.5517147741349837,5,79,ok
3305901,Trajano de Moraes - RJ,RJ,10302.0,0.8,591.151,9,1.5224536539733504,4,26,ok
3306008,Três Rios - RJ,RJ,78346.0,0.9,322.843,27,8.363198210895078,5,81,ok
3306107,Valença - RJ,RJ,68088.0,1.0,1300.767,13,0.999410347894742,5,77,ok
3306156,Varre-Sai - RJ,RJ,10207.0,0.8,201.938,0,0.0,2,3,ok
3306206,Vassouras - RJ,RJ,33976.0,1.1,536.073,20,3.730835166106109,5,83,ok
3306305,Volta Redonda - RJ,RJ,261563.0,1.0,182.105,6,3.2948024491364873,4,29,ok
3500105,Adamantina - SP,SP,34687.0,0.9,411.987,0,0.0,4,23,ok
3500204,Adolfo - SP,SP,4351.0,1.8,211.055,0,0.0,0,0,ok
3500303,Aguaí - SP,SP,32072.0,1.0,474.554,5,1.053620873493849,5,77,ok
3500402,Águas da Prata - SP,SP,7369.0,0.4,142.673,2,1.4018069291316506,5,16,ok
3500501,Águas de Lindóia - SP,SP,17930.0,1.1,60.126,0,0.0,2,5,ok
3500550,Águas de Santa Bárbara - SP,SP,7177.0,0.9,404.463,8,1.9779312322758817,5,49,ok
3500600,Águas de São Pedro - SP,SP,2780.0,1.0,3.612,0,0.0,0,0,ok
3500709,Agudos - SP,SP,37680.0,0.9,966.708,6,0.6206631164736405,5,74,ok
3500758,Alambari - SP,SP,6141.0,0.7,159.6,3,1.8796992481203008,4,10,ok
3500808,Alfredo Marcondes - SP,SP,4445.0,0.4,118.915,0,0.0,0,0,ok
3500907,Altair - SP,SP,3451.0,0.8,313.007,0,0.0,3,39,ok
3501004,Altinópolis - SP,SP,16818.0,0.9,928.956,2,0.21529544994596087,5,88,ok
3501103,Alto Alegre - SP,SP,3841.0,1.1,318.574,0,0.0,2,5,ok
3501152,Alumínio - SP,SP,17301.0,0.9,83.619,1,1.1959004532462718,4,25,ok
3501202,Álvares Florence - SP,SP,3915.0,1.0,362.411,7,1.9315087014466998,5,32,ok
3501301,Álvares Machado - SP,SP,27255.0,1.4,347.647,1,0.28764810281693787,3,6,ok
3501400,Álvaro de Carvalho - SP,SP,4808.0,0.5,153.662,0,0.0,1,1,ok
3501509,Alvinlândia - SP,SP,2885.0,1.4,84.879,0,0.0,1,2,ok
3501608,Americana - SP,SP,237240.0,1.0,133.912,3,2.240277196965171,5,20,ok
3501707,Américo Brasiliense - SP,SP,33019.0,1.1,122.958,1,0.8132858374404268,5,15,ok
3501806,Américo de Campos - SP,SP,5870.0,0.6,252.876,0,0.0,2,14,ok
3501905,Amparo - SP,SP,68008.0,1.1,445.323,7,1.5718927609847235,5,45,ok
3502002,Analândia - SP,SP,4589.0,0.4,325.953,2,0.6135853942132762,4,24,ok
3502101,Andradina - SP,SP,59783.0,1.0,964.226,5,0.518550630246436,5,103,ok
3502200,Angatuba - SP,SP,24022.0,1.0,1027.288,2,0.1946873710196167,5,20,ok
3502309,Anhembi - SP,SP,5674.0,0.3,736.557,3,0.4073004533254046,3,9,ok
3502408,Anhumas - SP,SP,4023.0,0.6,320.84,1,0.3116818351826456,4,7,ok
3502507,Aparecida - SP,SP,32569.0,0.9,120.89,4,3.3087931177103154,5,14,ok
3502606,Aparecida d'Oeste - SP,SP,4086.0,0.7,179.004,0,0.0,3,10,ok
3502705,Apiaí - SP,SP,24585.0,1.4,974.322,3,0.3079064210805052,4,22,ok
3502754,Araçariguama - SP,SP,21522.0,0.6,145.204,3,2.066058786259332,5,32,ok
3502804,Araçatuba - SP,SP,200124.0,1.2,1167.126,3,0.25704165617079905,5,97,ok
3502903,Araçoiaba da Serra - SP,SP,32443.0,1.4,255.305,1,0.3916883727306555,5,15,ok
3503000,Aramina - SP,SP,5420.0,0.5,202.829,8,3.9442091614118295,5,105,ok
3503109,Arandu - SP,SP,6885.0,0.8,285.908,1,0.34976286078039087,5,32,ok
3503158,Arapeí - SP,SP,2330.0,0.9,156.903,3,1.9120093306055335,3,11,ok
3503208,Araraquara - SP,SP,242228.0,1.3,1003.625,9,0.8967492838460581,5,143,ok
3503307,Araras - SP,SP,130866.0,1.0,644.831,7,1.0855557502663489,5,91,ok
3503356,Arco-Íris - SP,SP,2044.0,0.3,264.904,0,0.0,2,6,ok
3503406,Arealva - SP,SP,8130.0,0.8,506.226,1,0.19754022906764962,5,16,ok
3503505,Areias - SP,SP,3577.0,0.6,305.227,5,1.6381250675726593,5,45,ok
3503604,Areiópolis - SP,SP,10130.0,0.7,85.907,0,0.0,3,7,ok
3503703,Ariranha - SP,SP,7602.0,0.5,132.624,0,0.0,3,29,ok
3503802,Artur Nogueira - SP,SP,51456.0,1.1,178.026,1,0.5617157044476649,5,15,ok
3503901,Arujá - SP,SP,86678.0,1.1,96.167,0,0.0,3,11,ok
3503950,Aspásia - SP,SP,1842.0,0.3,69.373,0,0.0,2,3,ok
3504008,Assis - SP,SP,101409.0,0.9,460.609,1,0.21710387769235945,4,10,ok
3504107,Atibaia - SP,SP,158647.0,1.1,478.521,12,2.5077269336141983,5,66,ok
3504206,Auriflama - SP,SP,13692.0,1.1,434.498,0,0.0,4,12,ok
3504305,Avaí - SP,SP,4483.0,1.1,540.689,3,0.5548476111036104,5,27,ok
3504404,Avanhandava - SP,SP,11263.0,0.8,338.37,0,0.0,3,15,ok
3504503,Avaré - SP,SP,92805.0,1.1,1213.055,3,0.24730947896014605,5,44,ok
3504602,Bady Bassitt - SP,SP,27260.0,0.6,110.372,2,1.8120537817562425,5,21,ok
3504701,Balbinos - SP,SP,3887.0,,91.635,0,0.0,3,3,ok
3504800,Bálsamo - SP,SP,9596.0,1.1,149.881,5,3.33597987736938,5,16,ok
3504909,Bananal - SP,SP,9969.0,1.0,616.429,2,0.3244493688648652,3,5,ok
3505005,Barão de Antonina - SP,SP,3531.0,0.6,153.142,0,0.0,1,1,ok
3505104,Barbosa - SP,SP,5640.0,0.8,205.212,2,0.9746018751340078,5,19,ok
3505203,Bariri - SP,SP,31595.0,0.5,444.405,7,1.5751397936566873,5,48,ok
3505302,Barra Bonita - SP,SP,34346.0,0.7,150.121,3,1.9983879670399212,5,16,ok
3505351,Barra do Chapéu - SP,SP,5179.0,0.7,405.681,2,0.4929981931616221,5,13,ok
3505401,Barra do Turvo - SP,SP,6876.0,0.8,1007.684,8,0.7938996748980831,5,39,ok
3505500,Barretos - SP,SP,122485.0,1.3,1566.161,11,0.7023543556505365,5,196,ok
3505609,Barrinha - SP,SP,32092.0,1.1,146.025,2,1.369628488272556,5,19,ok
3505708,Barueri - SP,SP,316473.0,1.2,65.701,0,0.0,3,6,ok
3505807,Bastos - SP,SP,21503.0,0.7,170.912,1,0.5850964238906572,3,5,ok
3505906,Batatais - SP,SP,58402.0,0.9,849.526,5,0.5885635048250437,5,78,ok
3506003,Bauru - SP,SP,379146.0,1.1,667.684,5,0.7488572438458913,5,52,ok
3506102,Bebedouro - SP,SP,76373.0,1.0,683.192,5,0.7318586868698697,5,74,ok
3506201,Bento de Abreu - SP,SP,2606.0,1.2,301.687,0,0.0,3,18,ok
3506300,Bernardino de Campos - SP,SP,11607.0,0.6,244.158,2,0.819141703323258,4,8,ok
3506359,Bertioga - SP,SP,64188.0,1.5,491.546,0,0.0,0,0,ok
3506409,Bilac - SP,SP,7319.0,0.4,158.025,1,0.6328112640404999,4,19,ok
3506508,Birigui - SP,SP,118979.0,1.2,530.031,3,0.5660046299178728,5,46,ok
3506607,Biritiba Mirim - SP,SP,29683.0,1.5,317.406,4,1.260215622893077,5,35,ok
3506706,Boa Esperança do Sul - SP,SP,12978.0,1.4,690.748,2,0.2895411930255317,5,42,ok
3506805,Bocaina - SP,SP,11259.0,0.8,363.926,7,1.9234679577716347,5,53,ok
3506904,Bofete - SP,SP,10460.0,0.7,653.541,3,0.45903776503692956,4,12,ok
3507001,Boituva - SP,SP,61081.0,1.3,248.954,0,0.0,4,29,ok
3507100,Bom Jesus dos Perdões - SP,SP,22006.0,0.9,108.366,1,0.9227986637875348,5,15,ok
3507159,Bom Sucesso de Itararé - SP,SP,3555.0,0.4,133.578,0,0.0,0,0,ok
3507209,Borá - SP,SP,907.0,0.5,118.951,0,0.0,3,3,ok
3507308,Boracéia - SP,SP,4715.0,1.0,122.11,2,1.6378674965195315,5,13,ok
3507407,Borborema - SP,SP,14226.0,1.0,552.256,1,0.18107544327268515,4,23,ok
3507456,Borebi - SP,SP,2713.0,0.8,347.989,0,0.0,3,8,ok
3507506,Botucatu - SP,SP,145155.0,1.3,1482.642,12,0.8093659831570938,5,71,ok
3507605,Bragança Paulista - SP,SP,176811.0,1.0,512.584,6,1.1705398529801947,5,65,ok
3507704,Braúna - SP,SP,5356.0,0.4,195.176,0,0.0,1,2,ok
3507753,Brejo Alegre - SP,SP,2565.0,0.5,105.689,0,0.0,3,14,ok
3507803,Brodowski - SP,SP,25201.0,1.5,278.458,1,0.3591205855102026,4,15,ok
3507902,Brotas - SP,SP,23898.0,1.1,1101.373,8,0.7263660903254392,5,77,ok
3508009,Buri - SP,SP,20250.0,2.1,1196.463,5,0.41789842226629653,5,33,ok
3508108,Buritama - SP,SP,17210.0,0.9,326.921,1,0.30588429620611707,3,28,ok
3508207,Buritizal - SP,SP,4356.0,0.3,266.42,5,1.8767359807822233,4,37,ok
3508306,Cabrália Paulista - SP,SP,4299.0,0.4,239.974,0,0.0,4,23,ok
3508405,Cabreúva - SP,SP,47011.0,1.0,260.234,0,0.0,4,20,ok
3508504,Caçapava - SP,SP,96202.0,1.3,368.99,1,0.27101005447302096,5,33,ok
3508603,Cachoeira Paulista - SP,SP,31564.0,0.6,287.99,5,1.7361713948400987,5,35,ok
3508702,Caconde - SP,SP,17101.0,0.6,468.214,1,0.21357755214495935,5,31,ok
3508801,Cafelândia - SP,SP,16654.0,0.7,920.28,10,1.086625809536228,5,71,ok
3508900,Caiabu - SP,SP,3712.0,0.4,253.352,0,0.0,2,8,ok
3509007,Caieiras - SP,SP,95032.0,1.0,97.642,0,0.0,4,15,ok
3509106,Caiuá - SP,SP,5466.0,0.9,551.159,2,0.36287169401207275,5,8,ok
3509205,Cajamar - SP,SP,92689.0,1.2,131.386,7,5.327812704549952,5,62,ok
3509254,Cajati - SP,SP,28515.0,1.0,454.436,2,0.44010597751938674,5,21,ok
3509304,Cajobi - SP,SP,9133.0,0.4,176.929,1,0.5651984694425447,4,14,ok
3509403,Cajuru - SP,SP,23830.0,0.5,660.088,3,0.4544848565645793,5,144,ok
3509452,Campina do Monte Alegre - SP,SP,5954.0,0.5,184.479,0,0.0,3,5,ok
3509502,Campinas - SP,SP,1139047.0,1.4,794.571,11,1.3843948495477434,5,106,ok
3509601,Campo Limpo Paulista - SP,SP,77632.0,1.0,79.403,1,1.2593982595116051,5,34,ok
3509700,Campos do Jordão - SP,SP,46974.0,1.2,289.981,0,0.0,4,14,ok
3509809,Campos Novos Paulista - SP,SP,4888.0,0.5,484.199,3,0.6195799660883232,4,11,ok
3509908,Cananéia - SP,SP,12289.0,1.2,1237.354,0,0.0,1,1,ok
3509957,Canas - SP,SP,4931.0,0.7,53.261,0,0.0,3,8,ok
3510005,Cândido Mota - SP,SP,29449.0,1.6,595.811,2,0.3356769176802711,4,9,ok
3510104,Cândido Rodrigues - SP,SP,2889.0,0.3,70.892,0,0.0,1,5,ok
3510153,Canitar - SP,SP,6283.0,0.6,57.459,1,1.7403713952557476,4,7,ok
3510203,Capão Bonito - SP,SP,46337.0,1.1,1640.229,5,0.3048354833379973,5,39,ok
3510302,Capela do Alto - SP,SP,22866.0,2.4,169.89,1,0.588616163399847,5,22,ok
3510401,Capivari - SP,SP,50068.0,1.1,322.878,12,3.7165740620296215,5,70,ok
3510500,Caraguatatuba - SP,SP,134873.0,1.5,484.947,1,0.20620810109145946,3,3,ok
3510609,Carapicuíba - SP,SP,386984.0,1.3,34.546,0,0.0,0,0,ok
3510708,Cardoso - SP,SP,11345.0,0.7,639.248,3,0.46930142917928563,5,43,ok
3510807,Casa Branca - SP,SP,28083.0,0.9,864.225,15,1.7356591165495099,5,124,ok
3510906,Cássia dos Coqueiros - SP,SP,2799.0,0.4,191.683,0,0.0,4,13,ok
3511003,Castilho - SP,SP,19977.0,1.0,1065.318,5,0.4693434260943681,5,111,ok
3511102,Catanduva - SP,SP,115791.0,0.9,290.596,2,0.6882407190739033,5,44,ok
3511201,Catiguá - SP,SP,7003.0,0.6,148.393,0,0.0,3,28,ok
3511300,Cedral - SP,SP,12618.0,0.8,197.838,1,0.5054640665595084,5,22,ok
3511409,Cerqueira César - SP,SP,21469.0,1.0,511.621,4,0.7818287365061247,5,47,ok
3511508,Cerquilho - SP,SP,44695.0,1.2,127.803,0,0.0,2,3,ok
3511607,Cesário Lange - SP,SP,19048.0,0.9,190.392,0,0.0,4,15,ok
3511706,Charqueada - SP,SP,15535.0,0.4,175.846,0,0.0,4,28,ok
3511904,Clementina - SP,SP,6982.0,1.1,168.59,0,0.0,2,9,ok
3512001,Colina - SP,SP,18486.0,0.6,422.303,5,1.183984011479909,5,42,ok
3512100,Colômbia - SP,SP,6629.0,0.7,728.648,4,0.5489619130224744,5,115,ok
3512209,Conchal - SP,SP,28101.0,1.0,182.793,4,2.1882676032452006,5,29,ok
3512308,Conchas - SP,SP,15232.0,0.9,466.12,4,0.8581481163648846,5,11,ok
3512407,Cordeirópolis - SP,SP,24514.0,1.3,137.579,2,1.4537102319394672,5,25,ok
3512506,Coroados - SP,SP,5400.0,0.7,246.825,0,0.0,3,20,ok
3512605,Coronel Macedo - SP,SP,4280.0,1.0,303.83,1,0.32913142217687524,4,13,ok
3512704,Corumbataí - SP,SP,4195.0,1.4,278.622,2,0.7178184062995743,4,19,ok
3512803,Cosmópolis - SP,SP,59773.0,1.1,154.665,2,1.2931173827304174,5,45,ok
3512902,Cosmorama - SP,SP,8719.0,0.9,441.68,0,0.0,3,25,ok
3513009,Cotia - SP,SP,274413.0,1.3,323.994,2,0.6172953820132471,5,19,ok
3513108,Cravinhos - SP,SP,33281.0,0.5,311.423,0,0.0,4,30,ok
3513207,Cristais Paulista - SP,SP,9272.0,0.5,385.23,2,0.5191703657555227,3,9,ok
3513306,Cruzália - SP,SP,2108.0,0.4,149.33,0,0.0,1,1,ok
3513405,Cruzeiro - SP,SP,74961.0,0.8,305.699,1,0.32711915969630256,5,25,ok
3513504,Cubatão - SP,SP,112476.0,1.3,142.879,0,0.0,1,1,ok
3513603,Cunha - SP,SP,22110.0,0.8,1407.25,9,0.6395452122934803,4,41,ok
3513702,Descalvado - SP,SP,31756.0,1.0,753.706,4,0.5307109138045869,5,68,ok
3513801,Diadema - SP,SP,393237.0,1.3,30.732,0,0.0,1,1,ok
3513850,Dirce Reis - SP,SP,1620.0,0.4,88.133,0,0.0,1,8,ok
3513900,Divinolândia - SP,SP,11158.0,0.9,223.749,0,0.0,3,14,ok
3514007,Dobrada - SP,SP,8759.0,0.7,149.729,0,0.0,3,31,ok
3514106,Dois Córregos - SP,SP,24510.0,2.1,632.972,17,2.6857428132682015,5,84,ok
3514205,Dolcinópolis - SP,SP,2207.0,0.5,77.939,0,0.0,0,0,ok
3514304,Dourado - SP,SP,8096.0,1.1,205.874,3,1.457201977908818,4,26,ok
3514403,Dracena - SP,SP,45474.0,1.0,487.688,3,0.6151473893144798,4,18,ok
3514502,Duartina - SP,SP,12328.0,0.8,264.557,2,0.7559807527300354,2,13,ok
3514601,Dumont - SP,SP,9471.0,0.5,111.376,1,0.8978595029449791,5,10,ok
3514700,Echaporã - SP,SP,6205.0,0.4,515.258,1,0.19407753009172102,4,12,ok
3514809,Eldorado - SP,SP,13069.0,1.0,1654.256,1,0.06045013589190549,5,23,ok
3514908,Elias Fausto - SP,SP,17699.0,0.7,202.36,3,1.4825064241945047,5,29,ok
3514924,Elisiário - SP,SP,3138.0,1.2,93.98,0,0.0,3,6,ok
3514957,Embaúba - SP,SP,2323.0,1.1,83.129,0,0.0,2,6,ok
3515004,Embu das Artes - SP,SP,250691.0,1.1,70.398,0,0.0,1,2,ok
3515103,Embu-Guaçu - SP,SP,66970.0,1.3,155.641,0,0.0,3,16,ok
3515129,Emilianópolis - SP,SP,3014.0,1.0,225.167,1,0.44411481256134333,1,1,ok
3515152,Engenheiro Coelho - SP,SP,19566.0,0.9,109.941,8,7.276630192557826,3,17,ok
3515186,Espírito Santo do Pinhal - SP,SP,39816.0,0.8,389.235,2,0.5138284070034812,5,46,ok
3515194,Espírito Santo do Turvo - SP,SP,4157.0,0.8,193.666,0,0.0,2,9,ok
3515202,Estrela d'Oeste - SP,SP,9417.0,0.7,296.281,1,0.33751742433703136,5,46,ok
3515301,Estrela do Norte - SP,SP,2703.0,0.7,264.987,0,0.0,4,28,ok
3515350,Euclides da Cunha Paulista - SP,SP,7924.0,1.1,573.894,0,0.0,1,4,ok
3515400,Fartura - SP,SP,16641.0,0.7,429.171,1,0.23300735604223025,4,6,ok
3515509,Fernandópolis - SP,SP,71186.0,0.7,549.797,3,0.5456559421022668,5,56,ok
3515608,Fernando Prestes - SP,SP,5942.0,0.4,169.99,0,0.0,4,32,ok
3515657,Fernão - SP,SP,1656.0,0.8,100.504,0,0.0,3,5,ok
3515707,Ferraz de Vasconcelos - SP,SP,179198.0,1.2,29.547,0,0.0,0,0,ok
3515806,Flora Rica - SP,SP,1487.0,0.4,224.711,0,0.0,2,16,ok
3515905,Floreal - SP,SP,2733.0,1.0,204.236,6,2.937777864823048,5,33,ok
3516002,Flórida Paulista - SP,SP,12958.0,0.3,524.138,0,0.0,4,23,ok
3516101,Florínea - SP,SP,3851.0,0.7,225.886,1,0.4427011855537749,4,15,ok
3516200,Franca - SP,SP,352536.0,1.0,605.679,3,0.4953118731209106,5,70,ok
3516309,Francisco Morato - SP,SP,165139.0,1.3,49.001,0,0.0,4,7,ok
3516408,Franco da Rocha - SP,SP,144849.0,1.1,132.775,1,0.7531538316701186,5,56,ok
3516507,Gabriel Monteiro - SP,SP,2763.0,0.8,138.681,0,0.0,3,12,ok
3516606,Gália - SP,SP,6380.0,0.7,355.914,1,0.28096675039475827,5,28,ok
3516705,Garça - SP,SP,42110.0,0.6,555.807,7,1.2594299819901513,5,44,ok
3516804,Gastão Vidigal - SP,SP,3252.0,0.4,180.569,0,0.0,4,33,ok
3516853,Gavião Peixoto - SP,SP,4702.0,1.2,243.766,4,1.6409179294897567,5,23,ok
3516903,General Salgado - SP,SP,10312.0,1.1,494.376,5,1.0113759567616551,4,21,ok
3517000,Getulina - SP,SP,10232.0,1.0,676.755,2,0.2955279236946901,5,78,ok
3517109,Glicério - SP,SP,4138.0,0.9,272.8,3,1.099706744868035,5,24,ok
3517208,Guaiçara - SP,SP,11239.0,0.3,277.154,9,3.247292119182837,5,76,ok
3517307,Guaimbê - SP,SP,5512.0,0.3,217.811,4,1.8364545408634092,5,21,ok
3517406,Guaíra - SP,SP,39279.0,1.0,1258.465,11,0.8740807253280783,5,127,ok
3517505,Guapiaçu - SP,SP,21711.0,0.4,325.126,2,0.6151461279626975,5,55,ok
3517604,Guapiara - SP,SP,17071.0,1.0,408.292,0,0.0,4,29,ok
3517703,Guará - SP,SP,18606.0,0.5,362.183,1,0.2761035167304926,5,93,ok
3517802,Guaraçaí - SP,SP,7441.0,1.1,569.197,1,0.1756860981347407,5,29,ok
3517901,Guaraci - SP,SP,10350.0,0.8,641.501,5,0.77942201181292,5,50,ok
3518008,Guarani d'Oeste - SP,SP,1968.0,1.2,85.7,0,0.0,2,4,ok
3518107,Guarantã - SP,SP,6427.0,1.0,461.746,3,0.6497078480376658,5,25,ok
3518206,Guararapes - SP,SP,31043.0,0.8,955.637,5,0.5232112193228182,5,64,ok
3518305,Guararema - SP,SP,31236.0,1.2,270.816,0,0.0,4,21,ok
3518404,Guaratinguetá - SP,SP,118044.0,0.9,752.636,9,1.1957971715410904,5,53,ok
3518503,Guareí - SP,SP,15013.0,0.9,567.884,0,0.0,3,9,ok
3518602,Guariba - SP,SP,37498.0,0.7,270.289,5,1.8498718038839908,5,37,ok
3518701,Guarujá - SP,SP,287634.0,1.5,144.794,1,0.6906363523350415,1,1,ok
3518800,Guarulhos - SP,SP,1291771.0,1.4,318.675,0,0.0,2,5,ok
3518859,Guatapará - SP,SP,7320.0,0.3,413.567,0,0.0,3,24,ok
3518909,Guzolândia - SP,SP,4246.0,0.5,252.477,1,0.3960756821413436,5,11,ok
3519006,Herculândia - SP,SP,9125.0,1.3,364.252,0,0.0,2,11,ok
3519055,Holambra - SP,SP,15094.0,1.2,65.577,0,0.0,1,1,ok
3519071,Hortolândia - SP,SP,236641.0,1.2,62.416,1,1.6021532940271728,5,9,ok
3519105,Iacanga - SP,SP,10437.0,0.6,547.393,6,1.0961046268403138,5,37,ok
3519204,Iacri - SP,SP,6131.0,0.8,321.948,0,0.0,3,6,ok
3519253,Iaras - SP,SP,8010.0,0.5,401.381,1,0.24913984468622083,4,30,ok
3519303,Ibaté - SP,SP,32178.0,1.1,290.978,0,0.0,4,37,ok
3519402,Ibirá - SP,SP,11690.0,0.3,271.912,0,0.0,3,14,ok
3519501,Ibirarema - SP,SP,6385.0,0.3,228.23,1,0.43815449327432854,4,10,ok
3519600,Ibitinga - SP,SP,60033.0,2.1,689.391,5,0.7252778176680578,5,51,ok
3519709,Ibiúna - SP,SP,75605.0,1.0,1058.082,3,0.2835319001740885,5,73,ok
3519808,Icém - SP,SP,7819.0,0.5,362.355,2,0.5519449158973934,5,53,ok
3519907,Iepê - SP,SP,7619.0,0.8,594.974,1,0.16807457132580583,3,3,ok
3520004,Igaraçu do Tietê - SP,SP,23106.0,1.5,97.747,3,3.069147902237409,4,13,ok
3520103,Igarapava - SP,SP,26212.0,1.3,468.355,10,2.1351325383523183,5,88,ok
3520202,Igaratá - SP,SP,10605.0,0.9,292.953,5,1.7067584219994336,5,26,ok
3520301,Iguape - SP,SP,29115.0,1.1,1978.795,0,0.0,3,7,ok
3520400,Ilhabela - SP,SP,34934.0,1.2,346.389,0,0.0,1,1,ok
3520426,Ilha Comprida - SP,SP,13419.0,2.0,196.567,0,0.0,0,0,ok
3520442,Ilha Solteira - SP,SP,25549.0,0.6,652.641,1,0.1532235945948845,5,38,ok
3520509,Indaiatuba - SP,SP,255748.0,1.3,311.545,2,0.6419618353688873,5,35,ok
3520608,Indiana - SP,SP,5090.0,0.8,129.367,0,0.0,2,2,ok
3520707,Indiaporã - SP,SP,4035.0,1.2,279.606,0,0.0,2,5,ok
3520806,Inúbia Paulista - SP,SP,3615.0,0.6,87.119,0,0.0,1,5,ok
3520905,Ipaussu - SP,SP,13712.0,0.9,209.554,1,0.47720396651936964,4,17,ok
3521002,Iperó - SP,SP,36459.0,1.6,170.289,1,0.5872369912325518,5,17,ok
3521101,Ipeúna - SP,SP,6831.0,0.9,190.01,2,1.052576180201042,4,10,ok
3521150,Ipiguá - SP,SP,6761.0,0.3,136.028,1,0.7351427647249096,3,11,ok
3521200,Iporanga - SP,SP,4046.0,0.8,1152.059,9,0.7812099901133536,5,50,ok
3521309,Ipuã - SP,SP,14454.0,1.0,466.461,5,1.071900973500464,5,115,ok
3521408,Iracemápolis - SP,SP,21967.0,0.6,115.118,4,3.474695529804201,5,26,ok
3521507,Irapuã - SP,SP,6867.0,0.5,257.612,0,0.0,3,19,ok
3521606,Irapuru - SP,SP,7085.0,1.3,214.461,1,0.4662852453359818,3,6,ok
3521705,Itaberá - SP,SP,17983.0,0.7,1100.247,5,0.4544434113430893,5,18,ok
3521804,Itaí - SP,SP,25180.0,0.7,1092.884,2,0.18300203864271047,5,53,ok
3521903,Itajobi - SP,SP,16989.0,0.4,502.066,1,0.19917700063338287,5,56,ok
3522000,Itaju - SP,SP,3618.0,0.7,230.355,1,0.4341125653882052,4,20,ok
3522109,Itanhaém - SP,SP,112476.0,1.6,601.711,0,0.0,0,0,ok
3522158,Itaoca - SP,SP,3422.0,0.8,183.015,2,1.0928066005518675,3,6,ok
3522208,Itapecerica da Serra - SP,SP,158522.0,1.1,150.742,1,0.6633851215984928,4,14,ok
3522307,Itapetininga - SP,SP,157790.0,1.1,1789.35,7,0.39120350965434375,5,55,ok
3522406,Itapeva - SP,SP,89728.0,1.2,1826.258,37,2.0260007074575443,5,84,ok
3522505,Itapevi - SP,SP,232297.0,1.3,82.658,0,0.0,4,11,ok
3522604,Itapira - SP,SP,72022.0,1.0,518.416,13,2.50763865312799,5,112,ok
3522653,Itapirapuã Paulista - SP,SP,4306.0,0.8,406.478,0,0.0,2,5,ok
3522703,Itápolis - SP,SP,39493.0,1.4,996.747,2,0.20065272330892395,5,78,ok
3522802,Itaporanga - SP,SP,14085.0,0.9,507.997,2,0.3937031124199552,4,10,ok
3522901,Itapuí - SP,SP,13659.0,1.0,140.023,4,2.8566735464887913,4,36,ok
3523008,Itapura - SP,SP,3979.0,0.3,301.653,2,0.6630134624883557,5,55,ok
3523107,Itaquaquecetuba - SP,SP,369275.0,1.2,82.622,0,0.0,3,4,ok
3523206,Itararé - SP,SP,44438.0,1.2,1003.86,2,0.19923096846173768,5,47,ok
3523305,Itariri - SP,SP,15528.0,1.1,273.667,0,0.0,0,0,ok
3523404,Itatiba - SP,SP,121590.0,1.1,322.269,1,0.3102997806180551,4,10,ok
3523503,Itatinga - SP,SP,19070.0,0.8,979.817,11,1.1226586189053671,5,36,ok
3523602,Itirapina - SP,SP,16148.0,0.8,564.603,0,0.0,4,60,ok
3523701,Itirapuã - SP,SP,5779.0,0.6,161.118,0,0.0,1,11,ok
3523800,Itobi - SP,SP,8046.0,0.7,138.986,2,1.4389938554962372,4,9,ok
3523909,Itu - SP,SP,168240.0,1.1,640.719,16,2.497194557988759,5,122,ok
3524006,Itupeva - SP,SP,70616.0,0.7,200.876,0,0.0,4,35,ok
3524105,Ituverava - SP,SP,37571.0,0.9,704.659,3,0.42573783915340613,5,159,ok
3524204,Jaborandi - SP,SP,6221.0,0.9,273.438,0,0.0,3,14,ok
3524303,Jaboticabal - SP,SP,71821.0,1.0,706.602,2,0.28304476919114296,5,105,ok
3524402,Jacareí - SP,SP,240275.0,1.1,464.272,6,1.2923458662163558,5,58,ok
3524501,Jaci - SP,SP,7613.0,0.9,145.133,5,3.4451158592463464,4,17,ok
3524600,Jacupiranga - SP,SP,16097.0,0.7,704.189,0,0.0,3,6,ok
3524709,Jaguariúna - SP,SP,59347.0,1.6,141.391,1,0.7072585949600754,5,26,ok
3524808,Jales - SP,SP,48776.0,1.0,368.574,5,1.356579682777407,5,35,ok
3524907,Jambeiro - SP,SP,6397.0,0.5,184.413,0,0.0,1,3,ok
3525003,Jandira - SP,SP,118045.0,1.2,17.449,0,0.0,0,0,ok
3525102,Jardinópolis - SP,SP,45282.0,0.9,501.87,4,0.7970191483850398,5,50,ok
3525201,Jarinu - SP,SP,37535.0,1.0,207.549,2,0.9636278661906346,5,30,ok
3525300,Jaú - SP,SP,133497.0,1.0,687.103,25,3.6384646843340813,5,196,ok
3525409,Jeriquara - SP,SP,3863.0,0.5,141.971,6,4.226215212966028,4,14,ok
3525508,Joanópolis - SP,SP,12815.0,0.5,374.293,1,0.2671703718744406,4,10,ok
3525607,João Ramalho - SP,SP,4371.0,1.2,415.452,3,0.722105080731348,5,11,ok
3525706,José Bonifácio - SP,SP,36633.0,1.4,860.2,0,0.0,4,113,ok
3525805,Júlio Mesquita - SP,SP,4254.0,1.0,128.183,2,1.5602693024816083,3,7,ok
3525854,Jumirim - SP,SP,3056.0,1.0,56.685,0,0.0,1,2,ok
3525904,Jundiaí - SP,SP,443221.0,1.1,431.204,8,1.8552703592731052,5,49,ok
3526001,Junqueirópolis - SP,SP,20448.0,0.9,582.565,1,0.17165466514466196,5,17,ok
3526100,Juquiá - SP,SP,17154.0,1.1,812.799,0,0.0,4,15,ok
3526209,Juquitiba - SP,SP,27404.0,1.8,522.169,0,0.0,3,9,ok
3526308,Lagoinha - SP,SP,5083.0,0.8,255.472,5,1.9571616458946575,4,17,ok
3526407,Laranjal Paulista - SP,SP,26261.0,1.1,384.274,0,0.0,4,9,ok
3526506,Lavínia - SP,SP,9689.0,0.3,537.675,1,0.1859859580601665,4,34,ok
3526605,Lavrinhas - SP,SP,7171.0,0.7,167.067,1,0.5985622534671718,5,21,ok
3526704,Leme - SP,SP,98161.0,2.0,402.871,4,0.9928736493815639,5,68,ok
3526803,Lençóis Paulista - SP,SP,66505.0,0.9,809.541,4,0.494107154548071,5,34,ok
3526902,Limeira - SP,SP,291869.0,1.0,580.711,29,4.993878194144764,5,122,ok
3527009,Lindóia - SP,SP,7014.0,1.2,48.756,0,0.0,3,5,ok
3527108,Lins - SP,SP,74779.0,1.3,570.058,6,1.0525244799651965,5,67,ok
3527207,Lorena - SP,SP,84855.0,1.2,414.16,5,1.2072628935677032,5,25,ok
3527256,Lourdes - SP,SP,1950.0,0.8,113.94,6,5.26592943654555,5,31,ok
3527306,Louveira - SP,SP,51847.0,1.5,55.738,0,0.0,2,2,ok
3527405,Lucélia - SP,SP,20061.0,1.0,314.81,0,0.0,3,3,ok
3527504,Lucianópolis - SP,SP,2372.0,0.8,189.536,0,0.0,3,4,ok
3527603,Luís Antônio - SP,SP,12265.0,0.5,598.257,1,0.16715224393529873,5,90,ok
3527702,Luiziânia - SP,SP,4701.0,0.2,166.576,1,0.6003265776582462,3,5,ok
3527801,Lupércio - SP,SP,3981.0,0.3,155.171,0,0.0,3,7,ok
3527900,Lutécia - SP,SP,2661.0,0.7,475.226,12,2.525114366638189,5,24,ok
3528007,Macatuba - SP,SP,16829.0,0.8,224.514,0,0.0,3,15,ok
3528106,Macaubal - SP,SP,7481.0,0.8,248.087,1,0.4030844018429019,2,12,ok
3528205,Macedônia - SP,SP,3963.0,0.9,327.567,0,0.0,3,28,ok
3528304,Magda - SP,SP,3165.0,0.4,312.282,1,0.320223387835354,4,41,ok
3528403,Mairinque - SP,SP,50027.0,0.9,210.149,2,0.9517056945310233,5,53,ok
3528502,Mairiporã - SP,SP,93853.0,1.2,320.697,6,1.870924891720222,5,51,ok
3528601,Manduri - SP,SP,9871.0,0.6,229.046,4,1.746374090793989,4,25,ok
3528700,Marabá Paulista - SP,SP,4573.0,1.0,919.519,4,0.4350100432943746,5,35,ok
3528809,Maracaí - SP,SP,12673.0,0.7,533.498,1,0.18744212724321363,4,20,ok
3528858,Marapoama - SP,SP,3292.0,0.2,111.267,0,0.0,3,21,ok
3528908,Mariápolis - SP,SP,3513.0,1.4,186.544,0,0.0,0,0,ok
3529005,Marília - SP,SP,237627.0,1.1,1170.515,1,0.08543248057478972,5,69,ok
3529104,Marinópolis - SP,SP,1860.0,0.3,77.827,0,0.0,2,3,ok
3529203,Martinópolis - SP,SP,24881.0,0.8,1253.564,12,0.9572706299798015,5,55,ok
3529302,Matão - SP,SP,79033.0,1.2,524.899,3,0.5715385245542476,4,60,ok
3529401,Mauá - SP,SP,418261.0,1.5,61.937,0,0.0,1,1,ok
3529500,Mendonça - SP,SP,6159.0,0.9,195.151,0,0.0,4,8,ok
3529609,Meridiano - SP,SP,4572.0,0.6,228.199,3,1.3146420448818794,4,23,ok
3529658,Mesópolis - SP,SP,1952.0,0.3,148.636,0,0.0,3,17,ok
3529708,Miguelópolis - SP,SP,19441.0,1.3,820.849,6,0.7309505158683265,5,134,ok
3529807,Mineiros do Tietê - SP,SP,11230.0,0.7,213.242,1,0.46895076954821285,4,23,ok
3529906,Miracatu - SP,SP,18553.0,1.3,1001.484,0,0.0,4,11,ok
3530003,Mira Estrela - SP,SP,3126.0,0.6,216.825,0,0.0,2,11,ok
3530102,Mirandópolis - SP,SP,27983.0,0.6,917.694,8,0.8717502784152451,5,75,ok
3530201,Mirante do Paranapanema - SP,SP,15917.0,0.6,1238.931,8,0.6457179616943962,5,35,ok
3530300,Mirassol - SP,SP,63337.0,0.9,243.228,6,2.4668212541319257,5,45,ok
3530409,Mirassolândia - SP,SP,4669.0,1.5,166.125,4,2.407825432656132,3,13,ok
3530508,Mococa - SP,SP,67681.0,1.0,855.156,5,0.5846886416045727,5,122,ok
3530607,Mogi das Cruzes - SP,SP,451505.0,1.2,712.541,10,1.4034280132652015,5,102,ok
3530706,Mogi Guaçu - SP,SP,153658.0,1.0,812.753,19,2.3377336041823282,5,156,ok
3530805,Mogi Mirim - SP,SP,92558.0,1.1,497.708,10,2.009210219646861,5,99,ok
3530904,Mombuca - SP,SP,3722.0,0.7,133.698,1,0.7479543448667892,3,11,ok
3531001,Monções - SP,SP,1937.0,0.4,104.352,0,0.0,4,11,ok
3531100,Mongaguá - SP,SP,61951.0,2.5,142.755,0,0.0,1,1,ok
3531209,Monte Alegre do Sul - SP,SP,8627.0,1.2,110.308,0,0.0,1,5,ok
3531308,Monte Alto - SP,SP,47574.0,0.7,346.95,2,0.5764519383196426,5,56,ok
3531407,Monte Aprazível - SP,SP,22280.0,0.4,495.559,5,1.0089615969036987,5,38,ok
3531506,Monte Azul Paulista - SP,SP,18151.0,0.9,263.462,1,0.37956137887057717,5,26,ok
3531605,Monte Castelo - SP,SP,4222.0,0.8,233.547,1,0.42817933863419355,4,12,ok
3531704,Monteiro Lobato - SP,SP,4138.0,0.9,332.742,2,0.6010662916013007,3,15,ok
3531803,Monte Mor - SP,SP,64662.0,0.9,240.566,1,0.4156863397155043,5,51,ok
3531902,Morro Agudo - SP,SP,27933.0,0.9,1388.127,5,0.36019758998996493,5,216,ok
3532009,Morungaba - SP,SP,13720.0,1.4,146.752,0,0.0,2,3,ok
3532058,Motuca - SP,SP,4034.0,0.9,228.7,0,0.0,4,25,ok
3532108,Murutinga do Sul - SP,SP,3737.0,0.5,250.873,0,0.0,2,11,ok
3532157,Nantes - SP,SP,2660.0,0.4,286.647,0,0.0,0,0,ok
3532207,Narandiba - SP,SP,5713.0,0.5,357.325,1,0.2798572727908767,5,15,ok
3532306,Natividade da Serra - SP,SP,6999.0,0.6,833.372,1,0.11999443225834323,5,18,ok
3532405,Nazaré Paulista - SP,SP,18217.0,1.2,326.254,3,0.9195289559668234,5,22,ok
3532504,Neves Paulista - SP,SP,9699.0,0.9,219.05,0,0.0,4,19,ok
3532603,Nhandeara - SP,SP,9852.0,0.5,436.159,2,0.45854837341428245,4,47,ok
3532702,Nipoã - SP,SP,4750.0,0.8,137.609,0,0.0,1,10,ok
3532801,Nova Aliança - SP,SP,6693.0,0.7,217.515,0,0.0,2,5,ok
3532827,Nova Campina - SP,SP,8497.0,0.6,385.375,2,0.5189750243269542,4,6,ok
3532843,Nova Canaã Paulista - SP,SP,2032.0,0.5,124.473,0,0.0,2,4,ok
3532868,Nova Castilho - SP,SP,1062.0,0.2,183.396,1,0.5452681628825057,4,5,ok
3532900,Nova Europa - SP,SP,9311.0,0.9,160.25,5,3.1201248049921997,4,16,ok
3533007,Nova Granada - SP,SP,19419.0,0.5,531.796,4,0.7521681246192148,5,46,ok
3533106,Nova Guataporanga - SP,SP,2156.0,1.3,34.158,0,0.0,0,0,ok
3533205,Nova Independência - SP,SP,4609.0,0.6,265.029,0,0.0,3,16,ok
3533254,Novais - SP,SP,4412.0,0.8,117.772,0,0.0,3,10,ok
3533304,Nova Luzitânia - SP,SP,2837.0,0.3,73.816,0,0.0,3,10,ok
3533403,Nova Odessa - SP,SP,62019.0,1.2,73.788,3,4.065701740120345,5,9,ok
3533502,Novo Horizonte - SP,SP,38324.0,1.1,931.743,2,0.2146514650499118,5,31,ok
3533601,Nuporanga - SP,SP,7391.0,0.4,348.265,0,0.0,4,41,ok
3533700,Ocauçu - SP,SP,4331.0,0.7,301.036,2,0.6643723674244941,5,7,ok
3533809,Óleo - SP,SP,2512.0,0.5,198.938,3,1.508007519930833,2,7,ok
3533908,Olímpia - SP,SP,55074.0,1.2,802.555,3,0.373806156587399,5,128,ok
3534005,Onda Verde - SP,SP,4771.0,0.4,242.946,0,0.0,4,15,ok
3534104,Oriente - SP,SP,6085.0,0.5,218.668,0,0.0,2,21,ok
3534203,Orindiúva - SP,SP,6024.0,0.8,247.378,0,0.0,2,36,ok
3534302,Orlândia - SP,SP,38319.0,0.7,291.765,3,1.0282247699347078,5,67,ok
3534401,Osasco - SP,SP,728615.0,1.7,64.954,0,0.0,0,0,ok
3534500,Oscar Bressane - SP,SP,2470.0,0.1,222.13,0,0.0,0,0,ok
3534609,Osvaldo Cruz - SP,SP,31272.0,0.9,248.038,0,0.0,4,13,ok
3534708,Ourinhos - SP,SP,103970.0,1.1,295.818,2,0.6760913805109899,5,26,ok
3534757,Ouroeste - SP,SP,10294.0,0.7,288.648,0,0.0,3,25,ok
3534807,Ouro Verde - SP,SP,7779.0,0.7,266.778,1,0.3748435028375653,4,22,ok
3534906,Pacaembu - SP,SP,14877.0,0.5,339.375,0,0.0,3,8,ok
3535002,Palestina - SP,SP,11476.0,0.6,697.701,0,0.0,4,67,ok
3535101,Palmares Paulista - SP,SP,9650.0,0.5,82.125,0,0.0,4,26,ok
3535200,Palmeira d'Oeste - SP,SP,8903.0,0.6,318.74,1,0.31373533287318817,3,5,ok
3535309,Palmital - SP,SP,19594.0,1.0,548.407,3,0.5470389692327049,5,38,ok
3535408,Panorama - SP,SP,14964.0,1.1,356.05,0,0.0,3,12,ok
3535507,Paraguaçu Paulista - SP,SP,41120.0,0.9,1001.492,0,0.0,4,35,ok
3535606,Paraibuna - SP,SP,17667.0,0.8,809.576,1,0.1235214482642766,5,17,ok
3535705,Paraíso - SP,SP,6099.0,1.5,155.186,0,0.0,2,18,ok
3535804,Paranapanema - SP,SP,19395.0,1.0,1018.724,2,0.19632402888319112,5,25,ok
3535903,Paranapuã - SP,SP,4031.0,0.5,140.354,1,0.7124841472277241,3,22,ok
3536000,Parapuã - SP,SP,10580.0,1.9,366.664,2,0.5454585124255449,4,10,ok
3536109,Pardinho - SP,SP,7153.0,0.6,209.894,0,0.0,1,1,ok
3536208,Pariquera-Açu - SP,SP,19233.0,0.7,359.414,4,1.1129227019537358,3,9,ok
3536257,Parisi - SP,SP,2892.0,0.7,84.737,1,1.1801220246173454,3,5,ok
3536307,Patrocínio Paulista - SP,SP,14512.0,1.0,602.848,0,0.0,3,42,ok
3536406,Paulicéia - SP,SP,7955.0,0.7,374.091,0,0.0,4,53,ok
3536505,Paulínia - SP,SP,110537.0,1.0,138.777,4,2.882321998602074,5,18,ok
3536570,Paulistânia - SP,SP,2090.0,1.2,256.178,0,0.0,4,7,ok
3536604,Paulo de Faria - SP,SP,7400.0,0.5,737.986,3,0.40651177664616944,5,87,ok
3536703,Pederneiras - SP,SP,44827.0,0.9,727.482,13,1.7869857948375356,5,103,ok
3536802,Pedra Bela - SP,SP,6557.0,0.8,158.587,0,0.0,2,2,ok
3536901,Pedranópolis - SP,SP,2787.0,0.2,260.101,2,0.7689320686963911,3,11,ok
3537008,Pedregulho - SP,SP,15525.0,0.9,712.604,19,2.666277483707641,5,50,ok
3537107,Pedreira - SP,SP,43112.0,1.1,108.817,1,0.9189740573623607,3,4,ok
3537156,Pedrinhas Paulista - SP,SP,2804.0,1.3,152.309,0,0.0,1,5,ok
3537206,Pedro de Toledo - SP,SP,11281.0,1.9,670.44,1,0.14915577829485113,2,7,ok
3537305,Penápolis - SP,SP,61679.0,1.6,711.315,5,0.702923458664586,5,106,ok
3537404,Pereira Barreto - SP,SP,24095.0,0.8,974.247,6,0.6158602489922986,5,97,ok
3537503,Pereiras - SP,SP,8737.0,1.0,223.136,0,0.0,3,5,ok
3537602,Peruíbe - SP,SP,68352.0,1.9,326.216,0,0.0,2,2,ok
3537701,Piacatu - SP,SP,5519.0,0.6,232.488,0,0.0,3,8,ok
3537800,Piedade - SP,SP,52970.0,1.1,746.868,12,1.6067096193704908,5,99,ok
3537909,Pilar do Sul - SP,SP,27619.0,1.2,681.248,8,1.1743153741368781,5,33,ok
3538006,Pindamonhangaba - SP,SP,165428.0,1.0,731.355,9,1.230592530303341,5,46,ok
3538105,Pindorama - SP,SP,14542.0,0.3,184.825,1,0.5410523468145544,5,38,ok
3538204,Pinhalzinho - SP,SP,15224.0,1.0,154.529,2,1.2942554471976133,4,12,ok
3538303,Piquerobi - SP,SP,3264.0,0.7,482.769,0,0.0,2,2,ok
3538501,Piquete - SP,SP,12490.0,0.8,175.996,4,2.272778926793791,2,5,ok
3538600,Piracaia - SP,SP,26029.0,1.6,385.568,4,1.0374304921570254,5,41,ok
3538709,Piracicaba - SP,SP,423323.0,1.0,1378.069,19,1.3787408322805317,5,191,ok
3538808,Piraju - SP,SP,29436.0,0.7,504.591,2,0.3963606168163919,5,37,ok
3538907,Pirajuí - SP,SP,22431.0,0.8,823.758,5,0.6069743783975391,5,41,ok
3539004,Pirangi - SP,SP,10885.0,0.8,215.809,1,0.46337270456746477,4,28,ok
3539103,Pirapora do Bom Jesus - SP,SP,18370.0,0.8,108.489,4,3.6870097429232453,5,34,ok
3539202,Pirapozinho - SP,SP,25348.0,0.7,477.673,0,0.0,4,21,ok
3539301,Pirassununga - SP,SP,73545.0,1.1,727.118,4,0.5501170373997067,5,83,ok
3539400,Piratininga - SP,SP,15108.0,1.1,402.409,1,0.2485033883437001,5,18,ok
3539509,Pitangueiras - SP,SP,33674.0,1.4,430.638,8,1.8577087948578621,5,77,ok
3539608,Planalto - SP,SP,4389.0,0.5,289.825,0,0.0,3,76,ok
3539707,Platina - SP,SP,3025.0,0.5,327.48,0,0.0,2,2,ok
3539806,Poá - SP,SP,103765.0,1.3,17.264,0,0.0,1,2,ok
3539905,Poloni - SP,SP,5592.0,0.9,135.12,0,0.0,1,2,ok
3540002,Pompéia - SP,SP,20196.0,1.4,784.674,1,0.12744145976545676,5,34,ok
3540101,Pongaí - SP,SP,3395.0,0.4,183.399,0,0.0,3,3,ok
3540200,Pontal - SP,SP,37607.0,1.2,356.371,1,0.28060644665250545,5,82,ok
3540259,Pontalinda - SP,SP,4127.0,0.6,209.525,1,0.47727001551127546,5,17,ok
3540309,Pontes Gestal - SP,SP,2387.0,0.7,217.505,0,0.0,4,21,ok
3540408,Populina - SP,SP,4127.0,0.5,315.938,0,0.0,3,16,ok
3540507,Porangaba - SP,SP,10451.0,1.3,265.689,1,0.3763799028187091,4,9,ok
3540606,Porto Feliz - SP,SP,56497.0,1.1,556.706,8,1.4370242102653825,5,71,ok
3540705,Porto Ferreira - SP,SP,52649.0,1.5,244.906,2,0.8166398536581382,5,27,ok
3540754,Potim - SP,SP,20392.0,0.5,44.643,1,2.239992832022937,2,2,ok
3540804,Potirendaba - SP,SP,18496.0,0.6,342.492,2,0.5839552456699718,3,4,ok
3540853,Pracinha - SP,SP,2578.0,0.8,63.054,0,0.0,0,0,ok
3540903,Pradópolis - SP,SP,17078.0,0.6,167.378,3,1.7923502491366847,5,24,ok
3541000,Praia Grande - SP,SP,349935.0,1.8,149.652,5,3.341084649720685,5,26,ok
3541059,Pratânia - SP,SP,5126.0,0.5,175.1,0,0.0,1,1,ok
3541109,Presidente Alves - SP,SP,3804.0,0.9,286.642,0,0.0,2,6,ok
3541208,Presidente Bernardes - SP,SP,14490.0,0.9,749.233,0,0.0,4,8,ok
3541307,Presidente Epitácio - SP,SP,39505.0,1.3,1260.281,3,0.23804215091713676,5,32,ok
3541406,Presidente Prudente - SP,SP,225668.0,0.9,560.637,3,0.5351056030907699,5,34,ok
3541505,Presidente Venceslau - SP,SP,35201.0,0.6,755.203,3,0.39724418467617323,4,16,ok
3541604,Promissão - SP,SP,35131.0,0.9,779.2,9,1.1550308008213552,5,61,ok
3541653,Quadra - SP,SP,3405.0,0.8,205.672,1,0.48621105449453506,4,7,ok
3541703,Quatá - SP,SP,13163.0,0.8,651.341,0,0.0,4,20,ok
3541802,Queiroz - SP,SP,3265.0,0.5,234.914,3,1.2770630954306683,4,11,ok
3541901,Queluz - SP,SP,9159.0,1.2,249.399,3,1.202891751771258,4,16,ok
3542008,Quintana - SP,SP,7038.0,1.0,318.937,0,0.0,2,7,ok
3542107,Rafard - SP,SP,8965.0,0.6,121.645,0,0.0,4,23,ok
3542206,Rancharia - SP,SP,28588.0,1.0,1587.498,10,0.6299220534451067,5,48,ok
3542305,Redenção da Serra - SP,SP,4494.0,0.9,309.441,0,0.0,3,14,ok
3542404,Regente Feijó - SP,SP,20145.0,0.8,263.28,1,0.37982376177453664,3,9,ok
3542503,Reginópolis - SP,SP,7662.0,0.7,410.406,0,0.0,3,13,ok
3542602,Registro - SP,SP,59947.0,1.1,722.201,0,0.0,4,13,ok
3542701,Restinga - SP,SP,6404.0,1.0,245.746,0,0.0,3,29,ok
3542800,Ribeira - SP,SP,3132.0,1.2,335.759,5,1.4891633582420725,4,20,ok
3542909,Ribeirão Bonito - SP,SP,10989.0,1.6,471.553,0,0.0,4,49,ok
3543006,Ribeirão Branco - SP,SP,18627.0,0.8,697.5,2,0.2867383512544803,5,17,ok
3543105,Ribeirão Corrente - SP,SP,4608.0,0.6,148.332,0,0.0,3,7,ok
3543204,Ribeirão do Sul - SP,SP,4677.0,0.7,203.208,0,0.0,0,0,ok
3543238,Ribeirão dos Índios - SP,SP,2025.0,0.1,196.446,1,0.5090457428504526,2,2,ok
3543253,Ribeirão Grande - SP,SP,7450.0,0.6,333.363,1,0.29997330237608855,4,12,ok
3543303,Ribeirão Pires - SP,SP,115559.0,1.8,98.972,0,0.0,2,4,ok
3543402,Ribeirão Preto - SP,SP,698642.0,1.3,650.916,12,1.8435558505244916,5,98,ok
3543501,Riversul - SP,SP,5599.0,1.3,385.878,0,0.0,1,2,ok
3543600,Rifaina - SP,SP,4049.0,1.0,162.508,1,0.6153543210180422,3,8,ok
3543709,Rincão - SP,SP,9098.0,0.8,316.639,7,2.210719462858334,5,93,ok
3543808,Rinópolis - SP,SP,9259.0,0.9,358.481,1,0.2789548121099863,4,23,ok
3543907,Rio Claro - SP,SP,201418.0,1.0,498.422,5,1.0031659918703428,5,76,ok
3544004,Rio das Pedras - SP,SP,31328.0,1.0,226.657,4,1.764781145078246,5,52,ok
3544103,Rio Grande da Serra - SP,SP,44170.0,1.2,36.341,0,0.0,2,3,ok
3544202,Riolândia - SP,SP,10309.0,2.3,631.897,1,0.15825363943807297,5,23,ok
3544251,Rosana - SP,SP,17440.0,1.1,744.011,2,0.26881322991192336,5,19,ok
3544301,Roseira - SP,SP,10832.0,0.7,129.847,0,0.0,4,19,ok
3544400,Rubiácea - SP,SP,2700.0,0.9,236.484,0,0.0,3,10,ok
3544509,Rubinéia - SP,SP,3833.0,0.9,242.877,0,0.0,1,1,ok
3544608,Sabino - SP,SP,5112.0,0.5,305.285,4,1.3102510768626037,3,9,ok
3544707,Sagres - SP,SP,2474.0,0.7,147.935,0,0.0,0,0,ok
3544806,Sales - SP,SP,6437.0,0.6,308.555,0,0.0,3,13,ok
3544905,Sales Oliveira - SP,SP,11411.0,0.6,305.776,6,1.9622207105855265,5,52,ok
3545001,Salesópolis - SP,SP,15202.0,1.1,424.997,2,0.4705915571168738,5,13,ok
3545100,Salmourão - SP,SP,4808.0,0.7,172.934,0,0.0,2,4,ok
3545159,Saltinho - SP,SP,8161.0,0.9,99.738,0,0.0,2,4,ok
3545209,Salto - SP,SP,134319.0,1.6,133.057,5,3.7577880156624612,5,39,ok
3545308,Salto de Pirapora - SP,SP,43748.0,1.5,280.412,5,1.7830905952669647,5,45,ok
3545407,Salto Grande - SP,SP,9050.0,0.8,188.441,2,1.0613401542127243,4,11,ok
3545506,Sandovalina - SP,SP,3645.0,0.2,455.856,4,0.877470078270331,5,65,ok
3545605,Santa Adélia - SP,SP,14018.0,0.4,330.269,1,0.30278348861079907,5,33,ok
3545704,Santa Albertina - SP,SP,6393.0,0.8,272.692,1,0.36671409502295627,3,7,ok
3545803,Santa Bárbara d'Oeste - SP,SP,183347.0,0.9,271.03,4,1.4758513817658563,5,90,ok
3546009,Santa Branca - SP,SP,13975.0,0.9,272.238,0,0.0,3,8,ok
3546108,Santa Clara d'Oeste - SP,SP,2598.0,0.5,183.458,1,0.5450838884104263,2,2,ok
3546207,Santa Cruz da Conceição - SP,SP,4277.0,0.5,150.13,1,0.6660893891960301,4,7,ok
3546256,Santa Cruz da Esperança - SP,SP,2116.0,0.3,148.062,0,0.0,3,10,ok
3546306,Santa Cruz das Palmeiras - SP,SP,28864.0,0.8,295.337,3,1.0157887430291497,5,55,ok
3546405,Santa Cruz do Rio Pardo - SP,SP,46442.0,1.1,1114.747,4,0.35882581428790566,5,31,ok
3546504,Santa Ernestina - SP,SP,6118.0,0.9,134.421,0,0.0,4,36,ok
3546603,Santa Fé do Sul - SP,SP,34794.0,0.4,206.537,0,0.0,2,7,ok
3546702,Santa Gertrudes - SP,SP,23611.0,1.2,98.291,0,0.0,4,30,ok
3546801,Santa Isabel - SP,SP,53174.0,0.9,363.332,9,2.477073310360772,5,56,ok
3546900,Santa Lúcia - SP,SP,7149.0,0.4,153.86,0,0.0,3,37,ok
3547007,Santa Maria da Serra - SP,SP,5243.0,0.7,252.621,0,0.0,4,30,ok
3547106,Santa Mercedes - SP,SP,2956.0,0.3,166.753,0,0.0,1,1,ok
3547205,Santana da Ponte Pensa - SP,SP,1670.0,0.4,129.888,0,0.0,1,1,ok
3547304,Santana de Parnaíba - SP,SP,154105.0,1.0,179.949,3,1.6671390227231049,5,31,ok
3547403,Santa Rita d'Oeste - SP,SP,2733.0,0.2,209.8,0,0.0,3,11,ok
3547502,Santa Rita do Passa Quatro - SP,SP,24833.0,1.2,754.141,2,0.265202395838444,5,52,ok
3547601,Santa Rosa de Viterbo - SP,SP,23411.0,0.8,288.576,8,2.7722333111554667,5,101,ok
3547650,Santa Salete - SP,SP,1645.0,0.5,79.192,0,0.0,1,1,ok
3547700,Santo Anastácio - SP,SP,17963.0,0.9,552.876,3,0.5426171510429102,2,4,ok
3547809,Santo André - SP,SP,748919.0,1.5,175.782,0,0.0,2,3,ok
3547908,Santo Antônio da Alegria - SP,SP,6775.0,0.4,310.311,0,0.0,4,16,ok
3548005,Santo Antônio de Posse - SP,SP,23244.0,1.1,154.133,3,1.9463709912867457,5,26,ok
3548054,Santo Antônio do Aracanguá - SP,SP,8379.0,0.7,1308.432,7,0.5349915012778654,5,119,ok
3548104,Santo Antônio do Jardim - SP,SP,6126.0,0.7,109.956,0,0.0,1,3,ok
3548203,Santo Antônio do Pinhal - SP,SP,7133.0,0.9,133.008,0,0.0,2,3,ok
3548302,Santo Expedito - SP,SP,3000.0,0.7,94.465,0,0.0,1,1,ok
3548401,Santópolis do Aguapeí - SP,SP,3899.0,0.8,128.026,0,0.0,1,5,ok
3548500,Santos - SP,SP,418608.0,1.3,281.033,0,0.0,0,0,ok
3548609,São Bento do Sapucaí - SP,SP,11674.0,0.7,252.579,0,0.0,3,8,ok
3548708,São Bernardo do Campo - SP,SP,810729.0,1.6,409.532,2,0.4883623257767403,5,12,ok
3548807,São Caetano do Sul - SP,SP,165655.0,1.3,15.331,0,0.0,1,1,ok
3548906,São Carlos - SP,SP,254857.0,1.2,1136.907,0,0.0,4,161,ok
3549003,São Francisco - SP,SP,2602.0,0.9,75.579,0,0.0,0,0,ok
3549102,São João da Boa Vista - SP,SP,92547.0,0.8,516.399,2,0.38729741924364686,5,67,ok
3549201,São João das Duas Pontes - SP,SP,2580.0,0.3,129.462,0,0.0,4,23,ok
3549250,São João de Iracema - SP,SP,1846.0,0.3,178.396,2,1.1211013699858743,3,19,ok
3549300,São João do Pau d'Alho - SP,SP,2242.0,0.3,117.665,0,0.0,0,0,ok
3549409,São Joaquim da Barra - SP,SP,48558.0,1.0,410.863,8,1.9471210598179929,5,55,ok
3549508,São José da Bela Vista - SP,SP,7626.0,0.5,276.952,0,0.0,3,57,ok
3549607,São José do Barreiro - SP,SP,3853.0,1.1,570.685,4,0.7009120618204439,5,30,ok
3549706,São José do Rio Pardo - SP,SP,52205.0,1.1,419.684,13,3.097568646886705,5,95,ok
3549805,São José do Rio Preto - SP,SP,480393.0,1.1,431.944,9,2.0836034300742687,5,71,ok
3549904,São José dos Campos - SP,SP,697054.0,1.5,1099.409,6,0.5457477608424163,5,52,ok
3549953,São Lourenço da Serra - SP,SP,16067.0,0.8,186.456,0,0.0,2,3,ok
3550001,São Luiz do Paraitinga - SP,SP,10337.0,0.6,617.315,3,0.48597555542956183,4,13,ok
3550100,São Manuel - SP,SP,37289.0,1.1,650.734,2,0.3073452439860219,5,25,ok
3550209,São Miguel Arcanjo - SP,SP,32039.0,1.0,930.339,1,0.10748770071984512,4,17,ok
3550308,São Paulo - SP,SP,11451999.0,1.4,1521.202,1,0.06573748916974867,5,37,ok
3550407,São Pedro - SP,SP,38256.0,1.0,611.278,6,0.9815501294010255,5,60,ok
3550506,São Pedro do Turvo - SP,SP,7217.0,0.7,731.221,1,0.13675756029982727,5,17,ok
3550605,São Roque - SP,SP,79484.0,1.1,306.908,2,0.6516610841033794,5,49,ok
3550704,São Sebastião - SP,SP,81595.0,1.0,402.395,1,0.24851203419525592,3,3,ok
3550803,São Sebastião da Grama - SP,SP,10441.0,0.8,252.41,2,0.7923616338496889,2,11,ok
3550902,São Simão - SP,SP,13442.0,0.5,617.252,2,0.3240167711080726,5,121,ok
3551009,São Vicente - SP,SP,329911.0,1.5,148.151,0,0.0,1,1,ok
3551108,Sarapuí - SP,SP,10369.0,0.8,352.592,3,0.8508417661206154,5,17,ok
3551207,Sarutaiá - SP,SP,3704.0,0.4,141.608,1,0.706174792384611,5,9,ok
3551306,Sebastianópolis do Sul - SP,SP,3130.0,0.9,167.848,0,0.0,1,5,ok
3551405,Serra Azul - SP,SP,12746.0,0.3,283.144,2,0.7063543638572599,5,38,ok
3551504,Serrana - SP,SP,43909.0,0.9,126.046,0,0.0,4,40,ok
3551603,Serra Negra - SP,SP,29894.0,1.5,203.734,3,1.4725082705881198,5,23,ok
3551702,Sertãozinho - SP,SP,126887.0,1.1,403.089,3,0.74425250999159,5,81,ok
3551801,Sete Barras - SP,SP,12730.0,0.7,1062.699,2,0.1882000453562109,3,5,ok
3551900,Severínia - SP,SP,14576.0,0.5,140.46,0,0.0,3,14,ok
3552007,Silveiras - SP,SP,6186.0,0.8,414.782,2,0.48218100110419454,5,36,ok
3552106,Socorro - SP,SP,40122.0,0.7,449.029,0,0.0,4,9,ok
3552205,Sorocaba - SP,SP,723682.0,1.2,449.872,2,0.44457090016715867,5,69,ok
3552304,Sud Mennucci - SP,SP,7355.0,0.4,594.744,5,0.8406978464683964,4,28,ok
3552403,Sumaré - SP,SP,279545.0,1.1,153.465,5,3.2580718730655196,5,27,ok
3552502,Suzano - SP,SP,307429.0,1.1,206.236,0,0.0,4,31,ok
3552551,Suzanápolis - SP,SP,3408.0,1.3,330.587,6,1.8149534010714274,4,24,ok
3552601,Tabapuã - SP,SP,11323.0,0.6,345.792,1,0.28919119007958544,5,30,ok
3552700,Tabatinga - SP,SP,14769.0,1.2,368.604,1,0.27129385465160444,5,32,ok
3552809,Taboão da Serra - SP,SP,273542.0,1.5,20.388,0,0.0,1,1,ok
3552908,Taciba - SP,SP,6260.0,0.6,607.267,1,0.16467221172894295,5,10,ok
3553005,Taguaí - SP,SP,12669.0,0.8,145.332,0,0.0,2,2,ok
3553104,Taiaçu - SP,SP,5677.0,1.0,107.059,3,2.80219318319805,5,15,ok
3553203,Taiúva - SP,SP,6548.0,1.0,132.459,4,3.019802353935935,5,65,ok
3553302,Tambaú - SP,SP,21435.0,1.0,561.788,2,0.3560061802672895,5,132,ok
3553401,Tanabi - SP,SP,25265.0,1.0,747.218,6,0.8029785149715345,5,72,ok
3553500,Tapiraí - SP,SP,7996.0,1.0,755.1,0,0.0,4,11,ok
3553609,Tapiratiba - SP,SP,11816.0,0.6,221.891,6,2.7040303572474773,5,43,ok
3553658,Taquaral - SP,SP,2619.0,0.5,53.892,1,1.8555629778074667,3,7,ok
3553708,Taquaritinga - SP,SP,52260.0,1.2,594.335,5,0.8412763845306098,5,67,ok
3553807,Taquarituba - SP,SP,24350.0,0.9,448.515,3,0.6688739507039899,4,19,ok
3553856,Taquarivaí - SP,SP,6876.0,0.9,231.792,0,0.0,1,1,ok
3553906,Tarabai - SP,SP,6536.0,0.7,201.385,0,0.0,3,13,ok
3553955,Tarumã - SP,SP,14882.0,0.7,302.913,0,0.0,4,21,ok
3554003,Tatuí - SP,SP,123942.0,1.2,523.749,3,0.572793456407554,5,30,ok
3554102,Taubaté - SP,SP,310739.0,1.0,625.003,5,0.7999961600184319,5,59,ok
3554201,Tejupá - SP,SP,4127.0,0.5,296.189,22,7.4276897521514975,5,38,ok
3554300,Teodoro Sampaio - SP,SP,22173.0,0.8,1555.803,4,0.25710195956686027,5,48,ok
3554409,Terra Roxa - SP,SP,7904.0,0.6,221.541,1,0.45138371678380074,5,22,ok
3554508,Tietê - SP,SP,37663.0,0.9,404.396,0,0.0,3,6,ok
3554607,Timburi - SP,SP,2464.0,0.8,196.79,0,0.0,0,0,ok
3554656,Torre de Pedra - SP,SP,2046.0,0.8,71.348,0,0.0,0,0,ok
3554706,Torrinha - SP,SP,9335.0,0.5,315.267,0,0.0,3,19,ok
3554755,Trabiju - SP,SP,1682.0,1.8,63.421,0,0.0,2,3,ok
3554805,Tremembé - SP,SP,51173.0,1.0,191.094,2,1.046605335594001,5,8,ok
3554904,Três Fronteiras - SP,SP,6804.0,0.7,151.594,1,0.6596567146456984,3,5,ok
3554953,Tuiuti - SP,SP,6778.0,0.5,126.731,0,0.0,2,3,ok
3555000,Tupã - SP,SP,63928.0,1.1,627.986,3,0.47771765612609196,5,48,ok
3555109,Tupi Paulista - SP,SP,15854.0,0.6,244.77,2,0.817093598071659,4,8,ok
3555208,Turiúba - SP,SP,1818.0,1.0,153.235,0,0.0,3,12,ok
3555307,Turmalina - SP,SP,1669.0,1.8,147.797,0,0.0,2,8,ok
3555356,Ubarana - SP,SP,5365.0,0.5,209.861,0,0.0,1,7,ok
3555406,Ubatuba - SP,SP,92981.0,1.2,708.105,2,0.2824439878266641,2,3,ok
3555505,Ubirajara - SP,SP,5132.0,0.9,282.179,13,4.607004773565715,4,19,ok
3555604,Uchoa - SP,SP,10394.0,0.7,252.434,0,0.0,4,26,ok
3555703,União Paulista - SP,SP,1603.0,0.8,79.056,0,0.0,3,14,ok
3555802,Urânia - SP,SP,8833.0,1.2,209.262,4,1.911479389473483,3,12,ok
3555901,Uru - SP,SP,1387.0,1.0,146.901,1,0.6807305600370317,5,5,ok
3556008,Urupês - SP,SP,13744.0,0.9,323.916,1,0.3087220143493992,5,54,ok
3556107,Valentim Gentil - SP,SP,14098.0,0.7,149.741,0,0.0,4,15,ok
3556206,Valinhos - SP,SP,126373.0,1.0,148.538,6,4.039370396800819,5,30,ok
3556305,Valparaíso - SP,SP,24241.0,1.1,857.661,12,1.3991542112792819,4,39,ok
3556354,Vargem - SP,SP,10512.0,1.1,142.595,0,0.0,2,5,ok
3556404,Vargem Grande do Sul - SP,SP,40133.0,0.5,267.178,3,1.1228469409906505,5,44,ok
3556453,Vargem Grande Paulista - SP,SP,50415.0,1.2,42.489,1,2.353550330673822,4,5,ok
3556503,Várzea Paulista - SP,SP,115771.0,1.2,35.12,0,0.0,2,4,ok
3556602,Vera Cruz - SP,SP,10176.0,1.3,247.716,1,0.403688094430719,5,35,ok
3556701,Vinhedo - SP,SP,76540.0,1.1,80.95,2,2.470660901791229,3,14,ok
3556800,Viradouro - SP,SP,17414.0,0.7,217.726,6,2.755757236159209,5,53,ok
3556909,Vista Alegre do Alto - SP,SP,8109.0,1.1,95.429,0,0.0,2,13,ok
3556958,Vitória Brasil - SP,SP,1794.0,0.8,49.832,0,0.0,0,0,ok
3557006,Votorantim - SP,SP,127923.0,1.2,184.186,9,4.886364870294159,5,40,ok
3557105,Votuporanga - SP,SP,96634.0,1.2,420.703,0,0.0,3,38,ok
3557154,Zacarias - SP,SP,2692.0,0.5,319.056,0,0.0,3,43,ok
3557204,Chavantes - SP,SP,12211.0,0.9,188.727,0,0.0,3,13,ok
3557303,Estiva Gerbi - SP,SP,11295.0,0.8,74.144,2,2.6974536037980146,5,22,ok
4100103,Abatiá - PR,PR,7241.0,0.6,228.717,1,0.43722154452882817,4,12,ok
4100202,Adrianópolis - PR,PR,6256.0,1.3,1349.311,28,2.0751331605537935,5,160,ok
4100301,Agudos do Sul - PR,PR,10233.0,1.9,192.261,1,0.5201262866624017,5,21,ok
4100400,Almirante Tamandaré - PR,PR,119825.0,1.3,194.228,1,0.5148588257099903,5,65,ok
4100459,Altamira do Paraná - PR,PR,3590.0,0.9,386.945,0,0.0,3,6,ok
4100509,Altônia - PR,PR,18742.0,0.8,661.56,2,0.30231573855734933,5,53,ok
4100608,Alto Paraná - PR,PR,13909.0,1.1,407.719,5,1.2263348041175417,5,36,ok
4100707,Alto Piquiri - PR,PR,9727.0,1.4,447.666,0,0.0,4,17,ok
4100806,Alvorada do Sul - PR,PR,10326.0,0.5,424.25,8,1.8856806128461991,5,25,ok
4100905,Amaporã - PR,PR,4762.0,0.8,384.735,2,0.5198383302792832,5,25,ok
4101002,Ampére - PR,PR,19620.0,1.1,298.349,0,0.0,3,6,ok
4101051,Anahy - PR,PR,2918.0,0.3,102.895,0,0.0,1,2,ok
4101101,Andirá - PR,PR,19878.0,1.1,235.944,2,0.847658766486963,5,18,ok
4101150,Ângulo - PR,PR,3235.0,0.3,106.021,0,0.0,1,2,ok
4101200,Antonina - PR,PR,18091.0,1.6,891.582,0,0.0,1,3,ok
4101309,Antônio Olinto - PR,PR,7018.0,0.7,469.62,8,1.7035049614582003,5,88,ok
4101408,Apucarana - PR,PR,130134.0,1.0,556.99,6,1.0772186215192374,5,49,ok
4101507,Arapongas - PR,PR,119138.0,1.0,382.215,2,0.5232657012414479,5,21,ok
4101606,Arapoti - PR,PR,25777.0,0.9,1358.176,3,0.22088448036189715,5,23,ok
4101655,Arapuã - PR,PR,3527.0,0.4,217.371,0,0.0,4,6,ok
4101705,Araruna - PR,PR,14485.0,0.4,493.191,2,0.40552240409902046,4,12,ok
4101804,Araucária - PR,PR,151666.0,1.4,469.24,2,0.4262211235188816,5,15,ok
4101853,Ariranha do Ivaí - PR,PR,2329.0,1.1,234.076,2,0.8544233496813001,3,6,ok
4101903,Assaí - PR,PR,13797.0,1.4,440.347,0,0.0,2,9,ok
4102000,Assis Chateaubriand - PR,PR,36808.0,1.3,980.727,0,0.0,1,2,ok
4102109,Astorga - PR,PR,25475.0,1.5,434.792,4,0.919980128429226,5,18,ok
4102208,Atalaia - PR,PR,3980.0,0.4,137.663,2,1.4528231986808364,2,4,ok
4102307,Balsa Nova - PR,PR,13395.0,1.3,348.926,6,1.7195623140723248,5,27,ok
4102406,Bandeirantes - PR,PR,31273.0,1.7,445.192,2,0.44924437096803177,5,43,ok
4102505,Barbosa Ferraz - PR,PR,10795.0,1.5,538.636,0,0.0,4,15,ok
4102604,Barracão - PR,PR,9759.0,0.6,161.213,1,0.6202973705594462,5,9,ok
4102703,Barra do Jacaré - PR,PR,2814.0,1.4,115.855,0,0.0,1,1,ok
4102752,Bela Vista da Caroba - PR,PR,4031.0,0.2,148.107,0,0.0,4,6,ok
4102802,Bela Vista do Paraíso - PR,PR,14833.0,1.1,242.689,0,0.0,3,13,ok
4102901,Bituruna - PR,PR,15533.0,1.0,1234.946,35,2.8341320187279444,5,214,ok
4103008,Boa Esperança - PR,PR,4558.0,0.4,302.739,0,0.0,2,6,ok
4103024,Boa Esperança do Iguaçu - PR,PR,2455.0,0.5,151.797,0,0.0,1,1,ok
4103040,Boa Ventura de São Roque - PR,PR,6378.0,1.0,620.453,0,0.0,4,52,ok
4103057,Boa Vista da Aparecida - PR,PR,7924.0,1.1,266.175,6,2.254156100309946,1,6,ok
4103107,Bocaiúva do Sul - PR,PR,13299.0,1.1,825.665,12,1.453373947060854,5,96,ok
4103156,Bom Jesus do Sul - PR,PR,3980.0,1.2,176.129,1,0.5677656717519546,3,11,ok
4103206,Bom Sucesso - PR,PR,6581.0,0.8,322.755,12,3.717990426174653,5,47,ok
4103222,Bom Sucesso do Sul - PR,PR,3202.0,1.1,195.931,0,0.0,1,1,ok
4103305,Borrazópolis - PR,PR,7735.0,1.1,334.378,1,0.2990627373810478,4,11,ok
4103354,Braganey - PR,PR,4854.0,0.4,343.321,0,0.0,2,6,ok
4103370,Brasilândia do Sul - PR,PR,3708.0,0.8,291.036,0,0.0,0,0,ok
4103404,Cafeara - PR,PR,2627.0,0.7,185.8,0,0.0,3,7,ok
4103453,Cafelândia - PR,PR,18997.0,1.2,274.904,1,0.3637633501149492,4,12,ok
4103479,Cafezal do Sul - PR,PR,4473.0,1.5,335.392,2,0.596317145310562,3,4,ok
4103503,Califórnia - PR,PR,8710.0,0.7,141.817,0,0.0,4,6,ok
4103602,Cambará - PR,PR,23212.0,0.9,366.153,0,0.0,4,22,ok
4103701,Cambé - PR,PR,107208.0,1.0,495.375,1,0.20186727226848347,5,19,ok
4103800,Cambira - PR,PR,9460.0,0.8,164.786,1,0.606847669098103,5,17,ok
4103909,Campina da Lagoa - PR,PR,15723.0,1.5,796.614,0,0.0,3,8,ok
4103958,Campina do Simão - PR,PR,3936.0,1.2,448.424,13,2.8990419781278436,5,64,ok
4104006,Campina Grande do Sul - PR,PR,47825.0,1.3,539.245,2,0.3708889280382757,5,31,ok
4104055,Campo Bonito - PR,PR,4027.0,0.9,433.832,2,0.4610079477770197,4,17,ok
4104105,Campo do Tenente - PR,PR,7508.0,1.3,304.488,0,0.0,4,28,ok
4104204,Campo Largo - PR,PR,136327.0,1.5,1243.551,25,2.0103719107620033,5,168,ok
4104253,Campo Magro - PR,PR,30160.0,0.9,275.352,3,1.0895145123333043,5,25,ok
4104303,Campo Mourão - PR,PR,99432.0,1.2,749.637,0,0.0,4,22,ok
4104402,Cândido de Abreu - PR,PR,15244.0,0.4,1510.16,10,0.6621814907029718,5,127,ok
4104428,Candói - PR,PR,14973.0,0.9,1512.786,12,0.7932384355751573,5,89,ok
4104451,Cantagalo - PR,PR,10933.0,0.8,583.304,10,1.7143719227023988,5,58,ok
4104501,Capanema - PR,PR,20481.0,0.9,419.036,0,0.0,3,10,ok
4104600,Capitão Leônidas Marques - PR,PR,14648.0,0.8,280.063,0,0.0,1,1,ok
4104659,Carambeí - PR,PR,23283.0,1.2,649.68,2,0.3078438615933998,5,26,ok
4104709,Carlópolis - PR,PR,16905.0,0.6,451.418,1,0.22152417493321047,4,9,ok
4104808,Cascavel - PR,PR,348051.0,1.3,2091.199,10,0.4781945668489704,5,101,ok
4104907,Castro - PR,PR,73075.0,1.1,2531.503,47,1.856604554685497,5,240,ok
4105003,Catanduvas - PR,PR,10446.0,0.6,580.421,2,0.3445774704912468,5,27,ok
4105102,Centenário do Sul - PR,PR,10832.0,1.1,371.834,3,0.8068116417541161,4,21,ok
4105201,Cerro Azul - PR,PR,16134.0,0.8,1341.189,56,4.175399589468747,5,258,ok
4105300,Céu Azul - PR,PR,11087.0,0.9,1179.449,2,0.16957070632134158,3,4,ok
4105409,Chopinzinho - PR,PR,21085.0,1.3,959.692,3,0.31260029259387384,5,50,ok
4105508,Cianorte - PR,PR,79527.0,0.6,811.666,2,0.24640677322938254,5,29,ok
4105607,Cidade Gaúcha - PR,PR,11467.0,1.0,403.045,0,0.0,4,31,ok
4105706,Clevelândia - PR,PR,15070.0,0.6,703.638,8,1.136948260327043,5,67,ok
4105805,Colombo - PR,PR,232212.0,1.5,197.58,0,0.0,4,31,ok
4105904,Colorado - PR,PR,22896.0,0.8,407.568,2,0.49071565971813297,4,20,ok
4106001,Congonhinhas - PR,PR,8320.0,1.0,535.963,0,0.0,4,21,ok
4106100,Conselheiro Mairinck - PR,PR,3461.0,1.0,204.705,0,0.0,2,2,ok
4106209,Contenda - PR,PR,19128.0,0.7,299.037,5,1.6720338954711291,5,22,ok
4106308,Corbélia - PR,PR,17470.0,1.2,529.137,0,0.0,4,16,ok
4106407,Cornélio Procópio - PR,PR,45206.0,0.9,635.1,2,0.314911037631869,5,25,ok
4106456,Coronel Domingos Soares - PR,PR,5649.0,0.4,1556.186,37,2.3776078180885833,5,309,ok
4106506,Coronel Vivida - PR,PR,23331.0,0.7,684.417,3,0.4383292641766642,5,30,ok
4106555,Corumbataí do Sul - PR,PR,3760.0,1.4,164.341,0,0.0,2,2,ok
4106571,Cruzeiro do Iguaçu - PR,PR,4133.0,0.5,161.862,0,0.0,2,4,ok
4106605,Cruzeiro do Oeste - PR,PR,23831.0,0.9,775.984,7,0.9020804552671189,5,35,ok
4106704,Cruzeiro do Sul - PR,PR,4494.0,0.6,259.103,0,0.0,4,28,ok
4106803,Cruz Machado - PR,PR,15978.0,0.8,1478.35,82,5.546724388676565,5,321,ok
4106852,Cruzmaltina - PR,PR,2892.0,1.3,312.299,0,0.0,3,14,ok
4106902,Curitiba - PR,PR,1773718.0,1.4,434.892,0,0.0,2,3,ok
4107009,Curiúva - PR,PR,13647.0,0.7,576.263,8,1.3882550155050732,5,50,ok
4107108,Diamante do Norte - PR,PR,5142.0,0.6,242.887,0,0.0,3,6,ok
4107124,Diamante do Sul - PR,PR,3171.0,1.4,347.233,3,0.8639731822724224,5,25,ok
4107157,Diamante D'Oeste - PR,PR,4557.0,1.1,309.11,2,0.6470188605997864,4,19,ok
4107207,Dois Vizinhos - PR,PR,44869.0,0.8,418.648,0,0.0,4,12,ok
4107256,Douradina - PR,PR,9161.0,0.5,420.604,0,0.0,4,25,ok
4107306,Doutor Camargo - PR,PR,6327.0,0.3,118.279,0,0.0,1,1,ok
4107405,Enéas Marques - PR,PR,5999.0,0.2,192.203,0,0.0,3,7,ok
4107504,Engenheiro Beltrão - PR,PR,12454.0,0.8,467.47,0,0.0,4,7,ok
4107520,Esperança Nova - PR,PR,1849.0,1.1,141.286,0,0.0,0,0,ok
4107538,Entre Rios do Oeste - PR,PR,4575.0,0.4,120.967,0,0.0,0,0,ok
4107546,Espigão Alto do Iguaçu - PR,PR,4797.0,0.5,326.44,6,1.8380100477882613,5,51,ok
4107553,Farol - PR,PR,3039.0,1.2,289.232,1,0.34574320960336336,2,2,ok
4107603,Faxinal - PR,PR,16389.0,1.0,715.943,0,0.0,4,18,ok
4107652,Fazenda Rio Grande - PR,PR,148873.0,1.1,116.678,0,0.0,4,10,ok
4107702,Fênix - PR,PR,4492.0,0.6,234.099,0,0.0,1,6,ok
4107736,Fernandes Pinheiro - PR,PR,6255.0,0.6,406.5,6,1.4760147601476015,5,35,ok
4107751,Figueira - PR,PR,8062.0,0.6,129.769,1,0.7706000662716057,5,9,ok
4107801,Floraí - PR,PR,4792.0,1.2,191.133,1,0.52319588977309,5,11,ok
4107850,Flor da Serra do Sul - PR,PR,4364.0,0.8,255.721,1,0.39105118468956396,5,17,ok
4107900,Floresta - PR,PR,10458.0,1.1,158.226,0,0.0,1,5,ok
4108007,Florestópolis - PR,PR,11446.0,0.7,246.853,1,0.4050993911356151,5,29,ok
4108106,Flórida - PR,PR,2652.0,0.7,83.046,0,0.0,2,5,ok
4108205,Formosa do Oeste - PR,PR,7635.0,0.8,275.901,0,0.0,2,8,ok
4108304,Foz do Iguaçu - PR,PR,285415.0,1.5,609.192,0,0.0,2,4,ok
4108320,Francisco Alves - PR,PR,8116.0,0.5,321.898,0,0.0,2,4,ok
4108403,Francisco Beltrão - PR,PR,96666.0,0.9,735.111,5,0.6801693893847324,5,44,ok
4108452,Foz do Jordão - PR,PR,4926.0,0.9,235.382,1,0.4248413217663203,4,8,ok
4108502,General Carneiro - PR,PR,11062.0,1.1,1071.183,43,4.014253400212662,5,128,ok
4108551,Godoy Moreira - PR,PR,2977.0,0.9,131.012,0,0.0,1,1,ok
4108601,Goioerê - PR,PR,28437.0,1.5,564.163,3,0.5317612108557279,4,27,ok
4108650,Goioxim - PR,PR,6566.0,0.7,702.471,12,1.7082555721161443,5,100,ok
4108700,Grandes Rios - PR,PR,5641.0,0.5,314.198,1,0.31827064462536364,5,19,ok
4108809,Guaíra - PR,PR,32097.0,0.8,563.742,0,0.0,3,37,ok
4108908,Guairaçá - PR,PR,6587.0,1.1,493.94,18,3.644167307770175,5,72,ok
4108957,Guamiranga - PR,PR,7856.0,1.8,244.795,9,3.6765456810800874,5,49,ok
4109005,Guapirama - PR,PR,4626.0,0.9,189.1,0,0.0,3,12,ok
4109104,Guaporema - PR,PR,2191.0,0.7,201.15,0,0.0,4,10,ok
4109203,Guaraci - PR,PR,4748.0,0.5,211.68,0,0.0,3,6,ok
4109302,Guaraniaçu - PR,PR,13735.0,1.2,1238.32,18,1.453582272756638,5,61,ok
4109401,Guarapuava - PR,PR,182093.0,1.0,3168.087,47,1.4835451172900238,5,274,ok
4109500,Guaraqueçaba - PR,PR,7430.0,0.6,2011.357,0,0.0,1,2,ok
4109609,Guaratuba - PR,PR,42062.0,2.3,1326.67,1,0.07537669503342956,4,7,ok
4109658,Honório Serpa - PR,PR,4941.0,0.3,502.235,4,0.7964399135862693,5,66,ok
4109708,Ibaiti - PR,PR,28830.0,1.4,898.221,3,0.3339935272054428,5,35,ok
4109757,Ibema - PR,PR,6218.0,0.3,145.446,2,1.3750807859961771,4,10,ok
4109807,Ibiporã - PR,PR,51603.0,1.0,297.742,1,0.33586124900081277,3,7,ok
4109906,Icaraíma - PR,PR,8991.0,0.6,675.24,0,0.0,3,17,ok
4110003,Iguaraçu - PR,PR,5338.0,1.1,164.983,0,0.0,2,5,ok
4110052,Iguatu - PR,PR,2144.0,1.5,106.937,0,0.0,1,2,ok
4110078,Imbaú - PR,PR,14249.0,0.7,330.734,3,0.907073358046043,5,28,ok
4110102,Imbituva - PR,PR,29924.0,1.0,756.535,20,2.643631821396234,5,86,ok
4110201,Inácio Martins - PR,PR,9670.0,0.9,936.208,30,3.2044161126587256,5,177,ok
4110300,Inajá - PR,PR,2536.0,0.6,194.704,2,1.0272002629632673,3,21,ok
4110409,Indianópolis - PR,PR,4448.0,0.6,122.622,0,0.0,4,9,ok
4110508,Ipiranga - PR,PR,14142.0,0.4,900.721,10,1.1102217001713073,5,87,ok
4110607,Iporã - PR,PR,15746.0,0.6,647.894,6,0.9260774138979525,5,17,ok
4110656,Iracema do Oeste - PR,PR,2343.0,0.9,81.538,0,0.0,2,2,ok
4110706,Irati - PR,PR,59250.0,0.8,999.517,20,2.0009664668034657,5,140,ok
4110805,Iretama - PR,PR,10684.0,1.3,570.459,3,0.5258923077732143,5,31,ok
4110904,Itaguajé - PR,PR,4481.0,1.1,194.353,0,0.0,3,10,ok
4110953,Itaipulândia - PR,PR,11485.0,0.4,330.846,0,0.0,0,0,ok
4111001,Itambaracá - PR,PR,5908.0,1.1,207.342,1,0.4822949523010292,5,13,ok
4111100,Itambé - PR,PR,6111.0,0.6,243.822,2,0.8202705252192173,5,15,ok
4111209,Itapejara d'Oeste - PR,PR,12344.0,0.7,254.014,0,0.0,4,11,ok
4111258,Itaperuçu - PR,PR,31217.0,1.0,322.991,17,5.263304550281587,5,123,ok
4111308,Itaúna do Sul - PR,PR,3572.0,0.4,128.87,0,0.0,4,14,ok
4111407,Ivaí - PR,PR,13229.0,0.7,607.848,14,2.303207380792567,5,278,ok
4111506,Ivaiporã - PR,PR,32720.0,1.0,436.989,4,0.9153548487490532,4,11,ok
4111555,Ivaté - PR,PR,6831.0,0.6,410.156,0,0.0,3,10,ok
4111605,Ivatuba - PR,PR,2708.0,0.9,96.661,0,0.0,0,0,ok
4111704,Jaboti - PR,PR,5427.0,0.8,139.277,0,0.0,2,2,ok
4111803,Jacarezinho - PR,PR,40375.0,1.3,602.528,0,0.0,4,69,ok
4111902,Jaguapitã - PR,PR,15122.0,0.6,475.004,3,0.6315736288536518,5,44,ok
4112009,Jaguariaíva - PR,PR,35141.0,1.0,1453.066,8,0.5505599883281282,5,109,ok
4112108,Jandaia do Sul - PR,PR,21408.0,0.9,187.6,9,4.797441364605544,4,17,ok
4112207,Janiópolis - PR,PR,5870.0,0.7,335.65,0,0.0,2,3,ok
4112306,Japira - PR,PR,4972.0,0.9,187.802,2,1.0649513849692762,4,5,ok
4112405,Japurá - PR,PR,9144.0,0.5,165.185,0,0.0,3,4,ok
4112504,Jardim Alegre - PR,PR,12004.0,0.8,413.386,0,0.0,4,20,ok
4112603,Jardim Olinda - PR,PR,1343.0,0.3,128.515,1,0.7781192856864958,5,19,ok
4112702,Jataizinho - PR,PR,11813.0,0.7,159.178,2,1.2564550377564738,4,11,ok
4112751,Jesuítas - PR,PR,10506.0,0.9,247.496,0,0.0,3,4,ok
4112801,Joaquim Távora - PR,PR,11945.0,0.9,289.173,0,0.0,3,10,ok
4112900,Jundiaí do Sul - PR,PR,3333.0,1.8,320.816,1,0.31170515186275005,5,5,ok
4112959,Juranda - PR,PR,7771.0,0.7,354.364,0,0.0,1,1,ok
4113007,Jussara - PR,PR,6690.0,0.6,210.869,0,0.0,2,7,ok
4113106,Kaloré - PR,PR,4582.0,0.7,193.299,1,0.5173332505600132,5,7,ok
4113205,Lapa - PR,PR,45003.0,0.8,2093.859,26,1.2417264008703548,5,263,ok
4113254,Laranjal - PR,PR,5600.0,0.4,559.439,5,0.8937524913350696,5,31,ok
4113304,Laranjeiras do Sul - PR,PR,32227.0,0.9,673.688,4,0.5937466601750365,5,52,ok
4113403,Leópolis - PR,PR,3752.0,0.4,344.918,0,0.0,1,1,ok
4113429,Lidianópolis - PR,PR,3938.0,0.8,151.456,0,0.0,3,3,ok
4113452,Lindoeste - PR,PR,5175.0,0.6,347.093,0,0.0,3,4,ok
4113502,Loanda - PR,PR,23225.0,0.7,722.496,4,0.5536362831074498,5,20,ok
4113601,Lobato - PR,PR,4601.0,0.5,240.904,1,0.4151031116129246,5,30,ok
4113700,Londrina - PR,PR,555965.0,1.3,1652.569,12,0.7261421459557816,5,79,ok
4113734,Luiziana - PR,PR,6690.0,0.8,916.839,6,0.6544224231299061,5,21,ok
4113759,Lunardelli - PR,PR,4872.0,0.7,199.213,1,0.5019752726980669,4,13,ok
4113809,Lupionópolis - PR,PR,4813.0,0.6,121.066,0,0.0,1,2,ok
4113908,Mallet - PR,PR,13428.0,0.5,760.224,9,1.1838615986867027,5,81,ok
4114005,Mamborê - PR,PR,13452.0,1.1,788.061,1,0.12689373030767923,4,4,ok
4114104,Mandaguaçu - PR,PR,31457.0,1.3,294.019,0,0.0,4,21,ok
4114203,Mandaguari - PR,PR,36716.0,1.0,335.814,0,0.0,3,12,ok
4114302,Mandirituba - PR,PR,27439.0,1.4,379.179,11,2.901004538753465,5,58,ok
4114351,Manfrinópolis - PR,PR,2770.0,0.6,215.779,3,1.3903113834061702,5,22,ok
4114401,Mangueirinha - PR,PR,16603.0,0.9,1055.458,2,0.18949119718643467,5,86,ok
4114500,Manoel Ribas - PR,PR,14240.0,0.8,571.135,0,0.0,4,35,ok
4114609,Marechal Cândido Rondon - PR,PR,55836.0,0.8,745.748,0,0.0,1,2,ok
4114708,Maria Helena - PR,PR,5865.0,1.4,486.224,4,0.8226660962848399,5,21,ok
4114807,Marialva - PR,PR,41851.0,0.9,475.564,1,0.21027663994751494,4,9,ok
4114906,Marilândia do Sul - PR,PR,8677.0,0.4,384.424,0,0.0,3,8,ok
4115002,Marilena - PR,PR,7253.0,0.6,232.363,0,0.0,4,21,ok
4115101,Mariluz - PR,PR,9847.0,0.5,433.17,4,0.9234249832629221,5,21,ok
4115200,Maringá - PR,PR,409657.0,1.1,487.012,1,0.20533374947639896,5,15,ok
4115309,Mariópolis - PR,PR,6371.0,0.8,230.365,1,0.4340937208343281,3,7,ok
4115358,Maripá - PR,PR,6555.0,0.7,283.793,0,0.0,1,1,ok
4115408,Marmeleiro - PR,PR,15901.0,0.6,387.612,0,0.0,4,14,ok
4115457,Marquinho - PR,PR,4504.0,0.2,503.858,5,0.9923430807886349,5,35,ok
4115507,Marumbi - PR,PR,4699.0,1.2,208.47,3,1.4390559792775939,5,21,ok
4115606,Matelândia - PR,PR,18450.0,1.2,639.746,1,0.1563120363394222,2,4,ok
4115705,Matinhos - PR,PR,39259.0,1.3,117.899,0,0.0,0,0,ok
4115739,Mato Rico - PR,PR,3267.0,1.0,394.533,2,0.5069284445154144,5,22,ok
4115754,Mauá da Serra - PR,PR,9383.0,0.7,108.324,5,4.615782282781286,5,15,ok
4115804,Medianeira - PR,PR,54369.0,1.1,328.732,0,0.0,3,4,ok
4115853,Mercedes - PR,PR,5931.0,0.6,197.136,0,0.0,2,4,ok
4115903,Mirador - PR,PR,2238.0,0.6,221.708,3,1.353131145470619,4,14,ok
4116000,Miraselva - PR,PR,1966.0,0.8,90.294,0,0.0,3,9,ok
4116059,Missal - PR,PR,11064.0,0.9,324.397,1,0.3082642564512002,2,2,ok
4116109,Moreira Sales - PR,PR,11175.0,1.7,353.772,0,0.0,2,26,ok
4116208,Morretes - PR,PR,18309.0,0.9,684.58,0,0.0,0,0,ok
4116307,Munhoz de Melo - PR,PR,3951.0,1.0,137.018,0,0.0,2,8,ok
4116406,Nossa Senhora das Graças - PR,PR,3669.0,0.6,185.769,0,0.0,3,10,ok
4116505,Nova Aliança do Ivaí - PR,PR,1323.0,1.0,131.272,2,1.5235541471143885,3,7,ok
4116604,Nova América da Colina - PR,PR,3280.0,1.3,129.476,0,0.0,3,5,ok
4116703,Nova Aurora - PR,PR,13765.0,1.1,470.642,0,0.0,2,4,ok
4116802,Nova Cantu - PR,PR,6790.0,0.9,555.488,0,0.0,2,7,ok
4116901,Nova Esperança - PR,PR,26585.0,1.0,401.587,7,1.7430843129882194,5,37,ok
4116950,Nova Esperança do Sudoeste - PR,PR,5597.0,0.9,208.472,1,0.4796807245097663,5,13,ok
4117008,Nova Fátima - PR,PR,7225.0,0.4,283.423,0,0.0,3,4,ok
4117057,Nova Laranjeiras - PR,PR,12074.0,0.7,1210.205,33,2.7268107469395684,5,497,ok
4117107,Nova Londrina - PR,PR,12923.0,0.8,269.389,1,0.37121040577009456,4,9,ok
4117206,Nova Olímpia - PR,PR,5833.0,0.8,136.347,0,0.0,2,4,ok
4117214,Nova Santa Bárbara - PR,PR,4184.0,0.8,76.887,0,0.0,0,0,ok
4117222,Nova Santa Rosa - PR,PR,8322.0,0.8,204.665,0,0.0,0,0,ok
4117255,Nova Prata do Iguaçu - PR,PR,12699.0,1.1,352.565,0,0.0,1,1,ok
4117271,Nova Tebas - PR,PR,6848.0,0.9,545.686,3,0.5497667156569895,5,23,ok
4117297,Novo Itacolomi - PR,PR,3125.0,0.9,161.411,2,1.2390729256370383,4,7,ok
4117305,Ortigueira - PR,PR,24192.0,0.7,2429.52,11,0.452764332049129,5,187,ok
4117404,Ourizona - PR,PR,3187.0,0.5,176.457,0,0.0,2,2,ok
4117453,Ouro Verde do Oeste - PR,PR,6785.0,0.9,293.042,0,0.0,2,2,ok
4117503,Paiçandu - PR,PR,45962.0,1.1,171.379,2,1.1670041253595833,5,13,ok
4117602,Palmas - PR,PR,48247.0,1.6,1557.903,32,2.054043159298108,5,371,ok
4117701,Palmeira - PR,PR,33855.0,0.5,1470.072,25,1.7005969775630039,5,126,ok
4117800,Palmital - PR,PR,13033.0,1.0,817.647,4,0.4892086682883934,5,40,ok
4117909,Palotina - PR,PR,35011.0,1.4,651.238,0,0.0,3,5,ok
4118006,Paraíso do Norte - PR,PR,13245.0,1.0,204.564,4,1.9553782679259304,3,13,ok
4118105,Paranacity - PR,PR,9557.0,0.9,348.631,2,0.5736724502410859,4,25,ok
4118204,Paranaguá - PR,PR,145829.0,1.6,822.838,0,0.0,2,3,ok
4118303,Paranapoema - PR,PR,2398.0,0.5,175.875,1,0.5685856432125089,4,11,ok
4118402,Paranavaí - PR,PR,92001.0,1.2,1202.266,9,0.7485864193115334,5,61,ok
4118451,Pato Bragado - PR,PR,5733.0,0.5,135.6,0,0.0,1,1,ok
4118501,Pato Branco - PR,PR,91836.0,0.8,539.087,4,0.7419952623602498,5,18,ok
4118600,Paula Freitas - PR,PR,5666.0,0.8,421.409,0,0.0,4,12,ok
4118709,Paulo Frontin - PR,PR,6343.0,0.6,363.351,6,1.6512958544217575,5,43,ok
4118808,Peabiru - PR,PR,13346.0,1.0,468.594,1,0.21340435430244517,5,21,ok
4118857,Perobal - PR,PR,7189.0,0.9,409.05,5,1.222344456667889,4,19,ok
4118907,Pérola - PR,PR,11878.0,1.1,236.186,0,0.0,1,1,ok
4119004,Pérola d'Oeste - PR,PR,6221.0,0.4,205.279,2,0.9742837796364947,2,5,ok
4119103,Piên - PR,PR,13655.0,1.6,254.792,10,3.9247700084775032,5,58,ok
4119152,Pinhais - PR,PR,127019.0,1.2,60.869,0,0.0,1,7,ok
4119202,Pinhalão - PR,PR,6566.0,0.4,220.625,0,0.0,3,6,ok
4119251,Pinhal de São Bento - PR,PR,2761.0,0.4,97.463,0,0.0,1,1,ok
4119301,Pinhão - PR,PR,29886.0,0.8,2001.588,48,2.3980959118459944,5,287,ok
4119400,Piraí do Sul - PR,PR,23651.0,0.6,1345.417,13,0.9662431796238639,5,99,ok
4119509,Piraquara - PR,PR,118730.0,1.3,227.042,2,0.880894283876992,5,21,ok
4119608,Pitanga - PR,PR,33567.0,0.9,1663.747,9,0.5409476320618459,5,133,ok
4119657,Pitangueiras - PR,PR,3046.0,0.2,123.229,0,0.0,2,4,ok
4119707,Planaltina do Paraná - PR,PR,4070.0,0.3,356.192,3,0.8422423861288294,5,20,ok
4119806,Planalto - PR,PR,14374.0,0.5,346.241,0,0.0,4,14,ok
4119905,Ponta Grossa - PR,PR,358371.0,1.1,2054.732,20,0.9733629495233441,5,166,ok
4119954,Pontal do Paraná - PR,PR,30425.0,1.3,200.41,0,0.0,1,1,ok
4120002,Porecatu - PR,PR,11624.0,1.4,291.663,4,1.3714458124616424,5,59,ok
4120101,Porto Amazonas - PR,PR,4098.0,1.3,186.581,7,3.7517217723133656,5,23,ok
4120150,Porto Barreiro - PR,PR,3110.0,0.2,361.02,17,4.708880394437982,5,42,ok
4120200,Porto Rico - PR,PR,3182.0,0.5,217.676,0,0.0,0,0,ok
4120309,Porto Vitória - PR,PR,3562.0,,213.013,2,0.9389098317943037,4,22,ok
4120333,Prado Ferreira - PR,PR,3709.0,0.8,152.876,0,0.0,0,0,ok
4120358,Pranchita - PR,PR,5737.0,0.6,226.14,1,0.4422039444591846,4,7,ok
4120408,Presidente Castelo Branco - PR,PR,4336.0,0.8,155.734,0,0.0,4,19,ok
4120507,Primeiro de Maio - PR,PR,10082.0,1.4,414.442,0,0.0,3,7,ok
4120606,Prudentópolis - PR,PR,49393.0,0.6,2247.141,142,6.3191406324747765,5,1004,ok
4120655,Quarto Centenário - PR,PR,4201.0,0.8,321.875,0,0.0,0,0,ok
4120705,Quatiguá - PR,PR,8099.0,0.7,112.689,0,0.0,0,0,ok
4120804,Quatro Barras - PR,PR,24191.0,1.3,180.471,0,0.0,4,6,ok
4120853,Quatro Pontes - PR,PR,4480.0,0.9,114.393,0,0.0,0,0,ok
4120903,Quedas do Iguaçu - PR,PR,30738.0,1.2,821.503,20,2.434562016206879,5,282,ok
4121000,Querência do Norte - PR,PR,10685.0,1.1,914.763,8,0.8745434609838832,5,79,ok
4121109,Quinta do Sol - PR,PR,5001.0,1.5,326.177,0,0.0,4,9,ok
4121208,Quitandinha - PR,PR,18398.0,1.3,447.024,10,2.237016357063603,5,58,ok
4121257,Ramilândia - PR,PR,4221.0,0.7,237.196,0,0.0,2,2,ok
4121307,Rancho Alegre - PR,PR,3512.0,0.6,167.646,0,0.0,0,0,ok
4121356,Rancho Alegre D'Oeste - PR,PR,2618.0,0.5,241.386,0,0.0,1,1,ok
4121406,Realeza - PR,PR,19247.0,0.9,353.416,0,0.0,2,4,ok
4121505,Rebouças - PR,PR,14514.0,1.0,481.84,0,0.0,4,35,ok
4121604,Renascença - PR,PR,6845.0,0.6,425.273,0,0.0,4,19,ok
4121703,Reserva - PR,PR,24573.0,1.8,1635.535,10,0.6114207277740922,5,125,ok
4121752,Reserva do Iguaçu - PR,PR,6553.0,0.8,834.232,6,0.7192243884195284,5,41,ok
4121802,Ribeirão Claro - PR,PR,12364.0,0.5,629.224,0,0.0,4,14,ok
4121901,Ribeirão do Pinhal - PR,PR,13060.0,0.9,374.732,1,0.26685738074143656,5,14,ok
4122008,Rio Azul - PR,PR,14025.0,0.4,599.056,8,1.3354344168157901,5,85,ok
4122107,Rio Bom - PR,PR,3197.0,0.4,177.836,1,0.5623158415618884,3,7,ok
4122156,Rio Bonito do Iguaçu - PR,PR,13929.0,0.5,681.406,13,1.9078200074551737,5,291,ok
4122172,Rio Branco do Ivaí - PR,PR,3808.0,0.8,376.109,0,0.0,3,13,ok
4122206,Rio Branco do Sul - PR,PR,37558.0,1.1,811.425,27,3.3274794343284966,5,284,ok
4122305,Rio Negro - PR,PR,31324.0,1.0,604.138,13,2.151826238376,5,48,ok
4122404,Rolândia - PR,PR,71670.0,1.3,459.024,6,1.3071211962773188,5,22,ok
4122503,Roncador - PR,PR,11251.0,1.1,742.121,1,0.13474891560810165,5,20,ok
4122602,Rondon - PR,PR,9097.0,0.8,555.125,8,1.4411168655708173,5,74,ok
4122651,Rosário do Ivaí - PR,PR,5435.0,0.6,377.47,0,0.0,4,13,ok
4122701,Sabáudia - PR,PR,8822.0,0.9,190.329,0,0.0,3,5,ok
4122800,Salgado Filho - PR,PR,4075.0,0.8,181.015,0,0.0,3,6,ok
4122909,Salto do Itararé - PR,PR,5192.0,0.8,200.52,1,0.4987033712347895,3,4,ok
4123006,Salto do Lontra - PR,PR,15223.0,0.6,312.717,1,0.3197779461941628,4,8,ok
4123105,Santa Amélia - PR,PR,3394.0,1.7,78.045,0,0.0,3,5,ok
4123204,Santa Cecília do Pavão - PR,PR,3365.0,0.7,105.076,0,0.0,2,2,ok
4123303,Santa Cruz de Monte Castelo - PR,PR,8613.0,0.9,442.013,0,0.0,4,28,ok
4123402,Santa Fé - PR,PR,11378.0,0.9,276.241,0,0.0,4,16,ok
4123501,Santa Helena - PR,PR,25492.0,1.1,754.701,0,0.0,1,2,ok
4123600,Santa Inês - PR,PR,1748.0,0.7,156.935,0,0.0,1,2,ok
4123709,Santa Isabel do Ivaí - PR,PR,8912.0,1.2,349.497,0,0.0,4,11,ok
4123808,Santa Izabel do Oeste - PR,PR,14070.0,0.8,321.182,3,0.9340498533541729,3,9,ok
4123824,Santa Lúcia - PR,PR,3644.0,1.2,126.813,1,0.7885626867907863,1,1,ok
4123857,Santa Maria do Oeste - PR,PR,9934.0,0.8,836.669,14,1.6733021063287872,5,72,ok
4123907,Santa Mariana - PR,PR,11066.0,1.3,427.193,2,0.46817246537279406,4,12,ok
4123956,Santa Mônica - PR,PR,3356.0,0.8,259.957,0,0.0,4,22,ok
4124004,Santana do Itararé - PR,PR,5514.0,0.6,251.269,3,1.193939562779332,3,8,ok
4124020,Santa Tereza do Oeste - PR,PR,13174.0,1.2,326.19,3,0.919709371838499,2,9,ok
4124053,Santa Terezinha de Itaipu - PR,PR,24262.0,1.0,268.258,0,0.0,4,6,ok
4124103,Santo Antônio da Platina - PR,PR,44369.0,1.2,721.472,3,0.4158165528253349,5,44,ok
4124202,Santo Antônio do Caiuá - PR,PR,2493.0,0.4,219.068,0,0.0,4,27,ok
4124301,Santo Antônio do Paraíso - PR,PR,2125.0,0.7,167.014,0,0.0,2,2,ok
4124400,Santo Antônio do Sudoeste - PR,PR,23673.0,1.1,325.651,2,0.6141544168450274,4,11,ok
4124509,Santo Inácio - PR,PR,6181.0,1.4,280.133,1,0.356973294827814,4,10,ok
4124608,São Carlos do Ivaí - PR,PR,6587.0,0.8,225.079,5,2.221442249165848,4,30,ok
4124707,São Jerônimo da Serra - PR,PR,10830.0,0.9,823.774,12,1.456710214209237,5,75,ok
4124806,São João - PR,PR,11886.0,1.3,388.059,1,0.2576927735215521,5,6,ok
4124905,São João do Caiuá - PR,PR,5586.0,0.7,304.413,1,0.3285010824110665,4,11,ok
4125001,São João do Ivaí - PR,PR,10667.0,1.2,353.331,1,0.28302073692939483,4,5,ok
4125100,São João do Triunfo - PR,PR,13726.0,0.7,720.407,6,0.8328625346505516,5,89,ok
4125209,São Jorge d'Oeste - PR,PR,9378.0,0.7,379.545,0,0.0,3,8,ok
4125308,São Jorge do Ivaí - PR,PR,5168.0,0.9,315.088,0,0.0,2,8,ok
4125357,São Jorge do Patrocínio - PR,PR,6504.0,0.8,406.413,0,0.0,3,11,ok
4125407,São José da Boa Vista - PR,PR,6040.0,1.1,399.667,1,0.250208298408425,5,13,ok
4125456,São José das Palmeiras - PR,PR,3957.0,0.4,182.419,1,0.5481885110651851,1,1,ok
4125506,São José dos Pinhais - PR,PR,329628.0,1.5,946.435,1,0.10565965967023622,5,33,ok
4125555,São Manoel do Paraná - PR,PR,2138.0,0.7,95.381,0,0.0,4,13,ok
4125605,São Mateus do Sul - PR,PR,42366.0,1.1,1341.714,5,0.3726576602763331,5,132,ok
4125704,São Miguel do Iguaçu - PR,PR,29122.0,0.8,851.917,0,0.0,3,5,ok
4125753,São Pedro do Iguaçu - PR,PR,5784.0,0.6,308.324,0,0.0,3,4,ok
4125803,São Pedro do Ivaí - PR,PR,8690.0,0.4,322.692,5,1.5494651246389746,5,32,ok
4125902,São Pedro do Paraná - PR,PR,2661.0,0.3,250.654,0,0.0,2,8,ok
4126009,São Sebastião da Amoreira - PR,PR,8063.0,1.6,226.872,4,1.763108713283261,5,17,ok
4126108,São Tomé - PR,PR,5232.0,0.4,218.623,0,0.0,4,19,ok
4126207,Sapopema - PR,PR,6695.0,0.6,677.609,4,0.5903109315254076,5,50,ok
4126256,Sarandi - PR,PR,118455.0,1.3,103.501,0,0.0,3,7,ok
4126272,Saudade do Iguaçu - PR,PR,6108.0,0.9,152.084,2,1.315062728492149,3,5,ok
4126306,Sengés - PR,PR,17270.0,0.8,1441.333,11,0.763182415167071,4,36,ok
4126355,Serranópolis do Iguaçu - PR,PR,5007.0,1.1,482.394,0,0.0,0,0,ok
4126405,Sertaneja - PR,PR,5616.0,0.6,444.492,0,0.0,3,3,ok
4126504,Sertanópolis - PR,PR,15930.0,1.1,505.532,0,0.0,3,4,ok
4126603,Siqueira Campos - PR,PR,22811.0,1.3,278.035,0,0.0,1,1,ok
4126652,Sulina - PR,PR,3440.0,0.9,170.759,1,0.5856206700671708,3,6,ok
4126678,Tamarana - PR,PR,10707.0,0.9,472.155,2,0.4235897110059197,5,40,ok
4126702,Tamboara - PR,PR,4880.0,0.7,193.346,0,0.0,4,11,ok
4126801,Tapejara - PR,PR,15869.0,0.5,591.399,6,1.0145434807972282,4,32,ok
4126900,Tapira - PR,PR,5745.0,0.8,434.371,1,0.23021794733073803,5,22,ok
4127007,Teixeira Soares - PR,PR,9547.0,1.0,902.793,4,0.44306945224431293,5,67,ok
4127106,Telêmaco Borba - PR,PR,75042.0,1.0,1382.86,2,0.1446278003557844,4,15,ok
4127205,Terra Boa - PR,PR,17568.0,1.3,320.85,1,0.3116721209287829,4,13,ok
4127304,Terra Rica - PR,PR,14842.0,0.8,700.599,7,0.999145017335166,5,26,ok
4127403,Terra Roxa - PR,PR,18119.0,0.7,800.807,0,0.0,4,9,ok
4127502,Tibagi - PR,PR,19961.0,1.1,2977.933,14,0.47012474760177614,5,183,ok
4127601,Tijucas do Sul - PR,PR,17621.0,0.8,671.889,18,2.67901394426758,5,93,ok
4127700,Toledo - PR,PR,150470.0,1.1,1198.049,0,0.0,4,12,ok
4127809,Tomazina - PR,PR,8426.0,0.8,591.438,1,0.16907943013468868,5,14,ok
4127858,Três Barras do Paraná - PR,PR,11135.0,1.3,505.505,1,0.19782198000019782,4,7,ok
4127882,Tunas do Paraná - PR,PR,6219.0,1.1,668.478,5,0.7479677715646589,4,24,ok
4127908,Tuneiras do Oeste - PR,PR,8067.0,0.9,698.871,1,0.14308792323619093,5,29,ok
4127957,Tupãssi - PR,PR,8077.0,0.7,299.769,1,0.33359019778562826,2,3,ok
4127965,Turvo - PR,PR,14231.0,0.7,938.966,18,1.9170023195728068,5,101,ok
4128005,Ubiratã - PR,PR,24749.0,1.0,652.581,0,0.0,3,4,ok
4128104,Umuarama - PR,PR,117095.0,1.4,1234.537,4,0.32400810992299134,5,56,ok
4128203,União da Vitória - PR,PR,55033.0,1.1,719.998,2,0.2777785493848594,5,37,ok
4128302,Uniflor - PR,PR,2136.0,1.0,94.819,4,4.218563789957709,4,9,ok
4128401,Uraí - PR,PR,10406.0,1.1,237.81,0,0.0,3,8,ok
4128500,Wenceslau Braz - PR,PR,19188.0,0.9,397.916,0,0.0,3,8,ok
4128534,Ventania - PR,PR,9681.0,0.9,819.334,7,0.8543524374675041,5,40,ok
4128559,Vera Cruz do Oeste - PR,PR,8215.0,1.6,327.09,0,0.0,2,4,ok
4128609,Verê - PR,PR,7932.0,1.0,311.801,0,0.0,3,4,ok
4128625,Alto Paraíso - PR,PR,3055.0,0.9,967.772,0,0.0,4,31,ok
4128633,Doutor Ulysses - PR,PR,5697.0,0.6,777.482,15,1.929305115745445,5,90,ok
4128658,Virmond - PR,PR,3811.0,0.6,249.094,7,2.8101841072045093,5,45,ok
4128708,Vitorino - PR,PR,9706.0,0.9,308.218,2,0.6488913690958996,4,8,ok
4128807,Xambrê - PR,PR,5798.0,0.8,359.712,0,0.0,2,5,ok
4200051,Abdon Batista - SC,SC,2598.0,0.7,237.517,9,3.7892024570872826,5,39,ok
4200101,Abelardo Luz - SC,SC,17392.0,0.8,953.992,7,0.7337587736584794,5,72,ok
4200200,Agrolândia - SC,SC,10990.0,1.2,206.815,2,0.9670478446921161,5,19,ok
4200309,Agronômica - SC,SC,6055.0,0.9,129.774,0,0.0,4,16,ok
4200408,Água Doce - SC,SC,6508.0,0.5,1319.137,48,3.638742602170965,5,323,ok
4200507,Águas de Chapecó - SC,SC,6036.0,0.6,139.511,0,0.0,3,4,ok
4200556,Águas Frias - SC,SC,2839.0,0.5,76.631,0,0.0,1,2,ok
4200606,Águas Mornas - SC,SC,6743.0,1.9,326.66,1,0.30612869650401026,4,6,ok
4200705,Alfredo Wagner - SC,SC,10481.0,0.8,733.489,14,1.9086857471618524,5,54,ok
4200754,Alto Bela Vista - SC,SC,1856.0,0.2,103.433,0,0.0,0,0,ok
4200804,Anchieta - SC,SC,5943.0,0.9,232.348,4,1.7215555976380255,5,14,ok
4200903,Angelina - SC,SC,5358.0,1.2,499.998,4,0.8000032000128001,5,20,ok
4201000,Anita Garibaldi - SC,SC,8285.0,1.0,589.812,11,1.8650010511824107,5,130,ok
4201109,Anitápolis - SC,SC,3593.0,0.9,540.636,5,0.9248366738433994,5,36,ok
4201208,Antônio Carlos - SC,SC,11224.0,1.0,234.422,0,0.0,1,1,ok
4201257,Apiúna - SC,SC,9811.0,1.4,493.49,2,0.40527670266874705,5,17,ok
4201273,Arabutã - SC,SC,4378.0,0.3,132.779,1,0.7531311427258829,5,9,ok
4201307,Araquari - SC,SC,45283.0,0.9,386.693,7,1.8102215452568318,5,19,ok
4201406,Araranguá - SC,SC,71922.0,0.8,301.819,4,1.3252976121450273,4,17,ok
4201505,Armazém - SC,SC,8834.0,0.3,173.958,0,0.0,4,12,ok
4201604,Arroio Trinta - SC,SC,3556.0,0.2,93.53,0,0.0,4,9,ok
4201653,Arvoredo - SC,SC,2510.0,1.7,90.503,0,0.0,3,8,ok
4201703,Ascurra - SC,SC,8319.0,0.9,112.884,0,0.0,2,2,ok
4201802,Atalanta - SC,SC,3227.0,1.5,94.383,0,0.0,2,4,ok
4201901,Aurora - SC,SC,6780.0,0.7,207.045,0,0.0,1,1,ok
4201950,Balneário Arroio do Silva - SC,SC,15820.0,1.1,94.477,0,0.0,3,11,ok
4202008,Balneário Camboriú - SC,SC,139155.0,1.4,45.214,1,2.211704339363914,1,1,ok
4202057,Balneário Barra do Sul - SC,SC,14912.0,1.3,108.914,0,0.0,0,0,ok
4202073,Balneário Gaivota - SC,SC,15669.0,1.2,146.834,4,2.7241647029979434,4,13,ok
4202081,Bandeirante - SC,SC,3144.0,0.3,148.074,0,0.0,2,7,ok
4202099,Barra Bonita - SC,SC,1668.0,0.8,92.561,0,0.0,3,6,ok
4202107,Barra Velha - SC,SC,45369.0,1.7,138.947,4,2.878795511957797,3,10,ok
4202131,Bela Vista do Toldo - SC,SC,5872.0,0.7,535.682,10,1.866779171224719,5,40,ok
4202156,Belmonte - SC,SC,2658.0,0.4,93.852,0,0.0,0,0,ok
4202206,Benedito Novo - SC,SC,10520.0,0.6,388.291,0,0.0,3,6,ok
4202305,Biguaçu - SC,SC,76773.0,1.2,365.755,3,0.8202211863132424,3,7,ok
4202404,Blumenau - SC,SC,361261.0,1.3,518.619,0,0.0,1,2,ok
4202438,Bocaina do Sul - SC,SC,3515.0,2.2,510.673,19,3.7205804888842766,5,68,ok
4202453,Bombinhas - SC,SC,25058.0,1.4,35.143,0,0.0,0,0,ok
4202503,Bom Jardim da Serra - SC,SC,4026.0,1.0,938.516,57,6.073418034428822,5,210,ok
4202537,Bom Jesus - SC,SC,2777.0,0.9,63.883,0,0.0,2,5,ok
4202578,Bom Jesus do Oeste - SC,SC,2187.0,0.8,67.777,0,0.0,3,4,ok
4202602,Bom Retiro - SC,SC,8418.0,0.8,1057.034,37,3.500360442521243,5,93,ok
4202701,Botuverá - SC,SC,5363.0,1.3,296.256,0,0.0,3,9,ok
4202800,Braço do Norte - SC,SC,33773.0,0.7,212.045,4,1.8863920394255935,5,13,ok
4202859,Braço do Trombudo - SC,SC,4026.0,1.6,89.411,2,2.236861236313205,2,3,ok
4202875,Brunópolis - SC,SC,2489.0,1.0,336.439,5,1.4861535077681243,5,89,ok
4202909,Brusque - SC,SC,141385.0,1.6,284.675,0,0.0,4,6,ok
4203006,Caçador - SC,SC,73720.0,1.1,983.424,13,1.321912013536379,5,182,ok
4203105,Caibi - SC,SC,6304.0,0.4,173.079,2,1.1555416890552868,5,12,ok
4203154,Calmon - SC,SC,3443.0,0.8,636.208,17,2.672082086361693,5,71,ok
4203204,Camboriú - SC,SC,103074.0,1.3,210.568,1,0.47490596861821355,2,2,ok
4203253,Capão Alto - SC,SC,2625.0,1.3,1331.962,42,3.1532431105391896,5,349,ok
4203303,Campo Alegre - SC,SC,12501.0,0.8,499.216,5,1.001570462485177,5,34,ok
4203402,Campo Belo do Sul - SC,SC,7257.0,0.8,1025.638,37,3.6075106421563947,5,243,ok
4203501,Campo Erê - SC,SC,9623.0,0.6,479.161,3,0.6260943607680926,4,24,ok
4203600,Campos Novos - SC,SC,36932.0,1.3,1717.697,50,2.91087426944333,5,243,ok
4203709,Canelinha - SC,SC,12821.0,1.6,151.008,4,2.6488662852299214,5,11,ok
4203808,Canoinhas - SC,SC,55016.0,1.0,1148.036,13,1.1323686713657062,5,131,ok
4203907,Capinzal - SC,SC,23314.0,0.8,244.057,0,0.0,4,11,ok
4203956,Capivari de Baixo - SC,SC,23975.0,1.3,53.222,0,0.0,1,1,ok
4204004,Catanduvas - SC,SC,10566.0,1.0,199.166,10,5.020937308576765,5,37,ok
4204103,Caxambu do Sul - SC,SC,4614.0,1.1,140.873,0,0.0,2,2,ok
4204152,Celso Ramos - SC,SC,2805.0,0.4,208.391,8,3.838937382132626,5,45,ok
4204178,Cerro Negro - SC,SC,3317.0,1.0,418.544,16,3.822776100003823,5,84,ok
4204194,Chapadão do Lageado - SC,SC,2950.0,0.2,124.866,3,2.4025755610013935,2,4,ok
4204202,Chapecó - SC,SC,254785.0,0.8,624.846,2,0.3200788674329355,5,27,ok
4204251,Cocal do Sul - SC,SC,17240.0,1.1,70.965,0,0.0,1,1,ok
4204301,Concórdia - SC,SC,81646.0,1.0,799.194,9,1.1261345805899443,5,63,ok
4204350,Cordilheira Alta - SC,SC,4781.0,0.7,83.556,0,0.0,3,7,ok
4204400,Coronel Freitas - SC,SC,10388.0,0.6,233.698,0,0.0,3,7,ok
4204459,Coronel Martins - SC,SC,2065.0,0.2,107.502,0,0.0,3,5,ok
4204509,Corupá - SC,SC,15267.0,0.9,405.761,0,0.0,2,2,ok
4204558,Correia Pinto - SC,SC,15727.0,0.9,647.388,18,2.7804037146193625,5,134,ok
4204608,Criciúma - SC,SC,214493.0,1.2,234.865,1,0.4257765099099482,4,5,ok
4204707,Cunha Porã - SC,SC,10953.0,0.5,220.099,2,0.9086820021899237,3,8,ok
4204756,Cunhataí - SC,SC,1968.0,0.7,54.811,0,0.0,0,0,ok
4204806,Curitibanos - SC,SC,40045.0,1.1,949.865,29,3.053065435614535,5,167,ok
4204905,Descanso - SC,SC,8530.0,0.5,287.057,1,0.34836286869855115,3,7,ok
4205001,Dionísio Cerqueira - SC,SC,15008.0,0.4,378.843,4,1.0558463532386768,5,24,ok
4205100,Dona Emma - SC,SC,4221.0,0.9,178.157,2,1.1226053424788247,3,4,ok
4205159,Doutor Pedrinho - SC,SC,3637.0,1.0,374.205,2,0.5344664021057977,5,11,ok
4205175,Entre Rios - SC,SC,3402.0,0.3,103.888,1,0.9625750808563068,4,13,ok
4205191,Ermo - SC,SC,2269.0,0.4,65.311,0,0.0,4,10,ok
4205209,Erval Velho - SC,SC,4885.0,1.1,208.841,2,0.9576663586173213,5,32,ok
4205308,Faxinal dos Guedes - SC,SC,11192.0,0.8,340.07,4,1.1762284235598555,5,24,ok
4205357,Flor do Sertão - SC,SC,1783.0,0.7,58.457,0,0.0,2,3,ok
4205407,Florianópolis - SC,SC,537211.0,1.3,674.844,0,0.0,1,1,ok
4205431,Formosa do Sul - SC,SC,2682.0,0.6,100.408,1,0.9959365787586647,4,7,ok
4205456,Forquilhinha - SC,SC,31431.0,2.0,183.351,2,1.0908039770713003,4,8,ok
4205506,Fraiburgo - SC,SC,33481.0,0.7,549.188,24,4.370088202946897,5,130,ok
4205555,Frei Rogério - SC,SC,2411.0,0.7,158.775,2,1.259644150527476,5,25,ok
4205605,Galvão - SC,SC,3210.0,0.2,139.836,0,0.0,2,2,ok
4205704,Garopaba - SC,SC,29959.0,1.0,114.773,0,0.0,0,0,ok
4205803,Garuva - SC,SC,18545.0,1.1,503.595,0,0.0,4,15,ok
4205902,Gaspar - SC,SC,72570.0,1.7,386.616,2,0.517309164649161,2,4,ok
4206009,Governador Celso Ramos - SC,SC,16915.0,1.5,127.556,0,0.0,0,0,ok
4206108,Grão-Pará - SC,SC,6277.0,0.8,334.362,4,1.1963081929166592,4,16,ok
4206207,Gravatal - SC,SC,12435.0,0.8,165.718,0,0.0,1,2,ok
4206306,Guabiruba - SC,SC,24543.0,1.6,172.173,0,0.0,2,6,ok
4206405,Guaraciaba - SC,SC,10796.0,0.3,331.766,2,0.6028345279504229,5,11,ok
4206504,Guaramirim - SC,SC,46711.0,1.1,267.514,0,0.0,4,8,ok
4206603,Guarujá do Sul - SC,SC,4829.0,0.9,100.63,0,0.0,1,1,ok
4206652,Guatambú - SC,SC,8425.0,0.4,206.196,2,0.9699509204834235,4,10,ok
4206702,Herval d'Oeste - SC,SC,21724.0,0.8,216.581,5,2.3086050946297227,4,21,ok
4206751,Ibiam - SC,SC,2008.0,0.2,146.009,4,2.7395571505866076,5,31,ok
4206801,Ibicaré - SC,SC,3269.0,0.6,156.439,0,0.0,4,10,ok
4206900,Ibirama - SC,SC,19862.0,1.4,247.102,3,1.2140735404812588,4,9,ok
4207007,Içara - SC,SC,59035.0,1.6,230.393,0,0.0,3,14,ok
4207106,Ilhota - SC,SC,17046.0,1.0,253.024,0,0.0,2,3,ok
4207205,Imaruí - SC,SC,11881.0,1.3,542.238,1,0.18442086316340794,5,21,ok
4207304,Imbituba - SC,SC,52579.0,1.8,181.577,0,0.0,4,9,ok
4207403,Imbuia - SC,SC,5982.0,0.5,119.113,0,0.0,3,3,ok
4207502,Indaial - SC,SC,71549.0,1.3,430.799,0,0.0,1,1,ok
4207577,Iomerê - SC,SC,2877.0,0.7,113.986,3,2.6319021634235784,4,11,ok
4207601,Ipira - SC,SC,4578.0,0.5,155.651,0,0.0,2,7,ok
4207650,Iporã do Oeste - SC,SC,9335.0,0.2,200.96,3,1.4928343949044587,2,5,ok
4207684,Ipuaçu - SC,SC,7730.0,1.0,261.081,4,1.532091573113325,5,46,ok
4207700,Ipumirim - SC,SC,7816.0,0.7,245.921,11,4.472981160616621,5,56,ok
4207759,Iraceminha - SC,SC,3986.0,0.5,165.147,0,0.0,2,4,ok
4207809,Irani - SC,SC,10195.0,0.5,325.862,9,2.7619053464349936,5,35,ok
4207858,Irati - SC,SC,2069.0,1.0,77.912,0,0.0,1,1,ok
4207908,Irineópolis - SC,SC,10285.0,0.7,589.698,10,1.6957832653324245,5,56,ok
4208005,Itá - SC,SC,7067.0,0.5,166.265,1,0.601449493278802,3,3,ok
4208104,Itaiópolis - SC,SC,22051.0,0.7,1297.543,35,2.6974057892493737,5,149,ok
4208203,Itajaí - SC,SC,264054.0,1.9,289.215,3,1.0372905969607387,3,7,ok
4208302,Itapema - SC,SC,75940.0,1.1,58.21,0,0.0,0,0,ok
4208401,Itapiranga - SC,SC,16638.0,0.5,281.782,0,0.0,2,3,ok
4208450,Itapoá - SC,SC,30750.0,1.2,245.394,0,0.0,2,2,ok
4208500,Ituporanga - SC,SC,26525.0,1.3,336.588,0,0.0,3,8,ok
4208609,Jaborá - SC,SC,4310.0,0.7,182.483,6,3.2879775102338296,5,25,ok
4208708,Jacinto Machado - SC,SC,10624.0,1.2,430.704,3,0.696534046584197,5,27,ok
4208807,Jaguaruna - SC,SC,20375.0,0.8,326.362,7,2.1448575508178034,5,50,ok
4208906,Jaraguá do Sul - SC,SC,182660.0,1.3,530.894,0,0.0,2,3,ok
4208955,Jardinópolis - SC,SC,1776.0,,68.499,1,1.4598753266471043,4,4,ok
4209003,Joaçaba - SC,SC,30146.0,1.6,241.637,4,1.6553756254216037,4,16,ok
4209102,Joinville - SC,SC,616317.0,1.4,1127.947,0,0.0,2,5,ok
4209151,José Boiteux - SC,SC,5985.0,1.4,405.552,3,0.7397325127233992,5,20,ok
4209177,Jupiá - SC,SC,2555.0,0.3,91.448,1,1.0935176275041556,4,6,ok
4209201,Lacerdópolis - SC,SC,2248.0,1.5,69.036,0,0.0,2,2,ok
4209300,Lages - SC,SC,164981.0,1.4,2637.66,103,3.904976380579756,5,897,ok
4209409,Laguna - SC,SC,42785.0,1.6,333.26,1,0.3000660145231951,5,8,ok
4209458,Lajeado Grande - SC,SC,1702.0,0.5,65.348,1,1.5302687151863867,2,3,ok
4209508,Laurentino - SC,SC,7932.0,1.2,79.333,2,2.521018995878134,3,4,ok
4209607,Lauro Müller - SC,SC,14381.0,1.0,271.852,1,0.3678472109824464,3,6,ok
4209706,Lebon Régis - SC,SC,11472.0,0.9,941.64,28,2.973535533749628,5,182,ok
4209805,Leoberto Leal - SC,SC,3330.0,0.4,293.6,0,0.0,3,17,ok
4209854,Lindóia do Sul - SC,SC,4549.0,0.2,190.171,1,0.5258425311956082,5,16,ok
4209904,Lontras - SC,SC,12873.0,1.4,197.586,2,1.0122174648001376,3,5,ok
4210001,Luiz Alves - SC,SC,11684.0,1.1,260.106,1,0.3844586437836882,3,4,ok
4210035,Luzerna - SC,SC,5794.0,0.4,117.099,3,2.561934773140676,4,10,ok
4210050,Macieira - SC,SC,1778.0,0.5,261.208,12,4.594039998774922,5,79,ok
4210100,Mafra - SC,SC,55286.0,1.2,1404.084,18,1.2819745827172733,5,128,ok
4210209,Major Gercino - SC,SC,3214.0,0.8,306.058,1,0.3267354553712042,4,7,ok
4210308,Major Vieira - SC,SC,7425.0,0.6,520.816,3,0.5760191699179749,5,37,ok
4210407,Maracajá - SC,SC,7815.0,0.6,62.902,0,0.0,0,0,ok
4210506,Maravilha - SC,SC,28251.0,1.1,170.339,0,0.0,3,10,ok
4210555,Marema - SC,SC,2184.0,0.3,104.184,1,0.9598402825769792,4,8,ok
4210605,Massaranduba - SC,SC,17162.0,1.2,374.459,1,0.2670519335895251,4,7,ok
4210704,Matos Costa - SC,SC,2761.0,1.0,435.391,8,1.8374288857601557,5,38,ok
4210803,Meleiro - SC,SC,7006.0,0.3,186.439,1,0.5363684636798095,3,16,ok
4210852,Mirim Doce - SC,SC,2511.0,1.3,337.991,1,0.2958658662508765,5,21,ok
4210902,Modelo - SC,SC,4080.0,0.2,92.346,0,0.0,2,2,ok
4211009,Mondaí - SC,SC,10066.0,0.7,200.276,1,0.4993109508877748,4,6,ok
4211058,Monte Carlo - SC,SC,9117.0,0.8,191.278,5,2.6139963822290073,5,27,ok
4211108,Monte Castelo - SC,SC,7736.0,1.8,560.743,4,0.7133392659382283,5,30,ok
4211207,Morro da Fumaça - SC,SC,18537.0,1.3,82.818,1,1.2074669757782126,2,5,ok
4211256,Morro Grande - SC,SC,3010.0,0.6,260.143,0,0.0,3,15,ok
4211306,Navegantes - SC,SC,86401.0,1.5,111.377,0,0.0,3,5,ok
4211405,Nova Erechim - SC,SC,5155.0,0.1,65.087,0,0.0,1,3,ok
4211454,Nova Itaberaba - SC,SC,4536.0,0.3,137.388,0,0.0,3,9,ok
4211504,Nova Trento - SC,SC,13727.0,1.0,402.852,3,0.7446903577492479,5,13,ok
4211603,Nova Veneza - SC,SC,13664.0,0.7,295.061,1,0.3389129705382955,4,13,ok
4211652,Novo Horizonte - SC,SC,2643.0,0.6,151.722,1,0.6591001964118586,5,11,ok
4211702,Orleans - SC,SC,23661.0,0.7,549.859,4,0.7274592213640223,5,40,ok
4211751,Otacílio Costa - SC,SC,17312.0,0.8,847.253,16,1.8884559865825201,5,43,ok
4211801,Ouro - SC,SC,7032.0,0.6,213.543,4,1.873159035885044,5,21,ok
4211850,Ouro Verde - SC,SC,2181.0,0.7,188.568,0,0.0,2,3,ok
4211876,Paial - SC,SC,1927.0,0.1,86.048,0,0.0,2,3,ok
4211892,Painel - SC,SC,2215.0,0.5,738.331,13,1.7607279120069455,5,172,ok
4211900,Palhoça - SC,SC,222598.0,1.4,394.85,0,0.0,3,4,ok
4212007,Palma Sola - SC,SC,7605.0,0.4,330.878,7,2.115583387230339,5,12,ok
4212056,Palmeira - SC,SC,2561.0,1.2,289.097,1,0.34590466175712653,5,46,ok
4212106,Palmitos - SC,SC,15626.0,0.8,351.051,3,0.8545766854388679,5,18,ok
4212205,Papanduva - SC,SC,19150.0,0.7,764.737,2,0.2615278193679657,5,62,ok
4212239,Paraíso - SC,SC,4267.0,0.2,180.338,1,0.5545143009238208,5,11,ok
4212254,Passo de Torres - SC,SC,12897.0,1.6,92.638,0,0.0,1,5,ok
4212270,Passos Maia - SC,SC,4034.0,0.3,617.092,15,2.430755867844665,5,132,ok
4212304,Paulo Lopes - SC,SC,9063.0,1.1,446.165,0,0.0,3,5,ok
4212403,Pedras Grandes - SC,SC,4245.0,0.8,159.891,2,1.250852143022434,3,7,ok
4212502,Penha - SC,SC,33663.0,1.1,57.752,0,0.0,0,0,ok
4212601,Peritiba - SC,SC,2992.0,0.3,96.168,1,1.0398469345312369,3,4,ok
4212650,Pescaria Brava - SC,SC,10190.0,1.0,106.853,0,0.0,0,0,ok
4212700,Petrolândia - SC,SC,6716.0,0.9,306.76,1,0.32598774286086846,4,14,ok
4212809,Balneário Piçarras - SC,SC,27127.0,1.4,99.355,0,0.0,2,4,ok
4212908,Pinhalzinho - SC,SC,21972.0,0.4,128.726,1,0.7768438388515141,3,5,ok
4213005,Pinheiro Preto - SC,SC,3473.0,0.3,61.011,1,1.639048696136762,4,8,ok
4213104,Piratuba - SC,SC,5769.0,1.0,146.088,0,0.0,1,2,ok
4213153,Planalto Alegre - SC,SC,2946.0,0.7,63.1,0,0.0,3,3,ok
4213203,Pomerode - SC,SC,34289.0,1.1,214.299,0,0.0,1,1,ok
4213302,Ponte Alta - SC,SC,4437.0,1.3,575.17,8,1.390893127249335,5,61,ok
4213351,Ponte Alta do Norte - SC,SC,3210.0,1.4,396.882,2,0.503928119693007,5,76,ok
4213401,Ponte Serrada - SC,SC,10649.0,0.9,560.731,0,0.0,4,29,ok
4213500,Porto Belo - SC,SC,27688.0,1.3,93.673,0,0.0,0,0,ok
4213609,Porto União - SC,SC,32970.0,0.9,848.779,10,1.1781629847109791,5,70,ok
4213708,Pouso Redondo - SC,SC,17123.0,1.3,356.539,2,0.5609484516420363,5,12,ok
4213807,Praia Grande - SC,SC,8270.0,1.4,284.36,0,0.0,2,9,ok
4213906,Presidente Castello Branco - SC,SC,1689.0,1.1,65.433,0,0.0,3,8,ok
4214003,Presidente Getúlio - SC,SC,20010.0,1.0,297.16,0,0.0,3,8,ok
4214102,Presidente Nereu - SC,SC,2301.0,0.9,224.748,1,0.4449427803584459,4,6,ok
4214151,Princesa - SC,SC,2964.0,0.2,85.598,0,0.0,3,4,ok
4214201,Quilombo - SC,SC,11022.0,0.4,278.983,4,1.4337791191577982,4,12,ok
4214300,Rancho Queimado - SC,SC,3279.0,0.4,286.461,1,0.3490876594021525,4,10,ok
4214409,Rio das Antas - SC,SC,6253.0,1.0,314.913,19,6.033412402790612,5,78,ok
4214508,Rio do Campo - SC,SC,6452.0,0.7,502.095,6,1.194992979416246,5,57,ok
4214607,Rio do Oeste - SC,SC,7747.0,0.8,245.057,1,0.4080683269606663,3,12,ok
4214706,Rio dos Cedros - SC,SC,10865.0,1.3,555.473,1,0.18002675197534354,4,8,ok
4214805,Rio do Sul - SC,SC,72587.0,1.3,260.817,3,1.1502317717019979,5,8,ok
4214904,Rio Fortuna - SC,SC,4847.0,0.5,302.39,8,2.6455901319488078,5,35,ok
4215000,Rio Negrinho - SC,SC,39261.0,1.8,907.42,7,0.7714178660377774,5,47,ok
4215059,Rio Rufino - SC,SC,2397.0,1.1,282.571,4,1.4155734311022716,3,13,ok
4215075,Riqueza - SC,SC,4768.0,0.3,191.061,0,0.0,2,6,ok
4215109,Rodeio - SC,SC,12757.0,1.4,129.001,0,0.0,0,0,ok
4215208,Romelândia - SC,SC,4823.0,1.0,223.333,1,0.44776186233113785,2,2,ok
4215307,Salete - SC,SC,7489.0,1.5,177.887,7,3.935082383760477,5,22,ok
4215356,Saltinho - SC,SC,3632.0,0.4,156.568,0,0.0,3,8,ok
4215406,Salto Veloso - SC,SC,4390.0,0.6,104.531,5,4.783270034726541,5,15,ok
4215455,Sangão - SC,SC,12882.0,1.1,82.984,0,0.0,4,16,ok
4215505,Santa Cecília - SC,SC,15546.0,1.0,1145.845,22,1.9199804511081342,5,208,ok
4215554,Santa Helena - SC,SC,2425.0,0.6,81.004,0,0.0,1,1,ok
4215604,Santa Rosa de Lima - SC,SC,2088.0,0.6,203.218,4,1.9683295771043905,5,42,ok
4215653,Santa Rosa do Sul - SC,SC,9792.0,0.4,150.299,3,1.9960212642798687,4,10,ok
4215679,Santa Terezinha - SC,SC,8066.0,0.5,715.551,13,1.8167817528030845,5,62,ok
4215687,Santa Terezinha do Progresso - SC,SC,2576.0,0.3,119.653,1,0.8357500438768773,3,4,ok
4215695,Santiago do Sul - SC,SC,1651.0,2.9,73.335,0,0.0,0,0,ok
4215703,Santo Amaro da Imperatriz - SC,SC,27272.0,2.2,344.235,0,0.0,2,6,ok
4215752,São Bernardino - SC,SC,2684.0,0.9,149.891,2,1.33430292679347,5,13,ok
4215802,São Bento do Sul - SC,SC,83277.0,1.1,495.772,4,0.8068224909837586,5,20,ok
4215901,São Bonifácio - SC,SC,2946.0,,461.438,3,0.6501415141362437,5,22,ok
4216008,São Carlos - SC,SC,10282.0,0.6,162.12,0,0.0,0,0,ok
4216057,São Cristóvão do Sul - SC,SC,6084.0,1.0,345.903,5,1.4454919442733944,5,25,ok
4216107,São Domingos - SC,SC,9226.0,0.9,367.525,2,0.54418066798177,4,22,ok
4216206,São Francisco do Sul - SC,SC,52674.0,1.1,493.266,0,0.0,0,0,ok
4216255,São João do Oeste - SC,SC,6295.0,0.4,163.747,1,0.6106982112649392,2,2,ok
4216305,São João Batista - SC,SC,32687.0,1.0,200.765,0,0.0,3,14,ok
4216354,São João do Itaperiú - SC,SC,4463.0,0.8,151.885,1,0.6583928630213649,2,5,ok
4216404,São João do Sul - SC,SC,8668.0,1.3,184.375,0,0.0,1,17,ok
4216503,São Joaquim - SC,SC,25939.0,1.2,1888.634,43,2.276777819312794,5,443,ok
4216602,São José - SC,SC,270299.0,1.6,150.499,0,0.0,1,1,ok
4216701,São José do Cedro - SC,SC,14167.0,0.6,280.76,0,0.0,4,14,ok
4216800,São José do Cerrito - SC,SC,8708.0,0.5,948.714,54,5.691915582567559,5,236,ok
4216909,São Lourenço do Oeste - SC,SC,24791.0,0.7,356.193,7,1.9652267169764708,5,48,ok
4217006,São Ludgero - SC,SC,13509.0,0.3,106.765,2,1.87327307638271,4,14,ok
4217105,São Martinho - SC,SC,3405.0,0.4,224.566,5,2.2265169259816715,5,30,ok
4217154,São Miguel da Boa Vista - SC,SC,1781.0,0.2,72.755,1,1.3744759810322316,3,3,ok
4217204,São Miguel do Oeste - SC,SC,44330.0,0.6,234.202,0,0.0,1,6,ok
4217253,São Pedro de Alcântara - SC,SC,5776.0,0.7,139.196,0,0.0,1,1,ok
4217303,Saudades - SC,SC,10265.0,0.7,205.781,4,1.943814054747523,3,9,ok
4217402,Schroeder - SC,SC,20061.0,0.7,165.237,0,0.0,0,0,ok
4217501,Seara - SC,SC,18620.0,0.5,309.627,1,0.32296925009769817,5,22,ok
4217550,Serra Alta - SC,SC,3303.0,0.9,90.564,0,0.0,2,4,ok
4217600,Siderópolis - SC,SC,13714.0,0.7,262.004,1,0.38167356223569104,5,15,ok
4217709,Sombrio - SC,SC,29991.0,0.9,143.457,0,0.0,3,13,ok
4217758,Sul Brasil - SC,SC,2832.0,0.3,113.125,1,0.8839779005524863,4,6,ok
4217808,Taió - SC,SC,18310.0,0.9,693.847,10,1.4412399275344565,5,47,ok
4217907,Tangará - SC,SC,8143.0,0.7,390.044,12,3.0765759760437286,5,65,ok
4217956,Tigrinhos - SC,SC,2329.0,0.4,56.962,0,0.0,1,1,ok
4218004,Tijucas - SC,SC,51592.0,1.0,279.159,3,1.0746563786229353,5,11,ok
4218103,Timbé do Sul - SC,SC,5386.0,1.0,328.507,3,0.913222549291187,5,22,ok
4218202,Timbó - SC,SC,46099.0,1.2,128.313,0,0.0,0,0,ok
4218251,Timbó Grande - SC,SC,7342.0,2.4,596.344,9,1.5091960345035749,5,69,ok
4218301,Três Barras - SC,SC,19746.0,1.0,436.496,6,1.37458304314358,5,39,ok
4218350,Treviso - SC,SC,3782.0,0.7,156.61,0,0.0,3,6,ok
4218400,Treze de Maio - SC,SC,7362.0,0.6,159.833,4,2.5026121013808162,5,22,ok
4218509,Treze Tílias - SC,SC,8787.0,0.8,185.937,1,0.5378165722798582,4,13,ok
4218608,Trombudo Central - SC,SC,7274.0,1.5,109.648,1,0.9120093389756312,3,4,ok
4218707,Tubarão - SC,SC,110088.0,1.2,301.485,0,0.0,4,9,ok
4218756,Tunápolis - SC,SC,4916.0,0.4,132.939,0,0.0,1,1,ok
4218806,Turvo - SC,SC,13043.0,0.8,235.104,0,0.0,4,21,ok
4218855,União do Oeste - SC,SC,2774.0,0.1,92.857,0,0.0,3,3,ok
4218905,Urubici - SC,SC,10834.0,0.6,1021.371,4,0.39163046532552814,5,67,ok
4218954,Urupema - SC,SC,2656.0,1.2,350.472,4,1.1413179940194937,5,49,ok
4219002,Urussanga - SC,SC,20919.0,1.5,254.954,2,0.7844552350620112,5,9,ok
4219101,Vargeão - SC,SC,3634.0,0.4,166.685,3,1.7998020217776043,5,30,ok
4219150,Vargem - SC,SC,2627.0,0.4,350.606,5,1.426102234416981,5,63,ok
4219176,Vargem Bonita - SC,SC,4576.0,1.2,299.807,2,0.6670958316516958,5,23,ok
4219200,Vidal Ramos - SC,SC,6189.0,1.2,346.932,2,0.576481846586651,5,9,ok
4219309,Videira - SC,SC,55466.0,1.0,384.127,6,1.5619834065296112,5,35,ok
4219358,Vitor Meireles - SC,SC,5370.0,0.8,370.414,3,0.8099045932389165,5,20,ok
4219408,Witmarsum - SC,SC,4255.0,1.0,153.776,1,0.6502965352200604,4,14,ok
4219507,Xanxerê - SC,SC,51607.0,0.7,377.426,3,0.7948577999395908,4,23,ok
4219606,Xavantina - SC,SC,3653.0,1.0,218.032,2,0.9172965436266235,5,13,ok
4219705,Xaxim - SC,SC,31918.0,0.7,293.628,3,1.0217009277044424,4,21,ok
4219853,Zortéa - SC,SC,3930.0,0.7,190.179,1,0.5258204112967257,4,14,ok
4220000,Balneário Rincão - SC,SC,15981.0,1.6,63.42,1,1.5767896562598547,1,1,ok
4300034,Aceguá - RS,RS,4170.0,2.8,1551.339,0,0.0,2,2,ok
4300059,Água Santa - RS,RS,3912.0,0.4,291.503,1,0.3430496427137971,4,5,ok
4300109,Agudo - RS,RS,16041.0,0.7,534.624,4,0.7481893816962949,5,36,ok
4300208,Ajuricaba - RS,RS,6720.0,0.6,322.674,0,0.0,0,0,ok
4300307,Alecrim - RS,RS,6123.0,0.4,316.394,0,0.0,0,0,ok
4300406,Alegrete - RS,RS,72409.0,1.1,7800.428,45,0.5768914218553136,5,324,ok
4300455,Alegria - RS,RS,3651.0,0.9,172.794,0,0.0,0,0,ok
4300471,Almirante Tamandaré do Sul - RS,RS,1969.0,1.2,265.042,0,0.0,1,2,ok
4300505,Alpestre - RS,RS,7117.0,0.8,325.979,0,0.0,3,9,ok
4300554,Alto Alegre - RS,RS,1800.0,0.4,115.335,0,0.0,0,0,ok
4300570,Alto Feliz - RS,RS,3072.0,0.4,78.175,0,0.0,4,10,ok
4300604,Alvorada - RS,RS,187315.0,1.6,71.7,0,0.0,0,0,ok
4300638,Amaral Ferrador - RS,RS,5310.0,0.4,505.983,13,2.569256279361164,5,52,ok
4300646,Ametista do Sul - RS,RS,7650.0,0.7,93.704,1,1.0671903013745412,2,2,ok
4300661,André da Rocha - RS,RS,1135.0,0.3,331.208,1,0.30192507427356824,5,18,ok
4300703,Anta Gorda - RS,RS,5957.0,0.7,242.1,0,0.0,3,8,ok
4300802,Antônio Prado - RS,RS,13045.0,0.6,347.541,0,0.0,3,3,ok
4300851,Arambaré - RS,RS,4112.0,1.0,518.193,1,0.19297829187194732,1,1,ok
4300877,Araricá - RS,RS,8525.0,1.3,35.391,0,0.0,0,0,ok
4300901,Aratiba - RS,RS,6483.0,0.7,342.279,0,0.0,3,3,ok
4301008,Arroio do Meio - RS,RS,21958.0,0.7,157.088,0,0.0,1,1,ok
4301057,Arroio do Sal - RS,RS,11057.0,0.9,119.16,0,0.0,2,3,ok
4301073,Arroio do Padre - RS,RS,2599.0,1.0,124.693,1,0.801969637429527,2,3,ok
4301107,Arroio dos Ratos - RS,RS,14601.0,0.8,425.791,3,0.7045710219332959,5,34,ok
4301206,Arroio do Tigre - RS,RS,12058.0,1.1,315.132,0,0.0,3,7,ok
4301305,Arroio Grande - RS,RS,17558.0,0.9,2508.557,21,0.8371346555011507,5,37,ok
4301404,Arvorezinha - RS,RS,10322.0,1.4,269.31,4,1.4852771898555568,5,17,ok
4301503,Augusto Pestana - RS,RS,7149.0,1.1,348.231,0,0.0,0,0,ok
4301552,Áurea - RS,RS,3396.0,0.4,156.727,0,0.0,3,4,ok
4301602,Bagé - RS,RS,117938.0,1.3,4090.36,50,1.2223862936269667,5,180,ok
4301636,Balneário Pinhal - RS,RS,14955.0,1.6,102.387,0,0.0,1,1,ok
4301651,Barão - RS,RS,6461.0,0.6,124.757,5,4.007791145987801,5,27,ok
4301701,Barão de Cotegipe - RS,RS,7144.0,0.9,260.505,2,0.7677395827335368,3,5,ok
4301750,Barão do Triunfo - RS,RS,5889.0,0.7,436.101,5,1.1465233971029647,5,54,ok
4301800,Barracão - RS,RS,4831.0,0.5,515.469,4,0.7759923487154416,4,25,ok
4301859,Barra do Guarita - RS,RS,3161.0,0.3,62.801,0,0.0,1,3,ok
4301875,Barra do Quaraí - RS,RS,4241.0,0.9,1055.937,5,0.4735130978457996,4,22,ok
4301909,Barra do Ribeiro - RS,RS,12225.0,1.0,729.316,0,0.0,2,5,ok
4301925,Barra do Rio Azul - RS,RS,1696.0,0.8,146.995,0,0.0,1,1,ok
4301958,Barra Funda - RS,RS,2498.0,0.2,60.437,0,0.0,0,0,ok
4302006,Barros Cassal - RS,RS,9296.0,0.9,647.994,5,0.7716120828279274,5,92,ok
4302055,Benjamin Constant do Sul - RS,RS,2082.0,0.3,132.351,1,0.7555666371995678,5,24,ok
4302105,Bento Gonçalves - RS,RS,123151.0,0.8,272.287,0,0.0,0,0,ok
4302154,Boa Vista das Missões - RS,RS,1933.0,0.6,196.064,0,0.0,1,1,ok
4302204,Boa Vista do Buricá - RS,RS,6966.0,0.1,109.541,0,0.0,0,0,ok
4302220,Boa Vista do Cadeado - RS,RS,2229.0,0.6,701.221,0,0.0,3,4,ok
4302238,Boa Vista do Incra - RS,RS,2271.0,0.4,504.114,0,0.0,2,6,ok
4302253,Boa Vista do Sul - RS,RS,2779.0,0.3,94.399,0,0.0,3,9,ok
4302303,Bom Jesus - RS,RS,11202.0,1.4,2622.837,90,3.4313989012660717,5,762,ok
4302352,Bom Princípio - RS,RS,13142.0,0.8,88.66,1,1.1279043537108053,2,2,ok
4302378,Bom Progresso - RS,RS,2096.0,1.4,89.206,0,0.0,0,0,ok
4302402,Bom Retiro do Sul - RS,RS,12294.0,0.9,102.54,2,1.9504583577140626,4,8,ok
4302451,Boqueirão do Leão - RS,RS,6247.0,0.9,265.952,1,0.3760077006377091,5,19,ok
4302501,Bossoroca - RS,RS,5890.0,0.9,1610.056,0,0.0,4,21,ok
4302584,Bozano - RS,RS,2151.0,0.6,200.497,0,0.0,0,0,ok
4302600,Braga - RS,RS,3268.0,0.8,132.044,0,0.0,1,1,ok
4302659,Brochier - RS,RS,4966.0,0.6,105.353,4,3.796759465795943,5,25,ok
4302709,Butiá - RS,RS,19084.0,1.1,752.187,5,0.6647283188887869,5,48,ok
4302808,Caçapava do Sul - RS,RS,32515.0,0.9,3048.147,4,0.13122726692643105,5,57,ok
4302907,Cacequi - RS,RS,11157.0,0.7,2373.507,29,1.2218207066589648,5,168,ok
4303004,Cachoeira do Sul - RS,RS,80070.0,0.9,3736.064,7,0.18736295737974512,5,98,ok
4303103,Cachoeirinha - RS,RS,136258.0,1.5,43.778,0,0.0,1,3,ok
4303202,Cacique Doble - RS,RS,4603.0,0.8,204.055,0,0.0,3,8,ok
4303301,Caibaté - RS,RS,4704.0,0.3,261.303,0,0.0,2,6,ok
4303400,Caiçara - RS,RS,4836.0,0.5,189.16,0,0.0,1,1,ok
4303509,Camaquã - RS,RS,62200.0,0.8,1680.168,4,0.2380714309521429,5,44,ok
4303558,Camargo - RS,RS,2981.0,0.4,138.069,1,0.7242755433877265,3,5,ok
4303608,Cambará do Sul - RS,RS,6361.0,0.9,1181.811,66,5.584649322099727,5,324,ok
4303673,Campestre da Serra - RS,RS,3242.0,0.5,538.487,1,0.18570550449685883,5,46,ok
4303707,Campina das Missões - RS,RS,5882.0,0.6,224.801,0,0.0,0,0,ok
4303806,Campinas do Sul - RS,RS,5284.0,0.4,276.162,0,0.0,2,2,ok
4303905,Campo Bom - RS,RS,62886.0,1.3,60.579,0,0.0,0,0,ok
4304002,Campo Novo - RS,RS,4975.0,0.7,220.719,0,0.0,0,0,ok
4304101,Campos Borges - RS,RS,3613.0,1.2,226.202,0,0.0,0,0,ok
4304200,Candelária - RS,RS,28906.0,1.5,944.735,0,0.0,4,24,ok
4304309,Cândido Godói - RS,RS,6294.0,0.3,247.047,0,0.0,0,0,ok
4304358,Candiota - RS,RS,10710.0,0.6,933.628,12,1.2853084954607188,5,76,ok
4304408,Canela - RS,RS,48946.0,1.0,253.002,0,0.0,4,11,ok
4304507,Canguçu - RS,RS,49680.0,1.2,3526.253,26,0.7373265616505679,5,239,ok
4304606,Canoas - RS,RS,347657.0,1.3,130.789,0,0.0,1,1,ok
4304614,Canudos do Vale - RS,RS,1656.0,0.1,82.908,0,0.0,0,0,ok
4304622,Capão Bonito do Sul - RS,RS,1733.0,0.6,526.85,4,0.7592293821770902,5,15,ok
4304630,Capão da Canoa - RS,RS,63594.0,1.2,98.383,0,0.0,3,5,ok
4304655,Capão do Cipó - RS,RS,3119.0,0.5,1007.796,0,0.0,4,23,ok
4304663,Capão do Leão - RS,RS,26487.0,1.4,783.196,4,0.5107278382422791,4,20,ok
4304671,Capivari do Sul - RS,RS,3991.0,0.9,412.889,0,0.0,1,1,ok
4304689,Capela de Santana - RS,RS,11159.0,1.1,182.756,1,0.5471776576418831,5,38,ok
4304697,Capitão - RS,RS,2921.0,0.6,73.967,0,0.0,3,4,ok
4304705,Carazinho - RS,RS,61804.0,0.8,666.694,0,0.0,3,8,ok
4304713,Caraá - RS,RS,7394.0,1.4,294.606,2,0.6788727996035383,5,19,ok
4304804,Carlos Barbosa - RS,RS,30420.0,1.0,230.061,2,0.8693346547220084,5,25,ok
4304853,Carlos Gomes - RS,RS,1368.0,0.9,83.155,0,0.0,2,5,ok
4304903,Casca - RS,RS,9465.0,0.5,272.041,0,0.0,2,2,ok
4304952,Caseiros - RS,RS,3000.0,1.2,235.863,0,0.0,1,1,ok
4305009,Catuípe - RS,RS,8674.0,0.7,583.184,1,0.17147246838047683,4,4,ok
4305108,Caxias do Sul - RS,RS,463501.0,1.2,1652.32,29,1.7551079694006002,5,264,ok
4305116,Centenário - RS,RS,2721.0,0.1,134.23,0,0.0,3,7,ok
4305124,Cerrito - RS,RS,5808.0,0.3,451.699,2,0.44277273139856405,4,10,ok
4305132,Cerro Branco - RS,RS,3802.0,0.7,158.025,1,0.6328112640404999,2,3,ok
4305157,Cerro Grande - RS,RS,2379.0,0.6,73.438,0,0.0,1,1,ok
4305173,Cerro Grande do Sul - RS,RS,9178.0,1.5,324.908,6,1.8466765976830364,5,18,ok
4305207,Cerro Largo - RS,RS,13705.0,0.5,176.643,0,0.0,0,0,ok
4305306,Chapada - RS,RS,9540.0,0.4,684.247,0,0.0,0,0,ok
4305355,Charqueadas - RS,RS,35012.0,1.1,217.362,0,0.0,2,4,ok
4305371,Charrua - RS,RS,2768.0,1.2,198.748,0,0.0,3,14,ok
4305405,Chiapetta - RS,RS,3913.0,0.6,397.179,0,0.0,0,0,ok
4305439,Chuí - RS,RS,6262.0,0.9,202.387,0,0.0,0,0,ok
4305447,Chuvisca - RS,RS,4597.0,0.4,220.471,1,0.45357439300406854,4,8,ok
4305454,Cidreira - RS,RS,17071.0,1.3,243.419,0,0.0,2,5,ok
4305504,Ciríaco - RS,RS,4149.0,0.8,274.35,0,0.0,2,3,ok
4305587,Colinas - RS,RS,2423.0,1.7,60.732,0,0.0,0,0,ok
4305603,Colorado - RS,RS,3258.0,0.2,286.295,0,0.0,2,3,ok
4305702,Condor - RS,RS,6406.0,0.6,463.568,1,0.21571808235253512,4,7,ok
4305801,Constantina - RS,RS,10385.0,0.8,203.614,0,0.0,4,10,ok
4305835,Coqueiro Baixo - RS,RS,1290.0,0.6,112.638,0,0.0,3,4,ok
4305850,Coqueiros do Sul - RS,RS,2211.0,0.9,277.147,0,0.0,1,1,ok
4305871,Coronel Barros - RS,RS,2822.0,0.7,163.684,0,0.0,1,1,ok
4305900,Coronel Bicaco - RS,RS,6144.0,1.4,492.303,0,0.0,1,2,ok
4305934,Coronel Pilar - RS,RS,1607.0,0.5,105.668,2,1.8927205965855318,2,3,ok
4305959,Cotiporã - RS,RS,3846.0,0.8,173.207,0,0.0,2,7,ok
4305975,Coxilha - RS,RS,2667.0,2.6,422.101,0,0.0,2,3,ok
4306007,Crissiumal - RS,RS,12886.0,1.2,362.194,1,0.2760951313384539,3,6,ok
4306056,Cristal - RS,RS,7299.0,0.5,682.138,0,0.0,3,22,ok
4306072,Cristal do Sul - RS,RS,2692.0,0.5,97.077,0,0.0,0,0,ok
4306106,Cruz Alta - RS,RS,58913.0,0.8,1360.548,0,0.0,3,5,ok
4306130,Cruzaltense - RS,RS,1635.0,,166.883,0,0.0,3,3,ok
4306205,Cruzeiro do Sul - RS,RS,11600.0,0.8,155.058,0,0.0,2,4,ok
4306304,David Canabarro - RS,RS,4321.0,0.1,174.734,0,0.0,0,0,ok
4306320,Derrubadas - RS,RS,2751.0,1.6,360.851,0,0.0,1,1,ok
4306353,Dezesseis de Novembro - RS,RS,2507.0,0.4,217.363,0,0.0,1,1,ok
4306379,Dilermando de Aguiar - RS,RS,2806.0,0.3,600.518,0,0.0,4,12,ok
4306403,Dois Irmãos - RS,RS,30709.0,1.7,66.114,1,1.5125389478779079,3,4,ok
4306429,Dois Irmãos das Missões - RS,RS,2090.0,0.6,226.072,0,0.0,3,3,ok
4306452,Dois Lajeados - RS,RS,3097.0,0.7,133.535,0,0.0,1,1,ok
4306502,Dom Feliciano - RS,RS,13051.0,1.3,1355.195,8,0.5903209501215693,5,69,ok
4306551,Dom Pedro de Alcântara - RS,RS,2562.0,0.2,78.219,0,0.0,0,0,ok
4306601,Dom Pedrito - RS,RS,36981.0,1.1,5194.051,3,0.05775838550680384,5,68,ok
4306700,Dona Francisca - RS,RS,3079.0,0.1,114.149,0,0.0,2,11,ok
4306734,Doutor Maurício Cardoso - RS,RS,4470.0,0.3,255.731,0,0.0,2,2,ok
4306759,Doutor Ricardo - RS,RS,1888.0,0.4,107.96,0,0.0,3,7,ok
4306767,Eldorado do Sul - RS,RS,39559.0,1.3,509.614,6,1.1773616894355337,5,25,ok
4306809,Encantado - RS,RS,22962.0,0.9,140.006,0,0.0,3,5,ok
4306908,Encruzilhada do Sul - RS,RS,23819.0,1.0,3347.861,95,2.8376327452065664,5,577,ok
4306924,Engenho Velho - RS,RS,1296.0,0.3,71.191,0,0.0,3,9,ok
4306932,Entre-Ijuís - RS,RS,9158.0,0.6,552.986,0,0.0,1,1,ok
4306957,Entre Rios do Sul - RS,RS,2685.0,0.7,119.912,0,0.0,1,6,ok
4306973,Erebango - RS,RS,3054.0,0.9,152.793,0,0.0,2,2,ok
4307005,Erechim - RS,RS,105705.0,0.8,429.164,2,0.4660223131483536,2,5,ok
4307054,Ernestina - RS,RS,3034.0,0.6,238.558,0,0.0,2,2,ok
4307104,Herval - RS,RS,6191.0,0.6,1759.717,9,0.5114458745355077,5,35,ok
4307203,Erval Grande - RS,RS,4930.0,0.8,285.677,0,0.0,2,7,ok
4307302,Erval Seco - RS,RS,6787.0,0.9,357.181,0,0.0,3,4,ok
4307401,Esmeralda - RS,RS,3195.0,1.4,829.587,6,0.7232514492150913,5,52,ok
4307450,Esperança do Sul - RS,RS,3226.0,0.5,148.909,0,0.0,1,1,ok
4307500,Espumoso - RS,RS,15173.0,1.2,783.642,2,0.25521858195451497,5,23,ok
4307559,Estação - RS,RS,5582.0,0.4,99.757,0,0.0,0,0,ok
4307609,Estância Velha - RS,RS,47924.0,1.0,51.779,0,0.0,3,4,ok
4307708,Esteio - RS,RS,76137.0,1.5,27.676,0,0.0,1,1,ok
4307807,Estrela - RS,RS,32183.0,1.0,185.026,0,0.0,1,1,ok
4307815,Estrela Velha - RS,RS,3070.0,0.4,281.613,0,0.0,3,5,ok
4307831,Eugênio de Castro - RS,RS,2633.0,0.5,418.069,0,0.0,3,3,ok
4307864,Fagundes Varela - RS,RS,2566.0,0.1,134.295,0,0.0,2,5,ok
4307906,Farroupilha - RS,RS,70286.0,0.9,361.341,3,0.8302406867750961,5,22,ok
4308003,Faxinal do Soturno - RS,RS,6702.0,0.4,169.514,1,0.589921776372453,4,9,ok
4308052,Faxinalzinho - RS,RS,2520.0,1.3,143.321,0,0.0,0,0,ok
4308078,Fazenda Vilanova - RS,RS,4291.0,0.7,84.794,0,0.0,3,8,ok
4308102,Feliz - RS,RS,13764.0,0.6,94.832,0,0.0,0,0,ok
4308201,Flores da Cunha - RS,RS,30892.0,1.0,276.241,4,1.4480109759231976,5,10,ok
4308250,Floriano Peixoto - RS,RS,1668.0,0.1,168.521,1,0.5933978554601504,5,23,ok
4308300,Fontoura Xavier - RS,RS,9550.0,0.6,583.239,14,2.40038817705949,5,74,ok
4308409,Formigueiro - RS,RS,6413.0,1.0,578.875,1,0.1727488663355647,5,30,ok
4308433,Forquetinha - RS,RS,2393.0,0.2,93.275,1,1.0720986330742428,3,3,ok
4308458,Fortaleza dos Valos - RS,RS,4477.0,0.4,650.512,1,0.15372506579432815,2,2,ok
4308508,Frederico Westphalen - RS,RS,32627.0,1.2,265.181,0,0.0,3,7,ok
4308607,Garibaldi - RS,RS,34335.0,0.9,168.492,2,1.1869999762600005,2,4,ok
4308656,Garruchos - RS,RS,2688.0,0.2,803.737,3,0.37325642592041924,4,19,ok
4308706,Gaurama - RS,RS,5665.0,0.6,204.428,0,0.0,1,1,ok
4308805,General Câmara - RS,RS,7612.0,1.4,510.01,1,0.19607458677280837,5,41,ok
4308854,Gentil - RS,RS,1744.0,0.2,184.715,0,0.0,1,1,ok
4308904,Getúlio Vargas - RS,RS,16602.0,0.9,287.466,0,0.0,2,2,ok
4309001,Giruá - RS,RS,16013.0,0.5,857.059,0,0.0,2,3,ok
4309050,Glorinha - RS,RS,7658.0,1.4,323.955,0,0.0,2,4,ok
4309100,Gramado - RS,RS,40134.0,0.7,239.341,9,3.760325226350688,5,31,ok
4309126,Gramado dos Loureiros - RS,RS,2014.0,0.5,131.396,0,0.0,1,1,ok
4309159,Gramado Xavier - RS,RS,3304.0,0.6,217.515,3,1.379215226536101,5,18,ok
4309209,Gravataí - RS,RS,265074.0,1.6,468.288,0,0.0,3,8,ok
4309258,Guabiju - RS,RS,1417.0,0.1,146.925,0,0.0,2,4,ok
4309308,Guaíba - RS,RS,92924.0,1.2,376.166,2,0.5316801624814577,4,8,ok
4309407,Guaporé - RS,RS,25268.0,1.7,297.545,0,0.0,3,6,ok
4309506,Guarani das Missões - RS,RS,7415.0,0.6,290.7,0,0.0,1,2,ok
4309555,Harmonia - RS,RS,5378.0,0.4,48.557,0,0.0,0,0,ok
4309571,Herveiras - RS,RS,2565.0,1.2,118.261,0,0.0,2,2,ok
4309605,Horizontina - RS,RS,18851.0,0.5,229.694,2,0.8707236584325232,1,2,ok
4309654,Hulha Negra - RS,RS,5976.0,1.0,822.608,0,0.0,4,11,ok
4309704,Humaitá - RS,RS,4681.0,0.8,135.01,0,0.0,1,1,ok
4309753,Ibarama - RS,RS,3732.0,0.5,195.426,0,0.0,3,13,ok
4309803,Ibiaçá - RS,RS,4527.0,0.3,348.778,0,0.0,2,2,ok
4309902,Ibiraiaras - RS,RS,6776.0,0.5,292.16,0,0.0,3,5,ok
4309951,Ibirapuitã - RS,RS,3723.0,1.4,307.164,0,0.0,3,8,ok
4310009,Ibirubá - RS,RS,21583.0,0.8,607.185,0,0.0,1,2,ok
4310108,Igrejinha - RS,RS,32808.0,1.0,138.303,1,0.7230501146034432,3,7,ok
4310207,Ijuí - RS,RS,84780.0,1.0,688.982,2,0.2902833455736144,3,9,ok
4310306,Ilópolis - RS,RS,4157.0,0.8,123.602,0,0.0,2,3,ok
4310330,Imbé - RS,RS,26824.0,1.6,39.766,0,0.0,0,0,ok
4310363,Imigrante - RS,RS,3080.0,0.4,71.716,0,0.0,1,2,ok
4310405,Independência - RS,RS,6427.0,0.6,358.283,0,0.0,1,3,ok
4310413,Inhacorá - RS,RS,2014.0,0.4,113.749,0,0.0,1,1,ok
4310439,Ipê - RS,RS,5399.0,0.2,599.032,9,1.5024239105757287,5,57,ok
4310462,Ipiranga do Sul - RS,RS,1720.0,0.3,158.71,0,0.0,0,0,ok
4310504,Iraí - RS,RS,7482.0,0.3,181.579,2,1.1014489561017518,3,6,ok
4310538,Itaara - RS,RS,5572.0,0.5,172.801,0,0.0,0,0,ok
4310553,Itacurubi - RS,RS,2995.0,0.7,1120.874,2,0.17843218773921063,5,60,ok
4310579,Itapuca - RS,RS,1937.0,0.5,184.673,1,0.5414976742674891,4,7,ok
4310603,Itaqui - RS,RS,35768.0,0.9,3406.606,7,0.2054831113430787,5,147,ok
4310652,Itati - RS,RS,2638.0,1.0,205.06,1,0.4876621476640983,5,14,ok
4310702,Itatiba do Sul - RS,RS,3208.0,1.0,212.669,0,0.0,3,7,ok
4310751,Ivorá - RS,RS,1929.0,0.6,122.93,0,0.0,3,7,ok
4310801,Ivoti - RS,RS,22983.0,1.0,63.092,1,1.5849870031065745,4,11,ok
4310850,Jaboticaba - RS,RS,3779.0,0.6,127.589,0,0.0,0,0,ok
4310876,Jacuizinho - RS,RS,2040.0,1.3,339.399,2,0.5892769277458094,5,20,ok
4310900,Jacutinga - RS,RS,3338.0,0.8,178.009,0,0.0,1,1,ok
4311007,Jaguarão - RS,RS,26603.0,0.7,2051.845,5,0.24368312421259894,5,15,ok
4311106,Jaguari - RS,RS,10579.0,0.3,675.314,3,0.4442377916050904,5,29,ok
4311122,Jaquirana - RS,RS,3690.0,1.7,908.879,61,6.711564465676949,5,367,ok
4311130,Jari - RS,RS,3349.0,0.1,853.08,1,0.11722230037042247,5,35,ok
4311155,Jóia - RS,RS,7184.0,0.9,1238.918,0,0.0,4,12,ok
4311205,Júlio de Castilhos - RS,RS,18226.0,0.7,1929.544,1,0.051825716335051175,5,41,ok
4311239,Lagoa Bonita do Sul - RS,RS,2251.0,0.6,109.758,0,0.0,3,6,ok
4311254,Lagoão - RS,RS,5341.0,1.0,387.486,3,0.7742215202613772,5,60,ok
4311270,Lagoa dos Três Cantos - RS,RS,1738.0,0.9,138.602,0,0.0,0,0,ok
4311304,Lagoa Vermelha - RS,RS,27659.0,1.1,1260.227,2,0.15870156725732745,5,42,ok
4311403,Lajeado - RS,RS,93646.0,0.9,91.231,0,0.0,1,4,ok
4311429,Lajeado do Bugre - RS,RS,2601.0,0.5,67.947,0,0.0,0,0,ok
4311502,Lavras do Sul - RS,RS,7157.0,1.4,2600.969,27,1.0380746560224285,5,78,ok
4311601,Liberato Salzano - RS,RS,4781.0,1.5,245.627,1,0.40712136695070167,4,8,ok
4311627,Lindolfo Collor - RS,RS,6248.0,1.4,33.351,0,0.0,3,6,ok
4311643,Linha Nova - RS,RS,1683.0,0.3,63.502,7,11.023274857484804,4,35,ok
4311700,Machadinho - RS,RS,5735.0,0.3,335.198,0,0.0,2,5,ok
4311718,Maçambará - RS,RS,4425.0,0.8,1682.82,12,0.7130887438941776,5,72,ok
4311734,Mampituba - RS,RS,3131.0,0.6,156.653,0,0.0,2,3,ok
4311759,Manoel Viana - RS,RS,6801.0,1.0,1390.696,5,0.35953220545683606,5,71,ok
4311775,Maquiné - RS,RS,7418.0,1.0,613.58,0,0.0,3,7,ok
4311791,Maratá - RS,RS,2470.0,0.6,82.063,2,2.4371519442379634,5,14,ok
4311809,Marau - RS,RS,45124.0,1.1,649.77,1,0.15390061098542562,4,7,ok
4311908,Marcelino Ramos - RS,RS,4320.0,0.7,229.759,0,0.0,2,2,ok
4311981,Mariana Pimentel - RS,RS,3916.0,0.8,338.45,1,0.2954646181119811,5,11,ok
4312005,Mariano Moro - RS,RS,1858.0,,98.727,0,0.0,0,0,ok
4312054,Marques de Souza - RS,RS,3969.0,0.8,125.714,0,0.0,0,0,ok
4312104,Mata - RS,RS,4698.0,0.6,316.121,1,0.31633456809259747,5,15,ok
4312138,Mato Castelhano - RS,RS,2553.0,0.4,238.268,0,0.0,0,0,ok
4312153,Mato Leitão - RS,RS,4859.0,0.9,46.799,0,0.0,0,0,ok
4312179,Mato Queimado - RS,RS,1795.0,0.3,114.653,0,0.0,0,0,ok
4312203,Maximiliano de Almeida - RS,RS,4191.0,0.1,208.439,0,0.0,2,2,ok
4312252,Minas do Leão - RS,RS,7505.0,1.1,424.339,2,0.4713212785061001,4,25,ok
4312302,Miraguaí - RS,RS,4427.0,0.8,131.236,0,0.0,1,1,ok
4312351,Montauri - RS,RS,1499.0,,82.23,1,1.2161011796181442,1,1,ok
4312377,Monte Alegre dos Campos - RS,RS,3180.0,0.7,549.455,10,1.8199852581194091,5,69,ok
4312385,Monte Belo do Sul - RS,RS,2557.0,1.6,69.726,0,0.0,0,0,ok
4312401,Montenegro - RS,RS,64322.0,1.4,425.023,10,2.352813847721182,5,83,ok
4312427,Mormaço - RS,RS,2756.0,0.6,146.191,1,0.6840366370022779,3,4,ok
4312443,Morrinhos do Sul - RS,RS,3071.0,0.7,166.224,1,0.6015978438733276,1,1,ok
4312450,Morro Redondo - RS,RS,6046.0,1.0,244.645,0,0.0,3,13,ok
4312476,Morro Reuter - RS,RS,6029.0,0.6,89.412,6,6.710508656556166,5,78,ok
4312500,Mostardas - RS,RS,12090.0,0.8,1977.442,0,0.0,4,41,ok
4312609,Muçum - RS,RS,4601.0,0.6,111.247,0,0.0,1,1,ok
4312617,Muitos Capões - RS,RS,2879.0,0.5,1193.23,11,0.9218675360156884,5,76,ok
4312625,Muliterno - RS,RS,1721.0,0.4,111.132,1,0.8998308318036209,3,3,ok
4312658,Não-Me-Toque - RS,RS,17898.0,0.9,361.689,1,0.2764806228555472,2,2,ok
4312674,Nicolau Vergueiro - RS,RS,1932.0,0.8,154.995,0,0.0,1,1,ok
4312708,Nonoai - RS,RS,13719.0,0.9,468.962,0,0.0,4,35,ok
4312757,Nova Alvorada - RS,RS,3163.0,0.2,148.861,0,0.0,4,5,ok
4312807,Nova Araçá - RS,RS,4954.0,0.8,75.514,0,0.0,0,0,ok
4312906,Nova Bassano - RS,RS,9649.0,0.9,211.611,0,0.0,2,3,ok
4312955,Nova Boa Vista - RS,RS,2042.0,0.3,93.733,0,0.0,0,0,ok
4313003,Nova Bréscia - RS,RS,3044.0,0.5,102.994,4,3.8837213818280674,4,7,ok
4313011,Nova Candelária - RS,RS,3061.0,0.6,97.579,0,0.0,0,0,ok
4313037,Nova Esperança do Sul - RS,RS,4865.0,0.5,191.0,0,0.0,1,2,ok
4313060,Nova Hartz - RS,RS,20088.0,0.9,62.319,0,0.0,4,11,ok
4313086,Nova Pádua - RS,RS,2343.0,0.3,102.643,0,0.0,0,0,ok
4313102,Nova Palma - RS,RS,5586.0,0.5,314.613,1,0.3178508198961899,4,10,ok
4313201,Nova Petrópolis - RS,RS,23300.0,0.9,290.164,4,1.3785307619139522,5,29,ok
4313300,Nova Prata - RS,RS,25692.0,0.6,259.941,0,0.0,0,0,ok
4313334,Nova Ramada - RS,RS,2163.0,0.6,255.264,0,0.0,1,2,ok
4313359,Nova Roma do Sul - RS,RS,3466.0,0.6,149.767,0,0.0,1,1,ok
4313375,Nova Santa Rita - RS,RS,29024.0,1.0,218.153,1,0.4583938795249206,4,5,ok
4313391,Novo Cabrais - RS,RS,3568.0,0.6,192.998,2,1.0362801687064116,4,12,ok
4313409,Novo Hamburgo - RS,RS,227646.0,1.1,222.536,0,0.0,3,5,ok
4313425,Novo Machado - RS,RS,3198.0,0.8,218.836,0,0.0,1,1,ok
4313441,Novo Tiradentes - RS,RS,2146.0,0.7,75.428,0,0.0,1,1,ok
4313466,Novo Xingu - RS,RS,1646.0,1.0,79.851,0,0.0,0,0,ok
4313490,Novo Barreiro - RS,RS,4272.0,0.6,123.344,0,0.0,0,0,ok
4313508,Osório - RS,RS,47396.0,0.8,663.878,0,0.0,2,5,ok
4313607,Paim Filho - RS,RS,3629.0,0.7,182.115,1,0.5491035883919501,5,7,ok
4313656,Palmares do Sul - RS,RS,12844.0,1.2,949.201,1,0.10535176427332041,2,2,ok
4313706,Palmeira das Missões - RS,RS,33216.0,1.8,1421.101,0,0.0,4,14,ok
4313805,Palmitinho - RS,RS,7839.0,0.7,144.181,2,1.3871453242798981,3,4,ok
4313904,Panambi - RS,RS,43515.0,1.0,491.57,1,0.20342982688121733,3,4,ok
4313953,Pantano Grande - RS,RS,10212.0,1.4,841.225,3,0.35662278225207283,5,20,ok
4314001,Paraí - RS,RS,7194.0,0.5,121.745,0,0.0,1,2,ok
4314027,Paraíso do Sul - RS,RS,6519.0,1.1,337.534,1,0.2962664501946471,4,15,ok
4314035,Pareci Novo - RS,RS,4319.0,0.7,57.485,1,1.7395842393667913,2,2,ok
4314050,Parobé - RS,RS,52058.0,0.9,108.707,1,0.9199039620263645,2,3,ok
4314068,Passa Sete - RS,RS,3983.0,0.6,304.266,1,0.32865979110383675,5,14,ok
4314076,Passo do Sobrado - RS,RS,6025.0,0.5,265.133,0,0.0,3,4,ok
4314100,Passo Fundo - RS,RS,206215.0,1.4,784.407,2,0.2549696777310758,4,12,ok
4314134,Paulo Bento - RS,RS,2144.0,0.2,149.669,0,0.0,1,1,ok
4314159,Paverama - RS,RS,7978.0,0.4,171.863,1,0.5818588061421015,5,28,ok
4314175,Pedras Altas - RS,RS,2061.0,0.6,1373.985,1,0.07278099833695419,5,9,ok
4314209,Pedro Osório - RS,RS,7484.0,1.8,603.757,4,0.6625181985467664,5,35,ok
4314308,Pejuçara - RS,RS,3745.0,0.4,414.106,0,0.0,2,2,ok
4314407,Pelotas - RS,RS,325685.0,1.2,1608.78,6,0.37295341811807703,5,45,ok
4314423,Picada Café - RS,RS,5351.0,0.5,84.28,2,2.3730422401518747,5,22,ok
4314456,Pinhal - RS,RS,2959.0,0.4,68.222,0,0.0,1,1,ok
4314464,Pinhal da Serra - RS,RS,2248.0,1.1,438.11,6,1.3695190705530575,5,60,ok
4314472,Pinhal Grande - RS,RS,3805.0,1.0,478.11,6,1.2549413314927527,4,20,ok
4314498,Pinheirinho do Vale - RS,RS,4540.0,0.6,105.385,0,0.0,1,1,ok
4314506,Pinheiro Machado - RS,RS,11214.0,1.1,2249.176,15,0.6669109042600491,5,91,ok
4314548,Pinto Bandeira - RS,RS,2723.0,0.7,104.801,0,0.0,1,2,ok
4314555,Pirapó - RS,RS,2260.0,0.5,293.723,0,0.0,4,5,ok
4314605,Piratini - RS,RS,17504.0,1.1,3538.3,32,0.9043891134160473,5,425,ok
4314704,Planalto - RS,RS,10406.0,0.7,228.552,2,0.8750743813224123,5,25,ok
4314753,Poço das Antas - RS,RS,2171.0,0.9,67.618,2,2.9577923038244256,5,20,ok
4314779,Pontão - RS,RS,3296.0,0.5,502.709,0,0.0,3,5,ok
4314787,Ponte Preta - RS,RS,1575.0,,99.504,0,0.0,1,1,ok
4314803,Portão - RS,RS,34071.0,1.5,159.298,2,1.2555085437356401,5,30,ok
4314902,Porto Alegre - RS,RS,1332845.0,1.5,495.39,1,0.20186115989422473,5,12,ok
4315008,Porto Lucena - RS,RS,4360.0,0.7,250.876,1,0.39860329405762207,2,3,ok
4315057,Porto Mauá - RS,RS,2142.0,0.7,105.811,0,0.0,0,0,ok
4315073,Porto Vera Cruz - RS,RS,1560.0,0.4,114.284,0,0.0,2,2,ok
4315107,Porto Xavier - RS,RS,9938.0,0.8,281.497,0,0.0,2,4,ok
4315131,Pouso Novo - RS,RS,1739.0,0.4,105.338,0,0.0,3,3,ok
4315149,Presidente Lucena - RS,RS,3077.0,1.8,49.628,2,4.029983074071089,5,20,ok
4315156,Progresso - RS,RS,5340.0,0.5,256.039,1,0.3905654997871418,4,8,ok
4315172,Protásio Alves - RS,RS,2025.0,0.3,171.994,1,0.5814156307778178,3,3,ok
4315206,Putinga - RS,RS,3747.0,0.5,216.159,5,2.313112107291392,3,11,ok
4315305,Quaraí - RS,RS,23500.0,1.2,3139.995,7,0.22293029129027275,5,37,ok
4315313,Quatro Irmãos - RS,RS,1552.0,0.2,268.971,0,0.0,1,2,ok
4315321,Quevedos - RS,RS,2507.0,0.8,543.359,1,0.18404038582226484,5,19,ok
4315354,Quinze de Novembro - RS,RS,3910.0,1.2,223.072,0,0.0,0,0,ok
4315404,Redentora - RS,RS,9738.0,1.6,303.705,0,0.0,4,38,ok
4315453,Relvado - RS,RS,1796.0,0.3,108.188,2,1.848633859577772,3,6,ok
4315503,Restinga Sêca - RS,RS,14939.0,0.8,968.62,2,0.20647932109599224,5,40,ok
4315552,Rio dos Índios - RS,RS,2835.0,1.1,235.854,0,0.0,3,6,ok
4315602,Rio Grande - RS,RS,191900.0,1.4,2682.867,15,0.5591033770962183,5,58,ok
4315701,Rio Pardo - RS,RS,34654.0,1.6,2051.112,1,0.04875404171005776,5,54,ok
4315750,Riozinho - RS,RS,4473.0,0.3,239.09,1,0.41825254088418584,5,27,ok
4315800,Roca Sales - RS,RS,10418.0,0.5,208.108,0,0.0,1,2,ok
4315909,Rodeio Bonito - RS,RS,6654.0,0.5,83.278,0,0.0,1,2,ok
4315958,Rolador - RS,RS,2291.0,1.0,295.326,0,0.0,1,1,ok
4316006,Rolante - RS,RS,21253.0,0.8,296.09,5,1.6886757404843122,5,25,ok
4316105,Ronda Alta - RS,RS,9777.0,0.4,418.675,0,0.0,1,1,ok
4316204,Rondinha - RS,RS,4991.0,0.4,252.454,0,0.0,0,0,ok
4316303,Roque Gonzales - RS,RS,6576.0,0.5,349.074,5,1.432361046654864,3,8,ok
4316402,Rosário do Sul - RS,RS,36630.0,0.8,4343.656,18,0.41439745688885127,5,118,ok
4316428,Sagrada Família - RS,RS,2480.0,0.7,77.889,0,0.0,1,1,ok
4316436,Saldanha Marinho - RS,RS,2575.0,0.7,221.554,0,0.0,1,1,ok
4316451,Salto do Jacuí - RS,RS,10203.0,0.9,507.698,0,0.0,1,1,ok
4316477,Salvador das Missões - RS,RS,2877.0,0.3,94.312,0,0.0,1,1,ok
4316501,Salvador do Sul - RS,RS,6879.0,2.3,99.156,7,7.059582879503005,5,34,ok
4316600,Sananduva - RS,RS,16399.0,1.8,504.438,1,0.19824041804939357,4,11,ok
4316709,Santa Bárbara do Sul - RS,RS,8122.0,0.6,975.799,0,0.0,2,2,ok
4316733,Santa Cecília do Sul - RS,RS,1674.0,0.5,200.056,0,0.0,2,2,ok
4316758,Santa Clara do Sul - RS,RS,6887.0,1.0,86.442,0,0.0,1,2,ok
4316808,Santa Cruz do Sul - RS,RS,133230.0,1.0,733.898,1,0.13625871715142976,4,14,ok
4316907,Santa Maria - RS,RS,271735.0,1.2,1780.194,2,0.11234730596777653,5,61,ok
4316956,Santa Maria do Herval - RS,RS,6340.0,0.7,140.437,14,9.968882844264687,5,77,ok
4316972,Santa Margarida do Sul - RS,RS,2596.0,2.3,955.299,2,0.20935853591388665,5,38,ok
4317004,Santana da Boa Vista - RS,RS,7024.0,0.8,1418.805,15,1.057227737426919,5,45,ok
4317103,Sant'Ana do Livramento - RS,RS,84421.0,0.9,6946.407,8,0.11516745275651138,5,50,ok
4317202,Santa Rosa - RS,RS,76963.0,0.9,489.38,0,0.0,2,2,ok
4317251,Santa Tereza - RS,RS,1505.0,0.5,73.669,0,0.0,1,1,ok
4317301,Santa Vitória do Palmar - RS,RS,30983.0,0.9,5206.977,28,0.5377400361092435,5,46,ok
4317400,Santiago - RS,RS,48938.0,0.9,2414.195,3,0.12426502415919177,5,49,ok
4317509,Santo Ângelo - RS,RS,76917.0,1.0,679.34,0,0.0,3,9,ok
4317558,Santo Antônio do Palma - RS,RS,2091.0,0.2,126.094,0,0.0,1,2,ok
4317608,Santo Antônio da Patrulha - RS,RS,42947.0,0.7,1049.583,4,0.3811037335780019,5,29,ok
4317707,Santo Antônio das Missões - RS,RS,10300.0,1.3,1710.869,8,0.46759862970221566,5,81,ok
4317756,Santo Antônio do Planalto - RS,RS,2089.0,0.5,203.44,0,0.0,0,0,ok
4317806,Santo Augusto - RS,RS,13902.0,0.6,467.775,0,0.0,1,2,ok
4317905,Santo Cristo - RS,RS,15320.0,0.4,367.202,1,0.27232967140701847,2,2,ok
4317954,Santo Expedito do Sul - RS,RS,2349.0,0.7,125.595,0,0.0,0,0,ok
4318002,São Borja - RS,RS,59676.0,0.9,3616.69,26,0.7188893712206464,5,195,ok
4318051,São Domingos do Sul - RS,RS,2754.0,0.9,78.67,0,0.0,0,0,ok
4318101,São Francisco de Assis - RS,RS,17618.0,0.6,2506.975,1,0.03988871049771139,5,48,ok
4318200,São Francisco de Paula - RS,RS,21893.0,1.2,3317.794,211,6.359647404269222,5,1304,ok
4318309,São Gabriel - RS,RS,58487.0,1.1,5053.46,12,0.23746106627934127,5,147,ok
4318408,São Jerônimo - RS,RS,21028.0,0.7,935.596,8,0.8550699233429814,5,67,ok
4318424,São João da Urtiga - RS,RS,4461.0,0.3,171.029,0,0.0,4,12,ok
4318432,São João do Polêsine - RS,RS,2649.0,1.0,78.32,0,0.0,1,2,ok
4318440,São Jorge - RS,RS,2912.0,0.2,125.62,0,0.0,1,3,ok
4318457,São José das Missões - RS,RS,2362.0,0.6,98.125,0,0.0,1,1,ok
4318465,São José do Herval - RS,RS,1902.0,0.8,102.912,1,0.9717039800995024,5,13,ok
4318481,São José do Hortêncio - RS,RS,4447.0,0.3,63.709,2,3.139273885950179,4,6,ok
4318499,São José do Inhacorá - RS,RS,2406.0,0.1,77.732,0,0.0,0,0,ok
4318507,São José do Norte - RS,RS,25443.0,1.3,1071.824,1,0.09329889981937332,3,15,ok
4318606,São José do Ouro - RS,RS,6834.0,0.9,335.287,0,0.0,2,2,ok
4318614,São José do Sul - RS,RS,2380.0,0.6,54.764,1,1.8260170915199765,4,5,ok
4318622,São José dos Ausentes - RS,RS,4172.0,0.6,1173.907,80,6.814849898671701,5,396,ok
4318705,São Leopoldo - RS,RS,217409.0,1.4,103.009,1,0.9707889601879448,5,8,ok
4318804,São Lourenço do Sul - RS,RS,41989.0,0.9,2036.125,4,0.1964515930996378,5,58,ok
4318903,São Luiz Gonzaga - RS,RS,34752.0,0.7,1295.522,0,0.0,3,8,ok
4319000,São Marcos - RS,RS,21084.0,0.7,256.159,3,1.171147607540629,5,30,ok
4319109,São Martinho - RS,RS,5481.0,0.7,171.245,0,0.0,0,0,ok
4319125,São Martinho da Serra - RS,RS,2860.0,2.0,669.547,3,0.44806413888793467,5,33,ok
4319158,São Miguel das Missões - RS,RS,7056.0,0.5,1228.447,2,0.16280718663483246,5,12,ok
4319208,São Nicolau - RS,RS,5118.0,1.6,485.588,0,0.0,3,5,ok
4319307,São Paulo das Missões - RS,RS,5846.0,0.2,223.942,0,0.0,4,7,ok
4319356,São Pedro da Serra - RS,RS,3548.0,0.7,35.207,0,0.0,3,7,ok
4319364,São Pedro das Missões - RS,RS,1757.0,0.1,79.894,0,0.0,1,2,ok
4319372,São Pedro do Butiá - RS,RS,3070.0,0.7,107.559,0,0.0,1,1,ok
4319406,São Pedro do Sul - RS,RS,15577.0,0.6,873.394,1,0.11449586326446025,5,27,ok
4319505,São Sebastião do Caí - RS,RS,24428.0,1.3,114.293,2,1.749888444611656,4,13,ok
4319604,São Sepé - RS,RS,21219.0,1.9,2204.779,7,0.3174921386678665,5,85,ok
4319703,São Valentim - RS,RS,3264.0,0.5,154.45,0,0.0,2,4,ok
4319711,São Valentim do Sul - RS,RS,2207.0,0.6,91.898,1,1.0881629632853818,3,5,ok
4319737,São Valério do Sul - RS,RS,2543.0,0.3,107.402,0,0.0,3,5,ok
4319752,São Vendelino - RS,RS,2251.0,0.6,31.935,1,3.131360576170346,3,5,ok
4319802,São Vicente do Sul - RS,RS,8097.0,0.7,1174.822,1,0.08511927764376222,5,24,ok
4319901,Sapiranga - RS,RS,75648.0,1.1,136.473,10,7.327456713049467,5,49,ok
4320008,Sapucaia do Sul - RS,RS,132107.0,1.3,58.247,0,0.0,0,0,ok
4320107,Sarandi - RS,RS,22851.0,0.6,351.717,2,0.5686389910069743,3,4,ok
4320206,Seberi - RS,RS,11950.0,0.7,300.827,0,0.0,1,2,ok
4320230,Sede Nova - RS,RS,2704.0,0.6,119.312,0,0.0,0,0,ok
4320263,Segredo - RS,RS,6009.0,0.6,245.17,1,0.4078802463596688,5,20,ok
4320305,Selbach - RS,RS,5107.0,0.3,176.471,0,0.0,0,0,ok
4320321,Senador Salgado Filho - RS,RS,2673.0,0.3,147.068,0,0.0,0,0,ok
4320354,Sentinela do Sul - RS,RS,5306.0,1.3,282.13,2,0.7088930634813738,5,19,ok
4320404,Serafina Corrêa - RS,RS,16961.0,0.5,163.31,1,0.612332374012614,3,3,ok
4320453,Sério - RS,RS,1941.0,1.0,98.131,0,0.0,4,8,ok
4320503,Sertão - RS,RS,5541.0,0.8,440.631,0,0.0,1,4,ok
4320552,Sertão Santana - RS,RS,5863.0,0.8,252.013,2,0.7936098534599405,5,16,ok
4320578,Sete de Setembro - RS,RS,1830.0,0.3,129.238,0,0.0,0,0,ok
4320602,Severiano de Almeida - RS,RS,3406.0,1.9,167.598,0,0.0,2,3,ok
4320651,Silveira Martins - RS,RS,2028.0,0.4,119.285,2,1.6766567464475837,2,3,ok
4320677,Sinimbu - RS,RS,8578.0,0.7,510.213,7,1.3719760178592078,5,26,ok
4320701,Sobradinho - RS,RS,14226.0,1.5,128.823,0,0.0,3,8,ok
4320800,Soledade - RS,RS,29991.0,0.6,1215.056,2,0.16460146692827327,5,79,ok
4320859,Tabaí - RS,RS,4461.0,1.0,94.754,2,2.1107288346666104,5,19,ok
4320909,Tapejara - RS,RS,24557.0,0.9,238.082,0,0.0,1,2,ok
4321006,Tapera - RS,RS,10592.0,0.7,179.935,0,0.0,1,1,ok
4321105,Tapes - RS,RS,14695.0,1.2,805.452,1,0.12415389123125897,4,14,ok
4321204,Taquara - RS,RS,53242.0,1.1,452.572,9,1.9886338527350345,5,30,ok
4321303,Taquari - RS,RS,25198.0,1.2,349.967,6,1.7144473621798626,5,47,ok
4321329,Taquaruçu do Sul - RS,RS,3119.0,0.3,76.917,0,0.0,1,1,ok
4321352,Tavares - RS,RS,5212.0,0.7,610.106,0,0.0,0,0,ok
4321402,Tenente Portela - RS,RS,14497.0,0.7,337.495,0,0.0,1,8,ok
4321436,Terra de Areia - RS,RS,10334.0,1.0,142.304,1,0.7027209354621092,2,5,ok
4321451,Teutônia - RS,RS,32797.0,1.3,177.795,0,0.0,4,7,ok
4321469,Tio Hugo - RS,RS,3267.0,0.4,113.944,0,0.0,1,1,ok
4321477,Tiradentes do Sul - RS,RS,5129.0,0.4,236.653,0,0.0,0,0,ok
4321493,Toropi - RS,RS,2554.0,0.6,198.316,1,0.5042457492083341,4,7,ok
4321501,Torres - RS,RS,41751.0,1.2,161.627,0,0.0,2,3,ok
4321600,Tramandaí - RS,RS,54387.0,2.0,142.878,0,0.0,0,0,ok
4321626,Travesseiro - RS,RS,2152.0,0.8,80.681,0,0.0,2,2,ok
4321634,Três Arroios - RS,RS,2591.0,,148.601,1,0.672942981541174,3,6,ok
4321667,Três Cachoeiras - RS,RS,10962.0,1.0,251.483,0,0.0,1,4,ok
4321709,Três Coroas - RS,RS,24425.0,0.8,165.285,1,0.6050155791511631,5,22,ok
4321808,Três de Maio - RS,RS,24916.0,0.6,421.461,0,0.0,0,0,ok
4321832,Três Forquilhas - RS,RS,2760.0,0.7,217.386,1,0.4600112242738723,4,16,ok
4321857,Três Palmeiras - RS,RS,4716.0,0.4,180.599,0,0.0,2,4,ok
4321907,Três Passos - RS,RS,25436.0,0.8,268.902,0,0.0,3,4,ok
4321956,Trindade do Sul - RS,RS,7556.0,0.6,268.417,0,0.0,2,3,ok
4322004,Triunfo - RS,RS,27498.0,1.4,817.625,25,3.0576364470264483,5,174,ok
4322103,Tucunduva - RS,RS,5542.0,0.3,181.198,0,0.0,0,0,ok
4322152,Tunas - RS,RS,3681.0,0.6,217.302,4,1.8407561826398287,5,23,ok
4322186,Tupanci do Sul - RS,RS,1374.0,,135.243,0,0.0,2,4,ok
4322202,Tupanciretã - RS,RS,20005.0,1.1,2253.234,1,0.04438065465016062,5,73,ok
4322251,Tupandi - RS,RS,5029.0,0.6,59.447,1,1.682170673036486,4,5,ok
4322301,Tuparendi - RS,RS,8363.0,0.3,307.71,0,0.0,1,3,ok
4322327,Turuçu - RS,RS,3419.0,0.7,253.635,0,0.0,4,7,ok
4322343,Ubiretama - RS,RS,1994.0,0.5,125.876,0,0.0,0,0,ok
4322350,União da Serra - RS,RS,1170.0,0.4,131.154,0,0.0,1,1,ok
4322376,Unistalda - RS,RS,1995.0,0.3,602.387,4,0.6640249540577735,4,8,ok
4322400,Uruguaiana - RS,RS,117210.0,1.4,5702.098,18,0.3156732837632745,5,118,ok
4322509,Vacaria - RS,RS,64197.0,1.3,2124.492,13,0.6119109886033931,5,157,ok
4322525,Vale Verde - RS,RS,3150.0,0.9,329.727,1,0.3032811992951745,4,5,ok
4322533,Vale do Sol - RS,RS,9897.0,0.2,328.275,0,0.0,3,9,ok
4322541,Vale Real - RS,RS,6058.0,0.6,45.085,0,0.0,2,2,ok
4322558,Vanini - RS,RS,2004.0,1.0,64.905,0,0.0,1,1,ok
4322608,Venâncio Aires - RS,RS,68763.0,1.2,772.588,1,0.1294350934780245,4,11,ok
4322707,Vera Cruz - RS,RS,26710.0,0.8,309.621,1,0.3229755087671702,5,8,ok
4322806,Veranópolis - RS,RS,24021.0,0.9,289.397,1,0.34554608375345974,3,8,ok
4322855,Vespasiano Corrêa - RS,RS,1818.0,0.3,113.622,0,0.0,1,1,ok
4322905,Viadutos - RS,RS,4769.0,0.6,268.072,0,0.0,3,5,ok
4323002,Viamão - RS,RS,224112.0,1.5,1496.506,7,0.46775622683771395,5,28,ok
4323101,Vicente Dutra - RS,RS,4665.0,0.2,193.025,0,0.0,3,5,ok
4323200,Victor Graeff - RS,RS,2780.0,0.1,238.133,3,1.2598001956889637,2,4,ok
4323309,Vila Flores - RS,RS,3646.0,0.1,107.703,0,0.0,1,1,ok
4323358,Vila Lângaro - RS,RS,2079.0,0.5,151.695,0,0.0,0,0,ok
4323408,Vila Maria - RS,RS,4413.0,0.5,181.061,0,0.0,0,0,ok
4323457,Vila Nova do Sul - RS,RS,3863.0,2.4,508.278,0,0.0,4,16,ok
4323507,Vista Alegre - RS,RS,2660.0,0.4,77.63,0,0.0,1,2,ok
4323606,Vista Alegre do Prata - RS,RS,1590.0,0.5,119.327,0,0.0,0,0,ok
4323705,Vista Gaúcha - RS,RS,2783.0,0.5,90.022,0,0.0,1,2,ok
4323754,Vitória das Missões - RS,RS,3260.0,0.5,258.312,0,0.0,3,3,ok
4323770,Westfália - RS,RS,3098.0,2.6,63.665,0,0.0,2,2,ok
4323804,Xangri-lá - RS,RS,16463.0,1.2,60.756,0,0.0,0,0,ok
5000203,Água Clara - MS,MS,16741.0,1.2,7781.558,25,0.32127242385136756,5,227,ok
5000252,Alcinópolis - MS,MS,4537.0,1.1,4397.518,10,0.2274010021107361,5,200,ok
5000609,Amambai - MS,MS,39325.0,0.6,4193.742,7,0.1669153705688142,5,82,ok
5000708,Anastácio - MS,MS,24114.0,0.6,2913.177,21,0.7208624810644872,5,163,ok
5000807,Anaurilândia - MS,MS,7653.0,0.7,3415.657,10,0.2927694437702615,5,52,ok
5000856,Angélica - MS,MS,10729.0,1.1,1283.627,11,0.8569467610139082,5,65,ok
5000906,Antônio João - MS,MS,9303.0,1.2,1142.895,37,3.2373927613647795,5,301,ok
5001003,Aparecida do Taboado - MS,MS,27674.0,0.6,2751.485,9,0.3270960953812214,5,58,ok
5001102,Aquidauana - MS,MS,46803.0,0.8,17087.021,123,0.7198446118840727,5,2902,ok
5001243,Aral Moreira - MS,MS,10748.0,0.6,1653.86,1,0.060464610063729704,5,33,ok
5001508,Bandeirantes - MS,MS,7940.0,1.4,3357.926,21,0.6253860269702192,5,79,ok
5001904,Bataguassu - MS,MS,23031.0,0.9,2392.476,3,0.1253931073916729,5,68,ok
5002001,Batayporã - MS,MS,10712.0,1.0,1826.578,1,0.05474718298369958,5,38,ok
5002100,Bela Vista - MS,MS,21613.0,1.7,4899.44,32,0.6531358685890633,5,409,ok
5002159,Bodoquena - MS,MS,8567.0,1.1,2591.933,13,0.5015561744844484,5,101,ok
5002209,Bonito - MS,MS,23659.0,1.1,5373.016,29,0.5397341083666976,5,137,ok
5002308,Brasilândia - MS,MS,11579.0,1.1,5803.542,10,0.1723085660446672,5,193,ok
5002407,Caarapó - MS,MS,30612.0,1.0,2115.73,8,0.3781200814848775,5,130,ok
5002605,Camapuã - MS,MS,13583.0,0.7,6238.127,13,0.20839588549575855,5,112,ok
5002704,Campo Grande - MS,MS,898100.0,1.2,8082.978,28,0.34640698019962446,5,265,ok
5002803,Caracol - MS,MS,5036.0,0.8,2943.206,10,0.3397655481811331,5,51,ok
5002902,Cassilândia - MS,MS,20988.0,1.5,3658.252,20,0.5467091933524536,5,105,ok
5002951,Chapadão do Sul - MS,MS,30993.0,0.8,3252.327,13,0.39971380491568037,5,95,ok
5003108,Corguinho - MS,MS,4783.0,2.0,2639.657,2,0.0757674197821914,5,38,ok
5003157,Coronel Sapucaia - MS,MS,14289.0,1.2,1023.727,6,0.5860937535104573,5,44,ok
5003207,Corumbá - MS,MS,96268.0,1.0,64432.45,827,1.2835147507195521,5,19930,ok
5003256,Costa Rica - MS,MS,26037.0,1.4,4159.384,15,0.3606303241056849,5,218,ok
5003306,Coxim - MS,MS,32151.0,0.8,6391.486,19,0.2972704626122939,5,132,ok
5003454,Deodápolis - MS,MS,13663.0,0.6,828.533,2,0.24139050587001365,5,48,ok
5003488,Dois Irmãos do Buriti - MS,MS,11100.0,0.8,2431.609,15,0.6168754927292999,5,124,ok
5003504,Douradina - MS,MS,5578.0,0.6,280.457,0,0.0,3,14,ok
5003702,Dourados - MS,MS,243367.0,1.1,4062.236,14,0.3446377807690149,5,211,ok
5003751,Eldorado - MS,MS,11386.0,0.7,1012.796,0,0.0,4,32,ok
5003801,Fátima do Sul - MS,MS,20609.0,0.7,315.333,1,0.3171250709567346,4,8,ok
5003900,Figueirão - MS,MS,3539.0,0.9,4879.932,8,0.16393671059350828,5,52,ok
5004007,Glória de Dourados - MS,MS,10444.0,0.7,493.434,5,1.0133067441643664,4,10,ok
5004106,Guia Lopes da Laguna - MS,MS,9940.0,1.3,1225.426,2,0.1632085495166579,5,22,ok
5004304,Iguatemi - MS,MS,13808.0,0.5,2957.41,10,0.33813370482956373,5,56,ok
5004403,Inocência - MS,MS,8404.0,0.7,5761.19,17,0.2950779266089124,5,116,ok
5004502,Itaporã - MS,MS,24137.0,1.6,1342.764,2,0.14894650139562873,5,54,ok
5004601,Itaquiraí - MS,MS,19423.0,0.7,2063.717,7,0.33919379449798587,5,70,ok
5004700,Ivinhema - MS,MS,27821.0,0.6,2003.43,13,0.6488871585231328,5,98,ok
5004809,Japorã - MS,MS,8148.0,0.5,416.605,7,1.6802486768041671,5,75,ok
5004908,Jaraguari - MS,MS,7139.0,0.6,2912.836,7,0.24031562367397272,5,64,ok
5005004,Jardim - MS,MS,23981.0,0.7,2126.133,4,0.1881349849703664,5,103,ok
5005103,Jateí - MS,MS,3586.0,0.5,1933.316,22,1.137941236714536,5,107,ok
5005152,Juti - MS,MS,6729.0,0.7,1569.176,5,0.31863857209133967,5,65,ok
5005202,Ladário - MS,MS,21522.0,0.9,354.255,2,0.5645650731817475,5,57,ok
5005251,Laguna Carapã - MS,MS,6799.0,1.1,1725.78,15,0.8691722003963426,5,63,ok
5005400,Maracaju - MS,MS,45047.0,0.6,5396.905,19,0.3520536307383584,5,202,ok
5005608,Miranda - MS,MS,25536.0,0.9,5471.436,55,1.0052205673245562,5,1195,ok
5005681,Mundo Novo - MS,MS,19193.0,0.9,478.38,8,1.6723107153309085,5,54,ok
5005707,Naviraí - MS,MS,50457.0,0.9,3189.667,35,1.09729322841538,5,178,ok
5005806,Nioaque - MS,MS,13220.0,0.8,3909.44,11,0.28137022182205124,5,140,ok
5006002,Nova Alvorada do Sul - MS,MS,21822.0,0.7,4025.012,29,0.7204947463510667,5,234,ok
5006200,Nova Andradina - MS,MS,48563.0,1.0,4770.685,20,0.4192270082807814,5,130,ok
5006259,Novo Horizonte do Sul - MS,MS,4721.0,0.3,849.19,4,0.47103710594802106,5,42,ok
5006275,Paraíso das Águas - MS,MS,5510.0,1.2,5061.433,15,0.2963587584780832,5,97,ok
5006309,Paranaíba - MS,MS,40957.0,1.2,5405.48,15,0.2774961705528464,5,96,ok
5006358,Paranhos - MS,MS,12921.0,0.6,1307.092,7,0.5355399619919637,5,104,ok
5006408,Pedro Gomes - MS,MS,6941.0,1.0,3553.782,10,0.281390361029461,5,107,ok
5006606,Ponta Porã - MS,MS,92017.0,1.3,5359.354,33,0.6157458529516803,5,305,ok
5006903,Porto Murtinho - MS,MS,12859.0,0.6,17505.2,348,1.9879807143020358,5,4959,ok
5007109,Ribas do Rio Pardo - MS,MS,23150.0,0.9,17315.283,50,0.28876224546835305,5,269,ok
5007208,Rio Brilhante - MS,MS,37601.0,0.7,3983.562,38,0.9539201347939357,5,398,ok
5007307,Rio Negro - MS,MS,4841.0,0.4,1828.8,7,0.38276465441819774,5,35,ok
5007406,Rio Verde de Mato Grosso - MS,MS,19818.0,1.1,8173.868,42,0.5138326187797503,5,393,ok
5007505,Rochedo - MS,MS,5199.0,1.1,1309.574,2,0.15272141933178268,5,38,ok
5007554,Santa Rita do Pardo - MS,MS,7027.0,0.6,6142.001,10,0.16281338931725997,5,65,ok
5007695,São Gabriel do Oeste - MS,MS,29579.0,1.1,3849.875,5,0.12987434656969382,5,121,ok
5007703,Sete Quedas - MS,MS,10994.0,0.4,839.117,2,0.23834578491438024,5,21,ok
5007802,Selvíria - MS,MS,8142.0,0.5,3254.917,18,0.5530094930224028,5,82,ok
5007901,Sidrolândia - MS,MS,47118.0,1.2,5265.695,38,0.7216521275918943,5,279,ok
5007935,Sonora - MS,MS,14516.0,1.1,4185.528,19,0.45394511755745026,5,195,ok
5007950,Tacuru - MS,MS,10808.0,1.1,1784.207,4,0.22418923364833787,5,44,ok
5007976,Taquarussu - MS,MS,3625.0,0.7,1052.232,0,0.0,4,49,ok
5008008,Terenos - MS,MS,17652.0,1.3,2845.723,14,0.4919663649624366,5,123,ok
5008305,Três Lagoas - MS,MS,132152.0,1.2,10217.071,27,0.2642636035317754,5,217,ok
5008404,Vicentina - MS,MS,6336.0,0.9,312.429,1,0.3200727205221026,5,9,ok
5100102,Acorizal - MT,MT,5014.0,0.9,850.763,6,0.705249287992073,5,108,ok
5100201,Água Boa - MT,MT,29219.0,1.2,7549.308,53,0.7020511019023201,5,455,ok
5100250,Alta Floresta - MT,MT,58613.0,1.2,8955.41,98,1.094310589911573,5,606,ok
5100300,Alto Araguaia - MT,MT,17193.0,0.6,5402.308,41,0.7589348848677269,5,470,ok
5100359,Alto Boa Vista - MT,MT,5715.0,0.1,2248.414,33,1.4677012329579873,5,790,ok
5100409,Alto Garças - MT,MT,13052.0,1.7,3858.153,52,1.347795175567169,5,205,ok
5100508,Alto Paraguai - MT,MT,8009.0,1.4,1847.354,20,1.0826295339171592,5,344,ok
5100607,Alto Taquari - MT,MT,10904.0,1.1,1436.582,4,0.278438682929342,5,154,ok
5100805,Apiacás - MT,MT,8590.0,0.9,20489.024,764,3.728825736160004,5,2620,ok
5101001,Araguaiana - MT,MT,3795.0,0.8,6380.7,66,1.0343692698293292,5,224,ok
5101209,Araguainha - MT,MT,1010.0,1.3,675.231,6,0.8885847954255655,4,38,ok
5101258,Araputanga - MT,MT,14786.0,1.1,1639.733,9,0.5488698464933011,3,40,ok
5101308,Arenápolis - MT,MT,10576.0,1.2,417.337,2,0.4792290163584825,5,29,ok
5101407,Aripuanã - MT,MT,24626.0,1.0,24678.135,1394,5.648725075861689,5,5281,ok
5101605,Barão de Melgaço - MT,MT,7253.0,0.3,11374.872,74,0.6505567711003694,5,5018,ok
5101704,Barra do Bugres - MT,MT,29403.0,1.0,5976.864,63,1.0540644726063702,5,613,ok
5101803,Barra do Garças - MT,MT,69210.0,0.9,8363.149,265,3.168662904367721,5,1857,ok
5101852,Bom Jesus do Araguaia - MT,MT,7280.0,0.3,4266.636,69,1.6171991236187007,5,507,ok
5101902,Brasnorte - MT,MT,17004.0,0.8,15968.355,288,1.803567117589758,5,1673,ok
5102504,Cáceres - MT,MT,89681.0,0.8,24495.51,133,0.5429566479734449,5,4990,ok
5102603,Campinápolis - MT,MT,15347.0,0.8,5978.985,629,10.520180264710483,5,2874,ok
5102637,Campo Novo do Parecis - MT,MT,45899.0,0.9,9428.586,104,1.1030285983497419,5,653,ok
5102678,Campo Verde - MT,MT,44585.0,1.4,4770.631,32,0.6707708057906805,5,193,ok
5102686,Campos de Júlio - MT,MT,8822.0,0.9,6792.808,109,1.6046383174675334,5,528,ok
5102694,Canabrava do Norte - MT,MT,4485.0,0.1,3449.037,189,5.479790445854887,5,919,ok
5102702,Canarana - MT,MT,25858.0,0.9,10855.181,271,2.496503743235603,5,1896,ok
5102793,Carlinda - MT,MT,10332.0,1.1,2421.788,11,0.4542098647775941,5,133,ok
5102850,Castanheira - MT,MT,7506.0,0.4,3713.466,52,1.4003090374329537,5,310,ok
5103007,Chapada dos Guimarães - MT,MT,18990.0,0.7,6603.252,137,2.074735297093008,5,969,ok
5103056,Cláudia - MT,MT,9593.0,0.9,3843.561,292,7.597121523503855,5,1361,ok
5103106,Cocalinho - MT,MT,6220.0,0.7,16563.136,287,1.732763650555064,5,1910,ok
5103205,Colíder - MT,MT,31370.0,1.6,3112.091,25,0.803318411961604,5,128,ok
5103254,Colniza - MT,MT,25766.0,0.5,27960.237,3046,10.894042135622813,5,10055,ok
5103304,Comodoro - MT,MT,18238.0,0.7,21485.018,366,1.7035126523980573,5,2257,ok
5103353,Confresa - MT,MT,35075.0,0.9,5802.314,382,6.583580275041992,5,1295,ok
5103361,Conquista D'Oeste - MT,MT,3760.0,0.8,2684.676,78,2.905378526123823,5,341,ok
5103379,Cotriguaçu - MT,MT,11011.0,1.2,9469.957,449,4.741309807425735,5,1863,ok
5103403,Cuiabá - MT,MT,650877.0,1.6,4327.448,73,1.6869064631163677,5,805,ok
5103437,Curvelândia - MT,MT,4903.0,1.0,357.128,1,0.28001164848457694,4,19,ok
5103452,Denise - MT,MT,7014.0,0.6,1273.178,25,1.96359032279854,5,103,ok
5103502,Diamantino - MT,MT,21941.0,1.1,8263.397,53,0.641382714639028,5,600,ok
5103601,Dom Aquino - MT,MT,7872.0,0.6,2183.603,16,0.7327339264509162,5,298,ok
5103700,Feliz Natal - MT,MT,10521.0,0.7,11661.514,632,5.419536434119961,5,2781,ok
5103809,Figueirópolis D'Oeste - MT,MT,3187.0,0.7,891.448,0,0.0,4,16,ok
5103858,Gaúcha do Norte - MT,MT,8642.0,0.2,16908.375,379,2.24149275137321,5,3002,ok
5103908,General Carneiro - MT,MT,6037.0,0.2,4514.917,116,2.569260963158348,5,765,ok
5103957,Glória D'Oeste - MT,MT,2905.0,0.6,833.13,0,0.0,4,22,ok
5104104,Guarantã do Norte - MT,MT,31024.0,1.3,4725.281,240,5.079063022918636,5,646,ok
5104203,Guiratinga - MT,MT,10966.0,0.4,5043.899,21,0.4163445778751715,5,308,ok
5104500,Indiavaí - MT,MT,2213.0,0.7,592.495,1,0.16877779559321177,4,12,ok
5104526,Ipiranga do Norte - MT,MT,7815.0,0.7,3422.016,43,1.2565692270287456,5,288,ok
5104542,Itanhangá - MT,MT,7539.0,0.8,2909.745,55,1.890200000343673,5,528,ok
5104559,Itaúba - MT,MT,5020.0,1.3,4521.79,111,2.454780076031837,5,469,ok
5104609,Itiquira - MT,MT,12236.0,1.0,8698.814,14,0.1609414800684323,5,370,ok
5104807,Jaciara - MT,MT,28569.0,0.8,2429.678,17,0.6996811923226041,5,158,ok
5104906,Jangada - MT,MT,7426.0,0.9,1114.302,13,1.1666496156338229,5,127,ok
5105002,Jauru - MT,MT,8367.0,1.2,1345.411,15,1.1149009484834003,5,91,ok
5105101,Juara - MT,MT,34906.0,1.0,22632.713,817,3.609819114482652,5,2838,ok
5105150,Juína - MT,MT,45869.0,1.3,26397.173,329,1.2463455840517468,5,1706,ok
5105176,Juruena - MT,MT,10213.0,0.8,3207.837,60,1.8704192264133124,5,282,ok
5105200,Juscimeira - MT,MT,11480.0,1.0,2291.307,30,1.3092963972091038,5,276,ok
5105234,Lambari D'Oeste - MT,MT,4790.0,0.6,1810.547,11,0.607551198615667,5,75,ok
5105259,Lucas do Rio Verde - MT,MT,83798.0,1.2,3674.596,14,0.38099426440348816,5,163,ok
5105309,Luciara - MT,MT,2509.0,0.6,4282.733,304,7.098271127338547,5,1601,ok
5105507,Vila Bela da Santíssima Trindade - MT,MT,16774.0,1.0,13484.71,214,1.5869825899110919,5,1445,ok
5105580,Marcelândia - MT,MT,11396.0,0.8,12285.486,1085,8.831559451534925,5,3119,ok
5105606,Matupá - MT,MT,20091.0,1.1,5228.272,177,3.3854397781905763,5,658,ok
5105622,Mirassol d'Oeste - MT,MT,26785.0,1.1,1085.486,11,1.0133709693169695,5,74,ok
5105903,Nobres - MT,MT,15492.0,0.6,3908.739,51,1.304768622310162,5,348,ok
5106000,Nortelândia - MT,MT,5956.0,0.7,1336.754,7,0.5236565590976351,5,57,ok
5106109,Nossa Senhora do Livramento - MT,MT,12940.0,1.1,5537.413,57,1.0293615448224651,5,919,ok
5106158,Nova Bandeirantes - MT,MT,13635.0,0.7,9556.661,841,8.80014473674435,5,3172,ok
5106174,Nova Nazaré - MT,MT,4200.0,0.8,4034.539,512,12.690421383954895,5,2704,ok
5106182,Nova Lacerda - MT,MT,6670.0,0.6,4780.426,121,2.531155173200045,5,766,ok
5106190,Nova Santa Helena - MT,MT,4239.0,1.5,2385.611,309,12.95265657309595,5,611,ok
5106208,Nova Brasilândia - MT,MT,3932.0,0.3,3290.032,47,1.4285575337869054,5,239,ok
5106216,Nova Canaã do Norte - MT,MT,11707.0,0.8,5953.099,123,2.06615075610199,5,799,ok
5106224,Nova Mutum - MT,MT,55839.0,0.6,9536.814,95,0.9961398009859478,5,958,ok
5106232,Nova Olímpia - MT,MT,16352.0,0.6,1327.266,15,1.1301427144219771,5,178,ok
5106240,Nova Ubiratã - MT,MT,11530.0,0.9,12460.736,903,7.246762952043924,5,2563,ok
5106257,Nova Xavantina - MT,MT,24345.0,1.3,5491.972,85,1.547713644570657,5,461,ok
5106265,Novo Mundo - MT,MT,6520.0,0.8,5800.759,224,3.8615636333107446,5,799,ok
5106273,Novo Horizonte do Norte - MT,MT,3349.0,0.8,920.048,17,1.8477296836686783,5,53,ok
5106281,Novo São Joaquim - MT,MT,6919.0,0.6,5225.595,65,1.2438774914626947,5,393,ok
5106299,Paranaíta - MT,MT,11671.0,0.5,4814.149,440,9.139725421876223,5,1376,ok
5106307,Paranatinga - MT,MT,26423.0,0.9,24166.632,695,2.875866194345989,5,4070,ok
5106315,Novo Santo Antônio - MT,MT,2015.0,0.8,4394.78,169,3.84547121812696,5,1093,ok
5106372,Pedra Preta - MT,MT,18066.0,0.7,3841.672,26,0.6767886482760632,5,454,ok
5106422,Peixoto de Azevedo - MT,MT,32714.0,0.7,14433.775,825,5.715760429963749,5,2677,ok
5106455,Planalto da Serra - MT,MT,3166.0,0.6,2437.59,22,0.9025307783507481,5,150,ok
5106505,Poconé - MT,MT,31217.0,1.1,17156.759,227,1.3230937148443946,5,7263,ok
5106653,Pontal do Araguaia - MT,MT,6932.0,0.7,2742.482,12,0.43755984542469195,5,85,ok
5106703,Ponte Branca - MT,MT,2008.0,0.7,701.138,7,0.9983769243715216,5,62,ok
5106752,Pontes e Lacerda - MT,MT,52018.0,0.8,8545.292,142,1.6617337359565947,5,1005,ok
5106778,Porto Alegre do Norte - MT,MT,12127.0,0.4,3971.721,261,6.571458569219741,5,1014,ok
5106802,Porto dos Gaúchos - MT,MT,5593.0,1.1,6846.668,215,3.1402136046322098,5,1307,ok
5106828,Porto Esperidião - MT,MT,10204.0,0.5,5835.278,36,0.6169371879111843,5,469,ok
5106851,Porto Estrela - MT,MT,3224.0,0.7,2045.467,13,0.6355516857519579,5,185,ok
5107008,Poxoréu - MT,MT,23283.0,1.0,6915.298,134,1.9377328352299499,5,940,ok
5107040,Primavera do Leste - MT,MT,85146.0,1.3,5470.383,47,0.8591720177545157,5,287,ok
5107065,Querência - MT,MT,26769.0,0.7,17799.989,642,3.6067438019203264,5,2133,ok
5107107,São José dos Quatro Marcos - MT,MT,17849.0,0.9,1282.763,5,0.38978361552367824,5,48,ok
5107156,Reserva do Cabaçal - MT,MT,2122.0,1.9,1331.677,7,0.525652992429846,5,76,ok
5107180,Ribeirão Cascalheira - MT,MT,10089.0,0.6,11354.555,410,3.6108856753963496,5,2074,ok
5107198,Ribeirãozinho - MT,MT,2593.0,0.6,624.997,15,2.4000115200552967,5,79,ok
5107206,Rio Branco - MT,MT,4535.0,1.1,539.287,0,0.0,4,18,ok
5107248,Santa Carmem - MT,MT,5374.0,0.5,3812.09,214,5.613718458903121,5,1015,ok
5107263,Santo Afonso - MT,MT,2519.0,0.7,1166.382,8,0.6858816408346493,5,38,ok
5107297,São José do Povo - MT,MT,2875.0,1.6,489.737,0,0.0,2,7,ok
5107305,São José do Rio Claro - MT,MT,14911.0,1.6,4525.304,277,6.121135729223937,5,798,ok
5107354,São José do Xingu - MT,MT,5964.0,2.5,7465.563,207,2.7727312729127056,5,841,ok
5107404,São Pedro da Cipa - MT,MT,4191.0,0.6,344.33,5,1.4520953736241398,5,77,ok
5107578,Rondolândia - MT,MT,3505.0,0.4,12658.341,499,3.9420647618830933,5,1815,ok
5107602,Rondonópolis - MT,MT,244911.0,1.1,4824.02,50,1.0364799482589209,5,336,ok
5107701,Rosário Oeste - MT,MT,15453.0,0.8,7339.443,86,1.171751044323118,5,1103,ok
5107743,Santa Cruz do Xingu - MT,MT,2661.0,0.3,5623.39,171,3.040870364673266,5,835,ok
5107750,Salto do Céu - MT,MT,3679.0,0.5,1753.378,16,0.9125242817008085,5,74,ok
5107768,Santa Rita do Trivelato - MT,MT,3276.0,1.0,4747.042,48,1.011155999883717,5,233,ok
5107776,Santa Terezinha - MT,MT,7596.0,0.2,6466.223,360,5.56739227830528,5,1832,ok
5107792,Santo Antônio do Leste - MT,MT,4099.0,0.4,3403.593,99,2.9086909039946907,5,484,ok
5107800,Santo Antônio de Leverger - MT,MT,15246.0,1.1,9469.139,66,0.6970010684181529,5,2096,ok
5107859,São Félix do Araguaia - MT,MT,13621.0,0.9,16682.473,653,3.9142877677668046,5,2634,ok
5107875,Sapezal - MT,MT,28944.0,0.8,13614.552,96,0.7051278661244234,5,583,ok
5107883,Serra Nova Dourada - MT,MT,1800.0,1.3,1490.793,82,5.500428295544721,5,400,ok
5107909,Sinop - MT,MT,196312.0,1.4,3990.87,102,2.5558336903983343,5,550,ok
5107925,Sorriso - MT,MT,110635.0,1.2,9293.629,76,0.81776451373301,5,536,ok
5107941,Tabaporã - MT,MT,9818.0,0.7,8439.05,303,3.590451531866739,5,1118,ok
5107958,Tangará da Serra - MT,MT,106434.0,0.8,11636.825,516,4.434199190930515,5,1990,ok
5108006,Tapurah - MT,MT,14370.0,0.7,4492.539,50,1.112956392810391,5,337,ok
5108055,Terra Nova do Norte - MT,MT,10616.0,1.1,2399.736,33,1.3751512666393304,5,226,ok
5108105,Tesouro - MT,MT,3025.0,0.4,4244.073,50,1.1781135715620348,5,240,ok
5108204,Torixoréu - MT,MT,4164.0,0.9,2398.383,28,1.167453238285962,5,119,ok
5108303,União do Sul - MT,MT,3838.0,0.7,4590.628,1037,22.589501915642042,5,3164,ok
5108352,Vale de São Domingos - MT,MT,2904.0,0.5,1901.545,21,1.1043651346668104,5,202,ok
5108402,Várzea Grande - MT,MT,300078.0,1.3,724.279,28,3.865913549888924,5,175,ok
5108501,Vera - MT,MT,12800.0,1.1,3058.364,70,2.288805387455515,5,300,ok
5108600,Vila Rica - MT,MT,19888.0,0.9,7436.383,180,2.4205315944592956,5,911,ok
5108808,Nova Guarita - MT,MT,4590.0,1.5,1121.928,6,0.5347936765995679,5,42,ok
5108857,Nova Marilândia - MT,MT,3529.0,1.6,1905.744,11,0.577202394445424,5,136,ok
5108907,Nova Maringá - MT,MT,5846.0,0.6,11553.479,774,6.699280796719326,5,3004,ok
5108956,Nova Monte Verde - MT,MT,8313.0,1.4,5139.307,219,4.261274915080963,5,980,ok
5200050,Abadia de Goiás - GO,GO,19128.0,1.2,143.357,1,0.6975592402184755,5,25,ok
5200100,Abadiânia - GO,GO,17232.0,0.7,1044.555,21,2.0104254921952407,5,94,ok
5200134,Acreúna - GO,GO,21568.0,1.5,1566.742,24,1.5318412348682808,5,162,ok
5200159,Adelândia - GO,GO,2297.0,0.7,115.385,2,1.7333275555748147,1,2,ok
5200175,Água Fria de Goiás - GO,GO,4954.0,1.2,2023.636,36,1.7789760609121403,5,295,ok
5200209,Água Limpa - GO,GO,1858.0,0.8,458.836,0,0.0,3,35,ok
5200258,Águas Lindas de Goiás - GO,GO,225693.0,1.1,191.817,8,4.170641809641481,4,27,ok
5200308,Alexânia - GO,GO,27008.0,0.9,846.876,10,1.1808104138032014,5,40,ok
5200506,Aloândia - GO,GO,1973.0,0.5,102.094,3,2.9384684702333144,3,6,ok
5200555,Alto Horizonte - GO,GO,6072.0,0.5,500.342,10,1.9986329350724106,3,16,ok
5200605,Alto Paraíso de Goiás - GO,GO,10306.0,0.7,2594.998,83,3.1984610392763306,5,238,ok
5200803,Alvorada do Norte - GO,GO,8446.0,1.2,1268.347,53,4.178667194387656,5,173,ok
5200829,Amaralina - GO,GO,3268.0,1.4,1343.742,15,1.1162857155614694,5,137,ok
5200852,Americano do Brasil - GO,GO,5259.0,0.4,133.834,4,2.9887771418324194,3,7,ok
5200902,Amorinópolis - GO,GO,3007.0,0.5,406.93,5,1.228712554984887,4,18,ok
5201108,Anápolis - GO,GO,398869.0,1.0,935.672,23,2.4581263519694936,5,78,ok
5201207,Anhanguera - GO,GO,924.0,1.2,55.569,11,19.795209559286654,2,13,ok
5201306,Anicuns - GO,GO,18503.0,0.9,976.038,6,0.6147301641944268,5,76,ok
5201405,Aparecida de Goiânia - GO,GO,527796.0,1.2,279.954,5,1.786007701265208,5,44,ok
5201454,Aparecida do Rio Doce - GO,GO,2907.0,0.3,603.254,4,0.6630706137050065,5,18,ok
5201504,Aporé - GO,GO,4325.0,0.9,2899.237,18,0.6208530037385698,5,99,ok
5201603,Araçu - GO,GO,3799.0,0.4,149.776,0,0.0,1,4,ok
5201702,Aragarças - GO,GO,18390.0,1.5,661.677,3,0.45339342307500485,5,49,ok
5201801,Aragoiânia - GO,GO,11890.0,2.2,218.125,0,0.0,4,8,ok
5202155,Araguapaz - GO,GO,7153.0,1.4,2188.1,23,1.0511402586719072,5,209,ok
5202353,Arenópolis - GO,GO,2946.0,0.7,1075.535,1,0.09297698354772276,5,28,ok
5202502,Aruanã - GO,GO,8300.0,0.8,3054.773,30,0.9820696987959497,5,127,ok
5202601,Aurilândia - GO,GO,3284.0,2.1,565.514,8,1.4146422546568256,5,20,ok
5202809,Avelinópolis - GO,GO,2868.0,1.3,170.228,0,0.0,2,10,ok
5203104,Baliza - GO,GO,3351.0,0.9,1780.173,26,1.460532206701259,5,180,ok
5203203,Barro Alto - GO,GO,10371.0,0.7,1080.268,34,3.1473671348220997,5,97,ok
5203302,Bela Vista de Goiás - GO,GO,34445.0,0.7,1274.034,14,1.098871772652849,5,87,ok
5203401,Bom Jardim de Goiás - GO,GO,7826.0,0.7,1901.137,33,1.7358033639869195,5,200,ok
5203500,Bom Jesus de Goiás - GO,GO,23958.0,1.1,1405.605,17,1.209443620362762,5,256,ok
5203559,Bonfinópolis - GO,GO,10296.0,0.9,121.915,7,5.741705286470081,4,22,ok
5203575,Bonópolis - GO,GO,3299.0,0.2,1635.319,17,1.039552527671971,5,70,ok
5203609,Brazabrantes - GO,GO,3992.0,0.7,125.326,1,0.797919027177122,3,5,ok
5203807,Britânia - GO,GO,5695.0,1.0,1458.459,10,0.6856552018260369,5,54,ok
5203906,Buriti Alegre - GO,GO,10495.0,0.6,901.932,5,0.5543655175778218,4,24,ok
5203939,Buriti de Goiás - GO,GO,2732.0,0.5,202.576,2,0.9872837848511177,2,3,ok
5203962,Buritinópolis - GO,GO,3145.0,0.6,246.075,5,2.03190084323885,4,17,ok
5204003,Cabeceiras - GO,GO,7560.0,0.9,1126.434,13,1.1540844825351508,5,76,ok
5204102,Cachoeira Alta - GO,GO,11513.0,0.9,1657.226,4,0.24136720036977452,5,66,ok
5204201,Cachoeira de Goiás - GO,GO,1405.0,1.1,424.49,2,0.4711536196376829,4,34,ok
5204250,Cachoeira Dourada - GO,GO,7782.0,0.6,528.281,3,0.5678795943825351,5,124,ok
5204300,Caçu - GO,GO,13774.0,1.2,2254.34,18,0.7984598596485001,5,129,ok
5204409,Caiapônia - GO,GO,16513.0,0.8,8627.961,106,1.2285637359742354,5,460,ok
5204508,Caldas Novas - GO,GO,98622.0,1.1,1608.523,21,1.30554552219645,5,90,ok
5204557,Caldazinha - GO,GO,4507.0,0.1,251.72,1,0.3972668043858255,4,10,ok
5204607,Campestre de Goiás - GO,GO,3755.0,1.0,272.734,6,2.199945734671878,4,16,ok
5204656,Campinaçu - GO,GO,3708.0,0.1,1978.386,40,2.021850134402488,5,223,ok
5204706,Campinorte - GO,GO,12510.0,0.3,1064.541,30,2.818115976744907,5,125,ok
5204805,Campo Alegre de Goiás - GO,GO,7422.0,0.7,2450.111,13,0.530588206003728,5,130,ok
5204854,Campo Limpo de Goiás - GO,GO,8081.0,0.3,156.113,2,1.2811232888997073,2,4,ok
5204904,Campos Belos - GO,GO,18108.0,0.9,735.126,10,1.3603110215119585,5,109,ok
5204953,Campos Verdes - GO,GO,4005.0,0.5,443.125,7,1.5796897038081805,5,25,ok
5205000,Carmo do Rio Verde - GO,GO,9710.0,0.4,419.821,3,0.7145902658513985,5,32,ok
5205059,Castelândia - GO,GO,2985.0,0.7,299.228,2,0.6683866483083134,5,40,ok
5205109,Catalão - GO,GO,114427.0,1.2,3826.37,36,0.940839490169534,5,228,ok
5205208,Caturaí - GO,GO,5184.0,0.3,205.065,2,0.9753005144710215,3,5,ok
5205307,Cavalcante - GO,GO,9583.0,1.7,6948.78,316,4.54756086679964,5,1230,ok
5205406,Ceres - GO,GO,22046.0,0.4,213.07,1,0.46932932838973107,5,11,ok
5205455,Cezarina - GO,GO,8090.0,3.0,417.08,4,0.9590486237652249,5,50,ok
5205471,Chapadão do Céu - GO,GO,12870.0,0.6,2184.076,23,1.0530769075801392,5,163,ok
5205497,Cidade Ocidental - GO,GO,91767.0,1.3,389.984,5,1.2821038811848693,5,37,ok
5205513,Cocalzinho de Goiás - GO,GO,25016.0,0.7,1785.339,18,1.0082118858099218,5,142,ok
5205521,Colinas do Sul - GO,GO,4030.0,1.6,1707.519,34,1.9911930701795997,5,313,ok
5205703,Córrego do Ouro - GO,GO,2454.0,0.7,458.077,3,0.6549117288141514,4,21,ok
5205802,Corumbá de Goiás - GO,GO,10562.0,0.8,1064.833,17,1.5964944737813347,5,53,ok
5205901,Corumbaíba - GO,GO,9164.0,1.2,1864.277,20,1.0728019494957026,5,82,ok
5206206,Cristalina - GO,GO,62337.0,1.2,6153.921,78,1.2674845842187443,5,504,ok
5206305,Cristianópolis - GO,GO,3504.0,0.6,221.624,1,0.45121466989134756,5,18,ok
5206404,Crixás - GO,GO,17065.0,0.7,4673.039,62,1.3267597381489862,5,353,ok
5206503,Cromínia - GO,GO,3883.0,0.6,364.918,2,0.5480683331597783,4,30,ok
5206602,Cumari - GO,GO,2927.0,0.2,568.365,2,0.3518865517757075,4,25,ok
5206701,Damianópolis - GO,GO,3770.0,0.8,417.625,18,4.310086800359174,5,26,ok
5206800,Damolândia - GO,GO,2724.0,1.4,86.057,0,0.0,1,1,ok
5206909,Davinópolis - GO,GO,1902.0,1.0,482.857,8,1.656805223906871,5,32,ok
5207105,Diorama - GO,GO,2062.0,0.6,685.382,9,1.313136323976994,5,47,ok
5207253,Doverlândia - GO,GO,6956.0,0.7,3227.558,42,1.3012934236968012,5,232,ok
5207352,Edealina - GO,GO,4001.0,0.7,598.218,3,0.5014894235880566,4,20,ok
5207402,Edéia - GO,GO,11747.0,0.7,1469.099,17,1.1571718447837755,5,181,ok
5207501,Estrela do Norte - GO,GO,3205.0,0.1,301.139,2,0.6641451289935877,5,19,ok
5207535,Faina - GO,GO,7070.0,0.6,1949.685,22,1.1283874061707404,5,89,ok
5207600,Fazenda Nova - GO,GO,5877.0,0.7,1279.107,5,0.3908977122320494,5,83,ok
5207808,Firminópolis - GO,GO,10419.0,0.4,422.34,9,2.130984514845859,5,27,ok
5207907,Flores de Goiás - GO,GO,13744.0,0.4,3695.106,53,1.4343296241027996,5,493,ok
5208004,Formosa - GO,GO,115901.0,0.9,5804.292,106,1.8262347931496208,5,883,ok
5208103,Formoso - GO,GO,4660.0,1.0,843.42,18,2.134168030162908,5,87,ok
5208152,Gameleira de Goiás - GO,GO,3456.0,0.9,588.328,5,0.8498660611087693,5,29,ok
5208301,Divinópolis de Goiás - GO,GO,4457.0,0.6,828.874,4,0.48258239491165117,5,41,ok
5208400,Goianápolis - GO,GO,13967.0,0.8,166.642,5,3.000444065721727,5,31,ok
5208509,Goiandira - GO,GO,4973.0,0.6,569.917,2,0.3509282930672361,4,16,ok
5208608,Goianésia - GO,GO,73707.0,0.9,1547.319,33,2.132721177727411,5,85,ok
5208707,Goiânia - GO,GO,1437366.0,1.2,729.296,30,4.11355608696606,5,154,ok
5208806,Goianira - GO,GO,71916.0,1.0,213.772,4,1.8711524427895139,5,21,ok
5208905,Goiás - GO,GO,24071.0,0.9,3108.423,26,0.8364369971525756,5,162,ok
5209101,Goiatuba - GO,GO,35664.0,1.7,2479.591,27,1.0888892563330002,5,233,ok
5209150,Gouvelândia - GO,GO,4390.0,0.9,827.373,16,1.933831536682971,5,114,ok
5209200,Guapó - GO,GO,19545.0,1.8,514.178,6,1.1669110697073775,4,58,ok
5209291,Guaraíta - GO,GO,2188.0,0.3,205.533,2,0.9730797487508089,2,5,ok
5209408,Guarani de Goiás - GO,GO,4085.0,0.6,1221.054,10,0.8189645994362248,5,87,ok
5209457,Guarinos - GO,GO,2161.0,0.9,593.188,6,1.0114837117406286,5,36,ok
5209606,Heitoraí - GO,GO,3354.0,1.0,228.615,2,0.8748332349145944,5,16,ok
5209705,Hidrolândia - GO,GO,27742.0,1.0,952.122,4,0.42011422905888113,5,66,ok
5209804,Hidrolina - GO,GO,3545.0,1.2,583.756,5,0.8565222455957626,5,36,ok
5209903,Iaciara - GO,GO,10584.0,0.6,1547.183,17,1.09877112145105,5,65,ok
5209937,Inaciolândia - GO,GO,5954.0,0.6,689.201,17,2.4666243954956535,5,89,ok
5209952,Indiara - GO,GO,17061.0,1.3,955.419,3,0.313998360928556,5,76,ok
5210000,Inhumas - GO,GO,52204.0,0.9,614.887,5,0.8131575395153906,5,33,ok
5210109,Ipameri - GO,GO,25548.0,0.7,4382.863,69,1.5743134111196266,5,268,ok
5210158,Ipiranga de Goiás - GO,GO,2919.0,0.4,244.209,0,0.0,3,9,ok
5210208,Iporá - GO,GO,35684.0,0.8,1027.249,10,0.973473812094244,5,33,ok
5210307,Israelândia - GO,GO,2560.0,1.0,579.19,0,0.0,3,13,ok
5210406,Itaberaí - GO,GO,44734.0,0.9,1461.916,51,3.4885725308430855,5,140,ok
5210562,Itaguari - GO,GO,4963.0,1.1,142.652,7,4.907046518800999,3,11,ok
5210604,Itaguaru - GO,GO,4904.0,0.6,241.029,1,0.4148878350737878,1,1,ok
5210802,Itajá - GO,GO,4380.0,1.2,2082.736,7,0.3360963655499305,5,51,ok
5210901,Itapaci - GO,GO,21087.0,1.0,952.998,13,1.3641161891210685,5,86,ok
5211008,Itapirapuã - GO,GO,8007.0,1.0,2047.874,8,0.39064903407143214,5,72,ok
5211206,Itapuranga - GO,GO,26113.0,0.7,1281.404,12,0.9364728063904905,4,33,ok
5211305,Itarumã - GO,GO,6101.0,0.8,3437.367,42,1.2218654569034961,5,143,ok
5211404,Itauçu - GO,GO,7736.0,0.9,383.066,2,0.5221032406948151,3,9,ok
5211503,Itumbiara - GO,GO,107970.0,0.9,2447.014,31,1.2668501283605242,5,529,ok
5211602,Ivolândia - GO,GO,2693.0,0.6,1260.841,28,2.2207399664192393,5,51,ok
5211701,Jandaia - GO,GO,6272.0,0.8,863.087,3,0.34758952457863457,5,32,ok
5211800,Jaraguá - GO,GO,45223.0,1.0,1848.947,23,1.2439512868676064,5,117,ok
5211909,Jataí - GO,GO,105729.0,1.2,7178.792,53,0.7382857728709789,5,478,ok
5212006,Jaupaci - GO,GO,2924.0,0.5,528.783,2,0.3782269853607245,5,33,ok
5212055,Jesúpolis - GO,GO,2123.0,0.5,115.211,0,0.0,1,1,ok
5212105,Joviânia - GO,GO,7159.0,0.7,446.258,1,0.2240856186331674,5,8,ok
5212204,Jussara - GO,GO,19620.0,0.8,4092.34,27,0.6597692273857988,5,180,ok
5212253,Lagoa Santa - GO,GO,1390.0,0.9,463.289,2,0.4316959824213396,3,7,ok
5212303,Leopoldo de Bulhões - GO,GO,8745.0,1.2,476.137,12,2.52028302778402,5,48,ok
5212501,Luziânia - GO,GO,209129.0,1.1,3962.107,37,0.9338465619429258,5,213,ok
5212600,Mairipotaba - GO,GO,2561.0,0.5,468.029,2,0.42732394787502487,5,19,ok
5212709,Mambaí - GO,GO,8124.0,0.8,858.27,23,2.679809383993382,5,72,ok
5212808,Mara Rosa - GO,GO,10700.0,0.8,1695.463,19,1.1206378434681263,5,104,ok
5212907,Marzagão - GO,GO,2758.0,0.3,225.518,0,0.0,3,6,ok
5212956,Matrinchã - GO,GO,4042.0,0.4,1150.503,15,1.3037775651171706,5,38,ok
5213004,Maurilândia - GO,GO,10304.0,1.1,389.959,0,0.0,4,68,ok
5213053,Mimoso de Goiás - GO,GO,2614.0,0.6,1380.701,47,3.4040679336076387,5,297,ok
5213087,Minaçu - GO,GO,27075.0,1.0,2854.137,101,3.538722913441086,5,333,ok
5213103,Mineiros - GO,GO,70081.0,0.9,9042.844,131,1.4486592934700633,5,765,ok
5213400,Moiporá - GO,GO,1685.0,0.8,452.314,2,0.44217070442214923,4,19,ok
5213509,Monte Alegre de Goiás - GO,GO,6692.0,0.5,3119.86,66,2.1154795407486233,5,361,ok
5213707,Montes Claros de Goiás - GO,GO,8756.0,0.8,2900.397,26,0.8964290060981307,5,153,ok
5213756,Montividiu - GO,GO,12521.0,0.7,1869.581,35,1.8720772194411477,5,81,ok
5213772,Montividiu do Norte - GO,GO,3779.0,0.8,1337.232,10,0.7478133936370054,5,114,ok
5213806,Morrinhos - GO,GO,51351.0,0.9,2846.299,27,0.9486002700348769,5,198,ok
5213855,Morro Agudo de Goiás - GO,GO,2456.0,0.9,282.333,3,1.062575044362508,3,7,ok
5213905,Mossâmedes - GO,GO,4654.0,0.7,684.882,5,0.7300527682140866,5,27,ok
5214002,Mozarlândia - GO,GO,14750.0,0.9,1738.516,6,0.34512193157842663,5,40,ok
5214051,Mundo Novo - GO,GO,6189.0,0.8,2141.534,17,0.7938234928794032,5,73,ok
5214101,Mutunópolis - GO,GO,3564.0,0.6,955.069,6,0.6282268610958999,5,71,ok
5214408,Nazário - GO,GO,8189.0,1.2,281.147,11,3.912543971658954,4,18,ok
5214507,Nerópolis - GO,GO,31932.0,1.1,204.713,10,4.884887623160229,5,32,ok
5214606,Niquelândia - GO,GO,34964.0,0.6,9846.293,268,2.7218365327946263,5,1265,ok
5214705,Nova América - GO,GO,2337.0,0.6,209.432,5,2.387409755911227,5,14,ok
5214804,Nova Aurora - GO,GO,2101.0,0.5,307.335,2,0.6507556900450648,3,4,ok
5214838,Nova Crixás - GO,GO,12815.0,0.3,7308.681,36,0.4925649375037712,5,211,ok
5214861,Nova Glória - GO,GO,8310.0,0.4,411.753,15,3.6429607070258143,5,44,ok
5214879,Nova Iguaçu de Goiás - GO,GO,3010.0,1.3,625.625,7,1.118881118881119,5,29,ok
5214903,Nova Roma - GO,GO,3076.0,1.3,2136.725,74,3.463243983198587,5,202,ok
5215009,Nova Veneza - GO,GO,9481.0,1.1,122.354,2,1.6346012390277391,4,7,ok
5215207,Novo Brasil - GO,GO,3527.0,1.2,649.349,0,0.0,2,7,ok
5215231,Novo Gama - GO,GO,103804.0,1.1,192.285,11,5.7206750396546795,5,46,ok
5215256,Novo Planalto - GO,GO,3716.0,0.3,1254.491,6,0.4782816297605961,5,35,ok
5215306,Orizona - GO,GO,16399.0,0.7,1971.265,9,0.4565596203453113,5,56,ok
5215405,Ouro Verde de Goiás - GO,GO,4057.0,0.3,208.804,1,0.47891802839026065,2,2,ok
5215504,Ouvidor - GO,GO,7200.0,1.4,411.318,7,1.7018462600712831,5,24,ok
5215603,Padre Bernardo - GO,GO,34967.0,1.1,3142.615,71,2.259264975187861,5,444,ok
5215652,Palestina de Goiás - GO,GO,3132.0,1.2,1318.047,12,0.9104379434117297,5,63,ok
5215702,Palmeiras de Goiás - GO,GO,31858.0,0.9,1537.196,8,0.5204281041584808,5,75,ok
5215801,Palmelo - GO,GO,2259.0,1.0,59.809,0,0.0,2,6,ok
5215900,Palminópolis - GO,GO,3851.0,0.8,393.326,9,2.28817825417084,5,21,ok
5216007,Panamá - GO,GO,2455.0,0.5,432.204,8,1.850977779011763,5,64,ok
5216304,Paranaiguara - GO,GO,7607.0,0.7,1153.415,10,0.8669906321662195,5,129,ok
5216403,Paraúna - GO,GO,10659.0,1.0,3786.578,60,1.584544145135793,5,293,ok
5216452,Perolândia - GO,GO,2964.0,0.7,1033.657,5,0.48371945432575797,5,94,ok
5216809,Petrolina de Goiás - GO,GO,9573.0,0.6,530.49,7,1.3195347697411826,5,17,ok
5216908,Pilar de Goiás - GO,GO,2328.0,0.7,906.048,9,0.9933248569612206,5,60,ok
5217104,Piracanjuba - GO,GO,24883.0,1.4,2374.232,25,1.0529720768652768,5,158,ok
5217203,Piranhas - GO,GO,11712.0,0.6,2045.088,5,0.24448825674005226,5,88,ok
5217302,Pirenópolis - GO,GO,26690.0,1.8,2200.369,36,1.6360892195808976,5,140,ok
5217401,Pires do Rio - GO,GO,32373.0,0.7,1077.641,9,0.8351575339097157,5,76,ok
5217609,Planaltina - GO,GO,105031.0,1.0,2558.924,59,2.3056565962881272,5,568,ok
5217708,Pontalina - GO,GO,18309.0,0.5,1434.289,9,0.6274886023667475,5,70,ok
5218003,Porangatu - GO,GO,44317.0,1.2,4825.287,44,0.91186285914185,5,249,ok
5218052,Porteirão - GO,GO,4070.0,0.4,606.262,7,1.154616320996533,5,114,ok
5218102,Portelândia - GO,GO,3280.0,1.1,553.411,9,1.626277757399112,5,34,ok
5218300,Posse - GO,GO,34914.0,0.9,2076.99,51,2.4554764346482174,5,187,ok
5218391,Professor Jamil - GO,GO,3649.0,0.4,356.292,2,0.5613373300551233,5,21,ok
5218508,Quirinópolis - GO,GO,48447.0,1.2,3786.026,22,0.5810842292155416,5,276,ok
5218607,Rialma - GO,GO,12165.0,1.1,268.291,13,4.845484939860077,5,48,ok
5218706,Rianápolis - GO,GO,3980.0,1.3,157.379,0,0.0,3,8,ok
5218789,Rio Quente - GO,GO,3864.0,0.7,244.655,5,2.043694181602665,4,17,ok
5218805,Rio Verde - GO,GO,225696.0,1.1,8374.255,93,1.110546550111025,5,684,ok
5218904,Rubiataba - GO,GO,19788.0,1.7,750.659,1,0.13321628062808813,5,29,ok
5219001,Sanclerlândia - GO,GO,7918.0,1.1,509.402,0,0.0,3,14,ok
5219100,Santa Bárbara de Goiás - GO,GO,6149.0,1.0,140.957,3,2.1283086331292522,4,6,ok
5219209,Santa Cruz de Goiás - GO,GO,3002.0,0.3,1109.007,21,1.89358588358775,5,66,ok
5219258,Santa Fé de Goiás - GO,GO,4951.0,0.9,1164.186,11,0.9448661983566201,5,47,ok
5219308,Santa Helena de Goiás - GO,GO,38492.0,1.6,1142.337,13,1.1380179404151314,5,337,ok
5219357,Santa Isabel - GO,GO,3538.0,0.3,812.756,29,3.5681065412005575,5,74,ok
5219407,Santa Rita do Araguaia - GO,GO,5924.0,1.3,1357.197,7,0.5157688972197846,5,71,ok
5219456,Santa Rita do Novo Destino - GO,GO,2689.0,0.4,970.448,10,1.0304519149918387,5,44,ok
5219506,Santa Rosa de Goiás - GO,GO,2820.0,0.8,166.44,1,0.600817111271329,4,5,ok
5219605,Santa Tereza de Goiás - GO,GO,3293.0,0.8,789.544,2,0.25331077178725947,5,53,ok
5219704,Santa Terezinha de Goiás - GO,GO,10645.0,0.7,1206.6,6,0.49726504226752866,5,45,ok
5219712,Santo Antônio da Barra - GO,GO,4267.0,0.5,450.336,4,0.8882256803808712,5,31,ok
5219738,Santo Antônio de Goiás - GO,GO,7386.0,0.5,135.022,2,1.48124009420687,3,5,ok
5219753,Santo Antônio do Descoberto - GO,GO,72127.0,0.8,943.948,16,1.6950086233563713,5,81,ok
5219803,São Domingos - GO,GO,9711.0,0.8,3335.999,67,2.0083938874082397,5,360,ok
5219902,São Francisco de Goiás - GO,GO,6378.0,1.5,416.535,2,0.4801517279460309,5,28,ok
5220009,São João d'Aliança - GO,GO,14041.0,0.6,3334.455,88,2.6391119388325825,5,456,ok
5220058,São João da Paraúna - GO,GO,1774.0,0.2,286.979,3,1.0453726579296745,3,13,ok
5220108,São Luís de Montes Belos - GO,GO,33852.0,1.3,829.62,5,0.6026855668860442,4,16,ok
5220157,São Luiz do Norte - GO,GO,4837.0,0.2,583.832,17,2.9117965442113483,5,71,ok
5220207,São Miguel do Araguaia - GO,GO,21900.0,1.2,6150.179,79,1.2845154588183532,5,287,ok
5220264,São Miguel do Passa Quatro - GO,GO,4464.0,0.8,537.347,3,0.5582984551881746,5,27,ok
5220280,São Patrício - GO,GO,2143.0,0.6,172.763,0,0.0,3,5,ok
5220405,São Simão - GO,GO,17020.0,0.9,415.015,0,0.0,4,25,ok
5220454,Senador Canedo - GO,GO,155635.0,1.2,247.005,8,3.238800833991215,5,55,ok
5220504,Serranópolis - GO,GO,8027.0,0.7,5521.774,48,0.8692858490767641,5,200,ok
5220603,Silvânia - GO,GO,22245.0,0.7,2349.924,40,1.7021827088876067,5,114,ok
5220686,Simolândia - GO,GO,5742.0,0.5,346.811,2,0.576682977183538,5,29,ok
5220702,Sítio d'Abadia - GO,GO,2927.0,1.2,1611.851,25,1.5510118491101224,5,128,ok
5221007,Taquaral de Goiás - GO,GO,4026.0,0.6,205.665,0,0.0,1,8,ok
5221080,Teresina de Goiás - GO,GO,2701.0,0.9,784.793,32,4.077508336593216,5,106,ok
5221197,Terezópolis de Goiás - GO,GO,7944.0,0.8,107.407,5,4.655190071410615,5,21,ok
5221304,Três Ranchos - GO,GO,2921.0,1.1,284.034,3,1.0562115803037664,4,12,ok
5221403,Trindade - GO,GO,142431.0,1.2,712.69,3,0.42094038081073115,5,73,ok
5221452,Trombas - GO,GO,3120.0,1.1,802.905,12,1.494572832402339,5,61,ok
5221502,Turvânia - GO,GO,4480.0,1.1,482.317,4,0.829330087888256,5,31,ok
5221551,Turvelândia - GO,GO,4985.0,0.9,935.659,13,1.3893950680750147,5,114,ok
5221577,Uirapuru - GO,GO,2798.0,0.9,1154.305,11,0.9529543751434846,5,48,ok
5221601,Uruaçu - GO,GO,42546.0,1.0,2142.484,40,1.8669917721672602,5,239,ok
5221700,Uruana - GO,GO,13729.0,0.6,522.904,2,0.3824793843611829,5,30,ok
5221809,Urutaí - GO,GO,3553.0,0.8,623.821,7,1.1221167610580598,4,45,ok
5221858,Valparaíso de Goiás - GO,GO,198861.0,1.1,61.488,6,9.758001561280249,5,19,ok
5221908,Varjão - GO,GO,3716.0,0.1,517.402,5,0.9663665776320927,3,23,ok
5222005,Vianópolis - GO,GO,14956.0,1.1,954.115,2,0.2096183374121568,5,24,ok
5222054,Vicentinópolis - GO,GO,8768.0,1.1,733.794,11,1.4990583188197233,5,99,ok
5222203,Vila Boa - GO,GO,4215.0,0.5,1052.593,21,1.995073119429827,5,103,ok
5222302,Vila Propício - GO,GO,5815.0,0.9,2181.593,48,2.2002270817700644,5,200,ok
5300108,Brasília - DF,DF,2817381.0,1.2,5760.784,251,4.357045846537555,5,1007,ok
