codigo_ibge,municipio,uf,populacao_2022,percentual_tea_2022,area_mapeada_ha_2022,vegetacao_natural_ha_2022,vegetacao_natural_pct_2022,area_urbanizada_ha_2022,area_urbanizada_pct_2022,biomas_mapbiomas,status_ambiente_2022,nota_ambiente_2022
1100015,Alta Floresta D'Oeste - RO,RO,21494.0,0.8,705864.5234518328,476264.00638682814,67.47243848689156,617.284985638428,0.0874509151727542,Amazônia,ok,
1100023,Ariquemes - RO,RO,96833.0,1.1,442565.1577475295,144920.4015302802,32.74555147266091,3725.493961010882,0.8417955855296153,Amazônia,ok,
1100031,Cabixi - RO,RO,5351.0,0.7,131208.97555474308,41153.822673574454,31.36509716624091,224.7960013366712,0.1713266949812299,Amazônia,ok,
1100049,Cacoal - RO,RO,86887.0,1.0,379288.346316853,145785.45876559682,38.43657739059807,3000.097209234625,0.7909805925670015,Amazônia,ok,
1100056,Cerejeiras - RO,RO,15890.0,0.8,278322.7151001997,198937.0035115075,71.47709932331168,730.8405190063798,0.2625874495163889,Amazônia,ok,
1100064,Colorado do Oeste - RO,RO,15663.0,0.6,145105.06332754644,35783.91348103605,24.660692508200647,745.4303680908326,0.5137176822066978,Amazônia,ok,
1100072,Corumbiara - RO,RO,7519.0,0.5,306030.63589547755,108527.67285942243,35.46300929704608,253.9989549255376,0.08299788489551387,Amazônia,ok,
1100080,Costa Marques - RO,RO,12627.0,1.0,497309.49287836935,306807.78640004585,61.69353104930255,593.4306436828595,0.11932823567234803,Amazônia,ok,
1100098,Espigão D'Oeste - RO,RO,29414.0,1.0,451801.1875851651,256803.7004011479,56.83997905665975,1023.142052819802,0.22645846910859183,Amazônia,ok,
1100106,Guajará-Mirim - RO,RO,39387.0,0.9,2481213.60050201,2338520.8655977845,94.2490749335182,1677.945595666532,0.06762600347374537,Amazônia,ok,
1100114,Jaru - RO,RO,50591.0,1.3,294415.9633212739,46214.12613900889,15.696881927757056,1701.913870001159,0.5780643993627441,Amazônia,ok,
1100122,Ji-Paraná - RO,RO,124333.0,1.2,689661.6324206131,458475.8115768443,66.47836997509347,4775.238237555,0.692403058699177,Amazônia,ok,
1100130,Machadinho D'Oeste - RO,RO,30707.0,1.1,850916.7037745545,498594.96140447323,58.595037468740664,1333.520602294914,0.1567157627038689,Amazônia,ok,
1100148,Nova Brasilândia D'Oeste - RO,RO,15679.0,1.0,170300.5229036886,45722.116030411744,26.847901140191645,527.495322033694,0.3097438064426923,Amazônia,ok,
1100155,Ouro Preto do Oeste - RO,RO,35044.0,1.0,196987.9293447337,26179.190029339617,13.289743242859004,1067.938382360818,0.5421339195316377,Amazônia,ok,
1100189,Pimenta Bueno - RO,RO,35079.0,2.0,624090.4223468306,378914.88849313324,60.71474179466833,1391.815355841057,0.22301501609450636,Amazônia,ok,
1100205,Porto Velho - RO,RO,460434.0,1.8,3407764.759488163,2198287.4820394595,64.5081934109101,16516.46803101573,0.4846716013782729,Amazônia,ok,
1100254,Presidente Médici - RO,RO,19327.0,1.2,175831.77259341592,31741.683497058184,18.052302509885955,561.0620518859879,0.31909025519714124,Amazônia,ok,
1100262,Rio Crespo - RO,RO,3471.0,1.4,171767.6378590808,69820.28598540525,40.64810278329974,131.1779343566889,0.07636941160261403,Amazônia,ok,
1100288,Rolim de Moura - RO,RO,56406.0,1.0,145778.47915716222,25003.10627968159,17.1514385554304,2355.050973858592,1.615499755159084,Amazônia,ok,
1100296,Santa Luzia D'Oeste - RO,RO,7419.0,0.8,119772.13823490682,31112.22952833822,25.976182764073556,230.8010445312493,0.19270011200650322,Amazônia,ok,
1100304,Vilhena - RO,RO,95832.0,0.8,1170860.8331205037,981437.4694541403,83.8218720527593,4221.142423803933,0.36051615225304046,Amazônia | Cerrado,ok,
1100320,São Miguel do Guaporé - RO,RO,21635.0,1.3,678958.3398470486,521535.23869990476,76.8140264419453,620.3915739074743,0.09137402657830701,Amazônia,ok,
1100338,Nova Mamoré - RO,RO,25444.0,0.9,1006776.4956792325,565217.2386765726,56.141282707960194,1216.201190850836,0.12080150818681089,Amazônia,ok,
1100346,Alvorada D'Oeste - RO,RO,13117.0,1.1,302922.0524984328,156068.36896086694,51.52096642474532,472.325966375731,0.1559232688673845,Amazônia,ok,
1100379,Alto Alegre dos Parecis - RO,RO,11479.0,0.9,395300.65981826384,262936.2644697406,66.51551368283154,287.5253290710451,0.07273585862549091,Amazônia,ok,
1100403,Alto Paraíso - RO,RO,16320.0,1.1,265228.54986138584,70141.15451492397,26.445552166831682,614.7534584106428,0.23178253575338184,Amazônia,ok,
1100452,Buritis - RO,RO,27992.0,1.7,326563.3649630304,59851.850708544196,18.327790906772385,919.3626812927173,0.2815265825659276,Amazônia,ok,
1100502,Novo Horizonte do Oeste - RO,RO,7667.0,0.7,84347.77322953448,14980.610159662101,17.760528329414893,202.2299800964351,0.23975734314421004,Amazônia,ok,
1100601,Cacaulândia - RO,RO,4150.0,1.2,196190.17011189234,62167.98291754054,31.68761354459529,137.0793762817386,0.0698706648776331,Amazônia,ok,
1100700,Campo Novo de Rondônia - RO,RO,8844.0,1.1,344203.52245069,142731.20400856336,41.467095685812104,244.224410241699,0.07095348952353797,Amazônia,ok,
1100809,Candeias do Jamari - RO,RO,22310.0,0.9,684396.4384120947,388783.9622093386,56.80683597819085,936.5243688232312,0.136839456820686,Amazônia,ok,
1100908,Castanheiras - RO,RO,3233.0,0.6,89282.01782723085,26013.496097955467,29.136321883197176,97.65696470336913,0.1093803288500318,Amazônia,ok,
1100924,Chupinguaia - RO,RO,9324.0,0.4,511756.5346448016,255447.3138921489,49.91578936445804,404.391746887207,0.07902033867879889,Amazônia,ok,
1100940,Cujubim - RO,RO,14863.0,1.7,386390.3112296804,146007.31908461012,37.78752076364037,736.6920496704039,0.19066007305563495,Amazônia,ok,
1101005,Governador Jorge Teixeira - RO,RO,8001.0,1.1,506736.975824333,369477.26265959605,72.913025945768,149.7183947082523,0.02954558318241891,Amazônia,ok,
1101104,Itapuã do Oeste - RO,RO,8548.0,1.6,408154.80316936306,304930.5309908264,74.7095289882687,390.2016202392585,0.09560137898887963,Amazônia,ok,
1101203,Ministro Andreazza - RO,RO,6466.0,0.7,79848.05448960315,17447.416239575046,21.850771883047994,148.6311355957027,0.1861424633897068,Amazônia,ok,
1101302,Mirante da Serra - RO,RO,9235.0,0.8,119186.23211508407,56227.859721848465,47.1764722518922,274.5144692810039,0.23032397652770642,Amazônia,ok,
1101401,Monte Negro - RO,RO,11548.0,1.2,193189.7543706109,51761.785947911005,26.79323555047974,368.388950207519,0.1906876228543724,Amazônia,ok,
1101435,Nova União - RO,RO,6200.0,0.4,80716.27648153082,9988.790755480808,12.375187745146302,83.78301972656277,0.10379941119525461,Amazônia,ok,
1101450,Parecis - RO,RO,4125.0,0.8,254871.42691703455,133988.9597579134,52.571196928061035,109.4704227233884,0.04295123390156366,Amazônia,ok,
1101468,Pimenteiras do Oeste - RO,RO,2156.0,0.2,599074.0118822966,469058.5711995433,78.2972657628323,109.9651804138185,0.018355858914378003,Amazônia,ok,
1101476,Primavera de Rondônia - RO,RO,3076.0,0.8,60551.4097652077,15433.92566387324,25.48896173304529,147.6846097717287,0.24389953981977636,Amazônia,ok,
1101484,São Felipe D'Oeste - RO,RO,5258.0,1.2,54167.01694617696,8392.706203235013,15.494126640893708,114.0537301208497,0.21055937090679955,Amazônia,ok,
1101492,São Francisco do Guaporé - RO,RO,16286.0,0.8,1094212.8339814255,843359.2028115564,77.07451207119296,647.2163210022038,0.059149033981554494,Amazônia,ok,
1101500,Seringueiras - RO,RO,11171.0,0.9,444405.0492476618,287715.4876943026,64.7417233853169,315.5006439880383,0.07099393774264105,Amazônia,ok,
1101559,Teixeirópolis - RO,RO,4256.0,1.0,45992.311071751465,5360.491793279945,11.655191201236171,82.37178013305683,0.17909902375758127,Amazônia,ok,
1101609,Theobroma - RO,RO,8113.0,1.0,219739.3330980105,52019.42053182057,23.67324037914428,178.5148634765624,0.08123937620077297,Amazônia,ok,
1101708,Urupá - RO,RO,10725.0,0.8,83183.55626290136,12192.281051086644,14.657080796777885,315.4998953002913,0.37928156654321793,Amazônia,ok,
1101757,Vale do Anari - RO,RO,7788.0,0.8,313512.7001556974,190156.10395326914,60.65339740904703,301.6943110961907,0.09623033164090723,Amazônia,ok,
1101807,Vale do Paraíso - RO,RO,6479.0,1.5,96568.65952221461,13081.995821923767,13.546833814043355,155.1722733947756,0.16068595563251017,Amazônia,ok,
1200013,Acrelândia - AC,AC,14021.0,1.0,181029.87314412283,50544.160412027435,27.920342391107926,379.5264620849587,0.2096485267836471,Amazônia,ok,
1200054,Assis Brasil - AC,AC,8100.0,0.9,495705.11031666445,461069.77336870955,93.0129150926386,186.3471205932622,0.037592333973361834,Amazônia,ok,
1200104,Brasiléia - AC,AC,26000.0,1.5,392778.049813217,232333.6823749933,59.15139160283475,721.0018059936504,0.18356468910024834,Amazônia,ok,
1200138,Bujari - AC,AC,12917.0,1.7,303556.70997809095,171728.0715314356,56.571989973086076,342.6998842102058,0.11289484730380034,Amazônia,ok,
1200179,Capixaba - AC,AC,10392.0,1.3,170309.82061589492,71688.03429946644,42.092719045924376,230.9762239501951,0.13562120088842267,Amazônia,ok,
1200203,Cruzeiro do Sul - AC,AC,91888.0,1.3,878359.7454210176,784018.3031239145,89.25936180603506,3544.505680120873,0.40353689915763513,Amazônia,ok,
1200252,Epitaciolândia - AC,AC,18757.0,1.7,165034.06876742176,75133.7682701647,45.52621699950255,659.9151680786176,0.39986602342611993,Amazônia,ok,
1200302,Feijó - AC,AC,35426.0,1.0,2794066.946555833,2615300.757171458,93.60193607369591,600.1633267883417,0.02147991935297563,Amazônia,ok,
1200328,Jordão - AC,AC,9222.0,0.7,534390.9676294702,518091.5847968279,96.94991423508796,192.7061158813416,0.03606088567255836,Amazônia,ok,
1200336,Mâncio Lima - AC,AC,19294.0,0.5,539610.0767443125,505574.6587212838,93.69259035554371,904.8594233032219,0.16768764378208195,Amazônia,ok,
1200344,Manoel Urbano - AC,AC,11996.0,1.7,1057814.5410443523,991158.5480660835,93.69870706140405,168.9519787170418,0.01597179582634967,Amazônia,ok,
1200351,Marechal Thaumaturgo - AC,AC,17093.0,1.4,817881.3482627984,792643.1542509573,96.91419861017155,308.1257239746139,0.03767364601590207,Amazônia,ok,
1200385,Plácido de Castro - AC,AC,16560.0,1.9,194566.17017620584,42360.03389848857,21.77153091934012,495.7631792358403,0.25480440859110304,Amazônia,ok,
1200393,Porto Walter - AC,AC,10735.0,1.1,644541.8911086166,623365.3630867173,96.7144838351041,282.3683371521003,0.04380915205781656,Amazônia,ok,
1200401,Rio Branco - AC,AC,364756.0,2.0,883474.4366236569,582923.9075373532,65.9808460067156,12213.90033712796,1.3824848610000977,Amazônia,ok,
1200427,Rodrigues Alves - AC,AC,14938.0,1.1,306510.14342628594,258003.9633918861,84.17469011231424,604.866478515625,0.19733979168004018,Amazônia,ok,
1200435,Santa Rosa do Purus - AC,AC,6723.0,0.4,610144.6290193391,597209.937105179,97.88006133317118,113.8974776245116,0.018667291689115486,Amazônia,ok,
1200450,Senador Guiomard - AC,AC,21454.0,1.9,232096.78754993924,58794.01368215971,25.331679211419182,908.1823270080502,0.39129465624880333,Amazônia,ok,
1200500,Sena Madureira - AC,AC,41343.0,1.3,2373228.3262534244,2145725.5573086655,90.41378503584973,849.5268247863722,0.035796253373037476,Amazônia,ok,
1200609,Tarauacá - AC,AC,43467.0,0.8,2016964.224922435,1866449.1060077911,92.53754146678372,948.899355950907,0.047045919021563125,Amazônia,ok,
1200708,Xapuri - AC,AC,18243.0,1.6,534623.292505539,376733.14857415226,70.46702862656308,383.4020836791996,0.07171443688552484,Amazônia,ok,
1200807,Porto Acre - AC,AC,16693.0,1.9,260397.3465358175,125489.69446745576,48.191617978025256,687.3323990905754,0.26395522390472337,Amazônia,ok,
1300029,Alvarães - AM,AM,15866.0,0.6,592286.805273751,569806.5832223292,96.20450399177275,191.9071939941418,0.032401058454348576,Amazônia,ok,
1300060,Amaturá - AM,AM,10819.0,0.6,475418.2265644554,443923.98064863024,93.37546518916324,338.0623549499521,0.07110841277435098,Amazônia,ok,
1300086,Anamã - AM,AM,9962.0,1.5,244613.6426738675,224616.56119454646,91.82503426189427,79.05655661010758,0.03231894825895307,Amazônia,ok,
1300102,Anori - AM,AM,17194.0,0.5,603581.5263595482,527633.1610349879,87.41704939469625,226.1522413207993,0.037468383547922306,Amazônia,ok,
1300144,Apuí - AM,AM,20647.0,1.3,5424055.753471663,5013351.634431133,92.4280992359332,730.6184275207551,0.013469965294016811,Amazônia,ok,
1300201,Atalaia do Norte - AM,AM,15314.0,0.8,7647105.666811108,7604161.770941203,99.43842941707628,248.8891217224117,0.0032546839623598407,Amazônia,ok,
1300300,Autazes - AM,AM,41564.0,1.0,765280.1684222448,569192.7215785611,74.37703798754495,900.9495446166817,0.11772806637262564,Amazônia,ok,
1300409,Barcelos - AM,AM,18834.0,1.0,12238597.132592164,11568340.275747973,94.52341759776328,623.9805804382286,0.005098464911280792,Amazônia,ok,
1300508,Barreirinha - AM,AM,31051.0,0.6,575180.2253121993,463671.0044280747,80.6131685379832,601.9130969421399,0.10464773830070921,Amazônia,ok,
1300607,Benjamin Constant - AM,AM,37648.0,0.5,868238.2366056617,848514.1244204978,97.728260360627,889.4795247192383,0.10244648153214474,Amazônia,ok,
1300631,Beruri - AM,AM,20718.0,1.3,1747282.2589550545,1642100.8231307375,93.98028364992273,256.7905430969226,0.014696569016301564,Amazônia,ok,
1300680,Boa Vista do Ramos - AM,AM,23785.0,1.2,258947.68109432337,214222.0117526591,82.72791277656869,276.0560313293453,0.10660687524318477,Amazônia,ok,
1300706,Boca do Acre - AM,AM,35447.0,0.9,2193869.6006278237,1881580.6544546792,85.76538249658155,557.5992667846691,0.025416244731459876,Amazônia,ok,
1300805,Borba - AM,AM,33080.0,0.8,4423552.4281900935,4238103.714611106,95.80769717123337,549.7136832336437,0.012426973392029183,Amazônia,ok,
1300839,Caapiranga - AM,AM,13469.0,0.8,945550.6888613151,904462.7556582569,95.65460279527281,191.1753691162103,0.020218415719884288,Amazônia,ok,
1300904,Canutama - AM,AM,16869.0,1.6,3364357.6101015043,3203101.8470193488,95.20693749683493,288.1646217712404,0.008565219728902312,Amazônia,ok,
1301001,Carauari - AM,AM,28742.0,0.9,2577860.194942787,2530688.060313106,98.17010500715972,489.5100630554105,0.018989007395192534,Amazônia,ok,
1301100,Careiro - AM,AM,30792.0,0.7,609622.6192907898,537356.6429506455,88.1457849408187,356.5679337036137,0.05848994483151402,Amazônia,ok,
1301159,Careiro da Várzea - AM,AM,19637.0,1.1,262742.3282595504,155134.21044143385,59.044239833402216,100.0566510864255,0.038081664172353834,Amazônia,ok,
1301209,Coari - AM,AM,70616.0,0.7,5797082.930165994,5535236.640157398,95.48313706802365,1319.708050115984,0.02276503658846563,Amazônia,ok,
1301308,Codajás - AM,AM,23549.0,1.3,1870128.7937718616,1724138.598675471,92.19357535253265,246.1086128540041,0.013159982011593319,Amazônia,ok,
1301407,Eirunepé - AM,AM,33170.0,0.5,1496624.5173571177,1455277.4962558881,97.23731499639976,635.7942876709036,0.04248188375222195,Amazônia,ok,
1301506,Envira - AM,AM,17186.0,0.8,750572.6387561307,716230.5652795364,95.42455030954673,378.6880102355975,0.050453212744761056,Amazônia,ok,
1301605,Fonte Boa - AM,AM,25871.0,0.8,1215602.9637813587,1139716.1499125366,93.7572697558451,429.9550958740243,0.03536969789351033,Amazônia,ok,
1301654,Guajará - AM,AM,13815.0,1.1,758332.0550156004,705127.9597601306,92.98406352420704,457.9593206542925,0.06039034188590003,Amazônia,ok,
1301704,Humaitá - AM,AM,57473.0,0.9,3311099.981150865,3127294.8092034142,94.44881842910814,1577.756355004864,0.04765051988724517,Amazônia,ok,
1301803,Ipixuna - AM,AM,24311.0,0.7,1210962.3126507646,1174969.1542996967,97.02772266526777,450.0910733642553,0.03716804962980374,Amazônia,ok,
1301852,Iranduba - AM,AM,61163.0,1.2,221680.6063917478,169832.2756849378,76.61124644562499,2126.928291253636,0.9594561860296373,Amazônia,ok,
1301902,Itacoatiara - AM,AM,103598.0,1.0,889191.5023017325,658489.9159030694,74.0549042808578,1948.173160888668,0.21909489191537365,Amazônia,ok,
1301951,Itamarati - AM,AM,10937.0,0.2,2526051.749954828,2493545.9119399874,98.71317608535051,168.6363816162103,0.00667588784035109,Amazônia,ok,
1302009,Itapiranga - AM,AM,10162.0,0.4,433503.9570982824,405333.24071394355,93.50162416673116,237.7109292724619,0.054834777256385914,Amazônia,ok,
1302108,Japurá - AM,AM,8858.0,0.6,5576428.0011063935,5427218.200354952,97.32427638764747,174.4254171874997,0.0031279058413897346,Amazônia,ok,
1302207,Juruá - AM,AM,10742.0,1.2,1943879.6285616339,1873885.444894361,96.39925319248988,188.9156374877929,0.009718484350164229,Amazônia,ok,
1302306,Jutaí - AM,AM,25172.0,0.8,6945921.056282616,6820606.196912454,98.19584964535677,344.4077964782705,0.004958417950442327,Amazônia,ok,
1302405,Lábrea - AM,AM,45448.0,0.8,6826255.90949685,6136989.20546484,89.90271221632511,575.5797726379312,0.0084318516661113,Amazônia,ok,
1302504,Manacapuru - AM,AM,101883.0,1.0,733655.508735647,541684.1572500119,73.83358412772353,1536.158523803751,0.2093841735682059,Amazônia,ok,
1302553,Manaquiri - AM,AM,17107.0,0.8,397324.0006101257,351705.54776675376,88.51857608064934,190.8860368835443,0.04804291625736731,Amazônia,ok,
1302603,Manaus - AM,AM,2063689.0,1.3,1140105.385837759,938985.8156748498,82.35956318940421,27388.47419219947,2.4022756608657008,Amazônia,ok,
1302702,Manicoré - AM,AM,53914.0,0.7,4831528.930332985,4565178.431000478,94.48724196474696,1020.179984558116,0.02111505486706888,Amazônia,ok,
1302801,Maraã - AM,AM,15529.0,0.7,1683090.446225504,1524823.4192199253,90.59664159103819,151.5410093566895,0.009003735342716439,Amazônia,ok,
1302900,Maués - AM,AM,61204.0,1.0,3999071.8784558508,3825048.1579471063,95.64839728322313,619.6074821960468,0.015493782083139099,Amazônia,ok,
1303007,Nhamundá - AM,AM,20136.0,1.0,1410790.6960345204,1292013.7483078884,91.58082428098706,130.6942239868171,0.009263898915280283,Amazônia,ok,
1303106,Nova Olinda do Norte - AM,AM,27062.0,0.8,557820.3710423852,501971.6832012661,89.98805157711325,386.4889610900854,0.06928555878442787,Amazônia,ok,
1303205,Novo Airão - AM,AM,15761.0,1.6,3777661.070625691,3650406.1440812475,96.63138317161506,366.5994462890593,0.00970440278879597,Amazônia,ok,
1303304,Novo Aripuanã - AM,AM,23818.0,0.4,4117905.8882979234,3858395.7579269614,93.69800725391939,488.5191799804681,0.011863291518359359,Amazônia,ok,
1303403,Parintins - AM,AM,96372.0,0.9,595614.9990579906,326744.3114408272,54.85830812816964,1730.92542509159,0.29061145670091876,Amazônia,ok,
1303502,Pauini - AM,AM,19373.0,0.9,4162439.9654869908,4111114.7007536595,98.76694282298612,208.4122122619621,0.005006972208368623,Amazônia,ok,
1303536,Presidente Figueiredo - AM,AM,30668.0,1.4,2545905.245681493,2234882.857683021,87.78342640496753,907.5025058166542,0.03564557272333724,Amazônia,ok,
1303569,Rio Preto da Eva - AM,AM,24936.0,0.9,581562.0244798784,562526.842501741,96.72688704267416,422.6685561279319,0.07267815612718982,Amazônia,ok,
1303601,Santa Isabel do Rio Negro - AM,AM,14164.0,0.4,6273968.264787439,6197527.972000765,98.78162767867835,214.0123424743658,0.0034111161141108593,Amazônia,ok,
1303700,Santo Antônio do Içá - AM,AM,28211.0,0.5,1238210.1346147922,1181223.0416122102,95.3976234397152,803.1731496521029,0.06486565787171258,Amazônia,ok,
1303809,São Gabriel da Cachoeira - AM,AM,51795.0,1.1,10866832.389203994,10721920.262531463,98.66647315903668,805.0996172667975,0.0074087791955515,Amazônia,ok,
1303908,São Paulo de Olivença - AM,AM,32967.0,0.4,1965846.2228673734,1901546.0822623542,96.72913680342549,1230.112301464833,0.06257418750031209,Amazônia,ok,
1303957,São Sebastião do Uatumã - AM,AM,11670.0,0.5,1064752.231547083,1003872.1023445931,94.28222572362857,326.2503353820786,0.03064096281893089,Amazônia,ok,
1304005,Silves - AM,AM,11559.0,1.3,372341.682461155,308079.64410658105,82.74111081794389,170.1886698120124,0.045707659880321765,Amazônia,ok,
1304062,Tabatinga - AM,AM,66764.0,0.6,325927.673244068,311477.92083266063,95.5665770053877,1603.715663708479,0.49204648618699864,Amazônia,ok,
1304104,Tapauá - AM,AM,19599.0,0.6,8494536.142299736,8341806.846944463,98.20202901257038,175.8210022094727,0.002069812868697413,Amazônia,ok,
1304203,Tefé - AM,AM,73669.0,1.0,2369266.9221192077,2292342.79811306,96.75325210139928,1092.011221520995,0.046090679413370514,Amazônia,ok,
1304237,Tonantins - AM,AM,19247.0,0.7,644747.8562064193,607806.876699608,94.27047656673643,307.8710523681647,0.04775061280228565,Amazônia,ok,
1304260,Uarini - AM,AM,14431.0,0.6,1027555.1194765908,969436.9033724816,94.3440293369651,198.022367999267,0.01927121613681749,Amazônia,ok,
1304302,Urucará - AM,AM,18631.0,1.5,2792515.993782792,2712113.1962727825,97.12077575602014,377.3515142578123,0.013512958031321612,Amazônia,ok,
1304401,Urucurituba - AM,AM,23945.0,0.7,286392.1472547157,183834.89503588405,64.18992168538136,351.5539627624532,0.12275265440493484,Amazônia,ok,
1400027,Amajari - RR,RR,13927.0,0.5,2830418.451574621,2767601.5716502327,97.78065042328134,303.2612227844244,0.010714360013294637,Amazônia,ok,
1400050,Alto Alegre - RR,RR,21096.0,1.2,2541172.04422583,2420421.606851008,95.24823840049724,417.9263201599115,0.01644620328283334,Amazônia,ok,
1400100,Boa Vista - RR,RR,413486.0,1.2,568796.1932445173,452629.6843827325,79.57677807244984,11966.10797578576,2.103760207593672,Amazônia,ok,
1400159,Bonfim - RR,RR,13923.0,0.9,807618.7063537433,695675.8530878549,86.13914556644053,622.0464303710902,0.07702229102388188,Amazônia,ok,
1400175,Cantá - RR,RR,18682.0,1.4,766476.6839797964,645532.8175387629,84.2208029325754,766.3477931518519,0.09998318398580955,Amazônia,ok,
1400209,Caracaraí - RR,RR,20957.0,1.3,4736889.019212648,4413728.850356367,93.17779733606687,748.4548018737828,0.015800555994410628,Amazônia,ok,
1400233,Caroebe - RR,RR,10656.0,0.4,1205873.4083366117,1119430.7930767215,92.83153483091317,415.9211288940428,0.034491276283118856,Amazônia,ok,
1400282,Iracema - RR,RR,10023.0,0.7,1400801.1707573857,1307295.127588204,93.32481688899327,275.7673194702148,0.01968639984224976,Amazônia,ok,
1400308,Mucajaí - RR,RR,18095.0,0.5,1233786.6423093695,1054324.3969566762,85.45435335425738,577.0666693847706,0.046771998463578136,Amazônia,ok,
1400407,Normandia - RR,RR,13986.0,0.7,695902.9142579407,664514.185387866,95.48949598759113,491.205994415283,0.0705854199416694,Amazônia,ok,
1400456,Pacaraima - RR,RR,19305.0,1.7,801583.1308209529,784627.7640046078,97.8847650150796,640.2214002075212,0.0798696199546801,Amazônia,ok,
1400472,Rorainópolis - RR,RR,32647.0,1.0,3357976.633384946,3092687.8325674264,92.09974250028952,1574.311683520513,0.04688274682642915,Amazônia,ok,
1400506,São João da Baliza - RR,RR,8858.0,0.4,428406.0019084448,388616.11016844853,90.71210684193454,387.575480712887,0.09046919954116708,Amazônia,ok,
1400605,São Luiz do Anauá - RR,RR,7315.0,0.6,152687.79971908315,106155.94028476332,69.52483464957272,265.2010600769,0.17368844175161346,Amazônia,ok,
1400704,Uiramutã - RR,RR,13751.0,2.0,808247.8062630609,801992.7466383417,99.22609630657217,459.785440527342,0.05688669204722783,Amazônia,ok,
1500107,Abaetetuba - PA,PA,158188.0,1.2,161066.05241795597,103452.40086131747,64.22979846359256,1263.258015887465,0.7843105340468594,Amazônia,ok,
1500131,Abel Figueiredo - PA,PA,6136.0,0.4,61415.02154541641,15538.42828289159,25.30069662419791,191.1440150695796,0.31123332738429244,Amazônia,ok,
1500206,Acará - PA,PA,59023.0,0.9,434435.870075352,301550.8066990004,69.41204156247434,360.1395538574219,0.0828982086113093,Amazônia,ok,
1500305,Afuá - PA,PA,37765.0,0.5,833848.3740901714,552887.0128981051,66.30546152966612,127.9273526794433,0.015341800338584025,Amazônia,ok,
1500347,Água Azul do Norte - PA,PA,18080.0,1.1,711394.6594407912,288639.1997466628,40.57370911015196,377.16748146973,0.05301803667829212,Amazônia,ok,
1500404,Alenquer - PA,PA,69377.0,1.0,2364289.824203593,2109454.5141953086,89.2214859870606,1105.152742907726,0.046743539290069684,Amazônia,ok,
1500503,Almeirim - PA,PA,34280.0,0.9,7296768.053467826,7054160.471668357,96.67513644367291,904.9589641479499,0.012402188989930462,Amazônia,ok,
1500602,Altamira - PA,PA,126279.0,1.1,15953322.145276254,14698632.653809562,92.13524631395849,4902.759786547997,0.03073190487787958,Amazônia,ok,
1500701,Anajás - PA,PA,28011.0,0.6,691359.1513983058,677078.1311957485,97.9343558013699,120.401043920898,0.017415122614256474,Amazônia,ok,
1500800,Ananindeua - PA,PA,478778.0,1.5,19062.999412451234,10413.469034796222,54.62660313567726,6118.650926281717,32.09700002553242,Amazônia,ok,
1500859,Anapu - PA,PA,31850.0,0.7,1189522.2772392593,891091.0606533156,74.91167485500421,1062.966362670907,0.08936077810479737,Amazônia,ok,
1500909,Augusto Corrêa - PA,PA,44573.0,0.8,107501.68243787602,77426.79299046921,72.02379649752298,527.0000151794369,0.4902248999535278,Amazônia,ok,
1500958,Aurora do Pará - PA,PA,23774.0,1.1,181188.61842986976,66193.87831065705,36.53313264612027,353.951001037598,0.19534946736988176,Amazônia,ok,
1501006,Aveiro - PA,PA,18290.0,0.9,1707466.340576844,1549321.990606009,90.73806925427249,217.4231932739254,0.012733673754322558,Amazônia,ok,
1501105,Bagre - PA,PA,31892.0,0.4,439730.66278274317,407744.3315413385,92.72592658447199,108.8280054748532,0.024748787083929517,Amazônia,ok,
1501204,Baião - PA,PA,51641.0,0.7,376007.0652570868,266645.27518605266,70.91496405891725,576.346807519532,0.15328084516855214,Amazônia,ok,
1501253,Bannach - PA,PA,4031.0,0.7,295663.72640442086,97322.88474700865,32.91674833790278,135.5949050781246,0.045861190592129786,Amazônia,ok,
1501303,Barcarena - PA,PA,126650.0,1.0,131031.62009538015,65052.60323479884,49.64649234089141,2167.949183526575,1.654523680580678,Amazônia,ok,
1501402,Belém - PA,PA,1303403.0,1.5,105942.88403610776,31854.417749169985,30.067538786572275,14014.42902800932,13.228287256398344,Amazônia,ok,
1501451,Belterra - PA,PA,18099.0,1.0,439849.5938984059,319727.4879975834,72.6901860165028,360.5967885436992,0.08198183959833048,Amazônia,ok,
1501501,Benevides - PA,PA,63567.0,1.6,18782.237267412856,11021.80923363601,58.68208923523092,1521.142586053487,8.098835960786559,Amazônia,ok,
1501576,Bom Jesus do Tocantins - PA,PA,18005.0,0.8,281656.4856816523,118874.24941088574,42.20540106619296,345.0921769531262,0.12252236127918364,Amazônia,ok,
1501600,Bonito - PA,PA,12622.0,1.3,58695.468011438425,18522.76500987007,31.557402364115063,191.7937346923828,0.3267607213814302,Amazônia,ok,
1501709,Bragança - PA,PA,123082.0,1.0,211339.114636463,126710.62183171565,59.956067313747454,1579.756318176253,0.7474983137379401,Amazônia,ok,
1501725,Brasil Novo - PA,PA,24718.0,1.1,636262.4216490766,404397.1319905756,63.558229785510775,587.1038896179307,0.09227385896785545,Amazônia,ok,
1501758,Brejo Grande do Araguaia - PA,PA,6783.0,0.6,128845.0186890932,28695.261503332964,22.271145439138373,158.0998070983883,0.12270540895328501,Amazônia,ok,
1501782,Breu Branco - PA,PA,45712.0,1.4,394176.8072567022,143764.7214887433,36.4721411412515,895.9555090942374,0.22729787562330087,Amazônia,ok,
1501808,Breves - PA,PA,106968.0,0.8,956653.5549678397,848219.1681434036,88.66523975567296,694.8649331237797,0.072634960641226,Amazônia,ok,
1501907,Bujaru - PA,PA,24383.0,0.8,99468.2271869623,68484.49800283836,68.8506269183964,198.6627129882808,0.1997247951497826,Amazônia,ok,
1501956,Cachoeira do Piriá - PA,PA,19630.0,0.9,241962.12566357496,136262.72369031643,56.31572433769103,151.356225097656,0.06255368466555061,Amazônia,ok,
1502004,Cachoeira do Arari - PA,PA,23981.0,2.3,310029.9173033273,249908.40598100564,80.6078355775259,224.0862785522459,0.07227892085427491,Amazônia,ok,
1502103,Cametá - PA,PA,134184.0,0.9,308220.1416441212,241749.76634539478,78.43412343393352,1049.880873608412,0.3406269518948671,Amazônia,ok,
1502152,Canaã dos Carajás - PA,PA,77079.0,1.0,314681.1991299527,168164.04050282936,53.439493991944296,3473.034825593741,1.103667723142079,Amazônia,ok,
1502202,Capanema - PA,PA,70394.0,1.0,62149.47926336677,25862.55066565476,41.61346317329342,1486.634851330559,2.3920310659896993,Amazônia,ok,
1502301,Capitão Poço - PA,PA,56506.0,0.9,290105.6482761103,97938.82521276813,33.75970988319197,890.5955162414683,0.3069900643209253,Amazônia,ok,
1502400,Castanhal - PA,PA,192256.0,1.2,102932.38893560244,39058.66355317246,37.94594097841129,4385.292496283071,4.260362109176967,Amazônia,ok,
1502509,Chaves - PA,PA,20757.0,0.6,1241909.1640924215,949393.1660845274,76.44626463307704,123.0104652526882,0.009904948671715728,Amazônia,ok,
1502608,Colares - PA,PA,12868.0,0.9,38403.65481015011,20846.913024914797,54.28366942670504,273.6101335144053,0.7124585794425221,Amazônia,ok,
1502707,Conceição do Araguaia - PA,PA,44617.0,0.8,582942.502116081,206077.26928002056,35.35121706376876,1266.3639496765136,0.21723651047566667,Amazônia | Cerrado,ok,
1502756,Concórdia do Pará - PA,PA,26881.0,1.9,70062.18014231647,39531.42307561135,56.42334137377918,445.562180499271,0.6359524919067688,Amazônia,ok,
1502764,Cumaru do Norte - PA,PA,14036.0,0.4,1708503.3954629896,1019066.6608224541,59.64674483695105,263.5808530822748,0.015427587313096718,Amazônia,ok,
1502772,Curionópolis - PA,PA,19950.0,0.9,236910.1611992568,52994.90217245152,22.369197633477345,717.6651208130045,0.30292711683624307,Amazônia,ok,
1502806,Curralinho - PA,PA,33903.0,1.0,361734.45792926627,324138.9042511729,89.6068641363868,176.7424513000488,0.04885972221496496,Amazônia,ok,
1502855,Curuá - PA,PA,14117.0,0.4,143128.36767077376,70082.94444919375,48.965097268767636,357.85087200928,0.25002092725071423,Amazônia,ok,
1502905,Curuçá - PA,PA,41262.0,1.2,66676.29615927643,50222.21734577537,75.32244626456823,895.6883882079992,1.3433385472827968,Amazônia,ok,
1502939,Dom Eliseu - PA,PA,58484.0,1.5,526858.6086742629,277416.230926777,52.65477802950605,1297.249696167006,0.24622349807119645,Amazônia,ok,
1502954,Eldorado do Carajás - PA,PA,28192.0,0.7,295668.4987974699,26771.549602545398,9.054582991231559,611.3113943969822,0.20675567295240496,Amazônia,ok,
1503002,Faro - PA,PA,8728.0,0.6,1177167.0330293027,1151899.7885847779,97.85355487067095,233.7899358337405,0.019860387631830737,Amazônia,ok,
1503044,Floresta do Araguaia - PA,PA,17898.0,0.7,344424.04121026275,109017.22099773091,31.6520358493728,718.6096996765235,0.20864098137616047,Amazônia | Cerrado,ok,
1503077,Garrafão do Norte - PA,PA,24703.0,0.3,160798.24290329323,64069.03603783124,39.84436327227993,468.5239877624529,0.2913738230611333,Amazônia,ok,
1503093,Goianésia do Pará - PA,PA,26362.0,1.1,702386.1292431335,327691.56789162377,46.65404885553942,693.3554173767101,0.09871428100720687,Amazônia,ok,
1503101,Gurupá - PA,PA,31786.0,0.9,856966.61040773,715486.8471570173,83.490632945034,161.3150027465814,0.018823954257661275,Amazônia,ok,
1503200,Igarapé-Açu - PA,PA,35797.0,1.1,78599.465084086,30701.04664916959,39.06012161320118,630.9330686340357,0.8027192907217132,Amazônia,ok,
1503309,Igarapé-Miri - PA,PA,64831.0,1.6,199681.22309987372,162048.8483540668,81.15377391945137,405.8953662597683,0.20327167470160842,Amazônia,ok,
1503408,Inhangapi - PA,PA,10325.0,0.4,47260.67190708096,26762.63578726218,56.62770905982908,136.6466969970706,0.2891340547712296,Amazônia,ok,
1503457,Ipixuna do Pará - PA,PA,30329.0,0.8,521553.7235988872,312796.8635361064,59.97404474034012,567.1654943115276,0.108745363832877,Amazônia,ok,
1503507,Irituia - PA,PA,30955.0,1.0,138520.5320286185,49565.88792208024,35.78234013123763,266.9064503417978,0.19268367398896116,Amazônia,ok,
1503606,Itaituba - PA,PA,123314.0,1.3,6204249.587462498,5612941.645168795,90.46930762604049,4781.110460320874,0.07706186530571735,Amazônia,ok,
1503705,Itupiranga - PA,PA,49754.0,0.8,788038.7318505557,352569.1761189214,44.74008216461407,1024.20151253662,0.1299684230153868,Amazônia,ok,
1503754,Jacareacanga - PA,PA,24042.0,1.9,5330457.981787436,5090773.531582002,95.50349236361372,606.7495374389622,0.011382690558898354,Amazônia,ok,
1503804,Jacundá - PA,PA,37707.0,0.9,200797.61114163173,49549.51074088067,24.67634473297152,910.697578814716,0.4535400464362892,Amazônia,ok,
1503903,Juruti - PA,PA,50881.0,0.8,830491.4488584755,666685.2591692461,80.27599321890865,966.7492723205507,0.11640689060066348,Amazônia,ok,
1504000,Limoeiro do Ajuru - PA,PA,29569.0,0.9,148937.12023873505,97535.23013835623,65.48752250749482,57.00519887084968,0.03827467509743348,Amazônia,ok,
1504059,Mãe do Rio - PA,PA,34353.0,0.7,46935.29771378844,10311.606520666453,21.96983298912187,673.2833704833898,1.4344925957199068,Amazônia,ok,
1504109,Magalhães Barata - PA,PA,8115.0,0.6,32397.441527405717,25603.538919452792,79.02950885116712,219.4503693847653,0.6773694435072207,Amazônia,ok,
1504208,Marabá - PA,PA,266533.0,1.2,1512782.0038374315,712876.31826907,47.12353243631513,6935.43944332279,0.4584559722240122,Amazônia,ok,
1504307,Maracanã - PA,PA,25971.0,0.9,80149.38998378841,58092.189883617495,72.47989023418349,618.5808343017555,0.77178483133418,Amazônia,ok,
1504406,Marapanim - PA,PA,26573.0,1.0,79770.35633870924,59556.984280463614,74.6605468672867,942.8969816284097,1.1820142530451014,Amazônia,ok,
1504422,Marituba - PA,PA,111785.0,1.3,10320.90168021831,6263.945807586502,60.69184652337475,1937.152072576871,18.769213510576684,Amazônia,ok,
1504455,Medicilândia - PA,PA,27094.0,0.7,827260.7100736358,609623.3039568756,73.69179951778588,469.3998145690897,0.056741461168548384,Amazônia,ok,
1504505,Melgaço - PA,PA,27881.0,1.1,677272.7169621754,619955.0157645808,91.53698358695354,122.6836012084965,0.01811435750118193,Amazônia,ok,
1504604,Mocajuba - PA,PA,27198.0,1.1,87108.99636597792,71993.70964893058,82.64784655129961,346.1628101318369,0.39739042415030906,Amazônia,ok,
1504703,Moju - PA,PA,84094.0,1.2,909411.7673573602,622481.1492010466,68.44876782383199,847.4472627136212,0.09318630934105895,Amazônia,ok,
1504752,Mojuí dos Campos - PA,PA,23501.0,1.1,498806.04822483583,338641.21652778494,67.8903589346902,518.5723156127996,0.10396271606134458,Amazônia,ok,
1504802,Monte Alegre - PA,PA,60012.0,0.7,1815140.9677435157,1458169.0343467686,80.33365233111812,1781.199205297828,0.09813007567737936,Amazônia,ok,
1504901,Muaná - PA,PA,45368.0,0.6,376332.785591744,324167.5289144328,86.13852986651514,165.5063331604007,0.04397871763953791,Amazônia,ok,
1504950,Nova Esperança do Piriá - PA,PA,20478.0,0.4,280823.7742309622,179625.53951486677,63.963793666249416,341.5885632873536,0.12163805013403733,Amazônia,ok,
1504976,Nova Ipixuna - PA,PA,13955.0,1.3,156422.9507711208,40465.50303485638,25.869287617560545,234.6314052307139,0.14999806874505792,Amazônia,ok,
1505007,Nova Timboteua - PA,PA,12806.0,0.6,48980.226051611164,22087.037957068,45.093785263045895,300.8500308532711,0.6142275263006364,Amazônia,ok,
1505031,Novo Progresso - PA,PA,33638.0,0.9,3816183.2007326633,3110040.2548839417,81.49609416777605,1998.32979943239,0.052364619157925486,Amazônia,ok,
1505064,Novo Repartimento - PA,PA,60732.0,0.8,1539871.8158228127,624191.5916036488,40.535295547968666,1710.417308026127,0.11107530447995019,Amazônia,ok,
1505106,Óbidos - PA,PA,52229.0,0.9,2801124.7539762333,2530158.1249168855,90.32650621238105,1148.50644610595,0.041001617099546535,Amazônia,ok,
1505205,Oeiras do Pará - PA,PA,33844.0,0.4,385231.2916119875,332036.32790131465,86.19142191485008,335.9883344665513,0.08721730082222015,Amazônia,ok,
1505304,Oriximiná - PA,PA,68294.0,1.7,10752925.240623096,10496699.945129335,97.6171572873419,1552.713510626208,0.014439917286509783,Amazônia,ok,
1505403,Ourém - PA,PA,17855.0,0.8,56168.11579422132,20480.508690447718,36.46287293218191,341.4730590942384,0.6079482180696006,Amazônia,ok,
1505437,Ourilândia do Norte - PA,PA,32467.0,1.5,1441065.9649456956,1274832.0308737108,88.46451598221951,1477.155148461931,0.10250433945385667,Amazônia,ok,
1505486,Pacajá - PA,PA,41097.0,0.6,1183224.5341102662,572429.3890342524,48.378762655111316,837.4780094116129,0.07077929718904621,Amazônia,ok,
1505494,Palestina do Pará - PA,PA,6885.0,0.5,98436.59116617976,21660.539502624728,22.004560749221397,193.9275623718259,0.19700759653942013,Amazônia,ok,
1505502,Paragominas - PA,PA,105550.0,1.2,1934252.8540239285,1306950.7515097796,67.56876427975075,2622.527327282729,0.13558347978274643,Amazônia,ok,
1505536,Parauapebas - PA,PA,267836.0,1.1,688575.9477700961,581489.5618467396,84.44813730857894,7455.303194464126,1.0827132749274195,Amazônia,ok,
1505551,Pau D'Arco - PA,PA,6931.0,0.6,167143.53705251063,70957.12659478444,42.45280903233022,177.43912533569284,0.1061597286169358,Amazônia | Cerrado,ok,
1505601,Peixe-Boi - PA,PA,8285.0,1.5,45024.61077996234,21076.68781254898,46.81148253685494,138.001846624756,0.30650314180210986,Amazônia,ok,
1505635,Piçarra - PA,PA,12832.0,0.9,331270.9301941359,45552.97908805093,13.750973881516062,236.4075310119628,0.07136380209196745,Amazônia,ok,
1505650,Placas - PA,PA,18668.0,1.1,717316.599528576,486510.7938018227,67.82371886020204,437.8780959106426,0.061043909509192765,Amazônia,ok,
1505700,Ponta de Pedras - PA,PA,24984.0,0.8,336375.4014732157,284398.4116272041,84.54792186991999,200.1037909057621,0.05948823547422674,Amazônia,ok,
1505809,Portel - PA,PA,62503.0,0.6,2538626.165241166,2220473.984646099,87.46754504656093,451.157129199221,0.01777170405696034,Amazônia,ok,
1505908,Porto de Moz - PA,PA,40597.0,0.8,1742207.9000323575,1450926.437390513,83.28090105455068,396.8353438598608,0.022777726117100633,Amazônia,ok,
1506005,Prainha - PA,PA,35577.0,0.5,1478817.351618616,1114173.7955637027,75.3422181815896,905.270108654792,0.06121581598051599,Amazônia,ok,
1506104,Primavera - PA,PA,10851.0,0.9,25934.029130285537,17383.164333709577,67.02839827310007,246.6142320983895,0.9509291088533387,Amazônia,ok,
1506112,Quatipuru - PA,PA,11524.0,0.8,29877.447985106384,23325.438207170602,78.0703834504142,224.2734920654298,0.7506447410676707,Amazônia,ok,
1506138,Redenção - PA,PA,85597.0,1.2,382380.91186023655,128242.07326679445,33.537781120640254,2988.9251275818474,0.7816616977665258,Amazônia | Cerrado,ok,
1506161,Rio Maria - PA,PA,18384.0,1.0,411478.78525046195,91717.67716377416,22.289770566894905,581.3509591918802,0.14128333708334906,Amazônia | Cerrado,ok,
1506187,Rondon do Pará - PA,PA,53143.0,1.2,824707.601212084,390238.83223770047,47.31844737021475,922.2443750976604,0.1118268309570841,Amazônia,ok,
1506195,Rurópolis - PA,PA,35769.0,0.8,702132.5574950044,502394.5599645815,71.55266546205642,1001.494956414806,0.14263616545397576,Amazônia,ok,
1506203,Salinópolis - PA,PA,44772.0,1.1,22202.819327429235,15336.037863104279,69.0724796564832,2101.342970489453,9.46430694003561,Amazônia,ok,
1506302,Salvaterra - PA,PA,24129.0,0.7,91854.15771906669,69885.99708313557,76.0836513213478,740.9447588684068,0.8066534790233069,Amazônia,ok,
1506351,Santa Bárbara do Pará - PA,PA,21087.0,0.5,27816.49063430816,20039.67107510415,72.04241303677512,355.2756157592763,1.2772122135388577,Amazônia,ok,
1506401,Santa Cruz do Arari - PA,PA,7445.0,0.8,107663.87201311931,100066.18332947048,92.94314003241216,107.8953415710448,0.10021499278597122,Amazônia,ok,
1506500,Santa Izabel do Pará - PA,PA,73019.0,1.0,71761.90573270923,38564.881998133904,53.74004718015166,1352.511372894282,1.884720533944522,Amazônia,ok,
1506559,Santa Luzia do Pará - PA,PA,20370.0,0.7,134649.7915874972,62222.339629974325,46.21049828327542,335.2202013122571,0.24895708887482876,Amazônia,ok,
1506583,Santa Maria das Barreiras - PA,PA,16548.0,1.2,1033023.429729864,380079.0956204019,36.792882395687066,489.2321101074234,0.047359246269502116,Amazônia | Cerrado,ok,
1506609,Santa Maria do Pará - PA,PA,24624.0,0.7,45772.98312847358,12585.598279345746,27.495691604851373,582.8934614929135,1.2734443369287818,Amazônia,ok,
1506708,Santana do Araguaia - PA,PA,32413.0,0.9,1159133.3668147097,475271.7609530519,41.00233627637649,1309.7285739562926,0.11299205177359509,Amazônia | Cerrado,ok,
1506807,Santarém - PA,PA,331942.0,1.1,1789991.3506431016,1297490.7919038364,72.4858693556077,8712.24323140844,0.48671985081259395,Amazônia,ok,
1506906,Santarém Novo - PA,PA,6116.0,0.7,22949.698717493193,14350.385323156957,62.52973295992993,146.4143686279292,0.6379794803856236,Amazônia,ok,
1507003,Santo Antônio do Tauá - PA,PA,27461.0,1.1,53760.99208234269,23971.523173162648,44.589064012149954,578.2029725280745,1.0755065152861643,Amazônia,ok,
1507102,São Caetano de Odivelas - PA,PA,16666.0,1.0,46401.531285295554,33238.39819233276,71.63211487131646,267.634246722412,0.5767789107581115,Amazônia,ok,
1507151,São Domingos do Araguaia - PA,PA,21092.0,1.2,139246.35536902174,22199.768922405558,15.94280070280702,483.3044206909165,0.3470858676409118,Amazônia,ok,
1507201,São Domingos do Capim - PA,PA,30599.0,0.8,168674.53765193062,70191.02046410053,41.61328760179776,204.2734118286138,0.12110506699602964,Amazônia,ok,
1507300,São Félix do Xingu - PA,PA,65418.0,0.8,8421265.401253074,6397440.436119589,75.96768574907587,2467.55128480225,0.029301431165381406,Amazônia,ok,
1507409,São Francisco do Pará - PA,PA,14894.0,0.9,47942.97333583355,17178.422827875078,35.83095004880637,295.1282298950188,0.6155818243221766,Amazônia,ok,
1507458,São Geraldo do Araguaia - PA,PA,24255.0,2.1,316838.69357949623,78439.43491292708,24.75689885813971,544.7478623718273,0.17193223978344288,Amazônia,ok,
1507466,São João da Ponta - PA,PA,4430.0,0.7,19589.075445916842,13063.002117883409,66.68513863223835,96.53895111083988,0.49282035478076897,Amazônia,ok,
1507474,São João de Pirabas - PA,PA,20689.0,1.5,64794.518928223806,49882.20984112659,76.98523064332595,503.2602551879865,0.7767018931732074,Amazônia,ok,
1507508,São João do Araguaia - PA,PA,13664.0,1.4,127989.220535706,29961.900300439538,23.409706047925237,218.6897278869627,0.17086573929556306,Amazônia,ok,
1507607,São Miguel do Guamá - PA,PA,52894.0,0.8,109456.38772915612,43186.88041911526,39.45578811350768,865.3052209960867,0.7905479423797882,Amazônia,ok,
1507706,São Sebastião da Boa Vista - PA,PA,25643.0,0.9,163225.08436354136,150544.53068008806,92.23124697230318,104.9067805480956,0.06427123683663907,Amazônia,ok,
1507755,Sapucaia - PA,PA,5847.0,0.8,129808.1601401535,17574.965645538847,13.539183997803534,158.4355993225088,0.12205365144336562,Amazônia,ok,
1507805,Senador José Porfírio - PA,PA,22576.0,0.6,1441981.4580976395,1234078.1246543028,85.58210771186913,373.2236463134763,0.025882693859729546,Amazônia,ok,
1507904,Soure - PA,PA,24204.0,0.9,281992.2520562321,266570.03219893214,94.5309774489036,793.5211808044317,0.28139822105686635,Amazônia,ok,
1507953,Tailândia - PA,PA,72493.0,1.5,443046.31396489305,230290.90882946024,51.97896959542439,1686.198693170176,0.3805919697379065,Amazônia,ok,
1507961,Terra Alta - PA,PA,10400.0,0.5,20496.50554436642,9251.33912438363,45.136177502834926,212.7338164611818,1.037902856175661,Amazônia,ok,
1507979,Terra Santa - PA,PA,18782.0,0.6,189585.55603593925,129874.93644324515,68.50465782246886,593.8388804260143,0.3132300228153677,Amazônia,ok,
1508001,Tomé-Açu - PA,PA,67585.0,1.0,514535.7262411553,306803.3284950773,59.627215924610674,1165.974535559066,0.22660710930159805,Amazônia,ok,
1508035,Tracuateua - PA,PA,28595.0,1.0,85919.21158148766,49400.73549836385,57.49672813455825,328.8329936035151,0.38272347656687083,Amazônia,ok,
1508050,Trairão - PA,PA,15242.0,0.4,1199101.4385891152,1042938.5094288684,86.97667068567686,698.9375575195364,0.05828844291454768,Amazônia,ok,
1508084,Tucumã - PA,PA,39550.0,1.3,251254.31822630082,39056.84593661496,15.544746141014409,1537.71947955323,0.6120171348331734,Amazônia,ok,
1508100,Tucuruí - PA,PA,91306.0,1.1,208430.5052679457,91926.49736962891,44.10414744782859,2257.234701544169,1.0829675332996023,Amazônia,ok,
1508126,Ulianópolis - PA,PA,37972.0,0.7,508847.06020795833,251635.1137292493,49.452012875226146,742.4916579895054,0.14591646804170588,Amazônia,ok,
1508159,Uruará - PA,PA,43558.0,0.8,1079140.308307042,747144.8936639938,69.23519471125275,1040.422312969984,0.09641214445989892,Amazônia,ok,
1508209,Vigia - PA,PA,50832.0,1.3,40164.36459774805,26610.77740379047,66.25469535072016,611.1407945739763,1.5215995589489346,Amazônia,ok,
1508308,Viseu - PA,PA,58692.0,0.8,493799.5215966599,304648.08907402545,61.69469101326204,764.6840585205077,0.15485718901629655,Amazônia,ok,
1508357,Vitória do Xingu - PA,PA,15607.0,1.2,308954.9008613762,129400.35284271275,41.88324978239232,1179.538355865483,0.38178334526395025,Amazônia,ok,
1508407,Xinguara - PA,PA,52893.0,1.0,377934.6780439269,55985.158866762125,14.813448492348996,1629.227030383268,0.4310869377786774,Amazônia,ok,
1600055,Serra do Navio - AP,AP,4673.0,0.9,771301.4785245617,768202.7559917921,99.59824755701268,103.9567635375976,0.013478097272218199,Amazônia,ok,
1600105,Amapá - AP,AP,7943.0,2.1,844877.2994994668,806565.2025421187,95.46536556491156,143.4839685180663,0.016982817339638658,Amazônia,ok,
1600154,Pedra Branca do Amapari - AP,AP,12847.0,1.0,962226.7000350124,954019.0599875087,99.14701597376117,310.0913514282146,0.03222643389722311,Amazônia,ok,
1600204,Calçoene - AP,AP,10612.0,0.8,1410441.590150821,1389502.6519186248,98.51543386281192,227.8419094360354,0.016153941505062386,Amazônia,ok,
1600212,Cutias - AP,AP,4461.0,0.9,217913.01452320808,167085.4886304962,76.67531422851357,154.3695635314943,0.07083999267746979,Amazônia,ok,
1600238,Ferreira Gomes - AP,AP,6666.0,1.2,497428.70018965914,431470.7615337718,86.74022254229824,205.5029063781732,0.04131303768757598,Amazônia,ok,
1600253,Itaubal - AP,AP,5599.0,0.6,162288.61926333918,104421.01638795233,64.34278439359483,191.7486426574702,0.11815285848623029,Amazônia,ok,
1600279,Laranjal do Jari - AP,AP,35114.0,1.3,3048279.995661673,3030546.3251838232,99.41824010579447,745.5877437438953,0.024459293267187376,Amazônia,ok,
1600303,Macapá - AP,AP,442933.0,1.7,651119.7037711643,485397.0800967939,74.54805580071748,9202.999239705277,1.4134112646880777,Amazônia,ok,
1600402,Mazagão - AP,AP,21924.0,0.8,1329485.8823084591,1283639.5648423464,96.55157545663387,377.1669369323845,0.028369382627628125,Amazônia,ok,
1600501,Oiapoque - AP,AP,27482.0,0.7,2291148.8262811988,2245273.0798507133,97.99769679279424,747.7283427001876,0.03263552040457528,Amazônia,ok,
1600535,Porto Grande - AP,AP,17848.0,1.0,442796.24608302163,407810.87801178644,92.09899171894162,532.7708851806644,0.12031964812112998,Amazônia,ok,
1600550,Pracuúba - AP,AP,3803.0,0.8,494783.573322872,484565.8599817281,97.93491257752885,130.374016912842,0.02634970600120675,Amazônia,ok,
1600600,Santana - AP,AP,107618.0,1.5,154123.92118936894,141842.51828468035,92.03147518573793,1931.879564349479,1.2534586126807779,Amazônia,ok,
1600709,Tartarugalzinho - AP,AP,12945.0,1.3,668491.3178117615,632630.2636173404,94.6355243158866,374.0087168457033,0.05594817866445639,Amazônia,ok,
1600808,Vitória do Jari - AP,AP,11291.0,1.2,250904.4149747259,225002.34199135783,89.67651765475023,195.129335968018,0.07777038757475582,Amazônia,ok,
1700251,Abreulândia - TO,TO,2576.0,0.4,190626.6876602487,111598.31018891759,58.54285753934817,73.9769676330565,0.03880724600581878,Cerrado,ok,
1700301,Aguiarnópolis - TO,TO,4497.0,0.8,23680.487815651515,10847.403815759344,45.80734949467468,200.305963464356,0.8458692448555247,Cerrado,ok,
1700350,Aliança do Tocantins - TO,TO,5147.0,1.6,158100.2376482794,73408.73896865337,46.4317701608795,285.0495095336902,0.18029669896374906,Cerrado,ok,
1700400,Almas - TO,TO,6499.0,0.5,400718.2827062989,320669.76991788944,80.02374330220417,323.4374870361349,0.08071443230684687,Cerrado,ok,
1700707,Alvorada - TO,TO,8802.0,0.9,120720.3353516914,37510.20726292045,31.071987294968107,477.6634413208008,0.395677695832468,Cerrado,ok,
1701002,Ananás - TO,TO,10325.0,0.8,158104.4317725692,57314.23128558469,36.250869531620936,232.5479820800775,0.1470850497186532,Amazônia | Cerrado,ok,
1701051,Angico - TO,TO,2876.0,0.8,44757.77685292682,25364.880607302377,56.671448831453084,118.4383771240236,0.2646207775538311,Amazônia | Cerrado,ok,
1701101,Aparecida do Rio Negro - TO,TO,4856.0,0.4,115903.17473765885,68674.19643117662,59.25135060934896,194.5850286010736,0.16788584871942228,Cerrado,ok,
1701309,Aragominas - TO,TO,5290.0,0.7,116823.45617605632,31437.039404937786,26.90986933100255,73.38604578857402,0.06281790334809058,Amazônia,ok,
1701903,Araguacema - TO,TO,5927.0,0.2,277449.29053590115,161876.53490988654,58.34454815048091,347.3594183715831,0.1251974433600636,Cerrado,ok,
1702000,Araguaçu - TO,TO,8133.0,0.9,515517.98981595295,181052.14984271437,35.12043292754002,297.0604107238781,0.05762367494293124,Cerrado,ok,
1702109,Araguaína - TO,TO,171301.0,1.4,400461.84149480745,147611.5988384359,36.86034062257836,7235.193089788596,1.806712235748037,Amazônia | Cerrado,ok,
1702158,Araguanã - TO,TO,4310.0,0.6,83482.11963568427,16354.414953497553,19.590320687673206,117.9483652282716,0.14128578160568744,Amazônia,ok,
1702208,Araguatins - TO,TO,31918.0,0.9,263326.9076858468,105453.1195470923,40.04646561714063,1068.2752474792583,0.4056840437870207,Amazônia | Cerrado,ok,
1702307,Arapoema - TO,TO,5550.0,0.9,155815.52175947453,21767.308313177808,13.969922936675738,162.7097876831048,0.10442463359604996,Amazônia,ok,
1702406,Arraias - TO,TO,10287.0,0.5,580307.3773013931,401867.88892213936,69.25086680630325,379.1894633605957,0.06534286452189231,Cerrado,ok,
1702554,Augustinópolis - TO,TO,17484.0,1.0,38876.35378652749,5861.75075187368,15.07793345039744,480.608414886474,1.236248691236645,Amazônia | Cerrado,ok,
1702703,Aurora do Tocantins - TO,TO,3342.0,0.6,69616.00570605256,36082.508739410405,51.83076560261962,86.47746791381823,0.12422066884871522,Cerrado,ok,
1702901,Axixá do Tocantins - TO,TO,10262.0,1.2,15352.159936712605,4296.051446215972,27.983368229134637,208.7450893859856,1.359711534054567,Cerrado,ok,
1703008,Babaçulândia - TO,TO,7880.0,0.8,179032.86474156432,106743.49459747717,59.62229043899981,140.5181533752446,0.0784873512346931,Cerrado,ok,
1703057,Bandeirantes do Tocantins - TO,TO,3407.0,0.8,154053.7613287306,31927.44368393533,20.72487124530919,123.24194451904297,0.07999930897893547,Amazônia | Cerrado,ok,
1703073,Barra do Ouro - TO,TO,4476.0,1.1,110583.5467824618,64053.51801327353,57.92319009199316,253.1308754516606,0.22890464523589177,Cerrado,ok,
1703107,Barrolândia - TO,TO,4846.0,1.0,69779.35233094098,21755.3209664186,31.17730423068435,223.6390845458994,0.32049464071442124,Cerrado,ok,
1703206,Bernardo Sayão - TO,TO,4229.0,0.9,92403.50550563724,11319.971056182496,12.25058615930096,229.5756134155286,0.2484490303255031,Amazônia,ok,
1703305,Bom Jesus do Tocantins - TO,TO,4038.0,1.0,132698.4661048735,87478.36151365594,65.92266216892102,131.7065805175775,0.09925252671231924,Cerrado,ok,
1703602,Brasilândia do Tocantins - TO,TO,1974.0,0.9,64589.147335563954,35102.845378277496,54.347900268609415,99.44354427490218,0.15396324053986507,Amazônia | Cerrado,ok,
1703701,Brejinho de Nazaré - TO,TO,4725.0,0.5,172256.6143851196,87045.16247045064,50.532261290031514,340.02061188355,0.19739190457055836,Cerrado,ok,
1703800,Buriti do Tocantins - TO,TO,10307.0,0.4,25271.751463470853,4293.958044824333,16.99113751981556,267.3334837036109,1.0578352042201313,Amazônia,ok,
1703826,Cachoeirinha - TO,TO,1961.0,0.4,35155.62083931942,27404.976251770368,77.95332751205342,43.73972814941402,0.12441745332653549,Cerrado,ok,
1703842,Campos Lindos - TO,TO,8653.0,0.5,323442.96479769406,220456.80825715876,68.15940745381471,272.8212617065438,0.08434910985842188,Cerrado,ok,
1703867,Cariri do Tocantins - TO,TO,4007.0,0.5,112628.82375207785,36649.07683506375,32.539695980255345,296.5783876770012,0.2633237015151992,Cerrado,ok,
1703883,Carmolândia - TO,TO,2201.0,1.0,33935.117328272485,7096.732150531078,20.912649518434264,90.42847783813458,0.2664746285193939,Amazônia,ok,
1703891,Carrasco Bonito - TO,TO,3318.0,0.7,19034.213718218685,3335.7526174316217,17.525035007034678,103.2617025939939,0.5425057431983991,Amazônia,ok,
1703909,Caseara - TO,TO,4847.0,0.8,168003.07161978883,77840.66947290368,46.33288470407641,146.3344473510778,0.08710224517933236,Cerrado,ok,
1704105,Centenário - TO,TO,2131.0,0.7,195314.15293739847,167850.93472590542,85.93895127492605,88.07069211425778,0.04509181274870846,Cerrado,ok,
1704600,Chapada de Areia - TO,TO,1501.0,0.7,65857.41716029868,30494.084584264558,46.30318937355402,102.3871034179687,0.15546783920899268,Cerrado,ok,
1705102,Chapada da Natividade - TO,TO,3117.0,0.4,164082.28962928057,121398.97408215568,73.98664070110097,111.971254730225,0.06824091435048069,Cerrado,ok,
1705508,Colinas do Tocantins - TO,TO,34233.0,0.9,84248.76032635506,19976.43719879123,23.71125357976587,1195.621067510982,1.4191556800117835,Amazônia | Cerrado,ok,
1705557,Combinado - TO,TO,4756.0,1.4,20878.319448864204,6706.331315851379,32.12103029784904,151.6905349487309,0.72654571322302,Cerrado,ok,
1705607,Conceição do Tocantins - TO,TO,3887.0,0.6,253069.13648643697,202665.9868834285,80.08324906671905,107.0063551025388,0.04228344735679521,Cerrado,ok,
1706001,Couto Magalhães - TO,TO,5331.0,0.9,158414.87191714975,79448.57706941069,50.152221257964925,246.4015526062019,0.15554193215840795,Amazônia | Cerrado,ok,
1706100,Cristalândia - TO,TO,6371.0,0.4,185074.48046476417,104597.2414149261,56.51629611616826,285.361142053224,0.15418719065784608,Cerrado,ok,
1706258,Crixás do Tocantins - TO,TO,1470.0,0.8,98380.6122277147,45133.62687009294,45.87654604712695,80.56866288452159,0.08189485820441426,Cerrado,ok,
1706506,Darcinópolis - TO,TO,5827.0,0.9,164171.97376815585,120450.74053598913,73.36863763731685,227.4261460998551,0.13852921474954488,Amazônia | Cerrado,ok,
1707009,Dianópolis - TO,TO,17739.0,0.7,331804.177331828,254216.63757422927,76.61646686262011,511.476224902349,0.15415002578187437,Cerrado,ok,
1707108,Divinópolis do Tocantins - TO,TO,7024.0,0.5,235830.1052484867,118648.42956582493,50.31097681138243,264.6439182800268,0.11221803849053957,Cerrado,ok,
1707207,Dois Irmãos do Tocantins - TO,TO,6327.0,1.0,374766.6402996046,225163.7043014896,60.08104246458117,156.9325690795869,0.04187474342810455,Amazônia | Cerrado,ok,
1707306,Dueré - TO,TO,4248.0,0.6,342062.07572908903,189588.9731997955,55.42531214420529,188.9879774658202,0.05524961428799183,Cerrado,ok,
1707405,Esperantina - TO,TO,7530.0,1.3,50617.5793837737,12986.145194256425,25.655405399372672,161.4785353332516,0.31901670782980235,Amazônia,ok,
1707553,Fátima - TO,TO,3467.0,1.0,38038.728112640856,15410.495020880127,40.51264536302669,199.9869845947267,0.5257457189486521,Cerrado,ok,
1707652,Figueirópolis - TO,TO,5211.0,0.5,193569.71974822995,75162.72799104557,38.82979635906244,308.9665480468743,0.1596151239195559,Cerrado,ok,
1707702,Filadélfia - TO,TO,7712.0,1.2,199125.30168004043,78279.92321571724,39.311891836578056,307.9661891296384,0.15465949657391417,Cerrado,ok,
1708205,Formoso do Araguaia - TO,TO,18881.0,0.7,1343209.7192328856,1058917.7144346868,78.8348758404935,789.2157286071806,0.05875595726465604,Cerrado,ok,
1708254,Tabocão - TO,TO,3455.0,,62446.60727826097,20803.746608440695,33.31445456394383,204.9765846618651,0.3282429480091578,Amazônia | Cerrado,ok,
1708304,Goianorte - TO,TO,4738.0,1.2,179722.2035862503,88321.2592104177,49.1432096023859,128.679305096437,0.07159900253208426,Amazônia | Cerrado,ok,
1709005,Goiatins - TO,TO,12433.0,0.4,641480.6822061972,542956.8494701089,84.64118476689858,345.7428074157708,0.05389761796515572,Cerrado,ok,
1709302,Guaraí - TO,TO,24775.0,0.8,210679.25044980578,109427.15743525815,51.94016838470247,863.3940317504836,0.40981445961437324,Amazônia | Cerrado,ok,
1709500,Gurupi - TO,TO,85125.0,0.9,184420.49217150468,73515.72931781106,39.86310222480264,3727.829814294328,2.0213750491607922,Cerrado,ok,
1709807,Ipueiras - TO,TO,1590.0,0.4,82117.17758639649,52975.01521817728,64.51149050080492,111.877021191406,0.13624070441741476,Cerrado,ok,
1710508,Itacajá - TO,TO,6819.0,0.3,304726.92763052403,230513.73287243402,75.6460003928264,134.7237626953126,0.04421130870937102,Cerrado,ok,
1710706,Itaguatins - TO,TO,5172.0,1.3,73016.13472407428,33451.02224048493,45.81319234015236,123.2030410888671,0.16873399496487673,Cerrado,ok,
1710904,Itapiratins - TO,TO,3577.0,1.0,124634.0466409849,67256.45880370217,53.96315101397457,128.7192213317879,0.10327773573987416,Cerrado,ok,
1711100,Itaporã do Tocantins - TO,TO,2404.0,,96980.39022952251,20624.582965979844,21.266756008269148,61.63210590209957,0.06355110116203438,Amazônia,ok,
1711506,Jaú do Tocantins - TO,TO,3334.0,0.1,216723.51939942286,132631.3243491781,61.19839910163959,117.3580058288577,0.0541510243807762,Cerrado,ok,
1711803,Juarina - TO,TO,2243.0,1.8,48347.70201134142,16121.007390057455,33.343895820065626,57.3642312744142,0.11864934399768924,Amazônia | Cerrado,ok,
1711902,Lagoa da Confusão - TO,TO,15288.0,0.5,1056311.865495945,905569.5476544127,85.7293737990193,753.9319802246305,0.07137399520459373,Cerrado,ok,
1711951,Lagoa do Tocantins - TO,TO,3516.0,0.8,91761.80926113193,72520.00287401633,79.03070292308854,120.4651001098634,0.1312802145901993,Cerrado,ok,
1712009,Lajeado - TO,TO,3357.0,0.7,31826.95721682678,24703.36534374342,77.6177413864837,258.1523729980476,0.8111123260679267,Cerrado,ok,
1712157,Lavandeira - TO,TO,1626.0,0.6,46803.44478413667,27884.503507994992,59.57788713331209,43.79286120605473,0.09356760257291503,Cerrado,ok,
1712405,Lizarda - TO,TO,2999.0,2.9,571661.3253264514,547386.4596549303,95.75362813678906,142.4436744689941,0.02491749365546997,Cerrado,ok,
1712454,Luzinópolis - TO,TO,2717.0,0.1,28153.33634142473,17270.66163337427,61.34499095925009,97.24541715087905,0.34541347416715384,Cerrado,ok,
1712504,Marianópolis do Tocantins - TO,TO,4615.0,0.8,208956.47841819763,92864.21843378995,44.44189485617909,196.7944858764656,0.09417965279956934,Cerrado,ok,
1712702,Mateiros - TO,TO,2748.0,0.7,958930.3041656732,862732.2991850778,89.96819637853729,79.04868363647442,0.008243423249122523,Cerrado,ok,
1712801,Maurilândia do Tocantins - TO,TO,3095.0,0.5,73630.49821943097,60114.54541989434,81.64354020903556,85.54810695800776,0.11618569618130298,Cerrado,ok,
1713205,Miracema do Tocantins - TO,TO,18566.0,1.1,266376.1592926937,124656.30222930695,46.79709421455199,829.7171258300848,0.31148325286813405,Cerrado,ok,
1713304,Miranorte - TO,TO,12701.0,0.4,103328.1130584611,33703.84903743907,32.61827593654988,463.8160195678735,0.4488768892019301,Amazônia | Cerrado,ok,
1713601,Monte do Carmo - TO,TO,5694.0,0.7,360118.2584432225,258152.21386052985,71.68539995070287,157.9808501159656,0.043869158647748326,Cerrado,ok,
1713700,Monte Santo do Tocantins - TO,TO,2396.0,1.2,107290.20971791752,44047.43224768685,41.05447492692421,139.2532167419439,0.12979116837226998,Cerrado,ok,
1713809,Palmeiras do Tocantins - TO,TO,4872.0,1.1,74342.6334842596,36691.50711676867,49.35459694811225,164.6699299072266,0.2215013407375349,Cerrado,ok,
1713957,Muricilândia - TO,TO,3367.0,0.7,119436.29256845436,34258.49832644544,28.683491081080188,68.22653236694326,0.057123786162266835,Amazônia,ok,
1714203,Natividade - TO,TO,8754.0,0.4,324161.36784485326,258094.23751824233,79.61906109730161,356.8082534667953,0.11007118332421623,Cerrado,ok,
1714302,Nazaré - TO,TO,4521.0,0.7,39599.15754622214,20653.36460626323,52.1560706996243,130.2723801879879,0.32897765573908333,Cerrado,ok,
1714880,Nova Olinda - TO,TO,10367.0,0.8,156786.1841708782,79802.23794759641,50.89876915469893,381.6130100769043,0.24339709018046624,Amazônia | Cerrado,ok,
1715002,Nova Rosalândia - TO,TO,3362.0,1.4,51477.31940104394,19296.915312018155,37.48624741253877,189.4764591979975,0.3680775561016392,Cerrado,ok,
1715101,Novo Acordo - TO,TO,3969.0,0.9,267825.77505873743,234358.20477765854,87.50397706354475,188.7605765441903,0.07047886877310176,Cerrado,ok,
1715150,Novo Alegre - TO,TO,1846.0,0.8,20041.05227051496,6011.416702300925,29.99551431311376,64.17490527954115,0.3202172441511833,Cerrado,ok,
1715259,Novo Jardim - TO,TO,2230.0,0.5,121393.05916171632,108113.66007211035,89.06082507409624,111.2820591613767,0.09167085822685295,Cerrado,ok,
1715507,Oliveira de Fátima - TO,TO,1164.0,,20929.18784407328,7562.441671783308,36.13346933538483,79.26857387084961,0.3787465355149787,Cerrado,ok,
1715705,Palmeirante - TO,TO,4798.0,0.5,263845.93476409727,164724.90952537121,62.43223329275494,305.0728324768057,0.115625367792598,Cerrado,ok,
1715754,Palmeirópolis - TO,TO,6975.0,0.8,170893.5400792639,109942.37991794932,64.33384191523905,280.6239164062498,0.1642097859732385,Cerrado,ok,
1716109,Paraíso do Tocantins - TO,TO,52360.0,1.2,129224.4333559139,49560.88602160492,38.35256594633525,2143.251490399189,1.6585497299076408,Cerrado,ok,
1716208,Paranã - TO,TO,10542.0,0.7,1121737.309820595,924324.0645933965,82.40111624184348,268.4748227050786,0.023933840869393666,Cerrado,ok,
1716307,Pau D'Arco - TO,TO,4043.0,0.7,137554.210516444,35770.706513281344,26.004806671479614,144.4018207031254,0.1049781174716297,Amazônia | Cerrado,ok,
1716505,Pedro Afonso - TO,TO,14055.0,1.3,201954.95141835077,120311.44847772474,59.57340864027588,637.3064414795077,0.3155686141902626,Cerrado,ok,
1716604,Peixe - TO,TO,9317.0,0.8,530358.0611328766,248417.3213962983,46.83954852419214,442.6442081787119,0.08346138969457678,Cerrado,ok,
1716653,Pequizeiro - TO,TO,4921.0,0.3,120615.60065743771,24740.95690542599,20.512236203750437,120.34658988647462,0.09977696851029484,Amazônia | Cerrado,ok,
1716703,Colméia - TO,TO,8941.0,0.6,116099.77313891958,42638.90610245336,36.726089078084264,303.6129824462901,0.2615104011297257,Amazônia | Cerrado,ok,
1717008,Pindorama do Tocantins - TO,TO,4478.0,0.3,156055.87229160414,120725.32747991201,77.36032339387147,143.6602023437497,0.09205690259146926,Cerrado,ok,
1717206,Piraquê - TO,TO,2282.0,1.6,136351.18794729136,47379.80128150518,34.74835972813128,47.235396594238146,0.03464245328944087,Amazônia | Cerrado,ok,
1717503,Pium - TO,TO,7128.0,0.7,1000333.5142324732,763653.3662962434,76.33987619440826,215.5245102172855,0.021545265369085548,Cerrado,ok,
1717800,Ponte Alta do Bom Jesus - TO,TO,4220.0,0.6,171877.82969193684,138316.53985245252,80.47375283965506,221.7536020812998,0.12901815346328097,Cerrado,ok,
1717909,Ponte Alta do Tocantins - TO,TO,7586.0,1.2,654286.5455941434,604285.5679018269,92.35793888335093,216.5993806152329,0.033104666766232166,Cerrado,ok,
1718006,Porto Alegre do Tocantins - TO,TO,2866.0,0.2,50674.91651881112,38106.871602831954,75.19868649154309,114.7778118774423,0.2264982752065027,Cerrado,ok,
1718204,Porto Nacional - TO,TO,64418.0,1.3,443467.7591859344,214801.74598918995,48.436834818273496,5595.705481176916,1.2618066060650834,Cerrado,ok,
1718303,Praia Norte - TO,TO,9044.0,0.3,30100.59301213444,5990.124577496212,19.900354039807176,128.7978640075682,0.4278914503632735,Cerrado,ok,
1718402,Presidente Kennedy - TO,TO,3047.0,0.5,77172.1158731374,42581.405330475565,55.17719042519812,140.8759994995114,0.18254779968855112,Amazônia | Cerrado,ok,
1718451,Pugmil - TO,TO,2193.0,0.4,40118.740548976006,14634.069283520595,36.476891057075115,113.9081228759758,0.28392746461449725,Cerrado,ok,
1718501,Recursolândia - TO,TO,3421.0,0.8,221564.28790202166,193523.70588801583,87.34426821239093,81.93619859619152,0.03698077852348871,Cerrado,ok,
1718550,Riachinho - TO,TO,3960.0,1.5,51212.95733999027,15403.974645234544,30.078275978032927,87.51211310424797,0.17087885107527867,Amazônia | Cerrado,ok,
1718659,Rio da Conceição - TO,TO,1768.0,0.3,84581.5908335129,76289.74864594557,90.196634863621,98.28919978027305,0.11620637400133756,Cerrado,ok,
1718709,Rio dos Bois - TO,TO,2738.0,0.9,84726.20919538726,45553.29837812076,53.76529743360784,73.85887069702191,0.08717358111313094,Cerrado,ok,
1718758,Rio Sono - TO,TO,4841.0,0.3,634630.6735025612,567752.3570589947,89.4618525016351,205.7319957824724,0.03241759410194064,Cerrado,ok,
1718808,Sampaio - TO,TO,4215.0,1.0,22248.282410729804,8923.506358367904,40.10874274979679,128.98690549926712,0.5797611838883342,Amazônia | Cerrado,ok,
1718840,Sandolândia - TO,TO,3723.0,0.7,353513.1369681942,200585.61552855483,56.74063975353811,160.965253070069,0.045533032930697326,Cerrado,ok,
1718865,Santa Fé do Araguaia - TO,TO,7216.0,0.8,167127.5261481619,51906.68753193766,31.058131911748244,200.867090441894,0.1201879158217308,Amazônia,ok,
1718881,Santa Maria do Tocantins - TO,TO,2680.0,0.8,141229.50806696824,102737.73908570253,72.74523609965867,106.1409060302734,0.07515490741491748,Cerrado,ok,
1718899,Santa Rita do Tocantins - TO,TO,2219.0,0.6,328117.4894006779,195127.95572615808,59.46892867020546,114.8771651977538,0.035010985061351765,Cerrado,ok,
1718907,Santa Rosa do Tocantins - TO,TO,4653.0,0.8,180473.68766265883,107163.70647590182,59.37913047812935,300.8876538513181,0.16672106485336347,Cerrado,ok,
1719004,Santa Tereza do Tocantins - TO,TO,2781.0,1.4,53950.02987590776,40112.29639914334,74.35083259714027,85.00724777221666,0.15756663706719834,Cerrado,ok,
1720002,Santa Terezinha do Tocantins - TO,TO,2406.0,0.1,27409.857017998573,13286.190269854776,48.47230783119537,55.61829340209966,0.20291347512531033,Cerrado,ok,
1720101,São Bento do Tocantins - TO,TO,5654.0,0.5,109960.18944567087,69886.85513462915,63.55650666567726,150.89104677734406,0.13722334195495026,Amazônia | Cerrado,ok,
1720150,São Félix do Tocantins - TO,TO,1783.0,0.5,191309.41032029898,189503.0568718493,99.05579477484908,114.5294991760255,0.059866108512004176,Cerrado,ok,
1720200,São Miguel do Tocantins - TO,TO,13241.0,0.8,40694.10502385505,12135.9665680301,29.822419146252134,430.0890060241701,1.0568828231313852,Cerrado,ok,
1720259,São Salvador do Tocantins - TO,TO,2385.0,0.1,142473.6662501373,100777.96581865624,70.73445112426812,140.0529651733396,0.09830094842049777,Cerrado,ok,
1720309,São Sebastião do Tocantins - TO,TO,4100.0,0.2,28959.54361818042,7973.95055995492,27.534793590286345,101.8512537902831,0.3517018608205629,Amazônia,ok,
1720499,São Valério - TO,TO,4422.0,1.3,252048.77290237465,170746.47129396434,67.7434249442266,223.2434693969727,0.08857153590802878,Cerrado,ok,
1720655,Silvanópolis - TO,TO,5108.0,0.4,125875.19186649934,78230.65251364252,62.14938094919636,330.4764839294438,0.26254298327500497,Cerrado,ok,
1720804,Sítio Novo do Tocantins - TO,TO,10830.0,1.8,30711.009549057297,7949.252395134934,25.884047811703876,212.3983428161621,0.691603258684415,Cerrado,ok,
1720853,Sucupira - TO,TO,1577.0,0.3,101824.87554265662,31642.27943957516,31.075195791739052,79.44874190063489,0.07802488485964523,Cerrado,ok,
1720903,Taguatinga - TO,TO,14011.0,1.1,234190.89740912372,146697.54885247903,62.640158296248075,462.0166663513115,0.19728207691359742,Cerrado,ok,
1720937,Taipas do Tocantins - TO,TO,2021.0,0.7,110527.49027437094,68475.48059298613,61.95334791643613,65.39983873901369,0.059170653903989505,Cerrado,ok,
1720978,Talismã - TO,TO,2456.0,0.6,215556.5927817404,76927.02781171825,35.687624683142914,130.4356834289547,0.06051110835706427,Cerrado,ok,
1721000,Palmas - TO,TO,302692.0,1.1,222733.94301484895,153849.61558926015,69.07326898936257,12414.80370892256,5.573826575725328,Cerrado,ok,
1721109,Tocantínia - TO,TO,7459.0,0.5,260976.09093789692,240666.32248685963,92.21776662450266,188.7099551330576,0.07230928873785757,Cerrado,ok,
1721208,Tocantinópolis - TO,TO,22615.0,1.3,108359.60935369784,85458.3200172485,78.86547443919166,596.4842032348721,0.5504672883120879,Cerrado,ok,
1721257,Tupirama - TO,TO,1909.0,0.2,70685.80250632005,34834.19276465134,49.28032437848719,81.4414080444336,0.11521607615214086,Cerrado,ok,
1721307,Tupiratins - TO,TO,1874.0,1.0,88912.36006935814,65942.20043494564,74.1653920596708,60.24397111206046,0.06775657632422057,Cerrado,ok,
1722081,Wanderlândia - TO,TO,10522.0,0.9,136536.73657554507,96699.82157133333,70.82329927947987,448.5146840942381,0.32849377782372674,Amazônia | Cerrado,ok,
1722107,Xambioá - TO,TO,10517.0,0.7,119047.9276327944,29830.825433694507,25.05782841151864,307.5194205078106,0.25831564364258414,Amazônia,ok,
2100055,Açailândia - MA,MA,106550.0,1.2,580514.69435399,157788.2669720323,27.180753305068816,3026.298587615963,0.5213130032795633,Amazônia,ok,
2100105,Afonso Cunha - MA,MA,6144.0,1.4,37175.88394204827,28649.45301606562,77.06461818292176,66.34339019165061,0.17845813779457187,Cerrado,ok,
2100154,Água Doce do Maranhão - MA,MA,12142.0,0.4,44225.22961879779,41460.867295335884,93.74935450355034,299.0216644470216,0.676133661768312,Cerrado,ok,
2100204,Alcântara - MA,MA,18467.0,0.6,116548.1956076198,105485.2117741786,90.50780342349812,711.9913765624989,0.6108986697310564,Amazônia,ok,
2100303,Aldeias Altas - MA,MA,23286.0,0.5,194343.94378258285,161066.0305331402,82.87679430511535,428.9035350769007,0.22069302841601549,Cerrado,ok,
2100402,Altamira do Maranhão - MA,MA,6447.0,1.2,52433.91949532792,10365.586293054455,19.768856482258727,83.81630361328118,0.15985130316407026,Amazônia,ok,
2100436,Alto Alegre do Maranhão - MA,MA,24048.0,1.1,39275.416645767196,21855.458417318016,55.64666217149712,508.5831024353001,1.2949145951074494,Cerrado,ok,
2100477,Alto Alegre do Pindaré - MA,MA,25710.0,1.1,187564.85494636762,62024.103649230405,33.0680839259389,532.3377949340821,0.2838153208853007,Amazônia,ok,
2100501,Alto Parnaíba - MA,MA,11109.0,0.5,1112737.2229289596,985648.1105788194,88.57869497565518,260.8188365478426,0.023439391724607923,Cerrado,ok,
2100550,Amapá do Maranhão - MA,MA,7170.0,0.7,49372.406335904605,14282.139856554588,28.927372426181158,141.904544787598,0.28741670766896,Amazônia,ok,
2100600,Amarante do Maranhão - MA,MA,37085.0,0.5,744216.8371451551,511595.6512719673,68.74282141136018,759.5199357604981,0.10205626879849243,Amazônia | Cerrado,ok,
2100709,Anajatuba - MA,MA,25322.0,0.4,94050.35110477236,69049.74812600535,73.41785258099009,255.8977185546875,0.27208587267219947,Amazônia,ok,
2100808,Anapurus - MA,MA,13793.0,0.7,60890.27593329006,38128.36511095145,62.618151300092606,350.4536924987797,0.5755495226901721,Cerrado,ok,
2100832,Apicum-Açu - MA,MA,17519.0,1.2,33671.92359312102,25483.169774676306,75.68076621521668,381.771474633789,1.1337976387894355,Amazônia,ok,
2100873,Araguanã - MA,MA,11181.0,0.5,80519.24643464258,13582.431177422885,16.868552276439562,165.9664078857422,0.20612017031289162,Amazônia,ok,
2100907,Araioses - MA,MA,39052.0,1.8,178694.55585451206,159173.21861364896,89.07558366984789,752.1464482421901,0.42091178695704984,Cerrado,ok,
2100956,Arame - MA,MA,25517.0,1.7,297602.99338283204,147650.8667678589,49.613367489863606,230.25674661865253,0.07737044039824346,Amazônia | Cerrado,ok,
2101004,Arari - MA,MA,29472.0,1.5,109981.94701438844,77654.9886072526,70.6070320769038,347.8479701599115,0.3162773342377764,Amazônia | Cerrado,ok,
2101103,Axixá - MA,MA,11790.0,0.9,16044.308904473675,12840.385424609192,80.0307791445531,135.5424527893069,0.844800817513014,Amazônia,ok,
2101202,Bacabal - MA,MA,103711.0,1.3,165670.99722584547,52549.654032837,31.719283949984582,1798.1967698303085,1.0854022731443915,Amazônia | Cerrado,ok,
2101251,Bacabeira - MA,MA,16966.0,1.0,54295.95275299192,44853.38319867054,82.60907291326414,495.7903024597164,0.9131257070213145,Amazônia,ok,
2101301,Bacuri - MA,MA,16290.0,0.6,83206.4448241273,64452.66092039851,77.46114024776747,352.3417206481928,0.4234548434234081,Amazônia,ok,
2101350,Bacurituba - MA,MA,5252.0,0.3,41361.94667202773,28800.188201855,69.6296729702328,176.8996498107903,0.42768695393735917,Amazônia,ok,
2101400,Balsas - MA,MA,101767.0,1.2,1314115.0090478903,881013.0799567936,67.04231166152724,3461.508273968561,0.26340984237570736,Cerrado,ok,
2101509,Barão de Grajaú - MA,MA,18984.0,0.8,220937.63886684572,209934.95849229104,95.0200063551934,585.7734317382824,0.2651306652603974,Cerrado,ok,
2101608,Barra do Corda - MA,MA,84532.0,1.3,518770.0509579508,386290.1493074867,74.46269278540092,2297.20133001098,0.4428168753706989,Cerrado,ok,
2101707,Barreirinhas - MA,MA,65589.0,0.6,303977.10921719903,237095.28559355927,77.99774338407465,3074.318540747036,1.0113651480744759,Cerrado,ok,
2101731,Belágua - MA,MA,8460.0,0.8,56960.16583620539,54191.28368067557,95.13891486290258,102.0301698730472,0.17912547896444872,Cerrado,ok,
2101772,Bela Vista do Maranhão - MA,MA,11750.0,0.6,14794.298834075322,4596.754171527077,31.071118834908845,260.6762057800307,1.7620044633654557,Amazônia,ok,
2101806,Benedito Leite - MA,MA,5469.0,0.5,178459.62778884373,156345.8456924084,87.60852391634441,251.0843335083009,0.1406953139033708,Cerrado,ok,
2101905,Bequimão - MA,MA,19584.0,1.1,79022.32332962287,64929.14375873664,82.16557173078817,310.7372028015138,0.39322711571684277,Amazônia,ok,
2101939,Bernardo do Mearim - MA,MA,5840.0,0.8,24715.9714895508,12075.31548790271,48.85632552622018,78.2405864318845,0.3165588148738655,Cerrado,ok,
2101970,Boa Vista do Gurupi - MA,MA,7574.0,1.4,40036.81359982074,12964.396686419464,32.38119001177833,208.5541408203131,0.5209059414789364,Amazônia,ok,
2102002,Bom Jardim - MA,MA,33100.0,0.6,657987.1574348733,409567.13642124715,62.245460537242415,600.4830495849613,0.09126060331115146,Amazônia,ok,
2102036,Bom Jesus das Selvas - MA,MA,28599.0,0.9,267694.4283067029,100180.70351805414,37.423529563818605,638.7126931762693,0.2385976791584483,Amazônia,ok,
2102077,Bom Lugar - MA,MA,12212.0,1.3,44516.60542010583,2791.765473522947,6.271290111132445,162.0672457885751,0.36406020688041446,Amazônia | Cerrado,ok,
2102101,Brejo - MA,MA,34120.0,0.9,107325.76395537949,68653.45332536199,63.96735582884325,674.3110519836505,0.6282844185148257,Cerrado,ok,
2102150,Brejo de Areia - MA,MA,9218.0,0.8,98605.80602363155,46997.08084148313,47.6615756583542,62.49338914794907,0.06337698728710975,Amazônia | Cerrado,ok,
2102200,Buriti - MA,MA,29685.0,1.2,147573.84361209598,104174.45683555359,70.59140989061754,252.5013236022949,0.17110167860505496,Cerrado,ok,
2102309,Buriti Bravo - MA,MA,22455.0,1.3,158170.6406862655,113599.94697818496,71.82113348299109,475.7755535827671,0.30079890396756814,Cerrado,ok,
2102325,Buriticupu - MA,MA,55499.0,1.2,255355.6977215376,101795.3161418168,39.86412562950657,1339.790070867915,0.5246760040298534,Amazônia,ok,
2102358,Buritirana - MA,MA,12918.0,0.8,82124.3361987137,29504.745253516274,35.92692083638224,325.3401196044921,0.39615555469121444,Amazônia | Cerrado,ok,
2102374,Cachoeira Grande - MA,MA,9732.0,0.7,70722.47080380504,64198.35298440805,90.77504257805712,128.0310700317382,0.18103308407721783,Amazônia | Cerrado,ok,
2102408,Cajapió - MA,MA,10121.0,1.4,54522.53920330944,43311.88114859142,79.43848870846875,196.3451144409179,0.3601173336934389,Amazônia,ok,
2102507,Cajari - MA,MA,16412.0,1.2,66207.03461204817,40776.107006476144,61.58878319412877,100.0447924865721,0.15110900687940831,Amazônia,ok,
2102556,Campestre do Maranhão - MA,MA,12301.0,0.9,61355.91071917287,18117.393611041116,29.528359042643437,409.2776656249989,0.6670549924656327,Cerrado,ok,
2102606,Cândido Mendes - MA,MA,19932.0,0.7,162057.90243265333,113724.77010428873,70.17539311392082,250.9420273254387,0.15484714016320375,Amazônia,ok,
2102705,Cantanhede - MA,MA,24303.0,0.9,77301.63634861795,60487.08400552167,78.24812884003471,250.981285534669,0.32467784304433583,Cerrado,ok,
2102754,Capinzal do Norte - MA,MA,11374.0,1.4,59027.453477295756,38659.43262404843,65.49398685972172,284.6866989318847,0.48229541028969886,Cerrado,ok,
2102804,Carolina - MA,MA,24062.0,1.1,626759.0650323072,439286.17048887594,70.08852284669106,653.51333522339,0.10426866904425286,Cerrado,ok,
2102903,Carutapera - MA,MA,24238.0,1.6,125539.65505753443,93812.32426591596,74.72724393174576,382.3572250915537,0.30457087437138536,Amazônia,ok,
2103000,Caxias - MA,MA,156973.0,1.0,520063.3566345549,445004.5509218536,85.56737275273085,3020.617033935617,0.5808171245678024,Cerrado,ok,
2103109,Cedral - MA,MA,10208.0,0.9,28414.95692370774,25495.661323909135,89.72620086091729,319.2312172790537,1.1234619082343433,Amazônia,ok,
2103125,Central do Maranhão - MA,MA,7094.0,0.6,31964.898235002234,27837.65655160984,87.08820640363254,156.869547521972,0.4907556606896892,Amazônia,ok,
2103158,Centro do Guilherme - MA,MA,12342.0,0.6,113469.76965691707,46422.627280552435,40.91188994294617,180.8701742309572,0.15939943720501898,Amazônia,ok,
2103174,Centro Novo do Maranhão - MA,MA,16267.0,0.8,840114.0294741406,667067.5720591353,79.40202742200107,284.6129979736321,0.033877900854933016,Amazônia,ok,
2103208,Chapadinha - MA,MA,81386.0,1.0,324875.46262193285,285647.6443490325,87.92527513272034,1564.608716125472,0.48160261273602356,Cerrado,ok,
2103257,Cidelândia - MA,MA,12878.0,0.5,146284.12079376652,43819.2701466162,29.954905500914382,340.14863030395173,0.23252601065531794,Amazônia | Cerrado,ok,
2103307,Codó - MA,MA,114275.0,1.3,436156.0333231545,312247.8277844761,71.59085371475923,1923.520460418666,0.4410165888943467,Cerrado,ok,
2103406,Coelho Neto - MA,MA,41658.0,0.9,97665.89230555347,86275.95144847341,88.33785205028798,736.349659521487,0.7539476086674904,Cerrado,ok,
2103505,Colinas - MA,MA,40316.0,0.7,197870.67659509846,145641.10734871143,73.6041892891163,798.2142195190609,0.40340197610606127,Cerrado,ok,
2103554,Conceição do Lago-Açu - MA,MA,14915.0,0.8,72712.91935058495,36600.19388416048,50.33520069204324,149.3271153686527,0.20536531431047736,Amazônia,ok,
2103604,Coroatá - MA,MA,59566.0,1.2,226373.85494962102,135910.54737358025,60.0380938001108,869.5179515869086,0.3841070567890527,Cerrado,ok,
2103703,Cururupu - MA,MA,31558.0,0.9,122132.7695030384,105779.52835960557,86.6102756778753,714.656986608879,0.5851476139588401,Amazônia,ok,
2103752,Davinópolis - MA,MA,14404.0,0.9,33225.1264301632,11163.621628454486,33.599937240027074,501.9865257019019,1.5108641550455528,Cerrado,ok,
2103802,Dom Pedro - MA,MA,23053.0,0.9,35849.93550373613,18964.54838779374,52.89981173276402,482.6325659728994,1.3462578361475752,Cerrado,ok,
2103901,Duque Bacelar - MA,MA,10223.0,0.5,31748.403773866412,26268.419278981204,82.73933853834869,108.1624476684573,0.3406862544613687,Cerrado,ok,
2104008,Esperantinópolis - MA,MA,18311.0,1.5,45243.8789935288,30625.700931162588,67.69026355044173,336.9059065124525,0.7446441684645119,Cerrado,ok,
2104057,Estreito - MA,MA,33294.0,1.0,271995.1122657634,152908.94666920038,56.217534717974914,1040.044133300739,0.38237603780340124,Cerrado,ok,
2104073,Feira Nova do Maranhão - MA,MA,8048.0,1.0,162606.56493695753,99926.96552751826,61.45321719714077,123.2763338867187,0.07581264257966022,Cerrado,ok,
2104081,Fernando Falcão - MA,MA,10873.0,0.8,508658.99838980206,478406.49812191236,94.05249875384959,146.418097192383,0.028785118843052102,Cerrado,ok,
2104099,Formosa da Serra Negra - MA,MA,17719.0,0.9,369056.2408233548,212643.14270370887,57.61808612944943,370.5649382324199,0.10040879877974673,Cerrado,ok,
2104107,Fortaleza dos Nogueiras - MA,MA,12640.0,1.1,185331.70386249758,117204.63781751531,63.240468508546435,328.2198828369131,0.1770986161549715,Cerrado,ok,
2104206,Fortuna - MA,MA,16976.0,1.0,83564.63602772089,49009.24650295458,58.64830965900067,310.5691211303712,0.3716513777758167,Cerrado,ok,
2104305,Godofredo Viana - MA,MA,10186.0,0.8,67340.06572307482,52293.21165895116,77.65542117823077,161.4945105346673,0.2398193539026046,Amazônia,ok,
2104404,Gonçalves Dias - MA,MA,17206.0,0.9,88360.54456596254,49890.90896745442,56.46288081691265,254.7565916076662,0.28831487272861517,Cerrado,ok,
2104503,Governador Archer - MA,MA,10231.0,0.9,44584.41597002027,26083.15395386391,58.50284990029455,145.5301511169432,0.3264148423852888,Cerrado,ok,
2104552,Governador Edison Lobão - MA,MA,18411.0,1.0,61597.984278318334,22940.365687694513,37.242072052298006,968.375444476313,1.5720895023137438,Cerrado,ok,
2104602,Governador Eugênio Barros - MA,MA,13930.0,0.7,64701.19981832031,38672.376134000064,59.77072487464117,289.3132384338375,0.44715281825719366,Cerrado,ok,
2104628,Governador Luiz Rocha - MA,MA,7063.0,1.1,40157.95373422956,22688.36184810876,56.49780364373947,116.8571054565428,0.29099367520047953,Cerrado,ok,
2104651,Governador Newton Bello - MA,MA,10713.0,2.4,114434.27487459531,18894.58174859014,16.51129591138326,114.7646307128912,0.10028868609396784,Amazônia,ok,
2104677,Governador Nunes Freire - MA,MA,23128.0,1.3,104919.2268650387,19777.75491954343,18.850458119543955,426.5013551269501,0.4065044776545807,Amazônia,ok,
2104701,Graça Aranha - MA,MA,6023.0,0.7,27143.96713108386,15127.366057506391,55.73012221998794,147.4900545898431,0.5433621912286549,Cerrado,ok,
2104800,Grajaú - MA,MA,73872.0,0.8,886133.6413308495,605456.5950406669,68.3256527910796,2530.097967376707,0.28552103761424197,Amazônia | Cerrado,ok,
2104909,Guimarães - MA,MA,10290.0,0.8,47863.41291403858,43673.925890460676,91.24699479516408,255.77476678467,0.5343847235549932,Amazônia,ok,
2105005,Humberto de Campos - MA,MA,25680.0,0.8,171210.24217254107,159920.23901085896,93.40576649012368,765.2833245056174,0.44698454648197133,Amazônia | Cerrado,ok,
2105104,Icatu - MA,MA,24794.0,0.8,112435.59980004247,96352.24646862784,85.69549736914503,406.3145981689457,0.36137539968794846,Amazônia | Cerrado,ok,
2105153,Igarapé do Meio - MA,MA,13974.0,1.5,36870.31175831207,18979.24387385816,51.47568048317211,258.8370647705087,0.702020277092331,Amazônia,ok,
2105203,Igarapé Grande - MA,MA,10231.0,1.4,34610.70993530932,13006.994708959433,37.5808376461238,147.7439666259772,0.42687355128549687,Cerrado,ok,
2105302,Imperatriz - MA,MA,273110.0,1.4,136904.06367000876,42766.036718350355,31.237960051670115,6242.167470721322,4.559519493714472,Amazônia | Cerrado,ok,
2105351,Itaipava do Grajaú - MA,MA,13828.0,0.5,124445.34182898475,76279.4278708898,61.295526815069145,223.50073179321325,0.1795975072336194,Amazônia | Cerrado,ok,
2105401,Itapecuru Mirim - MA,MA,60440.0,0.9,148064.91350848126,109506.51058745514,73.95844700316698,1097.8086786987399,0.741437422739491,Amazônia | Cerrado,ok,
2105427,Itinga do Maranhão - MA,MA,22513.0,1.3,358344.7465393602,143464.13780251774,40.0352284184414,590.2825879577638,0.1647247779291576,Amazônia,ok,
2105450,Jatobá - MA,MA,7471.0,0.3,59164.705796696726,38420.25835067966,64.93780005042251,149.3384949707028,0.2524114553765611,Cerrado,ok,
2105476,Jenipapo dos Vieiras - MA,MA,17076.0,0.8,196236.4968195375,134767.88998581894,68.67626163840146,230.8947352050779,0.11766146407383776,Cerrado,ok,
2105500,João Lisboa - MA,MA,24709.0,1.3,113508.59212161714,22568.48339001482,19.88262119032729,693.047188549807,0.6105680421154829,Amazônia | Cerrado,ok,
2105609,Joselândia - MA,MA,14924.0,0.5,70312.79465287029,48256.691785114825,68.63145181948035,283.3257366638188,0.40295047019902935,Cerrado,ok,
2105658,Junco do Maranhão - MA,MA,5146.0,0.4,56845.48302815247,8522.882874969217,14.99306967054585,131.8836394104003,0.2320037272707939,Amazônia,ok,
2105708,Lago da Pedra - MA,MA,44403.0,0.7,124044.1037874451,53855.32732367847,43.416273469927994,775.9340226928738,0.625530758013674,Amazônia | Cerrado,ok,
2105807,Lago do Junco - MA,MA,9506.0,0.6,32850.25042156301,12240.14345566378,37.260426628678935,122.80411359863427,0.3738300683334373,Amazônia | Cerrado,ok,
2105906,Lago Verde - MA,MA,14769.0,1.9,63143.58191571645,15520.147837603856,24.579137525520846,164.0970898132321,0.2598792859617428,Amazônia,ok,
2105922,Lagoa do Mato - MA,MA,10572.0,0.7,151299.29671345506,125642.54731586593,83.04238687495004,178.3633910522465,0.11788778594922882,Cerrado,ok,
2105948,Lago dos Rodrigues - MA,MA,8758.0,1.2,22078.59071544754,10108.810209094076,45.785577256166675,172.17037670288204,0.7798069130491244,Amazônia | Cerrado,ok,
2105963,Lagoa Grande do Maranhão - MA,MA,11411.0,0.8,74418.35820846546,34101.410450017735,45.823922041508474,270.7709155212405,0.36384962264652454,Cerrado,ok,
2105989,Lajeado Novo - MA,MA,7057.0,0.4,106363.78954201707,50594.16073456544,47.56709116177093,171.2073782958986,0.16096397000622684,Cerrado,ok,
2106003,Lima Campos - MA,MA,11297.0,1.0,32192.620699889543,20188.430714855996,62.711361411235664,214.7942562133806,0.667215813884073,Cerrado,ok,
2106102,Loreto - MA,MA,11597.0,0.5,359676.81615981035,259814.3905780384,72.23551224458087,383.4221035827642,0.10660183986181734,Cerrado,ok,
2106201,Luís Domingues - MA,MA,7161.0,0.5,45718.57642180708,30470.526365051464,66.64802089182609,111.8063636108397,0.24455346679935056,Amazônia,ok,
2106300,Magalhães de Almeida - MA,MA,13807.0,0.7,43446.51053284684,31482.200636550973,72.4619773842355,281.307027825928,0.647478990546897,Cerrado,ok,
2106326,Maracaçumé - MA,MA,21149.0,0.8,63575.61840067614,16213.718410248066,25.503044749110344,446.0876459838894,0.7016646588830431,Amazônia,ok,
2106359,Marajá do Sena - MA,MA,7027.0,0.7,140265.6783298456,75635.75414231373,53.92320847331619,62.64600047607397,0.04466238727962877,Amazônia | Cerrado,ok,
2106375,Maranhãozinho - MA,MA,13761.0,0.9,78164.76319584674,10272.968821520888,13.142710860367243,233.6873418701182,0.29896763236472657,Amazônia,ok,
2106409,Mata Roma - MA,MA,17090.0,0.8,54860.72568291165,43322.1332256179,78.96748117408177,336.0143586669909,0.612486172000555,Cerrado,ok,
2106508,Matinha - MA,MA,22034.0,0.8,41063.46906654067,14626.822196307323,35.62003534724627,171.7561420410158,0.41826992688488207,Amazônia,ok,
2106607,Matões - MA,MA,32174.0,0.7,210867.71389647602,174568.41769067198,82.78574963655892,712.2420130798387,0.337767219039283,Cerrado,ok,
2106631,Matões do Norte - MA,MA,17432.0,0.2,79444.23669606065,43721.58618831939,55.03430834837057,86.36645335083,0.10871330249071749,Amazônia | Cerrado,ok,
2106672,Milagres do Maranhão - MA,MA,8818.0,0.6,63479.634881098915,47172.91017705847,74.31188012567512,101.544945013428,0.15996460156651446,Cerrado,ok,
2106706,Mirador - MA,MA,21030.0,1.0,852288.4552018915,779560.7427131508,91.46677254105093,391.2824054565431,0.045909621685988396,Cerrado,ok,
2106755,Miranda do Norte - MA,MA,23864.0,0.7,34111.26307030112,15888.817586560548,46.57938802739353,363.7879009460451,1.0664744374792035,Amazônia | Cerrado,ok,
2106805,Mirinzal - MA,MA,13978.0,1.4,68702.9048143359,63175.7126672716,91.95493674976176,351.7386875183099,0.5119706196831932,Amazônia,ok,
2106904,Monção - MA,MA,27751.0,0.6,124556.1098365678,50559.49342800565,40.59174093855823,336.7739889099126,0.2703793409667334,Amazônia,ok,
2107001,Montes Altos - MA,MA,9106.0,0.7,148916.4711072432,89216.48954779933,59.910424202537996,223.4371001525883,0.15004189831471265,Cerrado,ok,
2107100,Morros - MA,MA,18554.0,1.4,171218.2851672612,165662.58476149337,96.75519445815,308.40088262329056,0.18012146443472274,Amazônia | Cerrado,ok,
2107209,Nina Rodrigues - MA,MA,14176.0,0.7,57092.000823724644,52083.55613473535,91.22741431947148,123.41676427612285,0.21617172720427216,Amazônia | Cerrado,ok,
2107258,Nova Colinas - MA,MA,5021.0,0.8,74314.90169287258,53084.67870268732,71.43207821504605,133.7134655517578,0.17992820081276115,Cerrado,ok,
2107308,Nova Iorque - MA,MA,4320.0,0.4,97831.34096858591,77874.48968298413,79.60075872617344,180.3482429260255,0.18434608085760182,Cerrado,ok,
2107357,Nova Olinda do Maranhão - MA,MA,14314.0,0.9,245256.25651255745,149696.9314314748,61.03694705289205,224.3956799072259,0.09149437535174014,Amazônia,ok,
2107407,Olho d'Água das Cunhãs - MA,MA,17919.0,1.2,69534.17130825002,3828.4532150511773,5.505858692238333,309.1597185913081,0.44461552179975034,Amazônia,ok,
2107456,Olinda Nova do Maranhão - MA,MA,13577.0,0.4,19987.956347851738,9125.364653332761,45.65431550141211,154.0948598815921,0.770938545191259,Amazônia,ok,
2107506,Paço do Lumiar - MA,MA,145643.0,1.3,12509.003069018427,4247.547598065187,33.955924182201755,4681.650492742834,37.42624785453986,Amazônia,ok,
2107605,Palmeirândia - MA,MA,21059.0,0.6,53214.36826949992,37201.23614648344,69.9082547745014,171.9109896545413,0.3230537075699402,Amazônia,ok,
2107704,Paraibano - MA,MA,18274.0,1.0,53052.422986932885,40887.11256896336,77.06926520403053,316.2161023010262,0.5960445998459147,Cerrado,ok,
2107803,Parnarama - MA,MA,31250.0,1.0,324649.4858105798,234423.30202735533,72.20812361431926,579.1870541564973,0.17840381071616118,Cerrado,ok,
2107902,Passagem Franca - MA,MA,17220.0,0.5,135834.43561891615,110719.99230108791,81.51098931327925,408.2042311523361,0.3005160136988783,Cerrado,ok,
2108009,Pastos Bons - MA,MA,18802.0,0.6,163517.8128968062,131070.32288769168,80.15660224761466,551.3084983825705,0.3371550099746586,Cerrado,ok,
2108058,Paulino Neves - MA,MA,17056.0,0.6,97564.22512999176,83514.86249451207,85.59988293171936,758.0542664977876,0.776979743843379,Cerrado,ok,
2108108,Paulo Ramos - MA,MA,20341.0,1.3,116859.76977490829,54858.83706991051,46.944159804163505,329.7085180053706,0.2821403111100125,Amazônia | Cerrado,ok,
2108207,Pedreiras - MA,MA,37050.0,2.0,26181.62481454476,13041.27974168733,49.81081133834928,652.2574972595071,2.491279673739563,Cerrado,ok,
2108256,Pedro do Rosário - MA,MA,24320.0,0.8,175388.87145837836,75594.7032921828,43.10119716467999,204.8973028381344,0.11682457452082912,Amazônia,ok,
2108306,Penalva - MA,MA,32511.0,1.0,80091.46468763275,31711.057850860354,39.59355466220733,356.1216218811036,0.4446436624302287,Amazônia,ok,
2108405,Peri Mirim - MA,MA,11108.0,0.8,39798.8239975771,31664.101366180672,79.56039446820927,178.5298623596192,0.4485807479399086,Amazônia,ok,
2108454,Peritoró - MA,MA,20479.0,1.5,82470.11612129465,57128.0940479431,69.27126665363338,408.0921215148914,0.49483636098520994,Cerrado,ok,
2108504,Pindaré-Mirim - MA,MA,31429.0,0.8,26828.541950561812,7802.916851031568,29.08438656640514,515.6115005310048,1.9218767142886328,Amazônia,ok,
2108603,Pinheiro - MA,MA,84621.0,0.8,151282.75688463092,104826.50191082856,69.29177129603067,1049.513812384027,0.693743182631443,Amazônia,ok,
2108702,Pio XII - MA,MA,21886.0,1.1,54517.38334579481,20562.278620428297,37.716921390018186,331.192477630614,0.6074988513845474,Amazônia,ok,
2108801,Pirapemas - MA,MA,17714.0,0.4,68874.36703216637,46127.78228268008,66.97380211296466,226.0670588439935,0.32823105109396283,Cerrado,ok,
2108900,Poção de Pedras - MA,MA,17161.0,1.0,99064.4671408123,54555.85667000508,55.07106457500876,269.6976167724603,0.2722445540327861,Cerrado,ok,
2109007,Porto Franco - MA,MA,23903.0,1.2,142102.91516956847,48876.049223103924,34.394825162299554,787.1386785644515,0.553921555814091,Cerrado,ok,
2109056,Porto Rico do Maranhão - MA,MA,5954.0,0.7,23387.889902501473,19959.485062901902,85.34111091726628,171.0160100280766,0.7312160726812102,Amazônia,ok,
2109106,Presidente Dutra - MA,MA,45155.0,1.2,77158.5450985778,23962.98978803039,31.056819121479368,1224.733524523918,1.5872947357408023,Cerrado,ok,
2109205,Presidente Juscelino - MA,MA,11356.0,0.5,35556.97316822528,29028.80393106102,81.64025603000982,137.9387029602048,0.38793713488377224,Amazônia | Cerrado,ok,
2109239,Presidente Médici - MA,MA,4696.0,0.3,43765.10486872493,6065.140306896827,13.85839317668595,78.1573312072756,0.17858367172136672,Amazônia,ok,
2109270,Presidente Sarney - MA,MA,17511.0,1.3,72620.78965029371,49091.91491135911,67.60035954960256,222.6455500915526,0.30658651766760586,Amazônia,ok,
2109304,Presidente Vargas - MA,MA,10549.0,0.6,46001.92763413823,42106.16532993899,91.53130639397776,105.48575571899461,0.22930725111769704,Amazônia | Cerrado,ok,
2109403,Primeira Cruz - MA,MA,13614.0,0.7,133690.36832635387,126281.42609344974,94.45813312832078,354.1204645080574,0.26488105982594634,Amazônia | Cerrado,ok,
2109452,Raposa - MA,MA,30839.0,1.2,6893.721608044301,3781.768856060639,54.858160382451224,1265.813135095231,18.361825543087647,Amazônia,ok,
2109502,Riachão - MA,MA,22145.0,1.1,640282.5019520912,380480.57640359586,59.42385981868752,721.0877329711814,0.11262024665249033,Cerrado,ok,
2109551,Ribamar Fiquene - MA,MA,7420.0,0.8,73345.10498914156,22695.625714196773,30.943613370731104,191.3670672973629,0.26091320930782497,Cerrado,ok,
2109601,Rosário - MA,MA,38475.0,1.2,64803.03650815317,55977.04198326308,86.38027629495471,507.3037960632365,0.782839544871343,Amazônia,ok,
2109700,Sambaíba - MA,MA,5568.0,1.5,247587.62821127608,172403.0492055112,69.63314380894388,193.5576226501464,0.07817742108057847,Cerrado,ok,
2109759,Santa Filomena do Maranhão - MA,MA,6697.0,0.6,62318.80503140562,27248.714374982585,43.724706148088956,86.95269879760723,0.13952882882428078,Cerrado,ok,
2109809,Santa Helena - MA,MA,41561.0,0.8,219129.97905400107,142857.78257546335,65.19317128226363,309.0846763122578,0.14105084007519061,Amazônia,ok,
2109908,Santa Inês - MA,MA,85014.0,1.2,78671.5453832202,11507.755874817098,14.6275960625423,1830.402443981962,2.326638475278213,Amazônia,ok,
2110005,Santa Luzia - MA,MA,57635.0,0.6,483712.5938469432,151760.31476654953,31.374067307118676,925.1060681274516,0.1912511850828872,Amazônia,ok,
2110039,Santa Luzia do Paruá - MA,MA,24307.0,0.9,101038.88376695786,21992.728460119564,21.766598798582248,470.4087276733394,0.4655719759912612,Amazônia,ok,
2110104,Santa Quitéria do Maranhão - MA,MA,23957.0,1.2,143032.56398603765,113312.86841616388,79.22172773692647,357.4789691467287,0.2499283793735422,Cerrado,ok,
2110203,Santa Rita - MA,MA,37035.0,0.6,75675.90625502788,57910.95403273793,76.52495609048667,485.6109544067421,0.6416982345348237,Amazônia | Cerrado,ok,
2110237,Santana do Maranhão - MA,MA,10567.0,0.8,93198.82693714439,87515.0537292161,93.90145413336418,72.84156289672858,0.07815716709165743,Cerrado,ok,
2110278,Santo Amaro do Maranhão - MA,MA,13949.0,1.3,157816.52539049988,106520.11609133825,67.49617369142159,509.0897180603035,0.32258327624475075,Cerrado,ok,
2110302,Santo Antônio dos Lopes - MA,MA,14304.0,0.9,77093.77592034356,51203.61301126097,66.41731112530618,313.6681970031721,0.4068657855431377,Cerrado,ok,
2110401,São Benedito do Rio Preto - MA,MA,18364.0,2.0,93150.63113063035,84813.8036984101,91.05016538156457,285.4242090454109,0.30641146021345206,Cerrado,ok,
2110500,São Bento - MA,MA,46395.0,0.6,45699.01432503728,31398.078979510792,68.70624989018333,495.9747896789581,1.0853074119964696,Amazônia,ok,
2110609,São Bernardo - MA,MA,26943.0,1.0,100578.16638620454,87824.27112994838,87.31941959720842,556.1952391601549,0.552997990661762,Cerrado,ok,
2110658,São Domingos do Azeitão - MA,MA,7992.0,0.4,96115.42402928686,60496.73664674288,62.941757015304034,251.6128232177748,0.26178194161751506,Cerrado,ok,
2110708,São Domingos do Maranhão - MA,MA,34034.0,0.8,115198.0843276488,45499.90672653712,39.497103612526516,715.4178338684137,0.62103275244891,Cerrado,ok,
2110807,São Félix de Balsas - MA,MA,4402.0,1.3,203328.14686058697,163287.6740292211,80.30746187894003,155.744504577637,0.07659761178289991,Cerrado,ok,
2110856,São Francisco do Brejão - MA,MA,9051.0,0.7,74536.10585072837,16382.126240838075,21.978779349763933,268.485604016113,0.36020878868263184,Amazônia | Cerrado,ok,
2110906,São Francisco do Maranhão - MA,MA,12064.0,1.0,228422.6009027094,218172.97244775348,95.51286588347644,175.1783850158693,0.076690478229202,Cerrado,ok,
2111003,São João Batista - MA,MA,18544.0,1.5,64996.86861553187,41519.81232697671,63.87971176361409,153.6539020996095,0.23640200731592145,Amazônia,ok,
2111029,São João do Carú - MA,MA,12251.0,0.5,90989.4298700651,44389.76731119612,48.78563078654925,173.8230630371097,0.19103654488805222,Amazônia,ok,
2111052,São João do Paraíso - MA,MA,9904.0,0.4,205230.513566755,90973.6773025011,44.32755915358086,318.3379442810082,0.1551123849706993,Cerrado,ok,
2111078,São João do Soter - MA,MA,16889.0,1.1,143807.7772006419,108431.11966782903,75.40003870343185,253.5299834228519,0.17629782502591956,Cerrado,ok,
2111102,São João dos Patos - MA,MA,25020.0,1.2,148328.39911675162,122323.10564841003,82.46775828284075,638.4768351989733,0.4304481400735797,Cerrado,ok,
2111201,São José de Ribamar - MA,MA,244579.0,1.4,17906.04185751343,7885.528054138304,44.038364909939666,6093.862793743781,34.03243911879262,Amazônia,ok,
2111250,São José dos Basílios - MA,MA,6957.0,0.7,35371.30053170023,19612.46978518571,55.447409313120254,107.1359828186036,0.30288957773149133,Cerrado,ok,
2111300,São Luís - MA,MA,1037775.0,1.5,58307.57694960403,28042.354468207148,48.093842919325056,17205.99586641875,29.509022268735517,Amazônia,ok,
2111409,São Luís Gonzaga do Maranhão - MA,MA,17818.0,0.8,90915.37874124026,46621.801419051175,51.28043469053162,143.3445546874991,0.15766810485988372,Amazônia | Cerrado,ok,
2111508,São Mateus do Maranhão - MA,MA,38829.0,1.4,80012.52449662077,33249.71379054565,41.55563644532914,660.1247415771562,0.8250267639099874,Amazônia | Cerrado,ok,
2111532,São Pedro da Água Branca - MA,MA,14338.0,0.5,72047.33116371925,23407.357168670347,32.48886085104225,367.5979532592768,0.5102173075973526,Amazônia,ok,
2111573,São Pedro dos Crentes - MA,MA,5783.0,0.7,97953.85767224699,57781.255617808216,58.98823894322156,128.7338292785637,0.131422929466756,Cerrado,ok,
2111607,São Raimundo das Mangabeiras - MA,MA,18672.0,0.9,352401.98145372036,281886.0955439356,79.98992922261836,767.4973368835393,0.21779030121155318,Cerrado,ok,
2111631,São Raimundo do Doca Bezerra - MA,MA,5650.0,0.8,41954.14103845605,23668.348722843613,56.41480944908086,116.6569444396971,0.2780582358551135,Cerrado,ok,
2111672,São Roberto - MA,MA,4544.0,0.8,22681.182913763845,13658.770854718441,60.22071647078757,105.7192603698731,0.466109994226617,Cerrado,ok,
2111706,São Vicente Ferrer - MA,MA,19498.0,0.9,39392.70879908974,24908.879737780142,63.23220843943517,177.9485821533209,0.45172974283360984,Amazônia,ok,
2111722,Satubinha - MA,MA,8784.0,0.4,44186.01042074572,12466.69209666736,28.21411568493665,91.05894769287107,0.20608094468315724,Amazônia,ok,
2111748,Senador Alexandre Costa - MA,MA,10207.0,1.3,42645.71240246156,26424.21948672011,61.96219502055938,210.7366681213375,0.4941567539839562,Cerrado,ok,
2111763,Senador La Rocque - MA,MA,14700.0,1.3,73705.74591763604,18185.855733038235,24.673592956186052,302.4367279785154,0.410329919619129,Amazônia | Cerrado,ok,
2111789,Serrano do Maranhão - MA,MA,10202.0,0.2,118527.4442048097,105890.0111922791,89.3379688583399,177.6351582031255,0.149868378074685,Amazônia,ok,
2111805,Sítio Novo - MA,MA,17074.0,0.7,311476.4903541227,168013.45509850507,53.94097477709725,293.4655937377928,0.09421757430364872,Cerrado,ok,
2111904,Sucupira do Norte - MA,MA,10238.0,0.9,107442.6845454894,88301.08292142223,82.18436024282049,301.1605386840816,0.2802987843779865,Cerrado,ok,
2111953,Sucupira do Riachão - MA,MA,4985.0,1.5,86224.09706973293,79365.3823478885,92.04547805667653,167.7553919677739,0.19455743541402737,Cerrado,ok,
2112001,Tasso Fragoso - MA,MA,8862.0,1.1,436928.8590662026,301964.4291268285,69.11066249370253,296.7832151550284,0.06792483696071455,Cerrado,ok,
2112100,Timbiras - MA,MA,26484.0,0.7,148657.61950175613,127010.17133942085,85.43805004083255,422.9638368347166,0.2845221376827711,Cerrado,ok,
2112209,Timon - MA,MA,174465.0,1.5,176316.65587256,155704.00665356012,88.30930117350995,3923.090127313119,2.225025258049751,Cerrado,ok,
2112233,Trizidela do Vale - MA,MA,22484.0,1.7,29172.59700374713,16828.738352160817,57.68680227543409,359.8725193237348,1.233597815365942,Cerrado,ok,
2112274,Tufilândia - MA,MA,5507.0,0.8,27091.04096394615,5816.898358880623,21.471667945953005,103.4921696411134,0.38201621627919335,Amazônia,ok,
2112308,Tuntum - MA,MA,36251.0,0.9,336904.0406835001,179839.23073113975,53.37995660909488,527.6876261230457,0.15662846460745616,Cerrado,ok,
2112407,Turiaçu - MA,MA,37491.0,1.2,261621.7591981226,188368.49147569976,72.00031528457495,399.0049119934096,0.15251212789653656,Amazônia,ok,
2112456,Turilândia - MA,MA,31638.0,1.1,150796.22651130843,81840.54115465774,54.272273947465386,256.7450930053716,0.17025962714399748,Amazônia,ok,
2112506,Tutóia - MA,MA,53356.0,1.1,155773.38808386656,138848.94580752324,89.13521591555073,2254.909625549307,1.4475576690514622,Cerrado,ok,
2112605,Urbano Santos - MA,MA,32812.0,1.3,170620.46457992913,145511.88379270988,85.2839570862516,524.4975184509208,0.30740598423655907,Cerrado,ok,
2112704,Vargem Grande - MA,MA,43261.0,1.0,195875.41989140934,155687.38657019255,79.48286041020538,691.6220671020346,0.35309283190584123,Cerrado,ok,
2112803,Viana - MA,MA,51442.0,1.3,116673.37898389302,70721.52267615923,60.61496057804452,583.4151079101537,0.5000413230431041,Amazônia,ok,
2112852,Vila Nova dos Martírios - MA,MA,10362.0,0.5,118999.95544717814,32632.56228668207,27.422331516054264,287.6920879272454,0.2417581475943884,Amazônia,ok,
2112902,Vitória do Mearim - MA,MA,30805.0,1.0,71560.47748476159,48090.822220778304,67.2030482622464,556.9043083679201,0.7782288882665851,Amazônia,ok,
2113009,Vitorino Freire - MA,MA,30845.0,0.6,119337.15606638519,20018.998319788025,16.77515953929035,492.8500216186529,0.41298958167269295,Amazônia,ok,
2114007,Zé Doca - MA,MA,40801.0,1.0,214007.57954975357,62757.14607923529,29.324730559202077,758.7629083862586,0.3545495491246643,Amazônia,ok,
2200053,Acauã - PI,PI,6420.0,0.3,128077.8102016452,76106.89056127782,59.422385846116065,125.4821976501465,0.09797340964261322,Caatinga,ok,
2200103,Agricolândia - PI,PI,4940.0,0.2,11243.971005096206,9970.25617416969,88.67201960633642,187.4218532226556,1.6668653195362093,Cerrado,ok,
2200202,Água Branca - PI,PI,17573.0,0.9,9682.991285211263,8006.479907269357,82.68601789921648,670.0535685607921,6.919902629512414,Cerrado,ok,
2200251,Alagoinha do Piauí - PI,PI,6819.0,0.5,53588.10448174392,34621.439543993656,64.60657617734601,134.4453764587406,0.2508866058222729,Caatinga,ok,
2200277,Alegrete do Piauí - PI,PI,4634.0,1.1,24373.823715709517,15953.744735857343,65.45441914218313,97.30861176757844,0.3992340836733823,Caatinga,ok,
2200301,Alto Longá - PI,PI,13479.0,0.6,174335.11619195246,159562.55208443303,91.52634051578339,387.367508911131,0.2221970635477813,Cerrado,ok,
2200400,Altos - PI,PI,47453.0,1.3,95730.86137944272,82519.7188955925,86.19970373870761,1311.699879736328,1.3701954216595016,Cerrado,ok,
2200459,Alvorada do Gurguéia - PI,PI,5322.0,0.6,213154.79421128612,190480.86038445533,89.36269113217521,358.4187409667978,0.16814950951162808,Caatinga | Cerrado,ok,
2200509,Amarante - PI,PI,17234.0,1.4,115214.6840167128,108831.15348337543,94.45944708539808,552.801094885251,0.47980090350728466,Caatinga | Cerrado,ok,
2200608,Angical do Piauí - PI,PI,6827.0,0.5,22200.297895874195,21612.983975622727,97.354477300232,215.0667197204588,0.9687560082715276,Cerrado,ok,
2200707,Anísio de Abreu - PI,PI,9407.0,0.5,33788.0188607901,26108.857268870528,77.27253076435626,383.233353460687,1.134228541305264,Caatinga,ok,
2200806,Antônio Almeida - PI,PI,3152.0,1.5,64479.946288734754,52650.22149140821,81.65363732724866,122.1506255676273,0.18943971358265252,Cerrado,ok,
2200905,Aroazes - PI,PI,5369.0,1.0,82124.119690491,77153.2024654911,93.9470678727099,154.9579593444831,0.1886875133986068,Cerrado,ok,
2200954,Aroeiras do Itaim - PI,PI,2690.0,0.2,31625.57816565583,23832.721652301585,75.35900696412567,13.48185862426759,0.04262960365071958,Caatinga,ok,
2201002,Arraial - PI,PI,4520.0,0.6,68279.62853792022,63333.83817517607,92.75656521769533,117.50034039917,0.17208696490478745,Caatinga | Cerrado,ok,
2201051,Assunção do Piauí - PI,PI,7452.0,0.5,169089.11247861315,140407.88833194008,83.03780549424744,135.992648797608,0.08042661458454857,Caatinga,ok,
2201101,Avelino Lopes - PI,PI,10866.0,1.7,122041.37836669575,108891.15090272528,89.22477962805517,228.6385969543459,0.18734514474865993,Caatinga,ok,
2201150,Baixa Grande do Ribeiro - PI,PI,13272.0,1.4,780889.0672274028,460264.96666900575,58.94114618651357,670.7702258544844,0.0858982733919041,Cerrado,ok,
2201176,Barra D'Alcântara - PI,PI,3995.0,0.4,26396.089008871448,25946.154443099967,98.2954498841845,106.1569681640622,0.40216930670442863,Cerrado,ok,
2201200,Barras - PI,PI,47938.0,1.4,172251.3517536614,151686.9253628534,88.06138460949936,573.2114705932646,0.33277618129407815,Cerrado,ok,
2201309,Barreiras do Piauí - PI,PI,3264.0,0.8,216870.27974411234,190550.07498184463,87.86361838361475,117.7844684692384,0.054311023441392534,Cerrado,ok,
2201408,Barro Duro - PI,PI,6640.0,0.2,15942.192147301701,15377.109706286075,96.45542823851066,222.6394557434098,1.396542292843288,Cerrado,ok,
2201507,Batalha - PI,PI,26300.0,0.8,158900.33431930334,146852.91150333628,92.41825206499674,408.8168230041513,0.2572787683269763,Cerrado,ok,
2201556,Bela Vista do Piauí - PI,PI,4091.0,0.1,49909.067347692646,38896.779778887976,77.93529682274502,87.31709809570322,0.17495237385905588,Caatinga,ok,
2201572,Belém do Piauí - PI,PI,3423.0,0.7,24323.861561865382,16604.13874351207,68.26275795593169,64.55731837768555,0.26540735817579897,Caatinga,ok,
2201606,Beneditinos - PI,PI,9929.0,1.5,93708.11177577903,79522.19949352217,84.86159627653119,237.3715195129393,0.2533094681076407,Cerrado,ok,
2201705,Bertolínia - PI,PI,5562.0,0.7,121616.29422111147,114831.85359373718,94.4214377926699,323.6671875793462,0.26613801189410075,Cerrado,ok,
2201739,Betânia do Piauí - PI,PI,6220.0,0.4,57956.45236501498,33636.05101948053,58.03676665306848,110.6535861083984,0.19092539586704188,Caatinga,ok,
2201770,Boa Hora - PI,PI,6902.0,0.4,33700.51943543016,31091.80331782761,92.25912193252445,147.8845717834469,0.4388198587466647,Cerrado,ok,
2201804,Bocaina - PI,PI,4078.0,0.3,26164.50928244064,21945.345948163427,83.87447939981527,156.0432464416503,0.5963927882506593,Caatinga,ok,
2201903,Bom Jesus - PI,PI,28796.0,0.6,547102.8349889339,404511.2425168881,73.93696699178501,1192.806999920665,0.21802244909675741,Caatinga | Cerrado,ok,
2201919,Bom Princípio do Piauí - PI,PI,5636.0,0.7,52314.68505283342,50830.23708444964,97.16246410183945,127.9111702392578,0.2445033743586114,Caatinga | Cerrado,ok,
2201929,Bonfim do Piauí - PI,PI,5913.0,0.4,28914.8992040286,20978.280522332803,72.55180235734656,99.14572183227529,0.3428880077799535,Caatinga,ok,
2201945,Boqueirão do Piauí - PI,PI,6545.0,0.9,26980.104561979373,25212.416367789938,93.44817886035742,218.8965473999044,0.8113257934084345,Cerrado,ok,
2201960,Brasileira - PI,PI,8436.0,1.2,88081.8597033092,81506.74476254996,92.53522239095933,165.3225195861809,0.1876919040345487,Caatinga | Cerrado,ok,
2201988,Brejo do Piauí - PI,PI,3904.0,0.7,226730.36054523953,219323.90593568134,96.7333644282366,64.96637598266597,0.02865358473670456,Caatinga,ok,
2202000,Buriti dos Lopes - PI,PI,19654.0,1.0,69057.95660452973,59936.90251131088,86.7921749474114,353.12491188964776,0.5113457293731816,Caatinga | Cerrado,ok,
2202026,Buriti dos Montes - PI,PI,7434.0,1.0,243730.36297242035,212547.22885330438,87.20588861444212,241.6259304504402,0.09913657350839858,Caatinga | Cerrado,ok,
2202059,Cabeceiras do Piauí - PI,PI,10212.0,0.6,60875.498684832295,46442.62205009212,76.29115662860883,62.74980386962885,0.10307891553299679,Cerrado,ok,
2202075,Cajazeiras do Piauí - PI,PI,3108.0,0.9,51409.35320228633,43563.0469409645,84.7375900053672,104.062814727784,0.20242000384310616,Caatinga,ok,
2202083,Cajueiro da Praia - PI,PI,7957.0,0.9,26971.927201753286,20873.271615046684,77.38887717926896,392.3131514160169,1.4545239888921062,Caatinga,ok,
2202091,Caldeirão Grande do Piauí - PI,PI,5503.0,0.5,46700.58805621402,31427.531718896982,67.29579439356804,74.49445039062513,0.15951501574445984,Caatinga,ok,
2202109,Campinas do Piauí - PI,PI,4938.0,0.6,78383.92688507246,55295.109576475785,70.54393901131057,194.5306377136225,0.24817669316165528,Caatinga,ok,
2202117,Campo Alegre do Fidalgo - PI,PI,4616.0,0.7,65777.70010772368,56158.008097713944,85.37545095943514,66.80081212768556,0.10155540862372253,Caatinga,ok,
2202133,Campo Grande do Piauí - PI,PI,6020.0,1.3,31164.39320183285,20758.88671260551,66.61091258271196,155.8848286254877,0.5002017129482238,Caatinga,ok,
2202174,Campo Largo do Piauí - PI,PI,7419.0,1.3,47808.10983771341,41971.57958027929,87.79175692733627,105.7077471496579,0.221108400872754,Cerrado,ok,
2202208,Campo Maior - PI,PI,45793.0,1.0,168082.0084949645,109971.57199620668,65.42733096832387,985.138274438507,0.5861057249729499,Cerrado,ok,
2202251,Canavieira - PI,PI,3414.0,2.3,216514.05151277874,198356.92610035194,91.61388127672852,274.9436534057616,0.1269865172651551,Caatinga | Cerrado,ok,
2202307,Canto do Buriti - PI,PI,19365.0,0.7,432543.68767435255,410688.5398244252,94.9472970077461,652.8813067321776,0.1509399686867491,Caatinga,ok,
2202406,Capitão de Campos - PI,PI,11100.0,0.9,57165.71813680984,53243.17910642657,93.13830183853233,214.8087368225084,0.3757649581317687,Cerrado,ok,
2202455,Capitão Gervásio Oliveira - PI,PI,3974.0,0.7,113296.50292535387,93154.17116513678,82.2215768005761,72.69836794433586,0.06416647122129943,Caatinga,ok,
2202505,Caracol - PI,PI,10318.0,1.0,161094.19700604046,151018.97419714145,93.7457568328664,248.189637335205,0.1540649147814423,Caatinga,ok,
2202539,Caraúbas do Piauí - PI,PI,5630.0,0.4,47124.383365961054,41674.08579744902,88.43423047854904,33.10702465820319,0.07025455251286554,Cerrado,ok,
2202554,Caridade do Piauí - PI,PI,5033.0,1.1,49878.4290421195,34882.57924472005,69.93520027518048,83.91143577270519,0.16823191384365124,Caatinga,ok,
2202604,Castelo do Piauí - PI,PI,19288.0,0.7,237889.70009897137,227733.58048751508,95.73074428727644,474.1380435485864,0.1993100345880156,Caatinga | Cerrado,ok,
2202653,Caxingó - PI,PI,5496.0,1.1,49106.183672656356,45312.0573366029,92.27362818225654,56.84749766235372,0.1157644382249316,Cerrado,ok,
2202703,Cocal - PI,PI,28212.0,1.2,129416.13573190481,120568.37579648024,93.16332551162448,522.6683267639155,0.4038664296441844,Caatinga | Cerrado,ok,
2202711,Cocal de Telha - PI,PI,4911.0,0.9,31031.318125750873,29244.188384704725,94.24088356864505,121.2963668701156,0.3908837078031166,Cerrado,ok,
2202729,Cocal dos Alves - PI,PI,6386.0,1.6,32483.191449315793,27689.60494304152,85.24287087445269,158.5534987976079,0.4881093627915294,Caatinga | Cerrado,ok,
2202737,Coivaras - PI,PI,4117.0,0.9,48443.651274248215,39761.154840221345,82.07712217051167,139.4554770568849,0.28787152369544233,Cerrado,ok,
2202752,Colônia do Gurguéia - PI,PI,6150.0,1.1,42956.557484932244,36363.79265006274,84.65248329738242,524.7987422119148,1.2216964601877072,Caatinga | Cerrado,ok,
2202778,Colônia do Piauí - PI,PI,6994.0,1.8,95013.08134452316,85377.64934651912,89.85883642372845,178.8294965087891,0.18821565828429726,Caatinga,ok,
2202802,Conceição do Canindé - PI,PI,4932.0,0.8,82474.57952412566,72632.95612993093,88.06708266840472,105.6700662597651,0.12812440738646536,Caatinga,ok,
2202851,Coronel José Dias - PI,PI,4250.0,0.5,192609.81760902613,170343.1633293567,88.43950191320572,84.29375073852515,0.043763994891283756,Caatinga,ok,
2202901,Corrente - PI,PI,27278.0,1.0,304875.22255596216,243611.82529623818,79.90541942171814,550.2679261413648,0.18048955291549118,Caatinga | Cerrado,ok,
2203008,Cristalândia do Piauí - PI,PI,7356.0,0.3,120288.9799429299,92638.83064019559,77.01356407224279,94.66262857055612,0.07869601073636838,Caatinga | Cerrado,ok,
2203107,Cristino Castro - PI,PI,10503.0,0.3,184576.18050859062,175288.3688131011,94.96803343210514,338.5505286804199,0.18342048673212358,Caatinga | Cerrado,ok,
2203206,Curimatá - PI,PI,11270.0,0.3,234493.52411558325,213845.49773969868,91.19462831489238,407.9160254943877,0.1739562007236172,Caatinga | Cerrado,ok,
2203230,Currais - PI,PI,4854.0,0.3,315662.4746397862,218618.89098147355,69.25716819236986,170.2135215820311,0.05392263422387088,Cerrado,ok,
2203255,Curralinhos - PI,PI,4413.0,0.7,34582.968193944616,33034.91791014945,95.52366276048502,130.0016632080076,0.37591239271003507,Cerrado,ok,
2203271,Curral Novo do Piauí - PI,PI,5073.0,0.6,75526.92993068247,53170.28325495362,70.39910572792054,60.50353713989283,0.08010856153615949,Caatinga,ok,
2203305,Demerval Lobão - PI,PI,16352.0,1.0,21682.580939410305,20031.869022643947,92.38692145838588,647.7857886291488,2.9875861662378576,Cerrado,ok,
2203354,Dirceu Arcoverde - PI,PI,7054.0,0.6,100555.92327789972,74249.93167298142,73.83944103201341,89.56660284423911,0.08907143400862608,Caatinga,ok,
2203404,Dom Expedito Lopes - PI,PI,6320.0,1.6,21882.209904961393,19933.846610582732,91.0961310450783,340.3795833496092,1.5555082636897397,Caatinga,ok,
2203420,Domingos Mourão - PI,PI,4075.0,1.2,84871.44001161805,65659.00914164673,77.36290221146086,63.39184790649396,0.0746916134542035,Caatinga,ok,
2203453,Dom Inocêncio - PI,PI,9159.0,0.7,387183.7678330744,340610.63701126777,87.97131112121271,104.4002913452143,0.026964015544738474,Caatinga,ok,
2203503,Elesbão Veloso - PI,PI,13607.0,1.3,138397.2899437541,130175.25623311565,94.05910786693876,354.581971374515,0.2562058632207468,Cerrado,ok,
2203602,Eliseu Martins - PI,PI,4377.0,0.8,109784.32196373171,94878.31615516836,86.4224640258855,291.2633530456538,0.26530505252095593,Caatinga | Cerrado,ok,
2203701,Esperantina - PI,PI,40970.0,1.3,90879.27093142369,84830.07752981238,93.34370386160343,736.684746362293,0.8106191200831548,Cerrado,ok,
2203750,Fartura do Piauí - PI,PI,5284.0,1.2,71306.41534545519,60503.346000948295,84.84979325889583,59.62946001586897,0.08362425698583309,Caatinga,ok,
2203800,Flores do Piauí - PI,PI,4414.0,0.3,94675.29260894257,88598.66442508018,93.5816114041897,133.782641540527,0.14130681601705505,Caatinga | Cerrado,ok,
2203859,Floresta do Piauí - PI,PI,2333.0,1.2,22319.259842139065,16773.00538097558,75.15036564657005,62.41638843994151,0.2796525909972091,Caatinga,ok,
2203909,Floriano - PI,PI,62036.0,1.1,340796.1239828822,320858.6015708279,94.14972148771982,2150.435560974186,0.631003526636999,Caatinga | Cerrado,ok,
2204006,Francinópolis - PI,PI,4505.0,1.1,26868.96722930404,26446.024361664877,98.42590575205328,159.9385359374997,0.5952537534195446,Cerrado,ok,
2204105,Francisco Ayres - PI,PI,4412.0,0.7,65642.4639736982,60438.7088047283,92.07257794123183,120.2520439331057,0.18319245904798548,Caatinga | Cerrado,ok,
2204154,Francisco Macedo - PI,PI,2929.0,,17926.419562578754,14236.061296087091,79.41385755471632,40.9737405822754,0.22856622561600493,Caatinga,ok,
2204204,Francisco Santos - PI,PI,8237.0,1.5,49214.28228400207,33285.21040773292,67.63323340906028,211.9077237548835,0.430581761879656,Caatinga,ok,
2204303,Fronteiras - PI,PI,10259.0,0.7,77725.43858255194,55132.364848102865,70.9322016749342,246.6831772949226,0.31737765883806646,Caatinga,ok,
2204352,Geminiano - PI,PI,5445.0,0.7,44064.28395721337,34866.47835924564,79.12639268823966,114.1777784362791,0.25911638220910677,Caatinga,ok,
2204402,Gilbués - PI,PI,10892.0,0.7,349585.1937100907,260608.3347861572,74.54787544642936,378.8242714599609,0.10836393482217042,Cerrado,ok,
2204501,Guadalupe - PI,PI,10270.0,0.8,102650.24428721283,87144.75935733615,84.89483874340064,659.3315445007215,0.6423087924232583,Cerrado,ok,
2204550,Guaribas - PI,PI,4276.0,0.7,311827.80846765335,307648.7440178975,98.65981662434403,126.0857765686034,0.040434423468579964,Caatinga | Cerrado,ok,
2204600,Hugo Napoleão - PI,PI,3518.0,1.7,22456.566578082362,21616.007232873628,96.25695521046784,84.29829500122096,0.3753837199828054,Cerrado,ok,
2204659,Ilha Grande - PI,PI,9274.0,1.6,12963.512030371177,8623.409673895385,66.52062846620798,368.4993716369631,2.842589035854137,Caatinga | Cerrado,ok,
2204709,Inhuma - PI,PI,14958.0,0.8,97821.84075831562,90292.9960057888,92.3035135158333,551.5827251403794,0.5638645939030651,Caatinga | Cerrado,ok,
2204808,Ipiranga do Piauí - PI,PI,9420.0,0.9,52943.80453731161,50097.55475408409,94.62401728001687,364.9761621887203,0.6893651965104001,Caatinga | Cerrado,ok,
2204907,Isaías Coelho - PI,PI,7774.0,1.0,80070.0989911085,58658.47457064977,73.25890102516743,244.0240523376461,0.304763020668607,Caatinga,ok,
2205003,Itainópolis - PI,PI,10790.0,0.8,82761.65626250416,64001.45022977639,77.33224915989601,248.3740382019035,0.3001076215948464,Caatinga,ok,
2205102,Itaueira - PI,PI,10323.0,0.8,255413.7407430665,241341.12547634286,94.49026695831529,253.85058220214702,0.09938798964520396,Caatinga | Cerrado,ok,
2205151,Jacobina do Piauí - PI,PI,5613.0,0.2,133379.16933101683,94500.89056132124,70.85131136691328,166.5931895324709,0.12490195460658808,Caatinga,ok,
2205201,Jaicós - PI,PI,17527.0,0.9,86675.74872178002,62822.64421133635,72.48007099770247,366.3267277160577,0.42264039609502274,Caatinga,ok,
2205250,Jardim do Mulato - PI,PI,4180.0,0.3,51021.631049850854,49144.0974589512,96.32012236326744,103.5708911132813,0.20299408110275233,Cerrado,ok,
2205276,Jatobá do Piauí - PI,PI,4494.0,1.2,65041.839001639055,61486.51901921717,94.53379542000297,52.56695374755876,0.08082021442572383,Cerrado,ok,
2205300,Jerumenha - PI,PI,4497.0,1.0,186596.44222795812,167900.84045037592,89.98072977471753,307.4484880371089,0.16476653271958436,Cerrado,ok,
2205359,João Costa - PI,PI,2970.0,0.6,180028.23566214283,171936.01087646157,95.50502466687067,101.4400712036134,0.05634675629104368,Caatinga,ok,
2205409,Joaquim Pires - PI,PI,13886.0,0.6,74055.57890974083,65057.558851024995,87.84963916130796,144.114038214111,0.19460254086968606,Cerrado,ok,
2205458,Joca Marques - PI,PI,5394.0,0.5,16902.478167602876,12701.840755676654,75.14780158108638,113.4129931823728,0.6709844086635323,Cerrado,ok,
2205508,José de Freitas - PI,PI,42559.0,1.4,153818.2941965201,97460.96002064216,63.36109793034428,977.5678643432691,0.6355341992639164,Cerrado,ok,
2205516,Juazeiro do Piauí - PI,PI,5214.0,0.9,93540.64689473176,88291.93372338776,94.38884234224854,143.6353687438967,0.1535539613121772,Caatinga | Cerrado,ok,
2205524,Júlio Borges - PI,PI,5388.0,0.6,128389.10120868159,110370.82794201282,85.96588565770692,104.0798934631348,0.08106598806542387,Caatinga | Cerrado,ok,
2205532,Jurema - PI,PI,4425.0,0.3,127193.91011104269,120406.87913830079,94.66402835889181,104.7829168884275,0.08238045107422992,Caatinga,ok,
2205540,Lagoinha do Piauí - PI,PI,2939.0,0.8,6763.408056897022,6395.169596936084,94.55543038564079,114.3885711547854,1.6912859640065194,Cerrado,ok,
2205557,Lagoa Alegre - PI,PI,8256.0,0.6,39419.98762521853,24682.172483898055,62.61334406941288,130.4826934265112,0.3310064291928804,Cerrado,ok,
2205565,Lagoa do Barro do Piauí - PI,PI,4995.0,0.8,133101.79479330892,112038.8362558204,84.17530088891982,79.68923444213868,0.05987089397696438,Caatinga,ok,
2205573,Lagoa de São Francisco - PI,PI,6331.0,0.6,15587.934338919258,15405.457187338447,98.8293692569309,116.4212925170894,0.7468679940895948,Caatinga | Cerrado,ok,
2205581,Lagoa do Piauí - PI,PI,4810.0,0.6,42787.316417588285,38262.063707932575,89.42384545576327,259.812067840577,0.6072174877828465,Cerrado,ok,
2205599,Lagoa do Sítio - PI,PI,4520.0,1.1,80502.56861679249,75990.39694846346,94.39499664935187,207.3438618103024,0.2575617963164611,Caatinga | Cerrado,ok,
2205607,Landri Sales - PI,PI,5213.0,1.9,108859.74443985886,95387.83202470369,87.62452320233223,228.3854810668949,0.2097979213914743,Cerrado,ok,
2205706,Luís Correia - PI,PI,30641.0,0.7,107159.29235091561,89911.64164926783,83.90466162732139,2292.473708892706,2.1393139676450263,Caatinga,ok,
2205805,Luzilândia - PI,PI,25375.0,1.2,70558.10495466008,59511.13243017911,84.34343930923364,522.7427795959466,0.7408685082059046,Cerrado,ok,
2205854,Madeiro - PI,PI,8032.0,0.4,17883.208317279277,13312.743856158793,74.44270412762364,146.9693088623048,0.8218285346500089,Cerrado,ok,
2205904,Manoel Emídio - PI,PI,5209.0,0.6,162032.79430789215,153796.82803355745,94.91709915297464,282.0024675964358,0.1740403655944976,Caatinga | Cerrado,ok,
2205953,Marcolândia - PI,PI,8533.0,0.6,13678.897437976031,7721.642520355226,56.449304890012705,227.7810521484395,1.6652003802299333,Caatinga,ok,
2206001,Marcos Parente - PI,PI,4724.0,1.2,67735.04684921629,65649.57487372191,96.92113304337589,162.0235373901366,0.23920192710697336,Cerrado,ok,
2206050,Massapê do Piauí - PI,PI,5218.0,0.4,53019.829810703486,38541.53290220037,72.6926756268458,67.99779389038075,0.12824974001831585,Caatinga,ok,
2206100,Matias Olímpio - PI,PI,10641.0,1.1,22679.26747186924,18516.15728512001,81.64354209450089,142.9220621337895,0.6301881765408263,Cerrado,ok,
2206209,Miguel Alves - PI,PI,32150.0,0.8,139208.85452499843,118737.16055455184,85.29425873066833,388.3938620178207,0.2790008317668291,Cerrado,ok,
2206308,Miguel Leão - PI,PI,1318.0,0.6,9339.942802539028,9118.588784289514,97.63002811763108,34.43116770629884,0.3686443100801308,Cerrado,ok,
2206357,Milton Brandão - PI,PI,6542.0,1.0,130917.40486489834,121475.25989672191,92.787708419732,91.06746575927784,0.0695610074560032,Caatinga | Cerrado,ok,
2206407,Monsenhor Gil - PI,PI,10255.0,0.8,56782.92072472261,54430.09260046724,95.85645103452563,435.0576300354003,0.7661769146122513,Cerrado,ok,
2206506,Monsenhor Hipólito - PI,PI,7577.0,0.8,40158.375937594305,22027.03671279605,54.85041712599591,162.6064309631344,0.40491286603776777,Caatinga,ok,
2206605,Monte Alegre do Piauí - PI,PI,10660.0,0.3,241745.31505688952,188635.83046942012,78.03081123827727,327.8219267456063,0.13560632050654653,Cerrado,ok,
2206654,Morro Cabeça no Tempo - PI,PI,4377.0,2.2,220766.64934392646,201220.38214118048,91.14618659075838,190.0424092346198,0.08608293408419576,Caatinga | Cerrado,ok,
2206670,Morro do Chapéu do Piauí - PI,PI,6425.0,1.0,32841.21811171906,30723.10190897249,93.55043349628149,141.0450227050773,0.42947561270495865,Cerrado,ok,
2206696,Murici dos Portelas - PI,PI,9797.0,2.5,47572.75026496061,44707.07123128139,93.97621744019725,90.85936027832024,0.19099034588555644,Cerrado,ok,
2206704,Nazaré do Piauí - PI,PI,6665.0,0.9,131580.9021175907,122697.1145205265,93.24842172831056,230.85510624999944,0.17544727428885518,Caatinga | Cerrado,ok,
2206720,Nazária - PI,PI,10262.0,1.4,36238.63207973631,31639.269844476374,87.30812403420775,654.1728218322734,1.8051807816390222,Cerrado,ok,
2206753,Nossa Senhora de Nazaré - PI,PI,5228.0,0.8,35686.980701556495,16857.555474926965,47.23727012913625,72.00349867553679,0.20176405305253617,Cerrado,ok,
2206803,Nossa Senhora dos Remédios - PI,PI,8525.0,0.3,35786.621575462166,32806.88115672444,91.67359117022423,121.4724436462408,0.3394353484586287,Cerrado,ok,
2206902,Novo Oriente do Piauí - PI,PI,6097.0,0.5,52587.63243994867,50123.88732701532,95.31497236399305,163.0323338562004,0.3100202962024802,Caatinga | Cerrado,ok,
2206951,Novo Santo Antônio - PI,PI,2827.0,0.5,44387.43980520759,42281.83719874399,95.25630985768959,94.0135101501469,0.21180205608325514,Cerrado,ok,
2207009,Oeiras - PI,PI,38161.0,1.1,270320.5814801515,247060.57232351723,91.3953983713437,1105.877067712398,0.40909836078966777,Caatinga | Cerrado,ok,
2207108,Olho D'Água do Piauí - PI,PI,2637.0,0.8,18362.20858504014,16680.908387267926,90.8436929578178,116.9649723999019,0.6369874944955931,Cerrado,ok,
2207207,Padre Marcos - PI,PI,6382.0,0.9,27871.065775805604,19432.553122052042,69.72303563260617,110.9411609008787,0.39805137626701315,Caatinga,ok,
2207306,Paes Landim - PI,PI,4088.0,0.5,40142.673734874945,29568.604114159443,73.658780950784,78.49698021240211,0.19554497224285763,Caatinga,ok,
2207355,Pajeú do Piauí - PI,PI,3000.0,0.1,98697.40903427833,92679.86014768154,93.90303256643054,65.72682465209965,0.06659427567067364,Caatinga,ok,
2207405,Palmeira do Piauí - PI,PI,4952.0,0.7,202414.64182886525,162536.77503098344,80.29892183807671,116.1630451416016,0.05738865730860199,Cerrado,ok,
2207504,Palmeirais - PI,PI,13264.0,1.0,149373.7963365487,144191.76877961506,96.53083225838473,412.3491616394031,0.2760518723848687,Cerrado,ok,
2207553,Paquetá - PI,PI,3813.0,1.4,43253.01617733266,35503.97869013766,82.08439972041535,94.05521456909139,0.2174535393866528,Caatinga,ok,
2207603,Parnaguá - PI,PI,10103.0,0.5,342888.4977258271,298068.801886777,86.92878409852995,189.3921336364748,0.05523432103806303,Caatinga | Cerrado,ok,
2207702,Parnaíba - PI,PI,162159.0,1.4,43540.646559967434,28374.220511713072,65.16720065843298,4942.800390783637,11.352152026442793,Caatinga | Cerrado,ok,
2207751,Passagem Franca do Piauí - PI,PI,4135.0,1.1,64326.945884169894,59981.86387101678,93.24531585725045,91.69987033691396,0.1425528121637129,Cerrado,ok,
2207777,Patos do Piauí - PI,PI,5425.0,0.5,80138.75618390786,55515.99918339651,69.27484506497035,110.5900694641111,0.13799823547338508,Caatinga,ok,
2207793,Pau D'Arco do Piauí - PI,PI,3880.0,1.1,43001.21880754617,37083.44900149167,86.23813470836782,162.1321623657221,0.3770408534031365,Cerrado,ok,
2207801,Paulistana - PI,PI,21055.0,0.9,194115.2736958468,125186.71425478124,64.49091401789043,541.2467801452641,0.2788275079236304,Caatinga,ok,
2207850,Pavussu - PI,PI,3628.0,0.7,109080.56733580501,101472.10413709295,93.02491416707672,66.77274831542992,0.06121415568904195,Caatinga,ok,
2207900,Pedro II - PI,PI,37894.0,1.3,154427.0348283317,140481.12648608955,90.96925719143343,981.6705692749035,0.63568569477888,Caatinga | Cerrado,ok,
2207934,Pedro Laurentino - PI,PI,2458.0,0.5,87058.39820219403,75149.69264613319,86.3210146269832,49.66915239868182,0.05705268351403008,Caatinga,ok,
2207959,Nova Santa Rita - PI,PI,4076.0,0.7,90975.54845604552,75992.53154056081,83.53072097968864,70.11800725708002,0.07707346473537037,Caatinga,ok,
2208007,Picos - PI,PI,83090.0,1.3,57729.505399820075,41508.67836924762,71.90201627706477,2996.402768975894,5.190418224136098,Caatinga,ok,
2208106,Pimenteiras - PI,PI,11341.0,1.2,456254.44017953577,414782.3414656254,90.91031339934113,313.739363049317,0.06876412269563027,Caatinga | Cerrado,ok,
2208205,Pio IX - PI,PI,17613.0,0.8,194814.4967714974,145777.52763108042,74.82889109739425,372.9397610473641,0.19143326971441663,Caatinga,ok,
2208304,Piracuruca - PI,PI,28846.0,1.6,236888.2721355443,216398.4154680944,91.35041322107924,895.4982428100856,0.37802557076261395,Caatinga | Cerrado,ok,
2208403,Piripiri - PI,PI,65538.0,1.0,140718.1066044107,133505.44182821445,94.87438756088963,1556.827484960897,1.1063448212371694,Caatinga | Cerrado,ok,
2208502,Porto - PI,PI,12052.0,0.7,25312.60421785994,18868.219349537176,74.54080657660754,216.8365313720693,0.8566346216525398,Cerrado,ok,
2208551,Porto Alegre do Piauí - PI,PI,2364.0,0.7,116813.67555337063,106374.25491291648,91.06318623140616,100.4715432250983,0.08601008636115913,Cerrado,ok,
2208601,Prata do Piauí - PI,PI,3042.0,0.4,19678.614514807578,15842.783100677962,80.50761443981096,159.3480319213863,0.8097522912575049,Cerrado,ok,
2208650,Queimada Nova - PI,PI,8738.0,1.5,128339.39954143864,99422.1849691749,77.46817058862203,103.9908973022468,0.08102803790091745,Caatinga,ok,
2208700,Redenção do Gurguéia - PI,PI,8394.0,0.6,247059.93771573296,231266.42024690346,93.60741461571908,191.05458394165,0.07733126856102317,Caatinga | Cerrado,ok,
2208809,Regeneração - PI,PI,17133.0,0.5,125136.89163435207,110696.08565653225,88.45999306102662,638.0717590149033,0.509898999952259,Caatinga | Cerrado,ok,
2208858,Riacho Frio - PI,PI,4165.0,0.2,222055.35059401573,191921.51069276375,86.42958171436015,56.43409476318369,0.025414426904020997,Caatinga | Cerrado,ok,
2208874,Ribeira do Piauí - PI,PI,4055.0,0.4,101242.3767359228,90092.15366441991,88.98660478844076,135.6146352539064,0.13395046582878933,Caatinga | Cerrado,ok,
2208908,Ribeiro Gonçalves - PI,PI,6164.0,0.8,398716.4344385408,286956.84778347914,71.97015798648036,159.8197961181634,0.04008357376670874,Cerrado,ok,
2209005,Rio Grande do Piauí - PI,PI,5801.0,0.7,63597.85186374213,55637.12601077581,87.48271267082714,247.5395675842296,0.3892263029804545,Caatinga,ok,
2209104,Santa Cruz do Piauí - PI,PI,5831.0,0.7,58265.75864881169,45062.357584767684,77.33934755123406,97.85292739257822,0.16794242392409647,Caatinga,ok,
2209153,Santa Cruz dos Milagres - PI,PI,3435.0,0.6,97854.87975349216,95283.28435955907,97.37203152217728,161.8016902160645,0.16534861687394822,Cerrado,ok,
2209203,Santa Filomena - PI,PI,6087.0,0.8,529359.8188790062,403451.8873260429,76.21505693054092,156.282192730712,0.029522866518592497,Cerrado,ok,
2209302,Santa Luz - PI,PI,5336.0,1.0,118536.8952458666,105415.12955287343,88.93022660516264,189.6650139892583,0.1600050461890868,Caatinga | Cerrado,ok,
2209351,Santana do Piauí - PI,PI,4125.0,0.4,11217.451939526472,10417.72657542735,92.87070389594304,176.454158465575,1.5730324445947548,Caatinga,ok,
2209377,Santa Rosa do Piauí - PI,PI,4650.0,0.6,33832.675707534516,26981.262859872015,79.74912505623463,204.6499450317377,0.6048884421700123,Caatinga | Cerrado,ok,
2209401,Santo Antônio de Lisboa - PI,PI,5839.0,1.2,38534.443506310745,27751.712808434862,72.01794105029697,178.5601713745113,0.4633780979483165,Caatinga,ok,
2209450,Santo Antônio dos Milagres - PI,PI,2138.0,0.8,3364.1934794189624,3206.0136193603685,95.29813427716668,62.86169993286136,1.8685518629480953,Cerrado,ok,
2209500,Santo Inácio do Piauí - PI,PI,3646.0,0.7,85211.3116111917,73648.61260226823,86.43055858395586,75.9890778747556,0.08917721889023845,Caatinga,ok,
2209559,São Braz do Piauí - PI,PI,4358.0,0.9,65601.88603018616,61585.24574495661,93.87724876784591,129.1983798156719,0.19694308751462167,Caatinga,ok,
2209609,São Félix do Piauí - PI,PI,2842.0,0.6,62701.70507366181,59511.03368628385,94.91134829008307,120.9450892089842,0.19288963365015066,Cerrado,ok,
2209658,São Francisco de Assis do Piauí - PI,PI,5572.0,0.7,107231.45687695143,87312.52472665808,81.42435743165328,62.12677847290036,0.05793708327976101,Caatinga,ok,
2209708,São Francisco do Piauí - PI,PI,5392.0,0.3,134147.22343609194,123306.957414815,91.91912754985849,159.3435628540046,0.1187826022578218,Caatinga | Cerrado,ok,
2209757,São Gonçalo do Gurguéia - PI,PI,2947.0,2.1,138520.28280244255,114814.10777305397,82.88613439867265,54.07316563110361,0.03903628012962022,Cerrado,ok,
2209807,São Gonçalo do Piauí - PI,PI,4837.0,0.6,15051.276175244293,12315.949452087496,81.82661263198567,133.827607110596,0.8891445851662069,Cerrado,ok,
2209856,São João da Canabrava - PI,PI,4242.0,1.0,48055.58717607425,44691.64649550171,92.99989683146069,121.3682129150392,0.25255796473852177,Caatinga,ok,
2209872,São João da Fronteira - PI,PI,5522.0,0.7,81711.31325202675,69534.70481677895,85.09801403180143,192.1137942016599,0.23511284613565397,Caatinga,ok,
2209906,São João da Serra - PI,PI,6114.0,0.9,99419.46236434253,95086.78476043021,95.64202269769439,174.9641142211927,0.17598577789527933,Cerrado,ok,
2209955,São João da Varjota - PI,PI,4383.0,1.2,39443.60276440557,37674.46247015508,95.51475988434052,70.3037496582033,0.17823866161041033,Caatinga,ok,
2209971,São João do Arraial - PI,PI,8186.0,1.1,21336.951215868125,20770.946296806844,97.34730180832796,161.2817268249511,0.7558799061461374,Cerrado,ok,
2210003,São João do Piauí - PI,PI,21421.0,0.9,152746.44935563844,129469.04015201282,84.76075267096455,536.2506604370146,0.35107242276281403,Caatinga,ok,
2210052,São José do Divino - PI,PI,4841.0,1.4,31938.51481010825,27872.009894324547,87.26770815749802,94.73724964599604,0.2966238418074862,Cerrado,ok,
2210102,São José do Peixe - PI,PI,3297.0,1.2,128723.52490860094,120808.13500265611,93.85085988628335,128.030701678467,0.0994617741934694,Caatinga | Cerrado,ok,
2210201,São José do Piauí - PI,PI,6597.0,0.6,37333.602705614336,29572.014597612502,79.21018185894333,273.6032994873061,0.7328606929385919,Caatinga,ok,
2210300,São Julião - PI,PI,6025.0,0.7,29107.808623439312,20407.243074775808,70.1091701501112,200.7096447692873,0.6895388360072704,Caatinga,ok,
2210359,São Lourenço do Piauí - PI,PI,4410.0,0.3,67383.00204845257,46697.96392050385,69.30229063840923,45.99657450561499,0.06826139101451816,Caatinga,ok,
2210375,São Luis do Piauí - PI,PI,2309.0,0.5,21789.912312896442,17948.944274993628,82.37272375057002,66.76794619750964,0.30641677322396926,Caatinga,ok,
2210383,São Miguel da Baixa Grande - PI,PI,2269.0,0.3,44452.28205351533,43020.71490407684,96.77954182933725,60.65846303100591,0.13645747806148678,Cerrado,ok,
2210391,São Miguel do Fidalgo - PI,PI,2829.0,1.4,81342.61869668034,72843.61335098914,89.551596098248,59.03360214843752,0.07257401236191911,Caatinga,ok,
2210409,São Miguel do Tapuio - PI,PI,17554.0,0.8,498878.04127817106,468313.81322396005,93.87340681985067,446.7298828247065,0.08954691244379966,Caatinga | Cerrado,ok,
2210508,São Pedro do Piauí - PI,PI,13755.0,1.4,51826.918405748984,50126.84139406685,96.71970268737114,386.416638873289,0.7455906134492942,Cerrado,ok,
2210607,São Raimundo Nonato - PI,PI,38934.0,0.9,241528.17468473746,218345.0933478777,90.40150021126097,945.1360580444604,0.3913150336510968,Caatinga,ok,
2210623,Sebastião Barros - PI,PI,3202.0,1.2,89350.91582233377,72673.52671997173,81.33495448941618,44.36484283447275,0.04965236497708456,Caatinga | Cerrado,ok,
2210631,Sebastião Leal - PI,PI,4446.0,0.6,314878.5947588431,227529.9931425143,72.25959367507127,325.007529705811,0.1032167746920763,Cerrado,ok,
2210656,Sigefredo Pacheco - PI,PI,9460.0,0.9,103106.49222011975,97415.30904592562,94.48028630239486,213.153882330322,0.2067317757986224,Cerrado,ok,
2210706,Simões - PI,PI,14350.0,0.6,107603.3680955469,70113.403815073,65.15911635109366,217.3336411560058,0.201976615604656,Caatinga,ok,
2210805,Simplício Mendes - PI,PI,13870.0,1.1,135999.87256125815,109382.9087052031,80.42868470772572,389.5839087524418,0.28645902486192576,Caatinga,ok,
2210904,Socorro do Piauí - PI,PI,4141.0,0.6,76181.08889846237,69575.4400697702,91.32901757613823,105.9407979858397,0.1390644312357394,Caatinga,ok,
2210938,Sussuapara - PI,PI,6220.0,1.0,20518.785783617892,16912.151611126388,82.42276998977675,183.3503926269532,0.8935733067272399,Caatinga,ok,
2210953,Tamboril do Piauí - PI,PI,2949.0,0.6,158733.01213791262,154411.166062052,97.27728591699272,47.77169622802737,0.030095627610545,Caatinga,ok,
2210979,Tanque do Piauí - PI,PI,2316.0,1.2,39799.05312112624,38668.615880910176,97.15963785174576,83.31546157836944,0.2093403109988657,Caatinga | Cerrado,ok,
2211001,Teresina - PI,PI,866300.0,1.7,139117.6520903174,103365.43380828922,74.30073197410113,18618.28316103209,13.383120604238494,Cerrado,ok,
2211100,União - PI,PI,46119.0,0.9,117077.77325351784,76872.90639848824,65.65969292226733,809.9815484496961,0.6918320411644476,Cerrado,ok,
2211209,Uruçuí - PI,PI,25203.0,0.9,841290.8605379432,535641.2031334126,63.66896732848254,1396.408596929912,0.1659840445713403,Cerrado,ok,
2211308,Valença do Piauí - PI,PI,22279.0,0.8,133372.9004454512,129193.86289268635,96.86665166701232,759.6141676574711,0.569541612366861,Caatinga | Cerrado,ok,
2211357,Várzea Branca - PI,PI,5055.0,0.9,45045.49522976627,36050.8951777705,80.03218744490106,69.55601610107436,0.15441281252717015,Caatinga,ok,
2211407,Várzea Grande - PI,PI,4417.0,0.4,23647.205298169592,23188.151606726722,98.05874019506903,128.5354010314939,0.5435542991688881,Cerrado,ok,
2211506,Vera Mendes - PI,PI,3185.0,0.4,34199.19448785891,25789.377012895387,75.40931123992087,58.40846156616195,0.17078899793063132,Caatinga,ok,
2211605,Vila Nova do Piauí - PI,PI,2935.0,0.8,22163.418748400916,11008.08097850353,49.667793148102476,72.21733579101564,0.325840235258047,Caatinga,ok,
2211704,Wall Ferraz - PI,PI,4059.0,0.4,27042.891015912995,17538.229153718385,64.853381036067,45.68274656982423,0.16892700763000112,Caatinga,ok,
2300101,Abaiara - CE,CE,10038.0,0.7,18083.59751245177,11128.72540464543,61.540439599933336,125.3076681518555,0.6929355072494439,Caatinga,ok,
2300150,Acarape - CE,CE,14027.0,2.1,12976.090135382174,11865.678494458101,91.4426331095197,162.0941963012692,1.2491759429081306,Caatinga,ok,
2300200,Acaraú - CE,CE,65264.0,1.0,84084.6463242868,41722.569204480686,49.61972372883686,1874.750775433377,2.2295994065350295,Caatinga,ok,
2300309,Acopiara - CE,CE,44962.0,1.1,225430.79644934714,163247.7816533294,72.41591842133697,494.1288860229459,0.21919315985470225,Caatinga,ok,
2300408,Aiuaba - CE,CE,14076.0,0.8,243859.73397863677,200564.97038494452,82.24603837323752,195.9384357299806,0.08034882698065508,Caatinga,ok,
2300507,Alcântaras - CE,CE,11369.0,0.9,13576.263145709278,13105.14471474004,96.52983721726008,225.2968060119635,1.6594905652161553,Caatinga,ok,
2300606,Altaneira - CE,CE,6782.0,0.8,7266.791600146647,6230.5428968080305,85.73994191167247,102.8606304077143,1.41548892644229,Caatinga,ok,
2300705,Alto Santo - CE,CE,14155.0,1.0,114722.48502256148,41553.630588994696,36.22099938021975,201.0423558410643,0.17524233004674458,Caatinga,ok,
2300754,Amontada - CE,CE,42156.0,1.3,117402.96914592877,69082.27802208159,58.842019520148725,937.4105479858457,0.7984555712732183,Caatinga,ok,
2300804,Antonina do Norte - CE,CE,7245.0,0.8,25971.976357256233,20089.0685460077,77.34901753210272,124.8392151794443,0.4806689081424712,Caatinga,ok,
2300903,Apuiarés - CE,CE,12928.0,0.9,54395.29594255751,49582.463868119194,91.15211712512648,147.5234893127442,0.271206336423892,Caatinga,ok,
2301000,Aquiraz - CE,CE,80645.0,1.8,47994.817070349345,23450.40976640043,48.86029616912079,5554.020340075459,11.572125239970275,Caatinga,ok,
2301109,Aracati - CE,CE,75113.0,1.3,122712.49606608218,65129.88744999457,53.07518756274122,2473.061424212609,2.01532973698199,Caatinga,ok,
2301208,Aracoiaba - CE,CE,25553.0,1.4,64398.17056345204,53180.29068563221,82.58043702224931,370.6395251892099,0.5755435627228195,Caatinga,ok,
2301257,Ararendá - CE,CE,11096.0,1.6,34231.7396733485,29460.828448079974,86.0629016497722,260.6131324401862,0.7613201517861782,Caatinga,ok,
2301307,Araripe - CE,CE,19783.0,1.0,109735.38952556236,84752.7552221748,77.23374891965187,221.3379024841306,0.2017014779289328,Caatinga,ok,
2301406,Aratuba - CE,CE,11224.0,1.0,11976.272266906119,11657.964008965446,97.34217583863511,83.25635469360336,0.6951775380363102,Caatinga,ok,
2301505,Arneiroz - CE,CE,7429.0,0.9,106846.49126511184,71618.40977460737,67.02925751385216,111.0035490844727,0.10389068257660065,Caatinga,ok,
2301604,Assaré - CE,CE,21697.0,0.5,115511.69488916162,85955.7711311478,74.41304641372116,313.3535989013674,0.2712743494951255,Caatinga,ok,
2301703,Aurora - CE,CE,23714.0,0.8,88588.54179119434,67421.44128284507,76.10627731265663,210.8838597900387,0.23804868612365,Caatinga,ok,
2301802,Baixio - CE,CE,5704.0,1.0,14556.368874938753,6392.520496411073,43.91562587711607,53.63420801391595,0.36845870336699355,Caatinga,ok,
2301851,Banabuiú - CE,CE,17195.0,1.1,108102.71770659123,70358.4905738282,65.08484899037677,156.776763165283,0.1450257370872037,Caatinga,ok,
2301901,Barbalha - CE,CE,75033.0,1.5,60824.86111445468,56172.85369399579,92.35179935437063,1466.888149371327,2.411658855432601,Caatinga,ok,
2301950,Barreira - CE,CE,22392.0,2.5,26022.719343347242,14564.17478111011,55.967151583769706,444.0773460021996,1.7064986181612445,Caatinga,ok,
2302008,Barro - CE,CE,19381.0,1.2,71134.16512837776,55554.47087505722,78.09815547113902,279.2040851135255,0.3925034961886996,Caatinga,ok,
2302057,Barroquinha - CE,CE,14567.0,1.1,37910.62617550024,26618.162952142105,70.21293404365899,316.9459083679186,0.836034485161696,Caatinga,ok,
2302107,Baturité - CE,CE,35218.0,1.6,31408.23609819999,28810.99814536182,91.73071055401607,298.4701463745108,0.9502926093694775,Caatinga,ok,
2302206,Beberibe - CE,CE,53114.0,1.7,159591.8416372297,89387.57756266973,56.01011721254386,3116.026529370127,1.9524973816977482,Caatinga,ok,
2302305,Bela Cruz - CE,CE,32775.0,1.0,84213.43551466266,40430.211646223266,48.009217768088604,394.3226094116205,0.46824192244593055,Caatinga,ok,
2302404,Boa Viagem - CE,CE,50411.0,1.5,283505.4320859635,230235.24975973731,81.210172258684,533.8006620727537,0.18828586745064432,Caatinga,ok,
2302503,Brejo Santo - CE,CE,51090.0,0.9,65461.57717123007,38042.416156006126,58.11411487458863,818.2613864135773,1.2499872776869143,Caatinga,ok,
2302602,Camocim - CE,CE,62326.0,1.6,111253.75946771675,68071.21736320603,61.185543471866865,1291.170037176524,1.1605630617374252,Caatinga,ok,
2302701,Campos Sales - CE,CE,25135.0,1.0,108258.09626436137,84625.81171210973,78.17042293581196,465.4402778198265,0.4299357682064188,Caatinga,ok,
2302800,Canindé - CE,CE,74174.0,1.3,303245.7595784251,277246.24634779105,91.42625662209464,1178.324382202127,0.3885707697414282,Caatinga,ok,
2302909,Capistrano - CE,CE,17254.0,1.0,22651.918580248886,20297.65087791733,89.60676247360196,160.6186758850085,0.7090731644473521,Caatinga,ok,
2303006,Caridade - CE,CE,16377.0,1.6,92623.64631391253,83637.9666640224,90.29871959538649,297.1896174011217,0.3208571776519258,Caatinga,ok,
2303105,Cariré - CE,CE,17632.0,1.2,75558.58399279979,60747.46200354188,80.39783012520549,348.3832203186017,0.4610769576515624,Caatinga,ok,
2303204,Caririaçu - CE,CE,26320.0,1.4,63417.94792796789,58521.28549734045,92.27874349357815,223.8069232849106,0.3529078606250672,Caatinga,ok,
2303303,Cariús - CE,CE,17015.0,0.8,103647.36881076272,86557.22306573243,83.5112594356031,186.7123380798348,0.1801418986532407,Caatinga,ok,
2303402,Carnaubal - CE,CE,17210.0,0.9,36323.304344308795,29571.475820633517,81.41185488061697,561.2353226135259,1.545110866824156,Caatinga,ok,
2303501,Cascavel - CE,CE,72720.0,1.8,83795.99682969193,50914.628480186526,60.760215769813065,2508.014662329131,2.9930005694979114,Caatinga,ok,
2303600,Catarina - CE,CE,10243.0,1.0,48813.02630798775,34623.92246686263,70.93172680669623,170.50478394165,0.3493018090413883,Caatinga,ok,
2303659,Catunda - CE,CE,10444.0,1.1,78402.14540095543,66578.94074150133,84.91979447885106,156.2122181335451,0.19924482593513498,Caatinga,ok,
2303709,Caucaia - CE,CE,355679.0,1.6,122256.87000826812,98060.19828319502,80.20833371291388,8564.679377813747,7.005479019080503,Caatinga,ok,
2303808,Cedro - CE,CE,22344.0,1.4,72995.85702189301,50956.46436962433,69.80733763334185,279.3438954528811,0.3826845890296211,Caatinga,ok,
2303907,Chaval - CE,CE,12462.0,1.3,23725.39690490798,20004.364822052776,84.31624938554579,294.5141842040989,1.2413456575016197,Caatinga,ok,
2303931,Choró - CE,CE,12113.0,1.4,81526.53365291914,73540.51957715029,90.20439884054497,99.15586655883776,0.12162404326053103,Caatinga,ok,
2303956,Chorozinho - CE,CE,20163.0,1.4,29641.79682202815,11761.687168780589,39.679400136903816,577.4343424987782,1.94804095705042,Caatinga,ok,
2304004,Coreaú - CE,CE,20953.0,1.4,75035.1186585788,61965.32625335405,82.58176619311513,468.1519190307642,0.6239104134171183,Caatinga,ok,
2304103,Crateús - CE,CE,76390.0,1.0,298131.7144847852,228647.44700210044,76.69343310128423,1660.333002899158,0.5569125732793822,Caatinga,ok,
2304202,Crato - CE,CE,131050.0,1.4,113810.34179209289,103326.06710946953,90.78794201165313,1861.860123126187,1.6359322833134151,Caatinga,ok,
2304236,Croatá - CE,CE,17481.0,0.7,69636.65619585256,55893.9245569563,80.2650896960863,521.6620282470711,0.7491198698281847,Caatinga,ok,
2304251,Cruz - CE,CE,29761.0,1.1,33570.49751120642,8354.01913942888,24.88500248362468,1320.652530499281,3.9339677050017627,Caatinga,ok,
2304269,Deputado Irapuan Pinheiro - CE,CE,8932.0,0.5,47113.21456318916,32079.459665179358,68.09015254553212,111.3522693298338,0.236350396300142,Caatinga,ok,
2304277,Ereré - CE,CE,6474.0,0.7,34902.86249907768,22252.59672302157,63.75579287690114,59.93029371948248,0.17170595598302618,Caatinga,ok,
2304285,Eusébio - CE,CE,74170.0,1.2,7882.022953692697,3176.67986037605,40.302849649629444,3397.932959570309,43.10990946782755,Caatinga,ok,
2304301,Farias Brito - CE,CE,18217.0,1.3,53053.83490785909,46018.051461685965,86.73840739619958,225.2908792358393,0.42464579540218306,Caatinga,ok,
2304350,Forquilha - CE,CE,24173.0,1.6,56876.224998168065,51143.11608824977,89.92002561684966,257.4462259216301,0.4526429556988394,Caatinga,ok,
2304400,Fortaleza - CE,CE,2428708.0,1.8,31169.492853034233,4018.2949685668887,12.89175601128115,25225.05387838214,80.92866315573234,Caatinga,ok,
2304459,Fortim - CE,CE,17294.0,1.2,28450.152360858123,16065.532178430061,56.469054979589885,976.3081174377546,3.4316446008948787,Caatinga,ok,
2304509,Frecheirinha - CE,CE,15657.0,1.3,21028.256687022127,18420.49569761174,87.59877707304285,297.4295085449225,1.4144278005151285,Caatinga,ok,
2304608,General Sampaio - CE,CE,6734.0,0.7,23036.01870134695,20474.070573392855,88.87851168568336,61.71238731079114,0.2678951953932157,Caatinga,ok,
2304657,Graça - CE,CE,13801.0,1.0,25893.155198972887,24799.41250206736,95.77593889774812,165.9640435729983,0.640957203931569,Caatinga,ok,
2304707,Granja - CE,CE,53344.0,1.0,266317.9003006485,222262.62522616753,83.45763652208633,849.71002648925,0.3190585482725739,Caatinga,ok,
2304806,Granjeiro - CE,CE,4841.0,0.8,11151.7294625,10189.843397576906,91.37455703030068,43.93967869262697,0.39401672036954666,Caatinga,ok,
2304905,Groaíras - CE,CE,10910.0,1.2,15570.36230940531,12363.028973785169,79.40103594325005,158.3197533203124,1.0168019868405953,Caatinga,ok,
2304954,Guaiúba - CE,CE,24325.0,1.2,25605.135818096664,23540.532131853994,91.93675948094955,305.7879922485338,1.1942447578521154,Caatinga,ok,
2305001,Guaraciaba do Norte - CE,CE,42053.0,1.3,62458.6364004919,48969.21079894786,78.40262551515164,881.6614639282236,1.411592559073672,Caatinga,ok,
2305100,Guaramiranga - CE,CE,5654.0,0.9,9082.67616862805,9022.316065167357,99.33543701944171,46.54059913940429,0.5124106406012525,Caatinga,ok,
2305209,Hidrolândia - CE,CE,17855.0,1.1,92658.60589034583,80947.51569757225,87.36103346230706,268.2182013549802,0.2894692821866922,Caatinga,ok,
2305233,Horizonte - CE,CE,74755.0,0.9,16055.52600482185,6895.981008178739,42.95082581603191,1906.020468737768,11.871429613488498,Caatinga,ok,
2305266,Ibaretama - CE,CE,11956.0,0.6,87922.91347622292,77670.01564104835,88.33876468624156,114.6679349914546,0.13041871618877182,Caatinga,ok,
2305308,Ibiapina - CE,CE,23965.0,1.6,41411.14391116261,33826.22332064776,81.68386604633181,567.2615153442387,1.3698281712795914,Caatinga,ok,
2305332,Ibicuitinga - CE,CE,11611.0,1.2,42385.14962626017,26479.346558565972,62.47316994761866,135.0304450988772,0.31857961170253285,Caatinga,ok,
2305357,Icapuí - CE,CE,21433.0,1.0,42129.800482751234,21836.043948058938,51.83039961700992,1570.493069641132,3.727748652130747,Caatinga,ok,
2305407,Icó - CE,CE,62642.0,1.3,186584.89929335917,107867.20604272741,57.81132688188908,995.8954741882357,0.5337492358491635,Caatinga,ok,
2305506,Iguatu - CE,CE,98064.0,1.4,97731.12874380789,49090.02630471732,50.22967291557819,2251.990136517325,2.3042710807328195,Caatinga,ok,
2305605,Independência - CE,CE,24024.0,0.9,323711.05436928495,149201.8221680247,46.09104945727846,423.0466860473624,0.13068651204130854,Caatinga,ok,
2305654,Ipaporanga - CE,CE,11575.0,1.5,70475.63854096978,64846.73699555371,92.0129825540441,235.7114534301754,0.3344580599906855,Caatinga,ok,
2305704,Ipaumirim - CE,CE,12083.0,1.2,27648.020321784745,15875.08368445538,57.41851857634415,129.6265598022466,0.4688457194893978,Caatinga,ok,
2305803,Ipu - CE,CE,41081.0,1.4,62605.65177668008,54791.68828614664,87.51875706300999,695.4621999816918,1.1108616877953243,Caatinga,ok,
2305902,Ipueiras - CE,CE,36798.0,1.3,148325.41464276324,129287.5134045375,87.16477463819812,910.0160412231418,0.6135267131495198,Caatinga,ok,
2306009,Iracema - CE,CE,14001.0,0.8,83916.43017404946,55194.07076770635,65.77266293767428,194.7141499694821,0.23203340462127525,Caatinga,ok,
2306108,Irauçuba - CE,CE,23915.0,0.9,146642.5666158473,99711.90976176776,67.99656611506154,474.2473895385754,0.3234036340764133,Caatinga,ok,
2306207,Itaiçaba - CE,CE,7536.0,0.5,21361.305198961978,11670.357932586272,54.633168825064935,206.1906159301775,0.965252890727843,Caatinga,ok,
2306256,Itaitinga - CE,CE,64650.0,1.8,15367.051941265876,10326.749199816908,67.20058759016749,1439.400570471199,9.366797066689859,Caatinga,ok,
2306306,Itapajé - CE,CE,46426.0,1.4,43632.991546232384,37793.34514564646,86.61644275662744,556.7107614440914,1.2758940923273967,Caatinga,ok,
2306405,Itapipoca - CE,CE,131123.0,0.9,159557.49981461978,104393.34177579207,65.42678463693677,1655.138883721856,1.0373306711654806,Caatinga,ok,
2306504,Itapiúna - CE,CE,17841.0,2.1,59321.56825121109,53479.36130602068,90.1516309878218,192.3184925537144,0.32419657507923033,Caatinga,ok,
2306553,Itarema - CE,CE,42957.0,1.4,71304.77425622352,41909.301480704875,58.77488838280279,1408.88719760745,1.975866570371312,Caatinga,ok,
2306603,Itatira - CE,CE,20424.0,1.8,82923.02697478312,76977.0984937467,92.82958100064947,296.7478577758816,0.35785941324370923,Caatinga,ok,
2306702,Jaguaretama - CE,CE,17232.0,1.6,182681.48731872742,69491.76720652459,38.03985189001727,213.8212608764641,0.11704593826927115,Caatinga,ok,
2306801,Jaguaribara - CE,CE,10356.0,1.1,62296.897149932825,15841.347302026034,25.42879023958437,259.61277616577,0.41673468189105456,Caatinga,ok,
2306900,Jaguaribe - CE,CE,33726.0,1.4,187707.1103723396,43881.614285544616,23.377704871435164,546.1520588928256,0.2909597072851781,Caatinga,ok,
2307007,Jaguaruana - CE,CE,31701.0,1.8,85436.66036367504,35924.7236195167,42.048370648615325,679.1105771179335,0.7948702281048778,Caatinga,ok,
2307106,Jardim - CE,CE,27411.0,1.4,54488.71355471261,42806.893285168735,78.56102758268636,355.5024285156251,0.6524331468362928,Caatinga,ok,
2307205,Jati - CE,CE,7861.0,1.5,36840.16847761781,26608.00660630398,72.22552910546443,147.8068513305662,0.40121111666567444,Caatinga,ok,
2307254,Jijoca de Jericoacoara - CE,CE,25555.0,2.0,20705.017430011103,5460.211804217633,26.37144268375873,868.5876609985406,4.195058825401214,Caatinga,ok,
2307304,Juazeiro do Norte - CE,CE,286120.0,1.4,25880.587077721593,14539.55644775326,56.17939192835828,4609.721364672888,17.81150230800215,Caatinga,ok,
2307403,Jucás - CE,CE,23922.0,1.1,94032.8830372704,69941.9222231348,74.3802805614425,344.3471492980954,0.3661986511267678,Caatinga,ok,
2307502,Lavras da Mangabeira - CE,CE,30802.0,0.8,94524.86947125601,70015.49578506291,74.07097854428021,354.9048801330562,0.3754619097791814,Caatinga,ok,
2307601,Limoeiro do Norte - CE,CE,59560.0,1.2,79465.54997313899,33954.36799677779,42.72841251115116,1352.17967823487,1.7015922984135075,Caatinga,ok,
2307635,Madalena - CE,CE,16896.0,1.6,99814.92013406627,85131.4030989224,85.28925634021275,243.0304196838377,0.2434810540923258,Caatinga,ok,
2307650,Maracanaú - CE,CE,234509.0,1.6,10509.291394146632,4802.71739817512,45.69972625223898,4667.416000213454,44.41228076341159,Caatinga,ok,
2307700,Maranguape - CE,CE,105093.0,1.5,58350.67307678566,48724.04602595557,83.50211481166279,1351.262336730945,2.3157613536912804,Caatinga,ok,
2307809,Marco - CE,CE,25799.0,1.4,57358.59613822793,45805.45337769936,79.85804475987041,303.5080530578589,0.5291413554237585,Caatinga,ok,
2307908,Martinópole - CE,CE,10846.0,1.2,30345.779547241644,25777.34043492477,84.94538884656157,177.626977423096,0.5853432670812435,Caatinga,ok,
2308005,Massapê - CE,CE,37697.0,0.8,56774.74805529715,51276.06022632983,90.31490580352424,441.1680192138672,0.7770497172161485,Caatinga,ok,
2308104,Mauriti - CE,CE,45561.0,1.1,107900.60986701465,69966.17166779636,64.84316608963402,595.3719673767142,0.5517781299943516,Caatinga,ok,
2308203,Meruoca - CE,CE,15157.0,0.8,15164.179981360265,14854.824266144202,97.95995750778268,177.2975679199213,1.1691866499728611,Caatinga,ok,
2308302,Milagres - CE,CE,25900.0,0.8,57915.471285587526,40900.04606274802,70.62024214750048,351.4804249023414,0.6068852020026789,Caatinga,ok,
2308351,Milhã - CE,CE,14123.0,1.0,50218.436590159756,24904.03629315703,49.591420968363934,142.9761988464355,0.28470858225493123,Caatinga,ok,
2308377,Miraíma - CE,CE,14196.0,0.9,70862.93178474711,50561.828641850814,71.35159013098297,158.4705437133788,0.22362967453103424,Caatinga,ok,
2308401,Missão Velha - CE,CE,36822.0,1.0,61326.50211613273,49981.95421527231,81.5013941617321,585.7453728637655,0.9551260102109713,Caatinga,ok,
2308500,Mombaça - CE,CE,37735.0,1.0,210551.61365997948,177667.32577957265,84.3818400112042,315.6228243225098,0.14990282849705924,Caatinga,ok,
2308609,Monsenhor Tabosa - CE,CE,17149.0,1.6,89254.4154160884,68569.52154711906,76.82479486024305,241.6039879882804,0.2706913566818684,Caatinga,ok,
2308708,Morada Nova - CE,CE,61443.0,1.4,282282.9683621234,157995.52252930062,55.970618222569456,1084.180040301499,0.38407561270599627,Caatinga,ok,
2308807,Moraújo - CE,CE,8254.0,0.8,41442.84592764881,34873.355086419484,84.14807020565533,108.2458855590825,0.26119317613481197,Caatinga,ok,
2308906,Morrinhos - CE,CE,22753.0,1.7,41160.74002274628,32421.618038041644,78.76830693550404,260.5413164855952,0.6329850151907246,Caatinga,ok,
2309003,Mucambo - CE,CE,13666.0,1.0,19218.128118097517,17288.839924902928,89.96110244796527,213.4464762573238,1.1106517499814326,Caatinga,ok,
2309102,Mulungu - CE,CE,10569.0,1.0,9795.750687744283,9660.685690362692,98.62118788353226,98.95835703735354,1.0102171869396686,Caatinga,ok,
2309201,Nova Olinda - CE,CE,15399.0,0.9,28260.509343867172,23843.004164704435,84.36862858552342,205.8565830200202,0.7284248861731618,Caatinga,ok,
2309300,Nova Russas - CE,CE,30699.0,1.4,73694.23318943754,63647.488238930855,86.3669862407271,615.5364366332982,0.8352572650440738,Caatinga,ok,
2309409,Novo Oriente - CE,CE,27545.0,1.0,95452.22468453331,65391.942182823615,68.50750980287991,787.2684079101567,0.8247774323878304,Caatinga,ok,
2309458,Ocara - CE,CE,24493.0,0.9,76309.62270175583,44488.767437675255,58.30033731335904,612.2189321960506,0.8022827403941075,Caatinga,ok,
2309508,Orós - CE,CE,19675.0,1.6,57755.4088938251,32064.82753512721,55.51831101061671,352.2052462768555,0.6098220980901261,Caatinga,ok,
2309607,Pacajus - CE,CE,70983.0,1.1,25032.622484295298,12134.068177673136,48.47302029695722,1694.342455108654,6.768537560024454,Caatinga,ok,
2309706,Pacatuba - CE,CE,81524.0,1.8,13322.212622747818,10537.049482836912,79.09383959872243,1522.279252069113,11.426624804574919,Caatinga,ok,
2309805,Pacoti - CE,CE,11186.0,0.8,11243.305351593026,11163.14676806031,99.28705499827629,44.67025942382814,0.39730540109807627,Caatinga,ok,
2309904,Pacujá - CE,CE,6175.0,0.8,8836.351942590456,6503.4805410218705,73.59915701948961,232.5110720153819,2.6313016222758008,Caatinga,ok,
2310001,Palhano - CE,CE,9346.0,1.6,43698.729515113926,23130.091008076775,52.93080889245728,210.0947576049828,0.4807800133693087,Caatinga,ok,
2310100,Palmácia - CE,CE,10242.0,0.9,12891.7753490479,12317.14230855718,95.54263842696298,51.80770073242194,0.40186630103082044,Caatinga,ok,
2310209,Paracuru - CE,CE,38980.0,1.1,30465.144307904284,18348.75847816827,60.228693790915756,1281.58603140256,4.20672890451416,Caatinga,ok,
2310258,Paraipaba - CE,CE,32216.0,1.0,28908.79757552574,15017.962664557717,51.9494545745893,818.1751065307633,2.8301941801392405,Caatinga,ok,
2310308,Parambu - CE,CE,31445.0,1.6,231382.33428406363,200987.44085323473,86.86377958590664,709.3379493896457,0.3065653009269088,Caatinga,ok,
2310407,Paramoti - CE,CE,10384.0,1.3,53923.516452091404,49440.729515879226,91.68676816506407,121.7228001708979,0.22573231157697787,Caatinga,ok,
2310506,Pedra Branca - CE,CE,40187.0,1.1,132876.75957079965,101208.2678045029,76.1670198245442,444.8248851928693,0.3347650007643789,Caatinga,ok,
2310605,Penaforte - CE,CE,8972.0,0.8,15053.388557367049,3711.8909985228765,24.658175694975313,266.1231266906745,1.7678619380380987,Caatinga,ok,
2310704,Pentecoste - CE,CE,37813.0,1.1,137983.65380942798,119990.68514461466,86.9600723215637,434.7889560058573,0.3151017848870368,Caatinga,ok,
2310803,Pereiro - CE,CE,15274.0,0.8,44972.91240632186,38177.78074297345,84.89061237138554,141.4539603454591,0.3145314652238863,Caatinga,ok,
2310852,Pindoretama - CE,CE,23391.0,2.1,7404.859453259268,696.4053569030727,9.404707291190356,1011.132409387174,13.654984483765203,Caatinga,ok,
2310902,Piquet Carneiro - CE,CE,16616.0,0.9,58959.270934239765,45798.91861157142,77.6789093315846,178.158994958496,0.30217299524820396,Caatinga,ok,
2310951,Pires Ferreira - CE,CE,10606.0,0.4,24446.991948302584,19515.42716976869,79.82751911170689,148.0908937011717,0.6057632530592543,Caatinga,ok,
2311009,Poranga - CE,CE,12065.0,1.1,131081.70493857085,114233.02331501716,87.14642777079416,356.4809296936039,0.2719532293699281,Caatinga,ok,
2311108,Porteiras - CE,CE,17050.0,0.7,22487.260293957457,14454.435721496544,64.27833151991659,260.6183907775882,1.1589601728745003,Caatinga,ok,
2311207,Potengi - CE,CE,8833.0,1.0,34326.52282025762,20224.411805712607,58.917740988834666,95.29766561279332,0.2776210865044388,Caatinga,ok,
2311231,Potiretama - CE,CE,5974.0,1.2,40912.11072415069,13939.499974615279,34.07181816798002,80.42416238403307,0.19657788601104403,Caatinga,ok,
2311264,Quiterianópolis - CE,CE,20213.0,1.1,102292.04187988427,86423.11696363667,84.48664761733706,381.7477392761225,0.3731939770294029,Caatinga,ok,
2311306,Quixadá - CE,CE,84168.0,1.6,202060.87260929344,161381.19800745518,79.86761411225972,1194.084433605958,0.5909528243574645,Caatinga,ok,
2311355,Quixelô - CE,CE,15910.0,0.9,62024.21906719881,22113.036237091153,35.65226063246884,175.0999753540042,0.2823090366753282,Caatinga,ok,
2311405,Quixeramobim - CE,CE,82177.0,1.1,330216.3216748358,249034.4521119417,75.41554907063802,1071.056712530507,0.3243500221606784,Caatinga,ok,
2311504,Quixeré - CE,CE,20874.0,0.9,60947.69362222408,34729.56589126226,56.9825760865189,355.3313048034668,0.5830102563124688,Caatinga,ok,
2311603,Redenção - CE,CE,27214.0,1.7,24798.329686335124,22222.02313933195,89.61096743373477,358.9329109191888,1.4474076095414412,Caatinga,ok,
2311702,Reriutaba - CE,CE,18606.0,0.8,37293.7317326933,34832.326800558294,93.39995002437037,305.6828948242187,0.819662931602642,Caatinga,ok,
2311801,Russas - CE,CE,72928.0,1.2,150573.2959624233,99028.74534645678,65.76780079993078,1802.283297418199,1.1969474971630911,Caatinga,ok,
2311900,Saboeiro - CE,CE,13854.0,0.6,138124.38822124922,113453.33074203007,82.13852180854494,175.3667505004887,0.12696291564353157,Caatinga,ok,
2311959,Salitre - CE,CE,16633.0,0.9,80625.53072697841,43687.07964957374,54.18516846420639,166.1289122253416,0.20605000764323972,Caatinga,ok,
2312007,Santana do Acaraú - CE,CE,30628.0,0.8,97257.14500726636,81150.1764838225,83.43878126153051,280.6620071472169,0.28857726301368175,Caatinga,ok,
2312106,Santana do Cariri - CE,CE,16954.0,0.9,85519.18561754722,75376.75205133024,88.14016586690238,188.6849223876952,0.22063461084804808,Caatinga,ok,
2312205,Santa Quitéria - CE,CE,40183.0,1.2,426228.52545593376,364385.50349508144,85.49064216321531,509.4311000915515,0.11952064905712646,Caatinga,ok,
2312304,São Benedito - CE,CE,47640.0,1.4,35084.143242011916,25995.33928548109,74.09426847383483,1015.502437725827,2.894476945669865,Caatinga,ok,
2312403,São Gonçalo do Amarante - CE,CE,54143.0,1.6,84218.01352317125,69201.59432544193,82.16958751514866,3740.709944482299,4.441698145080449,Caatinga,ok,
2312502,São João do Jaguaribe - CE,CE,5855.0,0.8,27945.09892396901,8190.393652508815,29.308873354832777,110.6637812805176,0.39600425670921247,Caatinga,ok,
2312601,São Luís do Curu - CE,CE,10822.0,1.1,12288.099378833165,10690.976499652259,87.00268585122264,178.4370380493164,1.4521125891664148,Caatinga,ok,
2312700,Senador Pompeu - CE,CE,24266.0,1.0,96324.58005039873,72527.7996622948,75.2952150160914,280.8376566650385,0.29155347110581664,Caatinga,ok,
2312809,Senador Sá - CE,CE,7262.0,1.1,42463.95531195523,35255.729287345894,83.02507156562511,112.2794693847659,0.26441123668278477,Caatinga,ok,
2312908,Sobral - CE,CE,203023.0,1.5,206848.52118166475,162449.49699448264,78.53548870760906,3732.4784287292,1.8044501393612336,Caatinga,ok,
2313005,Solonópole - CE,CE,18179.0,0.7,153580.1366384579,108220.19342272963,70.46496753515082,204.4235545471194,0.13310546469192935,Caatinga,ok,
2313104,Tabuleiro do Norte - CE,CE,30652.0,1.2,104764.3193394225,52578.67146287704,50.18757511565472,477.287064550784,0.4555816976240138,Caatinga,ok,
2313203,Tamboril - CE,CE,24815.0,0.9,201174.35076249507,137109.8244884566,68.15472448091924,432.3299394165051,0.21490311154373282,Caatinga,ok,
2313252,Tarrafas - CE,CE,7529.0,0.9,41271.07418815886,34716.057800158414,84.11716555252357,85.8716348022463,0.20806736071551984,Caatinga,ok,
2313302,Tauá - CE,CE,61227.0,1.4,401063.32034048764,241826.03851360973,60.29622412448701,1229.732660595697,0.306618082040437,Caatinga,ok,
2313351,Tejuçuoca - CE,CE,17154.0,0.8,75870.08607161064,68906.80212871509,90.8220956328912,133.7006978820803,0.17622320575185027,Caatinga,ok,
2313401,Tianguá - CE,CE,81506.0,1.7,90983.42667377737,80024.19111070357,87.95469025104063,1687.109711236567,1.8543044298449294,Caatinga,ok,
2313500,Trairi - CE,CE,58415.0,1.0,92854.72193988193,50260.72154578936,54.12834209802521,1733.634358624222,1.867039524114509,Caatinga,ok,
2313559,Tururu - CE,CE,15412.0,1.0,19719.065012145285,15942.588737597058,80.84860376380809,172.5669287780761,0.8751273382981869,Caatinga,ok,
2313609,Ubajara - CE,CE,32767.0,1.0,42365.892232537604,35798.88884917569,84.49931528098831,817.6982851684613,1.9300863078258446,Caatinga,ok,
2313708,Umari - CE,CE,6871.0,1.6,26318.95183069375,17187.43862109329,65.30441915642292,59.0607080200196,0.22440372397787395,Caatinga,ok,
2313757,Umirim - CE,CE,17470.0,1.0,31563.148942797383,27183.669778710457,86.1247077342506,177.2747901184067,0.5616511535008306,Caatinga,ok,
2313807,Uruburetama - CE,CE,20189.0,1.2,10345.840901178157,9800.865913006772,94.73242442661838,150.6986455993642,1.4566108935833628,Caatinga,ok,
2313906,Uruoca - CE,CE,13746.0,1.3,69769.03794356005,62476.838795360796,89.54808699799142,172.8781908752444,0.24778640493093074,Caatinga,ok,
2313955,Varjota - CE,CE,18105.0,1.5,17923.889212048427,13459.763368988148,75.09398886454008,348.8102746276877,1.9460635496074012,Caatinga,ok,
2314003,Várzea Alegre - CE,CE,38984.0,1.2,82999.46217762415,63365.32326814527,76.34425766824782,444.4692810485819,0.5355086278720569,Caatinga,ok,
2314102,Viçosa do Ceará - CE,CE,59712.0,1.1,131089.24639443803,123478.47386364586,94.19420529133878,1011.672213580321,0.7717430997629453,Caatinga,ok,
2400109,Acari - RN,RN,10597.0,1.0,60849.36819974584,48644.67542448299,79.94277814816519,272.0549441894544,0.44709575832636284,Caatinga,ok,
2400208,Assú - RN,RN,56496.0,1.0,130345.96140248605,76512.53184796985,58.69957996758506,1207.391244696053,0.9262973947983209,Caatinga,ok,
2400307,Afonso Bezerra - RN,RN,10839.0,0.8,57621.559283525065,33653.89929517664,58.405047891161175,192.2407274291986,0.3336263888370049,Caatinga,ok,
2400406,Água Nova - RN,RN,2946.0,0.6,5066.207989935429,3671.5742344727682,72.47184169632885,35.02160770874018,0.6912785218908184,Caatinga,ok,
2400505,Alexandria - RN,RN,13640.0,0.9,38119.20073519865,19954.58299583098,52.347852554540175,196.6326119079591,0.5158361353741391,Caatinga,ok,
2400604,Almino Afonso - RN,RN,4687.0,0.7,12805.723868634372,10441.555243878538,81.53818832103278,76.53912491455074,0.5976946379581197,Caatinga,ok,
2400703,Alto do Rodrigues - RN,RN,12484.0,1.0,19133.152622112928,11616.748713720686,60.715287977657994,331.0779398742685,1.7303888512948402,Caatinga,ok,
2400802,Angicos - RN,RN,11632.0,0.7,74158.5711985388,33271.56632902602,44.8654360396868,346.1009743408183,0.4667039409567774,Caatinga,ok,
2400901,Antônio Martins - RN,RN,6577.0,0.6,24485.66818515058,15024.656406298785,61.361022671256094,95.37495996704085,0.3895134053351313,Caatinga,ok,
2401008,Apodi - RN,RN,36093.0,1.3,156921.67502754673,83726.05357157926,53.355314717920024,576.4678541442879,0.3673602477433995,Caatinga,ok,
2401107,Areia Branca - RN,RN,24093.0,1.3,33844.490969366765,20590.7933307437,60.839423909140145,766.8265243164071,2.265735138432057,Caatinga,ok,
2401206,Arez - RN,RN,13251.0,1.6,11539.994019061332,2380.98335443731,20.632448773409156,196.4446471374523,1.702294185014068,Mata Atlântica,ok,
2401305,Campo Grande - RN,RN,9730.0,0.6,89095.21034130415,50172.92888087964,56.31383403067145,120.2498436584473,0.13496779815412818,Caatinga,ok,
2401404,Baía Formosa - RN,RN,8825.0,1.6,24687.015668922035,8326.890009680223,33.72983645067625,269.1354815063476,1.0901904268856466,Mata Atlântica,ok,
2401453,Baraúna - RN,RN,26913.0,1.0,82567.17190375194,49529.74441697838,59.98721195721092,509.4903347228997,0.6170616274913832,Caatinga,ok,
2401503,Barcelona - RN,RN,3986.0,0.4,15262.261130774354,10038.449847418646,65.77301856785444,53.44578657836914,0.3501826244513842,Caatinga,ok,
2401602,Bento Fernandes - RN,RN,4807.0,0.2,30107.291487909853,19262.648055317375,63.98000983599821,60.85459301147454,0.20212576423857936,Caatinga,ok,
2401651,Bodó - RN,RN,2306.0,0.4,25348.26767203233,19536.046359916854,77.07053836058269,64.99999507446282,0.25642776033243364,Caatinga,ok,
2401701,Bom Jesus - RN,RN,9952.0,1.0,12205.424901910783,1627.2657196289401,13.332315201695177,158.8158452514649,1.301190630623617,Caatinga,ok,
2401800,Brejinho - RN,RN,12202.0,0.9,6155.232152710012,335.983944073486,5.4585096993548765,227.6443242431664,3.6983873003545393,Caatinga,ok,
2401859,Caiçara do Norte - RN,RN,6293.0,0.8,22563.82711922849,18003.170145467433,79.78775076735744,151.2199042480471,0.6701873022204651,Caatinga,ok,
2401909,Caiçara do Rio do Vento - RN,RN,3268.0,0.5,26116.31714477425,20533.02915962399,78.62145740458108,65.11765950317357,0.24933706824816723,Caatinga,ok,
2402006,Caicó - RN,RN,61146.0,1.0,122857.32468246228,65779.28384860574,53.54119831163445,1502.458123132316,1.2229292205536606,Caatinga,ok,
2402105,Campo Redondo - RN,RN,10215.0,0.5,21371.91967893753,15047.089343000196,70.40588570913175,117.593244360352,0.5502231251422987,Caatinga,ok,
2402204,Canguaretama - RN,RN,29668.0,0.7,24540.853546002447,4228.632961566109,17.23099383499205,760.7456394104013,3.09991515977374,Caatinga | Mata Atlântica,ok,
2402303,Caraúbas - RN,RN,19727.0,2.1,109449.40799201229,60524.440914237544,55.29901168460836,438.3758468200687,0.4005282941795919,Caatinga,ok,
2402402,Carnaúba dos Dantas - RN,RN,7992.0,0.7,24632.15651083152,20186.922185923082,81.95353166518842,280.3433864624016,1.1381195403623146,Caatinga,ok,
2402501,Carnaubais - RN,RN,9714.0,0.5,51780.99860909383,27293.009563250398,52.70854231547626,252.8225557861322,0.48825353426407514,Caatinga,ok,
2402600,Ceará-Mirim - RN,RN,79115.0,0.9,72427.3667778257,15335.458445214656,21.173568952543707,1964.3102850402927,2.7121105908294383,Caatinga | Mata Atlântica,ok,
2402709,Cerro Corá - RN,RN,11000.0,1.2,39361.41606479266,32891.27832637712,83.56223331049605,292.4321715087908,0.7429411864334846,Caatinga,ok,
2402808,Coronel Ezequiel - RN,RN,5117.0,1.3,18573.656671532488,15473.932876970699,83.31118180238208,66.99834414062506,0.36071703771348496,Caatinga,ok,
2402907,Coronel João Pessoa - RN,RN,4237.0,0.5,11712.963807812735,9441.766977612544,80.60954624750683,76.61281389160145,0.6540856366387768,Caatinga,ok,
2403004,Cruzeta - RN,RN,8005.0,0.9,29583.321443534885,21465.389329355752,72.55909168389468,227.552331298829,0.7691912881829504,Caatinga,ok,
2403103,Currais Novos - RN,RN,41313.0,1.2,86435.26495768286,69080.78110895812,79.92198686818259,1112.765553802481,1.2873976314496993,Caatinga,ok,
2403202,Doutor Severiano - RN,RN,7044.0,1.1,11374.15737319324,9493.877073724236,83.46883872118323,56.18809202880849,0.4939978425235553,Caatinga,ok,
2403251,Parnamirim - RN,RN,252716.0,1.3,12361.511785937508,3765.3309745545,30.4601171746481,5806.687173644988,46.97392417851911,Caatinga | Mata Atlântica,ok,
2403301,Encanto - RN,RN,6016.0,0.7,12575.239099652248,8916.367328332833,70.90415742933591,62.05402989501946,0.49346202806382805,Caatinga,ok,
2403400,Equador - RN,RN,5360.0,1.2,26498.065338914825,22480.07349597065,84.83665961437801,150.8013165771476,0.5691031199763935,Caatinga,ok,
2403509,Espírito Santo - RN,RN,10620.0,0.7,13585.26188701187,2713.040015704342,19.970465334187868,83.97749336547885,0.6181514501812082,Caatinga | Mata Atlântica,ok,
2403608,Extremoz - RN,RN,61635.0,1.1,13983.518930713026,3946.580561206072,28.223085911071415,2499.141415417477,17.872049430479407,Caatinga | Mata Atlântica,ok,
2403707,Felipe Guerra - RN,RN,5944.0,0.9,29217.27172778918,18094.211135357367,61.929845140700024,116.2115326599129,0.39774943308406724,Caatinga,ok,
2403756,Fernando Pedroza - RN,RN,2938.0,1.3,32265.881564879703,19837.84884472584,61.48243247231978,69.03890135498034,0.2139687434733747,Caatinga,ok,
2403806,Florânia - RN,RN,10196.0,0.8,50789.416750015094,41174.64081792285,81.06933186609318,156.7333922729496,0.30859458978312254,Caatinga,ok,
2403905,Francisco Dantas - RN,RN,2700.0,1.8,18157.31625272212,9312.096151849211,51.285641678753905,34.2291653991699,0.18851445292218397,Caatinga,ok,
2404002,Frutuoso Gomes - RN,RN,4122.0,1.1,6328.603316998557,5029.108180676547,79.46632027272778,57.78169633178732,0.9130244611253535,Caatinga,ok,
2404101,Galinhos - RN,RN,2104.0,1.1,34034.775182000354,23126.635700902836,67.95001752540912,95.37276123046874,0.2802215108531336,Caatinga,ok,
2404200,Goianinha - RN,RN,26741.0,1.0,19226.2826793267,3672.972460253772,19.103913749292687,506.7732751342795,2.6358359730099763,Mata Atlântica,ok,
2404309,Governador Dix-Sept Rosado - RN,RN,11938.0,1.2,110936.20356411888,92282.45360979778,83.18515565251012,217.8821305725092,0.19640308895786013,Caatinga,ok,
2404408,Grossos - RN,RN,9924.0,1.9,12390.623418151665,4563.330790429463,36.82890389311973,456.0483978149456,3.6805928356022566,Caatinga,ok,
2404507,Guamaré - RN,RN,15295.0,1.9,25807.18426388999,14082.570421074022,54.56841117215055,565.535340222172,2.1913872293827965,Caatinga,ok,
2404606,Ielmo Marinho - RN,RN,11615.0,0.5,31203.877338139515,10434.986377337424,33.44131328379204,114.39921708374,0.36661859628551174,Caatinga,ok,
2404705,Ipanguaçu - RN,RN,14131.0,0.6,37423.67585471205,17301.07788599269,46.230300714338554,284.4217578979494,0.7600048669781796,Caatinga,ok,
2404804,Ipueira - RN,RN,2035.0,0.9,12735.14055691562,8265.454402637108,64.90273401928557,36.22327059326177,0.2844355775373935,Caatinga,ok,
2404853,Itajá - RN,RN,7292.0,0.8,20365.3873058839,4216.401047235121,20.703760669540188,281.5231054626458,1.3823606751702142,Caatinga,ok,
2404903,Itaú - RN,RN,5320.0,1.3,13298.787711968993,5372.959881469667,40.4018772074538,126.126003186035,0.9484022597978672,Caatinga,ok,
2405009,Jaçanã - RN,RN,7834.0,1.1,5455.947958636472,2982.7282628356947,54.669294601943484,299.5172799194331,5.4897385787068105,Caatinga,ok,
2405108,Jandaíra - RN,RN,6562.0,0.4,44275.29848927228,25909.40357099815,58.518868206559674,129.9688118591308,0.29354700316841836,Caatinga,ok,
2405207,Janduís - RN,RN,4746.0,0.9,30341.571044748904,22159.07431248567,73.0320598093112,101.3663538391113,0.33408406469662477,Caatinga,ok,
2405306,Januário Cicco - RN,RN,9051.0,0.6,16702.893486706835,3750.1654065796415,22.452190152348443,94.32074518432614,0.5646970404223212,Caatinga,ok,
2405405,Japi - RN,RN,5117.0,0.5,18899.457395551206,6855.743502923723,36.27481656980012,105.6359420288089,0.5589363748277495,Caatinga,ok,
2405504,Jardim de Angicos - RN,RN,2437.0,0.1,25401.954565191423,19502.71012311368,76.77641526781746,28.64982431640622,0.11278590489121412,Caatinga,ok,
2405603,Jardim de Piranhas - RN,RN,13977.0,0.5,33053.40102046563,12179.898984985693,36.84915503080691,233.4317171264644,0.7062260158400365,Caatinga,ok,
2405702,Jardim do Seridó - RN,RN,11655.0,0.5,36763.255400890535,24386.57542095297,66.33410223068068,314.6097740234372,0.8557723482121669,Caatinga,ok,
2405801,João Câmara - RN,RN,33290.0,1.1,71499.87194436358,46031.39697634011,64.37969149393535,752.0072637389947,1.051760294513753,Caatinga,ok,
2405900,João Dias - RN,RN,2076.0,1.0,8818.075456341758,8186.8921618349195,92.84216496409195,29.06239000854488,0.3295774701910027,Caatinga,ok,
2406007,José da Penha - RN,RN,5803.0,2.1,11765.302626031937,4860.893234558133,41.315496839009555,66.29433666992168,0.5634732805192675,Caatinga,ok,
2406106,Jucurutu - RN,RN,17793.0,0.9,93369.08124869343,58589.38233096803,62.75030400578983,334.934396856691,0.3587208874472865,Caatinga,ok,
2406155,Jundiá - RN,RN,3739.0,0.1,4463.602227038603,183.53928933715818,4.1119096192164095,27.90812038574219,0.6252376212353035,Caatinga | Mata Atlântica,ok,
2406205,Lagoa d'Anta - RN,RN,6654.0,1.1,10404.540251928724,959.503138897701,9.221965754035454,81.30389297485343,0.7814270597855764,Caatinga,ok,
2406304,Lagoa de Pedras - RN,RN,7338.0,0.4,11796.911383410654,1370.4267354247995,11.61682656489185,92.44895848999008,0.7836708735474266,Caatinga,ok,
2406403,Lagoa de Velhos - RN,RN,2567.0,1.4,11160.23713550422,6517.111281805482,58.395813661275206,66.60035632934563,0.5967647059888089,Caatinga,ok,
2406502,Lagoa Nova - RN,RN,15573.0,0.7,17627.56709135692,5851.202614660578,33.19347805818034,1008.629229138185,5.721885634647405,Caatinga,ok,
2406601,Lagoa Salgada - RN,RN,8319.0,0.6,7913.08797992535,903.0074789428596,11.411568798851878,121.794253039551,1.5391494868821105,Caatinga,ok,
2406700,Lajes - RN,RN,9866.0,0.8,67662.16887685479,39400.937507403076,58.231857124049355,322.7814456176752,0.4770486240326374,Caatinga,ok,
2406809,Lajes Pintadas - RN,RN,4787.0,1.4,13020.561878973296,9923.122761413551,76.21117163490655,63.38288292236343,0.486790689307498,Caatinga,ok,
2406908,Lucrécia - RN,RN,3490.0,1.1,3091.99888243408,2084.01771178587,67.4003384550156,62.40893641357419,2.018401001634409,Caatinga,ok,
2407005,Luís Gomes - RN,RN,9070.0,1.6,16664.737008685523,13876.86511986112,83.27083177267433,106.6234774230958,0.6398149419791295,Caatinga,ok,
2407104,Macaíba - RN,RN,82249.0,1.2,51007.91754610444,13253.68818694488,25.98359004749663,2428.171155938695,4.7603808835048955,Caatinga,ok,
2407203,Macau - RN,RN,27369.0,0.9,77404.80651906221,41335.86728838616,53.402197030499025,972.8597471801847,1.2568466881195575,Caatinga,ok,
2407252,Major Sales - RN,RN,3924.0,0.4,3196.710610876457,1044.5754614135647,32.67657253238724,59.97644036865238,1.8761923636312003,Caatinga,ok,
2407302,Marcelino Vieira - RN,RN,7896.0,0.8,34568.72022555618,17284.44653636505,50.000250005167665,93.13807449951167,0.26942876071719885,Caatinga,ok,
2407401,Martins - RN,RN,8179.0,0.9,16947.9872007752,16328.474206109679,96.34462200539552,272.3207535827607,1.6068029221210693,Caatinga,ok,
2407500,Maxaranguape - RN,RN,10255.0,0.6,13149.257508892759,4097.402709802291,31.160715401848687,537.8359162902814,4.090237915916898,Caatinga | Mata Atlântica,ok,
2407609,Messias Targino - RN,RN,4274.0,0.4,14263.16283750645,10831.686091174735,75.94168428542164,113.1803827758787,0.7935153238120459,Caatinga,ok,
2407708,Montanhas - RN,RN,11444.0,0.9,8220.286748493898,641.4778117919903,7.803594101015034,136.3699804443347,1.658944324166308,Caatinga | Mata Atlântica,ok,
2407807,Monte Alegre - RN,RN,23031.0,0.5,21126.930676495234,2889.684982678226,13.677732117960442,379.7191529418974,1.7973228518440396,Caatinga | Mata Atlântica,ok,
2407906,Monte das Gameleiras - RN,RN,2276.0,1.3,7193.924103033454,3461.121631762622,48.111734043776956,48.33363511352539,0.6718674595572199,Caatinga,ok,
2408003,Mossoró - RN,RN,264577.0,1.3,209933.13310710038,134228.3657926404,63.93862836513847,6213.14767429233,2.9595841220178447,Caatinga,ok,
2408102,Natal - RN,RN,751300.0,1.4,16687.65883456433,2954.1364904968405,17.70252208403304,10552.935094842625,63.2379604560518,Caatinga | Mata Atlântica,ok,
2408201,Nísia Floresta - RN,RN,31942.0,0.8,30724.600637499916,10007.526836529492,32.571706804595955,2074.527753729205,6.75200884856159,Caatinga | Mata Atlântica,ok,
2408300,Nova Cruz - RN,RN,34269.0,1.6,27732.13089466166,1730.9781381103394,6.241778335337177,355.9015849426268,1.2833546267846898,Caatinga,ok,
2408409,Olho d'Água do Borges - RN,RN,3905.0,1.2,13638.955830657871,6667.041006518456,48.88234179578594,72.65386932373052,0.532693779683764,Caatinga,ok,
2408508,Ouro Branco - RN,RN,4913.0,1.2,25321.003005261176,15255.172211022946,60.247108725721645,122.9939472717296,0.4857388439398471,Caatinga,ok,
2408607,Paraná - RN,RN,3934.0,1.1,8138.78071926235,4358.230505999354,53.548936337411945,52.77303415527338,0.6484144981369692,Caatinga,ok,
2408706,Paraú - RN,RN,3579.0,1.1,38319.765570097356,12969.070177086845,33.84433590378537,84.59677531127983,0.22076537800454216,Caatinga,ok,
2408805,Parazinho - RN,RN,4801.0,0.7,23103.42256815792,14719.51838477158,63.71141912566072,76.39130003051758,0.330649278500421,Caatinga,ok,
2408904,Parelhas - RN,RN,21499.0,1.2,51350.03895166101,38101.365199505984,74.1992917188888,620.9400199157743,1.2092298907510155,Caatinga,ok,
2408953,Rio do Fogo - RN,RN,10351.0,0.9,15080.660194928036,3645.963527661211,24.176418542256066,588.959410186767,3.9053954042731314,Caatinga | Mata Atlântica,ok,
2409100,Passa e Fica - RN,RN,10896.0,0.9,4411.213168127246,186.0493430297851,4.2176457119339625,144.3792744445794,3.2730060629981925,Caatinga,ok,
2409209,Passagem - RN,RN,3115.0,0.7,4121.739482830763,410.6865276550293,9.963912793755089,39.63883886718749,0.9617017046396146,Caatinga,ok,
2409308,Patu - RN,RN,11007.0,1.4,31911.68768611466,21606.589597906528,67.70744878939115,274.981687341308,0.8616958465062861,Caatinga,ok,
2409332,Santa Maria - RN,RN,4847.0,0.4,21955.194126848677,8031.285746020324,36.58034494989496,76.49431688842785,0.34841102495597653,Caatinga,ok,
2409407,Pau dos Ferros - RN,RN,30479.0,0.9,25995.54851931168,5366.605625024308,20.64432539685609,532.5240362548842,2.048520098967254,Caatinga,ok,
2409506,Pedra Grande - RN,RN,3618.0,0.8,22115.82559341981,13969.448643749478,63.164943061885296,157.4444662292481,0.7119086084495667,Caatinga,ok,
2409605,Pedra Preta - RN,RN,2441.0,0.1,29496.372212781487,18159.91681543037,61.56661125791341,76.97300553588857,0.2609575339659374,Caatinga,ok,
2409704,Pedro Avelino - RN,RN,6242.0,0.4,95264.49703099235,45069.41728253276,47.309772986961086,164.3867017211906,0.1725582004256116,Caatinga,ok,
2409803,Pedro Velho - RN,RN,13824.0,1.0,19269.024925085385,3079.646299511683,15.98236709685525,128.5631055847165,0.6672008889113356,Caatinga | Mata Atlântica,ok,
2409902,Pendências - RN,RN,12278.0,0.5,41915.602056110314,29644.543549640544,70.72436538059713,378.4707146240196,0.9029351746334929,Caatinga,ok,
2410009,Pilões - RN,RN,2965.0,0.8,8268.854231365716,2696.581227966216,32.61130445059059,44.26085354614252,0.5352719047610086,Caatinga,ok,
2410108,Poço Branco - RN,RN,12390.0,0.5,23036.786422369307,9374.757132733064,40.69472608223661,223.1624284728998,0.9687220447388589,Caatinga,ok,
2410207,Portalegre - RN,RN,7601.0,1.1,11004.898648181595,10331.982892718945,93.88530710754124,130.7069771850584,1.1877163194652036,Caatinga,ok,
2410256,Porto do Mangue - RN,RN,5228.0,1.5,35999.12975438861,14240.6401128971,39.55828990883048,220.5976401794428,0.6127860358972984,Caatinga,ok,
2410306,Serra Caiada - RN,RN,10125.0,0.8,23004.404761413454,9009.49265648804,39.1642068113849,128.8222729248047,0.559989594431434,Caatinga,ok,
2410405,Pureza - RN,RN,9362.0,0.4,50429.55200574883,14398.83971885937,28.552384754911053,148.7361301269527,0.29493843235013706,Caatinga,ok,
2410504,Rafael Fernandes - RN,RN,5432.0,0.5,7823.477632391131,2926.927815429741,37.41210690385994,68.71229236450185,0.8782832340443587,Caatinga,ok,
2410603,Rafael Godeiro - RN,RN,2934.0,1.2,10008.302909289607,6768.502180444377,67.62887016700823,42.67616500244137,0.4264076076557374,Caatinga,ok,
2410702,Riacho da Cruz - RN,RN,2701.0,0.7,12723.619952264364,7855.170923169141,61.736918837875166,66.25358015747055,0.5207132907618771,Caatinga,ok,
2410801,Riacho de Santana - RN,RN,4127.0,0.8,12812.15384434149,9442.676445134925,73.70092928836706,36.26220549926757,0.2830297383236843,Caatinga,ok,
2410900,Riachuelo - RN,RN,7389.0,0.9,26294.54444101424,17385.806175395264,66.11944243565931,116.3507114868166,0.44248993074522613,Caatinga,ok,
2411007,Rodolfo Fernandes - RN,RN,4242.0,0.8,15485.148500378431,5838.143574499417,37.70156659690246,73.65364685668953,0.4756405587901825,Caatinga,ok,
2411056,Tibau - RN,RN,5382.0,1.0,16887.258123657502,7402.264266308557,43.833428802385995,727.1154570434752,4.305704642631435,Caatinga,ok,
2411106,Ruy Barbosa - RN,RN,3206.0,0.7,12578.707998889216,9799.974577380435,77.9092302504028,29.34994237670898,0.2333303418705703,Caatinga,ok,
2411205,Santa Cruz - RN,RN,37313.0,1.4,62437.377447189094,29658.33173077598,47.500924836027345,650.9849818847761,1.0426206360691455,Caatinga,ok,
2411403,Santana do Matos - RN,RN,12456.0,0.7,142229.67813647448,94273.26759310828,66.28241646068389,194.3007713989256,0.136610568163198,Caatinga,ok,
2411429,Santana do Seridó - RN,RN,2696.0,0.8,18841.122689605887,11016.150100934165,58.46865010337978,69.43615792236353,0.3685351402157659,Caatinga,ok,
2411502,Santo Antônio - RN,RN,22177.0,1.2,30108.731537833497,1948.3870796082383,6.471169591319277,190.8041290405271,0.6337169295915699,Caatinga,ok,
2411601,São Bento do Norte - RN,RN,3304.0,1.3,28873.03752775729,20087.72246968837,69.57259848527161,97.86851009521499,0.33896160042436974,Caatinga,ok,
2411700,São Bento do Trairí - RN,RN,3792.0,0.4,19081.270825141008,9248.601336633637,48.469525019517626,36.43462258911136,0.19094442358160973,Caatinga,ok,
2411809,São Fernando - RN,RN,3492.0,0.9,40442.024363217184,16579.264652348622,40.995140360549776,58.29117168579101,0.14413514803875144,Caatinga,ok,
2411908,São Francisco do Oeste - RN,RN,4161.0,1.0,7558.376891491856,4761.0811702821175,62.99078808363557,68.11342593994148,0.901164719856903,Caatinga,ok,
2412005,São Gonçalo do Amarante - RN,RN,115838.0,1.3,24977.894456707883,6752.9469136535945,27.03569320207481,2588.372200811841,10.362651685065178,Caatinga | Mata Atlântica,ok,
2412104,São João do Sabugi - RN,RN,5956.0,0.7,27700.984119807086,17014.842080409246,61.42324044091665,103.185575878906,0.37249787022954545,Caatinga,ok,
2412203,São José de Mipibu - RN,RN,47286.0,1.1,28997.185261608814,4596.823238708564,15.85265327388374,1808.0411774109161,6.235229940764957,Caatinga | Mata Atlântica,ok,
2412302,São José do Campestre - RN,RN,11121.0,1.3,34110.65734281052,10366.588290851121,30.391053994261654,118.6397968322751,0.3478085914321459,Caatinga,ok,
2412401,São José do Seridó - RN,RN,4558.0,0.8,17450.648112744002,10564.24497415851,60.53783736802054,129.2718787963872,0.7407855453917581,Caatinga,ok,
2412500,São Miguel - RN,RN,23537.0,1.6,16623.925741601564,12768.05401777353,76.80528784979668,308.7033933166468,1.8569825089155265,Caatinga,ok,
2412559,São Miguel do Gostoso - RN,RN,10221.0,0.7,43131.49627801319,25374.890862351614,58.8314643637503,494.8413518127445,1.1472853819471966,Caatinga,ok,
2412609,São Paulo do Potengi - RN,RN,16786.0,0.6,24041.922198553286,11765.812012261784,48.93873258174751,213.3595959472653,0.8874481590332411,Caatinga,ok,
2412708,São Pedro - RN,RN,5776.0,0.4,19523.24121856046,6902.947591363337,35.357590033773725,51.22768158569318,0.2623933239988439,Caatinga,ok,
2412807,São Rafael - RN,RN,7711.0,0.9,46911.02840995479,19866.446807868182,42.3492033349932,184.0397490600588,0.3923165944087563,Caatinga,ok,
2412906,São Tomé - RN,RN,9972.0,1.3,86257.56800020927,69283.32944249488,80.321450104328,123.2496752197261,0.14288563667761545,Caatinga,ok,
2413003,São Vicente - RN,RN,6310.0,1.0,19782.20305806469,14612.238720876054,73.86557845951856,136.6235487731923,0.6906386936387979,Caatinga,ok,
2413102,Senador Elói de Souza - RN,RN,5965.0,0.9,14355.944556116046,3909.117838641463,27.229959152886714,64.28524295654292,0.44779528581527955,Caatinga,ok,
2413201,Senador Georgino Avelino - RN,RN,4065.0,0.4,2593.8784243652535,562.8912346191398,21.700756262579446,89.07399118652395,3.4340079453924757,Mata Atlântica,ok,
2413300,Serra de São Bento - RN,RN,5703.0,0.6,9658.559408454077,3056.197750549347,31.64237668688227,57.22061715698224,0.5924342827657859,Caatinga,ok,
2413359,Serra do Mel - RN,RN,13091.0,0.6,62009.52770818891,15876.29856616218,25.60299868896691,750.6341623474102,1.210514238843787,Caatinga,ok,
2413409,Serra Negra do Norte - RN,RN,7597.0,0.4,56238.40123996621,39797.496328218345,70.7656964827371,99.02412586669953,0.1760791979917227,Caatinga,ok,
2413508,Serrinha - RN,RN,6436.0,0.9,19336.336367810374,2610.90685250242,13.502593267093008,98.21267055664059,0.5079176773121168,Caatinga,ok,
2413557,Serrinha dos Pintos - RN,RN,4659.0,0.7,12239.503447216612,8263.285076580674,67.51323787126209,104.9932930664062,0.8578231422475128,Caatinga,ok,
2413607,Severiano Melo - RN,RN,5487.0,0.7,15785.636746673435,5314.425192022629,33.66620730799825,100.6088872192386,0.6373444976202197,Caatinga,ok,
2413706,Sítio Novo - RN,RN,4654.0,0.6,21345.253114300667,13368.650055255242,62.63055295558269,55.20973114013684,0.2586510960750707,Caatinga,ok,
2413805,Taboleiro Grande - RN,RN,2338.0,1.1,12407.105244714681,8465.089535345913,68.22775634108503,46.77837416992191,0.3770289140559124,Caatinga,ok,
2413904,Taipu - RN,RN,11422.0,1.4,35284.193134973146,9928.269779131813,28.138009961438133,142.0112349182125,0.402478340300924,Caatinga,ok,
2414001,Tangará - RN,RN,13281.0,0.7,33950.23087579883,13484.798801178522,39.719313987908876,186.5778289733898,0.5495627692664395,Caatinga,ok,
2414100,Tenente Ananias - RN,RN,10262.0,1.0,22369.054397540633,14869.948577911635,66.47553496739009,138.5992416381838,0.6196025955099027,Caatinga,ok,
2414159,Tenente Laurentino Cruz - RN,RN,5891.0,0.7,6855.773487628081,3945.8330080077635,57.55489172926159,275.2260296081564,4.014514629236642,Caatinga,ok,
2414209,Tibau do Sul - RN,RN,16929.0,1.4,10208.320219451825,2579.958902130153,25.27309926283537,524.6782530029325,5.1397119381420335,Mata Atlântica,ok,
2414308,Timbaúba dos Batistas - RN,RN,2348.0,0.3,13545.990990132319,3882.1959068421884,28.659371689160313,43.1783506042481,0.3187537230439744,Caatinga,ok,
2414407,Touros - RN,RN,33035.0,0.9,75296.80576168647,24983.56105495627,33.18010744576464,1354.1339932861247,1.7983950043936037,Caatinga | Mata Atlântica,ok,
2414456,Triunfo Potiguar - RN,RN,3376.0,1.3,26874.144160990756,17307.309390110808,64.40134162572993,60.38944411010753,0.22471206431111584,Caatinga,ok,
2414506,Umarizal - RN,RN,10078.0,1.3,24959.36918461929,18934.443728741477,75.86106679494708,312.2091662231409,1.2508696189947524,Caatinga,ok,
2414605,Upanema - RN,RN,13577.0,0.8,87306.73003765041,54980.61446185126,62.974085088447666,257.0579001159669,0.2944307958906633,Caatinga,ok,
2414704,Várzea - RN,RN,5233.0,0.5,7267.420628320472,732.8990145385725,10.084719902994637,45.76509067993165,0.6297294875377006,Caatinga,ok,
2414753,Venha-Ver - RN,RN,3014.0,1.8,7163.067214569542,5349.878450342174,74.68697821878068,27.54927112426761,0.38460160011109373,Caatinga,ok,
2414803,Vera Cruz - RN,RN,10735.0,0.5,8414.101633898896,1235.8307560302596,14.687613839263847,343.6513464111321,4.084230989397881,Caatinga,ok,
2414902,Viçosa - RN,RN,1822.0,0.8,3790.157894769346,3163.427441272044,83.46426531828057,51.66362727661144,1.3630996045813941,Caatinga,ok,
2415008,Vila Flor - RN,RN,3174.0,0.3,4767.066361651621,874.8630035644475,18.352230432582818,54.38802794799815,1.1409119114749349,Mata Atlântica,ok,
2500106,Água Branca - PB,PB,9335.0,0.7,24165.089639765036,17056.56106555229,70.5834793903878,86.96871017456054,0.35989401020656075,Caatinga,ok,
2500205,Aguiar - PB,PB,5003.0,0.6,35161.23709567987,29057.478847596456,82.64066127288405,37.00082950439434,0.10523187623833774,Caatinga,ok,
2500304,Alagoa Grande - PB,PB,26062.0,1.2,32208.356408392265,14109.341245062249,43.80646148521225,239.7769335266111,0.7444556638852096,Caatinga,ok,
2500403,Alagoa Nova - PB,PB,21013.0,0.5,12824.141093653214,7425.858434076345,57.90530827636847,104.710438122558,0.8165103405980161,Caatinga,ok,
2500502,Alagoinha - PB,PB,13725.0,0.9,11136.014100982473,3576.3832788939444,32.11547009965099,123.9947899230961,1.1134575513168279,Caatinga,ok,
2500536,Alcantil - PB,PB,5578.0,0.8,30988.9285107456,20893.40636531137,67.42216452584493,85.59436249999997,0.2762094935625787,Caatinga,ok,
2500577,Algodão de Jandaíra - PB,PB,2953.0,1.0,22273.030805498493,10320.705336657733,46.337229211346866,62.66909593505896,0.2813676166585644,Caatinga,ok,
2500601,Alhandra - PB,PB,21730.0,1.7,18398.00482703848,3410.8703609557974,18.539349201295128,455.0081522888135,2.4731385634822445,Mata Atlântica,ok,
2500700,São João do Rio do Peixe - PB,PB,17964.0,0.7,47623.91690164752,22661.430880211738,47.58413913540946,460.1432107910147,0.966201943744565,Caatinga,ok,
2500734,Amparo - PB,PB,2234.0,0.6,12209.210410534703,9131.556733361846,74.7923610644198,24.19859358520506,0.1981994967039419,Caatinga,ok,
2500775,Aparecida - PB,PB,7960.0,0.7,29145.099568003967,20707.964747600126,71.05127467237654,135.9342857910161,0.46640528873075904,Caatinga,ok,
2500809,Araçagi - PB,PB,16646.0,0.7,23219.689234277328,2902.7470552246323,12.501231286676932,140.2653745727542,0.6040794653086567,Caatinga,ok,
2500908,Arara - PB,PB,12212.0,1.2,9131.199200927356,3302.997852551163,36.17266231817299,112.7500060546876,1.234777640632753,Caatinga,ok,
2501005,Araruna - PB,PB,17189.0,0.9,24672.104346363867,8639.577787578608,35.01759584950805,172.5114467041013,0.6992165900495056,Caatinga,ok,
2501104,Areia - PB,PB,22633.0,0.6,26911.05255660992,14539.504600378215,54.02800418078411,187.2748105895988,0.6959029573282155,Caatinga,ok,
2501153,Areia de Baraúnas - PB,PB,2005.0,0.7,11409.076798217979,9508.906718622025,83.34510220938519,48.09002592773437,0.4215067246742147,Caatinga,ok,
2501203,Areial - PB,PB,7128.0,0.9,3580.8222398192925,228.9550505004886,6.393923941671087,79.77689155883826,2.227893098733218,Caatinga,ok,
2501302,Aroeiras - PB,PB,18705.0,0.9,37611.17831387397,24575.546262970205,65.3410697688905,157.5222612060548,0.41881767141538384,Caatinga,ok,
2501351,Assunção - PB,PB,4152.0,0.5,13212.209834870728,8649.15026463122,65.46331289564965,67.61612473754889,0.5117699883867343,Caatinga,ok,
2501401,Baía da Traição - PB,PB,9224.0,0.8,10270.571900909412,3430.9741316833897,33.405872280389694,166.1545959716807,1.6177735531647315,Mata Atlântica,ok,
2501500,Bananeiras - PB,PB,23134.0,0.7,25562.50589121158,11621.519761682002,45.463147514334636,340.9764672119152,1.3338929628536274,Caatinga,ok,
2501534,Baraúna - PB,PB,4762.0,0.8,5004.046618474412,1097.073662237517,21.923729850701967,84.90536724243182,1.6967341377070744,Caatinga,ok,
2501575,Barra de Santana - PB,PB,8059.0,1.5,37516.336603729535,20204.88276086438,53.856225287348,94.13888389282238,0.2509277088730032,Caatinga,ok,
2501609,Barra de Santa Rosa - PB,PB,12904.0,0.9,78118.73175904737,40660.35195683804,52.049426611600026,178.2194690917958,0.22813922484238897,Caatinga,ok,
2501708,Barra de São Miguel - PB,PB,5906.0,0.8,60967.59088801024,41286.01953164513,67.71797758498008,131.4084283020013,0.21553816771829148,Caatinga,ok,
2501807,Bayeux - PB,PB,82742.0,1.7,2768.549002679482,1086.9831102600122,39.26183387789049,988.6432460205451,35.70979762553264,Mata Atlântica,ok,
2501906,Belém - PB,PB,16401.0,1.0,9961.65396441652,3877.3836789856605,38.92309141469731,156.6485014465344,1.5725149860263161,Caatinga,ok,
2502003,Belém do Brejo do Cruz - PB,PB,6268.0,0.8,60156.01969305692,40736.8261073818,67.71861954171739,131.8239146850586,0.21913669713801465,Caatinga,ok,
2502052,Bernardino Batista - PB,PB,3504.0,0.5,5744.924733001855,4194.711553778222,73.0159531887616,31.09594484863277,0.5412768015915228,Caatinga,ok,
2502102,Boa Ventura - PB,PB,5207.0,1.1,16866.322012379005,13668.20721467397,81.03845761181493,56.74770662231431,0.3364557286447184,Caatinga,ok,
2502151,Boa Vista - PB,PB,6377.0,0.8,46891.52157743467,28411.91086228605,60.59072068149426,246.3187404907234,0.5252948341289438,Caatinga,ok,
2502201,Bom Jesus - PB,PB,2286.0,1.5,4737.2758070435775,2778.6734829346924,58.655514183979875,40.30549559936519,0.850815895908727,Caatinga,ok,
2502300,Bom Sucesso - PB,PB,4661.0,0.3,18608.128933459968,8795.350577906805,47.266173882165866,72.49851626586877,0.38960669568183454,Caatinga,ok,
2502409,Bonito de Santa Fé - PB,PB,10252.0,0.8,22680.678882996122,16185.672212012461,71.36326163564259,104.1229514160158,0.4590821639562014,Caatinga,ok,
2502508,Boqueirão - PB,PB,17598.0,0.8,37307.67555840623,22438.14507766848,60.143508652906895,265.340966497803,0.7112235284731265,Caatinga,ok,
2502607,Igaracy - PB,PB,5648.0,1.0,19705.09353908649,11556.24172216164,58.64596226980091,54.29355382690436,0.2755305561945653,Caatinga,ok,
2502706,Borborema - PB,PB,4214.0,1.1,2611.4734959533835,1761.6125525085668,67.45665063184745,47.67710031127928,1.8256781232954298,Caatinga,ok,
2502805,Brejo do Cruz - PB,PB,13613.0,0.5,40130.54574157799,24624.213676319992,61.36027612205538,217.7174792236306,0.5425230960616128,Caatinga,ok,
2502904,Brejo dos Santos - PB,PB,5742.0,1.0,9385.530373535255,6080.117974304308,64.78182619757592,92.05768317260767,0.9808468941956259,Caatinga,ok,
2503001,Caaporã - PB,PB,21193.0,0.9,15102.469183276635,2776.2749567138767,18.382920852360485,307.0005251342762,2.0327836554980427,Mata Atlântica,ok,
2503100,Cabaceiras - PB,PB,5335.0,0.3,46920.227070080946,32876.71413400855,70.0693841163711,221.9195384277338,0.47297200436875675,Caatinga,ok,
2503209,Cabedelo - PB,PB,66519.0,1.5,2926.8503289795235,953.2881303405806,32.57044341836756,1591.878266369656,54.38878273371365,Mata Atlântica,ok,
2503308,Cachoeira dos Índios - PB,PB,9151.0,0.5,19322.243634496957,12368.59644254147,64.01221657540434,87.16278986816394,0.4511007702674233,Caatinga,ok,
2503407,Cacimba de Areia - PB,PB,3291.0,0.1,21302.618982009244,14604.085837465947,68.55535392056524,42.7652798339844,0.20075127790672628,Caatinga,ok,
2503506,Cacimba de Dentro - PB,PB,16064.0,0.5,16509.377380882615,4604.038209954046,27.88741273359824,169.3712755187998,1.0259095277265082,Caatinga,ok,
2503555,Cacimbas - PB,PB,7223.0,0.9,12405.037651665727,10067.498875921106,81.15653622840281,53.40256280517583,0.43049093686551626,Caatinga,ok,
2503605,Caiçara - PB,PB,6602.0,0.8,12368.844528904729,1780.6646131591242,14.396369919582162,67.67908197021485,0.5471738432159587,Caatinga,ok,
2503704,Cajazeiras - PB,PB,63239.0,1.0,56272.77440672047,39881.589302173394,70.87190870299523,1109.082707788095,1.9709046150311025,Caatinga,ok,
2503753,Cajazeirinhas - PB,PB,2740.0,1.4,28271.382747679178,23015.771837168853,81.41013845195894,25.38427532958984,0.08978788040239616,Caatinga,ok,
2503803,Caldas Brandão - PB,PB,5753.0,0.9,5596.1370281983445,747.4382400390671,13.356324841096717,59.17649381103494,1.0574525518737448,Caatinga,ok,
2503902,Camalaú - PB,PB,6085.0,0.3,54187.05509923275,34098.09692331769,62.92664707626913,207.1725800781252,0.38232854636357355,Caatinga,ok,
2504009,Campina Grande - PB,PB,419379.0,1.6,59165.10201832743,18736.056699157158,31.667412139935692,6706.377265838804,11.335021891386896,Caatinga,ok,
2504033,Capim - PB,PB,6970.0,1.1,7985.837475634731,1433.7221518249403,17.953309921461745,279.1663345031732,3.4957677933582594,Caatinga | Mata Atlântica,ok,
2504074,Caraúbas - PB,PB,3944.0,0.1,48664.566606341716,27495.25337474973,56.499534039139455,141.4057547790526,0.2905723088482726,Caatinga,ok,
2504108,Carrapateira - PB,PB,2312.0,0.1,5906.658267492723,4808.597166650415,81.40977434084033,14.64236146850584,0.24789586269261646,Caatinga,ok,
2504157,Casserengue - PB,PB,6889.0,0.7,20275.07079682055,7493.050578717188,36.95696381929387,114.6251559631345,0.5653502131351844,Caatinga,ok,
2504207,Catingueira - PB,PB,4491.0,0.7,52739.85545868164,46308.89991153803,87.80627005665221,62.19712484130853,0.11793192131524907,Caatinga,ok,
2504306,Catolé do Rocha - PB,PB,30661.0,1.0,55173.03638503608,43067.9026447348,78.05969268063629,567.4018019103999,1.0284041609576693,Caatinga,ok,
2504355,Caturité - PB,PB,5254.0,0.6,11781.602558459635,4871.530464154134,41.34862333016141,69.0722420532226,0.5862720433021748,Caatinga,ok,
2504405,Conceição - PB,PB,18260.0,0.9,58063.47673271949,46856.37393884724,80.6985330116188,233.2191845153811,0.40166245226572733,Caatinga,ok,
2504504,Condado - PB,PB,6451.0,1.3,26545.358311303487,19523.79303179308,73.54880202720602,139.5397766418455,0.5256654478173948,Caatinga,ok,
2504603,Conde - PB,PB,27605.0,1.2,17087.991202398684,4803.333425634761,28.109409518893624,1577.903573840324,9.233991024169242,Mata Atlântica,ok,
2504702,Congo - PB,PB,4933.0,0.5,32468.170625756535,17051.5537793755,52.5177533896805,210.8493615295425,0.6494032693122499,Caatinga,ok,
2504801,Coremas - PB,PB,14683.0,1.2,37201.23674726758,21067.942172754792,56.63237035876831,184.8565214355478,0.4969096126868025,Caatinga,ok,
2504850,Coxixola - PB,PB,1824.0,0.8,17395.79189735139,12063.428854040789,69.34682206607401,60.88692061157216,0.35000947913640273,Caatinga,ok,
2504900,Cruz do Espírito Santo - PB,PB,17095.0,0.6,19251.28012365742,4294.544640820307,22.3078393396959,144.3449942565917,0.7497942647419572,Caatinga | Mata Atlântica,ok,
2505006,Cubati - PB,PB,7580.0,1.1,16357.829100201485,6623.422911395363,40.4908430747316,160.8573816406244,0.9833663174696149,Caatinga,ok,
2505105,Cuité - PB,PB,19719.0,1.1,73384.924250698,39734.15545045261,54.14484767295331,369.0438494812014,0.5028878250531017,Caatinga,ok,
2505204,Cuitegi - PB,PB,6730.0,0.8,4207.393788378898,1940.5500040466468,46.12237650315916,65.42165449829041,1.5549211171768467,Caatinga,ok,
2505238,Cuité de Mamanguape - PB,PB,6251.0,1.1,10768.92318098748,1419.4420089233427,13.180909410045432,45.53536816406243,0.42284049573735527,Caatinga | Mata Atlântica,ok,
2505279,Curral de Cima - PB,PB,5254.0,0.6,8643.15893317304,814.5623261779893,9.424358992771069,19.00272993774418,0.21985861980173008,Caatinga,ok,
2505303,Curral Velho - PB,PB,2292.0,0.2,21762.000386346426,19380.349499914533,89.0559192898179,25.97308822021482,0.11935064681145051,Caatinga,ok,
2505352,Damião - PB,PB,4982.0,0.9,18618.788086010652,6051.205225525046,32.50053224501577,46.80555973510746,0.2513888633292686,Caatinga,ok,
2505402,Desterro - PB,PB,8067.0,0.7,18201.111868834774,14444.595290361907,79.36105988719821,132.7761775390629,0.7294948709502281,Caatinga,ok,
2505501,Vista Serrana - PB,PB,3641.0,1.5,6040.85400287474,4416.283310791021,73.10693667963812,54.25338708496109,0.8981079009547792,Caatinga,ok,
2505600,Diamante - PB,PB,6299.0,1.1,27179.73080486258,24878.918646177262,91.5348235962893,75.10171945190463,0.2763151702682375,Caatinga,ok,
2505709,Dona Inês - PB,PB,10380.0,1.3,17367.686499771797,6976.240303154871,40.16793084816758,84.73430103759759,0.4878847913261848,Caatinga,ok,
2505808,Duas Estradas - PB,PB,3327.0,1.0,2700.2140828552006,277.85592233276367,10.290144181418365,36.321291784668,1.3451263740637165,Caatinga,ok,
2505907,Emas - PB,PB,3011.0,0.7,24821.89124297134,21111.784636922785,85.05308652861365,42.85618284912111,0.1726547845594015,Caatinga,ok,
2506004,Esperança - PB,PB,31231.0,1.4,15785.45192442615,4098.374111785953,25.96298244362707,342.1138543762212,2.1672731069982216,Caatinga,ok,
2506103,Fagundes - PB,PB,11049.0,0.4,18508.545562928044,10896.257101361938,58.87149297774511,55.33690830078144,0.29898031756541305,Caatinga,ok,
2506202,Frei Martinho - PB,PB,2846.0,0.3,23866.711785913907,17748.11069948785,74.3634517343221,77.39233942260712,0.32426896556518503,Caatinga,ok,
2506251,Gado Bravo - PB,PB,8179.0,0.8,19243.097913855676,11479.154767578271,59.653361527162915,59.2102033996581,0.30769579651218615,Caatinga,ok,
2506301,Guarabira - PB,PB,57484.0,1.2,16238.82773645618,2976.3673496032243,18.328708191917556,692.3563324768041,4.263585670796074,Caatinga,ok,
2506400,Gurinhém - PB,PB,13766.0,0.5,34041.625307544215,9035.642913421607,26.54292452781081,131.8396990783692,0.3872896722388611,Caatinga,ok,
2506509,Gurjão - PB,PB,3242.0,0.4,34450.69098045548,12747.346679119442,37.00171554280653,63.68827644653332,0.18486792175711328,Caatinga,ok,
2506608,Ibiara - PB,PB,5631.0,0.8,24035.29823751925,19954.566275354926,83.02192083560553,66.93239177856456,0.27847539530041143,Caatinga,ok,
2506707,Imaculada - PB,PB,10392.0,0.5,31780.704086977486,23114.048050118443,72.72981739756261,97.98715640869139,0.30832279908122856,Caatinga,ok,
2506806,Ingá - PB,PB,17692.0,0.8,26217.7023656675,9045.53424289548,34.50162839113145,154.5079736877444,0.5893269041381561,Caatinga,ok,
2506905,Itabaiana - PB,PB,23182.0,0.6,21055.21446273204,5489.59029281017,26.07235515233912,280.6930943359375,1.333128640569144,Caatinga | Mata Atlântica,ok,
2507002,Itaporanga - PB,PB,23940.0,1.7,46019.116916502506,33347.7137398973,72.46491452759444,285.0497014465337,0.6194158439931178,Caatinga,ok,
2507101,Itapororoca - PB,PB,18382.0,0.6,14580.287082916546,1693.7106681274463,11.61644251924186,186.4380189514171,1.2786992319915504,Caatinga | Mata Atlântica,ok,
2507200,Itatuba - PB,PB,10499.0,0.9,25173.60540848488,8875.018847674553,35.25525527099582,104.7244240478519,0.41600884080177897,Caatinga,ok,
2507309,Jacaraú - PB,PB,14477.0,1.3,25682.197285459682,4506.109249163753,17.545653119466326,155.60765121460008,0.6058969545518578,Caatinga | Mata Atlântica,ok,
2507408,Jericó - PB,PB,7516.0,0.6,17736.39968968771,9436.022067450931,53.20145143626426,99.84412652587916,0.5629334491369773,Caatinga,ok,
2507507,João Pessoa - PB,PB,833932.0,1.4,20955.75664655768,5122.680438091999,24.44521820181321,10130.58296976934,48.34272100326882,Mata Atlântica,ok,
2507606,Juarez Távora - PB,PB,7796.0,0.7,7567.462301690622,2359.237637194843,31.17607386914598,57.04460197143568,0.7538141545639617,Caatinga,ok,
2507705,Juazeirinho - PB,PB,17007.0,1.2,47461.17673081937,24926.502506795885,52.519773473314714,276.8541154235839,0.5833275415689515,Caatinga,ok,
2507804,Junco do Seridó - PB,PB,6793.0,0.6,18040.38143942849,14247.357119817947,78.97481085782017,112.8012173583989,0.6252706891876694,Caatinga,ok,
2507903,Juripiranga - PB,PB,10012.0,0.9,7871.183182989555,472.77885681762746,6.006452217239103,108.4530117370599,1.3778489105861256,Caatinga | Mata Atlântica,ok,
2508000,Juru - PB,PB,9234.0,0.8,39509.76996681385,31293.15040577871,79.20357529811822,96.17799472045871,0.24342838442553125,Caatinga,ok,
2508109,Lagoa - PB,PB,4415.0,1.0,17664.12493423429,12937.359565453318,73.24087444818636,53.2933158569336,0.30170368504158107,Caatinga,ok,
2508208,Lagoa de Dentro - PB,PB,7819.0,0.8,8351.22172703283,1051.9145774353042,12.595936400901275,79.12789581298793,0.9475008375942365,Caatinga,ok,
2508307,Lagoa Seca - PB,PB,27730.0,1.4,10822.328417791312,3932.258594170889,36.33468180199071,219.0445379333494,2.0240056434921367,Caatinga,ok,
2508406,Lastro - PB,PB,3162.0,1.2,10742.356414583115,6550.359058319806,60.97692913472383,37.93282786254885,0.3531145904920241,Caatinga,ok,
2508505,Livramento - PB,PB,6877.0,0.5,26694.828862481685,14038.152476543239,52.587535019837475,88.23419755249027,0.3305291747964687,Caatinga,ok,
2508554,Logradouro - PB,PB,4797.0,0.9,4289.003675812814,188.9293805969236,4.404971291173337,56.5848645202635,1.319300909891154,Caatinga,ok,
2508604,Lucena - PB,PB,12560.0,1.2,9333.682583849957,2400.2714616577305,25.716231938408885,780.2276174804747,8.359268814545935,Mata Atlântica,ok,
2508703,Mãe d'Água - PB,PB,3583.0,2.0,22868.000928778034,19879.02273663933,86.92942946150902,38.76325634765625,0.1695087229897519,Caatinga,ok,
2508802,Malta - PB,PB,6046.0,0.7,17200.45228978286,13548.862075634921,78.7703825886195,98.88550081787076,0.574900584891068,Caatinga,ok,
2508901,Mamanguape - PB,PB,44599.0,1.9,33745.71055910039,7807.617937842098,23.13662331740878,885.5527275817853,2.6241934542491756,Caatinga | Mata Atlântica,ok,
2509008,Manaíra - PB,PB,10434.0,0.7,35204.065968531075,26975.813087470087,76.62698141624827,104.8259871276862,0.29776670462267113,Caatinga,ok,
2509057,Marcação - PB,PB,8999.0,0.5,12255.978115753705,3036.831949078339,24.77837281036613,129.3690846740731,1.055559037819947,Mata Atlântica,ok,
2509107,Mari - PB,PB,21512.0,0.8,15525.557090790131,2755.5359802613143,17.748387153823405,301.9768643310521,1.9450307809578498,Caatinga | Mata Atlântica,ok,
2509156,Marizópolis - PB,PB,6705.0,1.5,6995.441633239849,4327.665569281155,61.86407944164137,121.3595203063962,1.7348371506630684,Caatinga,ok,
2509206,Massaranduba - PB,PB,14139.0,0.8,20940.513648174412,13451.840449358548,64.23835000117715,80.90301460571293,0.3863468488165095,Caatinga,ok,
2509305,Mataraca - PB,PB,8244.0,1.5,18241.700807730238,3636.7455677311996,19.936439074749355,153.1319640747066,0.8394610003131631,Mata Atlântica,ok,
2509339,Matinhas - PB,PB,4571.0,0.6,3652.3455077699286,2760.731540252847,75.5879073975811,14.46234589843752,0.3959741998031295,Caatinga,ok,
2509370,Mato Grosso - PB,PB,2543.0,1.1,8526.859700703713,5297.939377167835,62.13236247725058,43.17167194824233,0.506302126029814,Caatinga,ok,
2509396,Maturéia - PB,PB,6433.0,0.9,8305.140809832563,6272.437496240027,75.52475797657769,90.29529176025444,1.0872216838678121,Caatinga,ok,
2509404,Mogeiro - PB,PB,13899.0,0.8,21410.233411157322,7066.7591189635,33.00645529292018,97.55951987304708,0.45566770805126655,Caatinga,ok,
2509503,Montadas - PB,PB,5812.0,1.1,3178.7340308226967,162.82204517822333,5.122229277423469,75.24504424438499,2.3671387261333914,Caatinga,ok,
2509602,Monte Horebe - PB,PB,4338.0,0.9,11685.240910277838,9376.832578289393,80.24509422002531,33.79794682617187,0.2892362004829925,Caatinga,ok,
2509701,Monteiro - PB,PB,32277.0,1.1,99253.60155033844,65418.51792105072,65.91047266720334,922.2956183349611,0.9292313870013074,Caatinga,ok,
2509800,Mulungu - PB,PB,8791.0,0.8,18725.127236712124,2038.0768733337711,10.884181707123233,70.99638051147467,0.3791503235944936,Caatinga,ok,
2509909,Natuba - PB,PB,8945.0,0.4,20219.606721228036,11245.644159783858,55.61752171953647,41.56831320190424,0.2055841825957117,Caatinga | Mata Atlântica,ok,
2510006,Nazarezinho - PB,PB,7203.0,0.9,19321.159799267698,13319.401374267776,68.93686255197062,62.75581892089864,0.3248035810111005,Caatinga,ok,
2510105,Nova Floresta - PB,PB,9724.0,1.2,4755.452589502138,2363.014151324663,49.690625799553054,356.985400817871,7.506864890335177,Caatinga,ok,
2510204,Nova Olinda - PB,PB,5787.0,0.5,8148.835793621795,4524.879164245562,55.52792176506055,67.9116709899904,0.8333910844435691,Caatinga,ok,
2510303,Nova Palmeira - PB,PB,4259.0,0.3,31474.660217864533,19765.260055827785,62.7973738843075,93.06955471191372,0.2956967734288324,Caatinga,ok,
2510402,Olho d'Água - PB,PB,6060.0,0.8,58044.67918511927,51687.49110472387,89.04776773746875,73.53670202026366,0.1266898242054821,Caatinga,ok,
2510501,Olivedos - PB,PB,3580.0,0.7,31463.8205003478,18185.721286370714,57.798833699072524,92.74328175659187,0.2947616668343461,Caatinga,ok,
2510600,Ouro Velho - PB,PB,2918.0,0.5,12809.301141668238,8862.636624761622,69.18907227445654,44.13735127563477,0.34457267252510293,Caatinga,ok,
2510659,Parari - PB,PB,1720.0,0.8,20783.391164313092,7743.463403161924,37.25793996726641,63.14631494140626,0.3038306619077354,Caatinga,ok,
2510709,Passagem - PB,PB,2463.0,1.1,12342.771221423507,9099.378365777764,73.72232866136136,78.43242122802732,0.6354522806992579,Caatinga,ok,
2510808,Patos - PB,PB,103165.0,1.1,47288.44584587812,27936.11222121968,59.07597875444816,2143.599058294729,4.533029199735425,Caatinga,ok,
2510907,Paulista - PB,PB,11834.0,0.8,57737.77245462199,33909.77608237601,58.730662165788985,159.2523812805171,0.2758200992351736,Caatinga,ok,
2511004,Pedra Branca - PB,PB,3739.0,0.5,11689.962770575257,8676.029596222277,74.21776926493439,60.47099227905293,0.517289861959733,Caatinga,ok,
2511103,Pedra Lavrada - PB,PB,6859.0,0.6,33563.56462557375,20366.520782916647,60.6804462223252,111.879465307618,0.3333360641389427,Caatinga,ok,
2511202,Pedras de Fogo - PB,PB,29662.0,0.8,40670.59631636413,5132.736532824684,12.620263772133306,333.511685955812,0.820031462930926,Mata Atlântica,ok,
2511301,Piancó - PB,PB,16441.0,1.3,57700.16994778641,40368.79243529866,69.96303905487432,180.3503258422847,0.3125646354343252,Caatinga,ok,
2511400,Picuí - PB,PB,18333.0,0.8,66767.61911764868,43330.763699157316,64.89787156077233,477.0705217590301,0.7145237887221983,Caatinga,ok,
2511509,Pilar - PB,PB,12311.0,0.6,10329.99210749495,2220.1878910400055,21.492638793297267,119.6566058166502,1.158341696406845,Caatinga | Mata Atlântica,ok,
2511608,Pilões - PB,PB,6815.0,1.0,6558.434197039835,4303.583196521013,65.61906496619947,40.21419230957029,0.6131675808796108,Caatinga,ok,
2511707,Pilõezinhos - PB,PB,5329.0,0.9,4090.5762128479364,2923.687970178261,71.47374399223659,27.52103781127925,0.6727912249829122,Caatinga,ok,
2511806,Pirpirituba - PB,PB,9340.0,0.7,8068.426686492863,4096.598629168833,50.773202612435455,87.01280999755875,1.078435900560695,Caatinga,ok,
2511905,Pitimbu - PB,PB,16751.0,1.3,13467.926895495522,3460.378662811286,25.69347672928521,603.2068241821287,4.47883945957471,Mata Atlântica,ok,
2512002,Pocinhos - PB,PB,17469.0,0.9,62397.25725367883,28435.958864545588,45.57245000198956,365.1369964538591,0.5851811642447334,Caatinga,ok,
2512036,Poço Dantas - PB,PB,3830.0,0.2,9775.145428960841,7939.4631430538675,81.220920964834,48.6043679626465,0.49722398828611036,Caatinga,ok,
2512077,Poço de José de Moura - PB,PB,4006.0,0.8,9464.41197340666,3105.5260442451327,32.812667632929724,61.64266241455083,0.6513100083529321,Caatinga,ok,
2512101,Pombal - PB,PB,32473.0,1.4,89412.09559220755,63537.94237517272,71.06190941431215,635.7388263305643,0.7110210560661215,Caatinga,ok,
2512200,Prata - PB,PB,3915.0,0.7,20180.369387304905,15073.613973883079,74.69444034738834,69.65027015991214,0.34513872775652876,Caatinga,ok,
2512309,Princesa Isabel - PB,PB,21114.0,0.4,36857.470456509545,28125.78868236398,76.30960110393733,265.9930044067387,0.7216800315165433,Caatinga,ok,
2512408,Puxinanã - PB,PB,14277.0,0.8,7111.428175793242,1162.5712397094412,16.34792914968536,173.8910044128423,2.445233223401651,Caatinga,ok,
2512507,Queimadas - PB,PB,47658.0,1.0,40275.844252962015,18047.03454985459,44.808581631475924,670.2758143859712,1.6642129465397288,Caatinga,ok,
2512606,Quixaba - PB,PB,1743.0,0.7,14714.184233936921,11603.863673286289,78.86175331774791,25.11421021118158,0.17068027565713054,Caatinga,ok,
2512705,Remígio - PB,PB,17885.0,0.7,18345.560709484715,7956.440653369015,43.3698417800635,257.1227225952151,1.4015528152392847,Caatinga,ok,
2512721,Pedro Régis - PB,PB,5766.0,0.8,7420.418614556895,2550.8745299132715,34.376423520219355,69.80734879760774,0.9407467748607098,Caatinga,ok,
2512747,Riachão - PB,PB,2927.0,0.3,8528.385859460774,2589.4888718871885,30.363176743634284,45.39226524047842,0.5322491968409653,Caatinga,ok,
2512754,Riachão do Bacamarte - PB,PB,4690.0,0.8,4027.146345739732,1837.773377441391,45.634631067866415,47.10056616821294,1.1695767206980208,Caatinga,ok,
2512762,Riachão do Poço - PB,PB,4738.0,0.1,4046.3319645813413,652.3734102722304,16.122587468913444,25.99451088867191,0.6424216084149553,Caatinga,ok,
2512788,Riacho de Santo Antônio - PB,PB,1955.0,1.2,9365.223097027843,5872.01348914215,62.70019868513008,60.87821164550782,0.6500455036124894,Caatinga,ok,
2512804,Riacho dos Cavalos - PB,PB,8493.0,1.0,26252.400788867035,16035.784043005395,61.08311453863586,89.7375779663082,0.3418261769200308,Caatinga,ok,
2512903,Rio Tinto - PB,PB,24581.0,1.0,46488.40609823086,13609.358374377643,29.274736470036895,535.8320036376953,1.1526142722670947,Caatinga | Mata Atlântica,ok,
2513000,Salgadinho - PB,PB,3355.0,1.3,17900.19956892084,13473.779390350337,75.27167134909568,47.38165797119127,0.2646990486824376,Caatinga,ok,
2513109,Salgado de São Félix - PB,PB,11505.0,0.6,20408.9313241515,10115.2042800476,49.56263568821694,79.1896713256835,0.3880147866045887,Caatinga | Mata Atlântica,ok,
2513158,Santa Cecília - PB,PB,7670.0,0.5,21757.045630023367,14277.024199298208,65.62023374900132,125.0188996704096,0.5746134001662951,Caatinga,ok,
2513208,Santa Cruz - PB,PB,5947.0,0.4,21767.70201085883,15164.118149445512,69.66338542249837,93.53789381103525,0.4297095474955226,Caatinga,ok,
2513307,Santa Helena - PB,PB,5865.0,0.4,21112.636689257313,9097.570022070271,43.090638824374615,75.21078451538055,0.3562358677523677,Caatinga,ok,
2513356,Santa Inês - PB,PB,3227.0,1.0,32764.412201545358,29353.79325189938,89.59047722673591,35.18506467285146,0.1073880540154843,Caatinga,ok,
2513406,Santa Luzia - PB,PB,14959.0,0.6,44076.46418230916,26421.99978141181,59.945824311417276,354.9117967285188,0.8052183933369336,Caatinga,ok,
2513505,Santana de Mangueira - PB,PB,5010.0,0.3,40517.71741150781,36185.91656472443,89.30887245500887,37.93903732299802,0.09363567285313709,Caatinga,ok,
2513604,Santana dos Garrotes - PB,PB,6569.0,0.5,36149.50304977585,27708.76370516543,76.65046921118669,102.0636347045896,0.28233758722506824,Caatinga,ok,
2513653,Joca Claudino - PB,PB,2539.0,0.5,7178.878417987724,5237.675500189927,72.9595236919763,35.89229754638669,0.4999708235266016,Caatinga,ok,
2513703,Santa Rita - PB,PB,149910.0,1.6,71860.58163519012,20264.738866870244,28.200076322436285,2134.525215930193,2.970370079616662,Mata Atlântica,ok,
2513802,Santa Teresinha - PB,PB,4402.0,0.5,35947.37022690792,27305.017569631917,75.9583173881051,47.56091541748045,0.1323070787021838,Caatinga,ok,
2513851,Santo André - PB,PB,2622.0,0.5,19778.5104345271,7590.478705114804,38.3774032439986,63.51464682006815,0.3211295766196398,Caatinga,ok,
2513901,São Bento - PB,PB,32235.0,1.8,24587.798553923072,11151.798621990147,45.35501052496966,587.8556641235411,2.3908430144094646,Caatinga,ok,
2513927,São Bentinho - PB,PB,4327.0,0.6,19962.410504442458,14187.675658617374,71.07195624225858,68.4415960021973,0.3428523623786127,Caatinga,ok,
2513943,São Domingos do Cariri - PB,PB,2585.0,1.5,23382.87987862522,17009.224746807573,72.74221496709677,174.1462379089361,0.7447595797133902,Caatinga,ok,
2513968,São Domingos - PB,PB,2595.0,0.8,17037.138413727534,12546.775988660305,73.64368172621549,30.80752601318366,0.1808257071408233,Caatinga,ok,
2513984,São Francisco - PB,PB,3137.0,1.2,9072.232661658381,6583.590587183449,72.56858187739627,41.29963430175792,0.455231207597893,Caatinga,ok,
2514008,São João do Cariri - PB,PB,4226.0,0.9,61302.00846549786,34526.293109559636,56.32163443550435,122.108537011719,0.19919173950139726,Caatinga,ok,
2514107,São João do Tigre - PB,PB,4263.0,1.2,81261.69906054565,60568.83071329228,74.53552093239432,71.36121162109366,0.08781653896742249,Caatinga,ok,
2514206,São José da Lagoa Tapada - PB,PB,7126.0,0.5,33373.16463689589,25063.634169635177,75.10116119442246,63.72919778442382,0.1909594084882428,Caatinga,ok,
2514305,São José de Caiana - PB,PB,5034.0,0.7,18326.230436255297,15650.343159735523,85.39859418538146,38.23043992309571,0.20861049442804863,Caatinga,ok,
2514404,São José de Espinharas - PB,PB,4083.0,1.3,72676.14801114182,53496.30417351384,73.60916289249732,39.86084837036141,0.054847222178382976,Caatinga,ok,
2514453,São José dos Ramos - PB,PB,5891.0,0.8,10063.913461334405,1669.7172509765524,16.591132837057994,32.99718159790051,0.3278762454056845,Caatinga,ok,
2514503,São José de Piranhas - PB,PB,19067.0,1.2,68689.33389728036,45731.66887451377,66.57754017953062,195.1997357421862,0.28417765126983535,Caatinga,ok,
2514552,São José de Princesa - PB,PB,3416.0,0.4,15803.000559515252,12636.233253942768,79.96097453995394,17.72058430786132,0.11213430159117128,Caatinga,ok,
2514602,São José do Bonfim - PB,PB,3242.0,1.0,15363.257090692035,10964.340018572882,71.36728854987217,58.37733862304684,0.37998022345414806,Caatinga,ok,
2514651,São José do Brejo do Cruz - PB,PB,1699.0,0.4,25379.73148746956,16215.158225921816,63.890188254858174,32.08799484863287,0.1264315773572124,Caatinga,ok,
2514701,São José do Sabugi - PB,PB,4138.0,0.7,21356.288066620153,9851.784914745873,46.130605112712445,51.14292485351599,0.23947478463475264,Caatinga,ok,
2514800,São José dos Cordeiros - PB,PB,3411.0,1.4,37662.95086799489,27072.52853225203,71.8810605869378,40.96750591430659,0.10877402054314293,Caatinga,ok,
2514909,São Mamede - PB,PB,7470.0,0.4,53344.84727903443,36308.13521627189,68.06305963601793,164.0315276062005,0.3074927307377785,Caatinga,ok,
2515005,São Miguel de Taipu - PB,PB,7066.0,0.7,9242.456540106174,1624.9134343384078,17.580969164283907,103.43351936645504,1.1191128561721841,Caatinga | Mata Atlântica,ok,
2515104,São Sebastião de Lagoa de Roça - PB,PB,11040.0,0.9,4636.788592614569,1296.6227153320326,27.963809206166534,72.04860644531263,1.5538471294566014,Caatinga,ok,
2515203,São Sebastião do Umbuzeiro - PB,PB,3279.0,0.9,46435.90426119658,41148.04820534933,88.61257007917048,112.7710709716796,0.24285318174780318,Caatinga,ok,
2515302,Sapé - PB,PB,51306.0,1.1,31369.840837517888,3932.240468920884,12.535098565810953,532.9361417419424,1.6988806047895475,Caatinga | Mata Atlântica,ok,
2515401,São Vicente do Seridó - PB,PB,10291.0,0.8,26274.061064727015,14020.7308810667,53.36339459106137,158.5308281982426,0.6033739048093734,Caatinga,ok,
2515500,Serra Branca - PB,PB,13614.0,1.1,69808.23411991644,39280.380214881305,56.2689784523206,285.0182062194816,0.4082873744233065,Caatinga,ok,
2515609,Serra da Raiz - PB,PB,3094.0,1.0,3168.286158013867,1537.4185113952256,48.52524155706319,39.07440848999016,1.2332979579876426,Caatinga,ok,
2515708,Serra Grande - PB,PB,2942.0,1.6,6435.505705499106,5238.602993823079,81.40157484977007,29.36251782836901,0.4562581275202491,Caatinga,ok,
2515807,Serra Redonda - PB,PB,6828.0,0.8,5518.8847309997855,2639.0729167358363,47.81895338223071,28.56593084106445,0.5176033244653314,Caatinga,ok,
2515906,Serraria - PB,PB,4885.0,0.8,6506.014846966632,3633.475515869236,55.84794380792582,34.89125941772463,0.536292342369805,Caatinga,ok,
2515930,Sertãozinho - PB,PB,5054.0,0.5,3244.414468408196,707.9668954955993,21.821099073169535,52.7435572631835,1.6256726067758236,Caatinga,ok,
2515971,Sobrado - PB,PB,8236.0,0.8,6195.328214666803,556.2470500976588,8.978492031799073,64.31924159545909,1.0381894125187732,Caatinga,ok,
2516003,Solânea - PB,PB,26774.0,1.0,23304.47743485753,10224.859011792041,43.875083834741005,316.010826397706,1.3560090642712064,Caatinga,ok,
2516102,Soledade - PB,PB,13968.0,1.9,57816.039317883384,28515.394301905722,49.32090582186503,358.1456130188001,0.6194571908491493,Caatinga,ok,
2516151,Sossêgo - PB,PB,3345.0,0.5,14725.259418835467,8694.955171722619,59.04789127586216,48.30245216064458,0.3280244563899475,Caatinga,ok,
2516201,Sousa - PB,PB,67259.0,1.5,72848.25002878568,45318.5451726092,62.2095179427121,1658.59719188227,2.2767838503009776,Caatinga,ok,
2516300,Sumé - PB,PB,17166.0,1.1,83330.20807875045,65155.926992129964,78.19004475610447,317.6075202392558,0.38114331832593495,Caatinga,ok,
2516409,Tacima - PB,PB,8010.0,0.9,24521.413360521594,3907.7598057197924,15.936111627281303,78.35302554931611,0.319528994505109,Caatinga,ok,
2516508,Taperoá - PB,PB,14068.0,0.6,62836.387631736725,38478.269027049595,61.23564781056161,256.6353780151363,0.40841841437351767,Caatinga,ok,
2516607,Tavares - PB,PB,14101.0,1.1,23950.485534711363,13660.5102893255,57.03646495820457,176.8101220825195,0.738231890231491,Caatinga,ok,
2516706,Teixeira - PB,PB,14631.0,0.7,15545.91634115607,12508.576255108681,80.4621353968928,179.1864272705087,1.1526269879385156,Caatinga,ok,
2516755,Tenório - PB,PB,2966.0,0.2,8746.542639105377,5749.935718939393,65.73952653282342,71.36286829834026,0.8158980209995235,Caatinga,ok,
2516805,Triunfo - PB,PB,9892.0,0.9,22433.112962203806,7994.672587395078,35.63782075570528,123.106693927002,0.5487722285106709,Caatinga,ok,
2516904,Uiraúna - PB,PB,14930.0,0.4,29318.431138727316,17250.991161629237,58.84008963508982,220.3109190246576,0.7514417056704116,Caatinga,ok,
2517001,Umbuzeiro - PB,PB,9124.0,0.7,18558.710254497713,14397.088496447142,77.57591071264233,45.37015494384773,0.24446825410646328,Caatinga | Mata Atlântica,ok,
2517100,Várzea - PB,PB,2668.0,0.4,19128.879536835055,12198.835713263046,63.77182568258982,54.69505057373006,0.285929191348651,Caatinga,ok,
2517209,Vieirópolis - PB,PB,4864.0,0.6,14709.061424718348,8679.641847186138,59.008808220762035,42.81648503417972,0.29108917148328234,Caatinga,ok,
2517407,Zabelê - PB,PB,2228.0,0.5,10680.142612945665,7959.655051593116,74.52761016454052,77.73296636962877,0.7278270448880216,Caatinga,ok,
2600054,Abreu e Lima - PE,PE,98462.0,1.2,12635.944085601317,8157.600284685797,64.55869248409701,883.3035771850547,6.990404287967536,Mata Atlântica,ok,
2600104,Afogados da Ingazeira - PE,PE,40241.0,0.8,37804.76660173355,24806.956042870923,65.61859329594007,632.1767788696295,1.6722144737183506,Caatinga,ok,
2600203,Afrânio - PE,PE,18674.0,0.6,149059.6638043063,83227.39220105359,55.83495231165896,379.2636815979006,0.25443749966846746,Caatinga,ok,
2600302,Agrestina - PE,PE,23779.0,1.1,20037.27117422551,1872.7020755371145,9.346093383943531,239.1731334777833,1.1936412468452204,Caatinga | Mata Atlântica,ok,
2600401,Água Preta - PE,PE,26461.0,1.0,53190.560298816396,8859.84137648802,16.656792721706246,238.7612442016589,0.4488789793909576,Mata Atlântica,ok,
2600500,Águas Belas - PE,PE,41548.0,0.8,88600.25506463792,31387.30263457791,35.425747489868336,537.8743740295516,0.6070799385816076,Caatinga,ok,
2600609,Alagoinha - PE,PE,13542.0,0.6,20811.423060785615,12060.613082306352,57.951890397307,256.4873129089359,1.2324352455850451,Caatinga,ok,
2600708,Aliança - PE,PE,35741.0,0.9,27274.405887293007,1221.0592592224232,4.476941731630194,312.0777318786621,1.1442145913948483,Mata Atlântica,ok,
2600807,Altinho - PE,PE,20674.0,2.0,45017.48496764805,11548.673628711433,25.653751285774675,150.7962209960946,0.3349725581170622,Caatinga | Mata Atlântica,ok,
2600906,Amaraji - PE,PE,18205.0,1.1,23322.851606176624,4796.0909340698445,20.56391308856799,130.8462359924314,0.5610216031978662,Mata Atlântica,ok,
2601003,Angelim - PE,PE,10241.0,0.7,11878.416250768818,2535.840195654263,21.348302182036544,83.22764754028329,0.7006628306605813,Caatinga | Mata Atlântica,ok,
2601052,Araçoiaba - PE,PE,19243.0,1.5,9636.77004541011,2246.1489669922025,23.30811004525338,172.6710902832031,1.7917942367572055,Mata Atlântica,ok,
2601102,Araripina - PE,PE,85088.0,1.0,203736.05393267833,96818.14999847717,47.52136312135963,2175.053666424622,1.0675840748065815,Caatinga,ok,
2601201,Arcoverde - PE,PE,77742.0,1.3,34387.94353309488,23884.12436499799,69.45493655941351,1399.172993444793,4.068789377004275,Caatinga,ok,
2601300,Barra de Guabiraba - PE,PE,12263.0,1.2,11865.188092358376,2350.9604493041475,19.813933255876943,79.61374876708965,0.6709859814052495,Mata Atlântica,ok,
2601409,Barreiros - PE,PE,40121.0,1.1,23282.617303398623,4466.420446692039,19.183498094263072,383.7891021606538,1.6483932934147876,Mata Atlântica,ok,
2601508,Belém de Maria - PE,PE,10378.0,0.9,7590.161226892067,1620.6969414733826,21.352602310096213,75.95119646606443,1.0006532693530683,Caatinga | Mata Atlântica,ok,
2601607,Belém do São Francisco - PE,PE,18301.0,0.3,183084.28306750167,143520.58677029127,78.39044639204579,528.5765176879906,0.28870665948595314,Caatinga,ok,
2601706,Belo Jardim - PE,PE,79507.0,1.5,64744.62538608047,51242.20272732158,79.14510651927907,1221.538355114762,1.8867023290822564,Caatinga,ok,
2601805,Betânia - PE,PE,11232.0,1.0,125610.57978324678,104318.48045485851,83.04911945703152,189.132541821289,0.150570550782948,Caatinga,ok,
2601904,Bezerros - PE,PE,61694.0,1.1,49717.634025675216,23397.245928312434,47.06025615826693,1165.544506176764,2.344328182581763,Caatinga | Mata Atlântica,ok,
2602001,Bodocó - PE,PE,34478.0,1.0,162175.19689148208,98411.53816977728,60.68223751602928,465.3910373413104,0.2869680729616886,Caatinga,ok,
2602100,Bom Conselho - PE,PE,44294.0,0.8,79074.90233889541,32965.86895176301,41.6894210131041,483.5250381713982,0.6114772498853427,Caatinga | Mata Atlântica,ok,
2602209,Bom Jardim - PE,PE,37629.0,1.0,22661.588937310513,8411.908207507242,37.1196751947861,234.94353417968767,1.036747841599367,Caatinga | Mata Atlântica,ok,
2602308,Bonito - PE,PE,37474.0,1.0,39260.955189057946,10565.4915417602,26.91093859250987,314.4256807006823,0.8008610060213535,Caatinga | Mata Atlântica,ok,
2602407,Brejão - PE,PE,9079.0,0.6,15977.513644891167,6371.833567700052,39.880007048139525,64.38789730834961,0.40299072020469046,Caatinga | Mata Atlântica,ok,
2602506,Brejinho - PE,PE,7720.0,1.5,10607.340972284277,6772.905057422188,63.85111099114269,90.19004996337937,0.8502606845488918,Caatinga,ok,
2602605,Brejo da Madre de Deus - PE,PE,48648.0,1.2,76181.20755656202,54762.08116217757,71.88397627002504,877.2339734130851,1.1515096722006777,Caatinga,ok,
2602704,Buenos Aires - PE,PE,12808.0,0.7,9319.82610426018,1150.6971413085957,12.34676622112725,78.861103088379,0.8461649628025875,Mata Atlântica,ok,
2602803,Buíque - PE,PE,52097.0,1.4,133650.51800939612,69857.71162754194,52.26894191508534,315.4796240661624,0.2360481865427435,Caatinga,ok,
2602902,Cabo de Santo Agostinho - PE,PE,203440.0,1.2,44435.033035334076,10320.515962847958,23.226079194407795,3891.101446209633,8.756832571983209,Mata Atlântica,ok,
2603009,Cabrobó - PE,PE,30294.0,0.7,165857.81053274093,126639.56181895245,76.3542949302067,575.5766820495614,0.3470301942373347,Caatinga,ok,
2603108,Cachoeirinha - PE,PE,19899.0,1.4,17926.870112060817,4632.080618371497,25.838758184872056,294.4336335205098,1.6424151660608122,Caatinga,ok,
2603207,Caetés - PE,PE,28827.0,0.6,29496.949898425388,7560.279284259666,25.63071541394607,388.2370142211943,1.3161937609078667,Caatinga,ok,
2603306,Calçado - PE,PE,11093.0,0.8,12143.479282554528,994.0516057922335,8.185887937572392,143.0168281982417,1.1777253031896833,Caatinga,ok,
2603405,Calumbi - PE,PE,5228.0,0.7,17933.768371843977,14694.985856719444,81.94031255466965,67.91923682250984,0.37872261654245,Caatinga,ok,
2603454,Camaragibe - PE,PE,147771.0,1.3,5132.988800598342,1535.889331872636,29.921930312678658,1345.483989117465,26.212486358057603,Mata Atlântica,ok,
2603504,Camocim de São Félix - PE,PE,17419.0,1.2,7201.938371594316,763.7176247558574,10.604334352097363,139.78617748413,1.9409521474867204,Caatinga | Mata Atlântica,ok,
2603603,Camutanga - PE,PE,7750.0,0.5,3912.6517370666047,1323.8644509338449,33.83547884909311,92.30601707763637,2.3591677276863923,Mata Atlântica,ok,
2603702,Canhotinho - PE,PE,24329.0,1.2,42280.635186954074,7882.752701489472,18.64388429037069,190.40592351074264,0.45033837043558284,Caatinga | Mata Atlântica,ok,
2603801,Capoeiras - PE,PE,18338.0,0.5,33709.01279133388,14750.569189098416,43.75853211842081,143.2807297058107,0.42505169342320875,Caatinga,ok,
2603900,Carnaíba - PE,PE,18644.0,0.8,43211.64422808416,28237.12513279694,65.34610204544134,236.9871729736315,0.5484335928592334,Caatinga,ok,
2603926,Carnaubeira da Penha - PE,PE,12239.0,0.9,100429.23757147037,86563.84271647163,86.19386625818856,53.5295804626465,0.053300793431347346,Caatinga,ok,
2604007,Carpina - PE,PE,79293.0,1.1,14649.572544354098,656.7066688171378,4.482770175231022,1116.94445253905,7.62441667944446,Mata Atlântica,ok,
2604106,Caruaru - PE,PE,378048.0,1.2,91910.42722078238,48823.99124078278,53.12127548216087,5991.019534679948,6.518324107327493,Caatinga | Mata Atlântica,ok,
2604155,Casinhas - PE,PE,12967.0,1.4,11685.265657171703,3633.108055694615,31.091360370269673,57.41326055297856,0.49133038338535157,Caatinga | Mata Atlântica,ok,
2604205,Catende - PE,PE,32156.0,1.2,20859.316816479077,5901.868208264031,28.293679319360514,280.59834786376683,1.3451943336998038,Caatinga | Mata Atlântica,ok,
2604304,Cedro - PE,PE,10518.0,1.1,14873.73719798591,3812.884496820124,25.635013218711677,203.1787345825189,1.3660234269167526,Caatinga,ok,
2604403,Chã de Alegria - PE,PE,12984.0,0.6,4932.532778436124,214.91274118042026,4.357046386391355,103.0738620300295,2.089674142271172,Mata Atlântica,ok,
2604502,Chã Grande - PE,PE,20546.0,0.7,8478.857002148523,1765.7480277404504,20.825307317873314,140.6261011657716,1.6585502164989603,Caatinga | Mata Atlântica,ok,
2604601,Condado - PE,PE,24587.0,0.9,8967.246370983945,766.7550703430219,8.550618981810004,254.5606951721196,2.838783330363517,Mata Atlântica,ok,
2604700,Correntes - PE,PE,17131.0,0.5,31780.600463514336,3989.183378686558,12.55225930443427,84.5020172973624,0.2658918210005969,Mata Atlântica,ok,
2604809,Cortês - PE,PE,10198.0,0.7,10342.671275628549,2032.6790705871724,19.65332762124011,99.9454988220221,0.9663412493591814,Mata Atlântica,ok,
2604908,Cumaru - PE,PE,15920.0,0.6,29143.221083875316,15577.34244929243,53.45099776191601,133.6940216064453,0.4587482667810423,Caatinga,ok,
2605004,Cupira - PE,PE,23518.0,1.5,9517.020967706125,1119.1637226013227,11.759601312206346,280.81321520995994,2.950641972554611,Caatinga | Mata Atlântica,ok,
2605103,Custódia - PE,PE,37699.0,0.8,138205.19632918827,101595.90257534239,73.510913680375,662.0164922058171,0.4790098417348744,Caatinga,ok,
2605152,Dormentes - PE,PE,17188.0,1.1,153904.98592342273,73038.61989987078,47.45695499183634,531.7437229614243,0.34550129729130397,Caatinga,ok,
2605202,Escada - PE,PE,59891.0,1.1,34215.75369281118,2862.463566119373,8.365922878153006,696.8825929809606,2.0367302127481044,Mata Atlântica,ok,
2605301,Exu - PE,PE,31843.0,1.0,133681.13407711557,102035.65521870513,76.3276403384225,349.8967938354504,0.2617398455294434,Caatinga,ok,
2605400,Feira Nova - PE,PE,21427.0,1.2,10772.307918115259,1107.2673296020544,10.27883103619808,239.8259820739747,2.2263194098886756,Caatinga | Mata Atlântica,ok,
2605459,Fernando de Noronha - PE,PE,3167.0,0.7,,,,,,,na_fonte,Fernando de Noronha não aparece na planilha municipal MapBiomas Coleção 11 usada nesta integração.
2605509,Ferreiros - PE,PE,15026.0,0.9,9250.84468912952,524.1454325073255,5.665919709183294,165.8831418823237,1.7931675155810325,Mata Atlântica,ok,
2605608,Flores - PE,PE,20347.0,0.9,99554.77057908128,77769.6445544961,78.1174464087784,240.2744561828612,0.24134901299581552,Caatinga,ok,
2605707,Floresta - PE,PE,30137.0,0.8,363722.3361220822,297636.55130228697,81.83070483809558,569.596230645754,0.1566019389182002,Caatinga,ok,
2605806,Frei Miguelinho - PE,PE,13636.0,0.6,21372.628991883215,4369.20059244378,20.442972149580157,255.0768003906233,1.1934741415644048,Caatinga,ok,
2605905,Gameleira - PE,PE,18214.0,1.3,25777.584135748162,3509.7166222106825,13.615382278370431,157.7474648132327,0.611955969118416,Mata Atlântica,ok,
2606002,Garanhuns - PE,PE,142506.0,1.1,45897.85095795151,16736.387147619436,36.46442436477511,2365.208844689913,5.153201719306545,Caatinga | Mata Atlântica,ok,
2606101,Glória do Goitá - PE,PE,29347.0,0.8,23447.442549914853,4259.334402844133,18.16545405229962,278.9324474182145,1.189607125913301,Mata Atlântica,ok,
2606200,Goiana - PE,PE,81055.0,1.2,44474.45421976346,11545.288092236678,25.95936992320911,2063.269458935583,4.639223786176811,Mata Atlântica,ok,
2606309,Granito - PE,PE,6967.0,0.5,52170.9446324564,30604.91669832522,58.662761262876195,116.1636998657227,0.22265975953491818,Caatinga,ok,
2606408,Gravatá - PE,PE,86516.0,0.9,50737.20677861043,21424.88528914993,42.227167495909804,1836.6118035401994,3.619852018173121,Caatinga | Mata Atlântica,ok,
2606507,Iati - PE,PE,17165.0,0.7,63515.13031832257,26107.26498921515,41.104009168164836,249.6708383605925,0.39308876028326206,Caatinga,ok,
2606606,Ibimirim - PE,PE,26593.0,1.2,192928.37400896862,109185.13366388703,56.59361108740354,425.9653926879881,0.22078939651882742,Caatinga,ok,
2606705,Ibirajuba - PE,PE,7140.0,0.7,18958.5493311708,6076.629083374013,32.05218383129711,58.8880702514649,0.31061485360930946,Caatinga,ok,
2606804,Igarassu - PE,PE,115196.0,1.4,30688.23708150633,10548.303821343803,34.372465884332385,1485.659063903814,4.841135253087306,Mata Atlântica,ok,
2606903,Iguaracy - PE,PE,11081.0,0.8,83605.78103037871,64660.45794204934,77.33969726155006,168.4892432739265,0.20152822113186747,Caatinga,ok,
2607000,Inajá - PE,PE,25603.0,1.5,124103.97891953966,73145.1452189782,58.938597985162424,355.9865193908712,0.2868453715103429,Caatinga,ok,
2607109,Ingazeira - PE,PE,4765.0,0.8,24384.390671477533,16424.936314110797,67.35840372391621,50.59962685546884,0.20750826845411116,Caatinga,ok,
2607208,Ipojuca - PE,PE,98932.0,0.9,51925.049585213004,11543.435212268032,22.230956550796098,2894.687429559225,5.574741772386409,Mata Atlântica,ok,
2607307,Ipubi - PE,PE,29009.0,0.9,69388.14484594465,44060.32140170581,63.49834182702017,515.5999752197256,0.7430663787949067,Caatinga,ok,
2607406,Itacuruba - PE,PE,4284.0,0.8,43654.51143350325,23791.12100490742,54.49865368702444,97.22857746582052,0.22272286247877038,Caatinga,ok,
2607505,Itaíba - PE,PE,32650.0,0.9,103405.15610371798,26252.647490941687,25.388141636389598,201.0509627685542,0.1944303072923124,Caatinga,ok,
2607604,Ilha de Itamaracá - PE,PE,24540.0,0.8,6578.057800518797,2920.1123645324824,44.39171033587117,705.0808848022479,10.718678767867312,Mata Atlântica,ok,
2607653,Itambé - PE,PE,34935.0,0.7,30400.43598628029,2493.1202756225553,8.200935923246956,362.3974246215811,1.1920796951238823,Mata Atlântica,ok,
2607703,Itapetim - PE,PE,13791.0,0.5,41187.20384803957,30156.7045595259,73.21862554882152,208.3006994018566,0.5057412981235221,Caatinga,ok,
2607752,Itapissuma - PE,PE,27749.0,0.6,7398.391611621118,1475.7988257690495,19.94756297369985,350.3169449951183,4.735041930530597,Mata Atlântica,ok,
2607802,Itaquitinga - PE,PE,16554.0,0.5,16275.297001801286,2559.779002246106,15.728001780629869,124.4209127075192,0.764477064189666,Mata Atlântica,ok,
2607901,Jaboatão dos Guararapes - PE,PE,644037.0,1.7,25789.88775531075,5032.899784186008,19.51501236429234,6222.458212725993,24.127511805260344,Mata Atlântica,ok,
2607950,Jaqueira - PE,PE,10247.0,0.8,8721.132393121079,1569.2878234130926,17.994083252891464,62.6679016296389,0.718575281336964,Mata Atlântica,ok,
2608008,Jataúba - PE,PE,15843.0,0.7,71461.67685051687,49288.405679631076,68.97180118335633,189.232518322754,0.2648027959357706,Caatinga,ok,
2608057,Jatobá - PE,PE,14020.0,1.0,27785.253415264266,7434.813327093636,26.758126751542257,291.3274006103443,1.048496467735288,Caatinga,ok,
2608107,João Alfredo - PE,PE,27725.0,0.6,13413.963034161172,5611.770047137626,41.83528784779115,146.86584805297846,1.0948729147303973,Caatinga | Mata Atlântica,ok,
2608206,Joaquim Nabuco - PE,PE,13269.0,0.8,12260.713009698504,1711.1921227417183,13.956709706752996,117.5030128601075,0.9583701434587036,Mata Atlântica,ok,
2608255,Jucati - PE,PE,11517.0,0.1,12016.406201633883,1577.213992449963,13.125504963667986,214.3420357421892,1.783744924610196,Caatinga,ok,
2608305,Jupi - PE,PE,15329.0,0.5,10482.89717310845,1549.9763357971515,14.785763040519681,251.2177927246123,2.396453848360317,Caatinga,ok,
2608404,Jurema - PE,PE,13648.0,0.9,14824.4197228436,1298.787813085943,8.76113761865892,190.5673443176271,1.285496146766362,Caatinga | Mata Atlântica,ok,
2608453,Lagoa do Carro - PE,PE,17981.0,0.8,6925.115406482283,385.94568916626054,5.5731300709442975,177.6091197082513,2.564709889773094,Mata Atlântica,ok,
2608503,Lagoa de Itaenga - PE,PE,19003.0,0.7,5730.36469744855,456.49129205322174,7.966182191797929,201.1349950256345,3.5099859371112982,Mata Atlântica,ok,
2608602,Lagoa do Ouro - PE,PE,11933.0,0.7,19999.452378253478,4825.397311120822,24.127647196818984,74.16666950073284,0.3708435016019659,Mata Atlântica,ok,
2608701,Lagoa dos Gatos - PE,PE,14076.0,0.8,22493.998053038926,5478.302627001815,24.35450831854989,93.62234771728522,0.41621034862958434,Caatinga | Mata Atlântica,ok,
2608750,Lagoa Grande - PE,PE,24088.0,1.0,185008.44037481272,147920.27598976073,79.95325818113257,745.3980648681807,0.40289949115730184,Caatinga,ok,
2608800,Lajedo - PE,PE,39582.0,0.8,18909.680740118674,2450.752925854498,12.96030831792413,900.4777975158637,4.761993657594731,Caatinga,ok,
2608909,Limoeiro - PE,PE,56510.0,0.9,27372.111286118732,4391.314799499528,16.043025521843845,675.3055735595794,2.467130016024918,Caatinga | Mata Atlântica,ok,
2609006,Macaparana - PE,PE,23879.0,1.7,10804.700188067536,2082.6443369384738,19.275355175875205,160.0894836120606,1.4816652088954747,Mata Atlântica,ok,
2609105,Machados - PE,PE,11333.0,0.5,5831.284670532262,1867.3299801940998,32.02261741105594,68.76570405883785,1.1792547945110203,Mata Atlântica,ok,
2609154,Manari - PE,PE,23763.0,0.3,38658.11927465547,16272.421419224183,42.09315332598835,78.79735455322232,0.2038313193494708,Caatinga,ok,
2609204,Maraial - PE,PE,9359.0,0.7,19987.59958403346,5253.657774688637,26.284585863353872,84.83762499999969,0.42445129362992573,Mata Atlântica,ok,
2609303,Mirandiba - PE,PE,14166.0,0.9,82167.00236671865,70465.37791176837,85.75873024705845,195.0314069763189,0.23735976895673566,Caatinga,ok,
2609402,Moreno - PE,PE,55292.0,1.2,19420.337785217293,3074.9365713683214,15.833589535754392,596.5743886474597,3.0719053151669202,Mata Atlântica,ok,
2609501,Nazaré da Mata - PE,PE,30648.0,1.1,13056.496283148199,562.198768444826,4.305893068498373,334.3866352172853,2.5610747934640976,Mata Atlântica,ok,
2609600,Olinda - PE,PE,349976.0,1.1,4107.214956975971,189.50129868774425,4.613863668515387,3255.606559362455,79.2655508286196,Mata Atlântica,ok,
2609709,Orobó - PE,PE,21808.0,0.7,13834.468586150808,4221.09105711668,30.511407292812553,112.17703008422828,0.8108517460260432,Caatinga | Mata Atlântica,ok,
2609808,Orocó - PE,PE,13613.0,0.8,55481.191585900946,38460.56692109378,69.3218112692221,371.2091893859867,0.6690721283648845,Caatinga,ok,
2609907,Ouricuri - PE,PE,65245.0,1.7,238156.08647320388,137071.5747936713,57.55535238403151,1283.842850347899,0.5390762291067251,Caatinga,ok,
2610004,Palmares - PE,PE,54584.0,1.0,33939.19392368802,7197.127255944837,21.205946352548956,642.5801795349106,1.8933277584015296,Mata Atlântica,ok,
2610103,Palmeirina - PE,PE,7031.0,0.5,16897.97153767079,2892.543150939867,17.11769453801893,57.23419270019524,0.33870451593910295,Mata Atlântica,ok,
2610202,Panelas - PE,PE,22991.0,0.5,38042.598762654154,9327.405441607749,24.518318266848592,190.33584588623066,0.5003229329145634,Caatinga | Mata Atlântica,ok,
2610301,Paranatama - PE,PE,12199.0,0.4,18533.096641778742,7396.39177860108,39.90909841762525,461.8014518859825,2.491766275285879,Caatinga,ok,
2610400,Parnamirim - PE,PE,18612.0,1.3,260950.43795567128,209105.9896140075,80.13245398328444,521.0902239440965,0.19968934638562139,Caatinga,ok,
2610509,Passira - PE,PE,28340.0,1.1,32720.269521833434,9921.208414617746,30.32129184632042,141.33429326171859,0.43194721598307645,Caatinga | Mata Atlântica,ok,
2610608,Paudalho - PE,PE,56665.0,1.1,26964.33905773184,5776.1315158995685,21.421372515501368,634.4328338439906,2.352858835091941,Mata Atlântica,ok,
2610707,Paulista - PE,PE,342167.0,1.2,9651.51749101544,3205.3816822630083,33.21116793547632,3663.225367767432,37.954916117362,Mata Atlântica,ok,
2610806,Pedra - PE,PE,22795.0,0.4,92245.1588229894,45220.34176991291,49.021913287272774,209.9984130859368,0.22765250313992721,Caatinga,ok,
2610905,Pesqueira - PE,PE,62722.0,1.0,97048.2995515736,67299.67424405462,69.3465774825762,1021.129843206767,1.0521872592565273,Caatinga,ok,
2611002,Petrolândia - PE,PE,34161.0,1.3,105659.59092950089,59152.39874642945,55.98393692996372,680.9617820983856,0.6444864835344127,Caatinga,ok,
2611101,Petrolina - PE,PE,386791.0,1.3,456182.9987852978,282395.8808949044,61.90407832971737,10799.57594447593,2.3673779981350735,Caatinga,ok,
2611200,Poção - PE,PE,10500.0,0.8,20511.458522547193,15149.711798059621,73.85974908320792,108.8646855590819,0.5307505823606476,Caatinga,ok,
2611309,Pombos - PE,PE,27552.0,1.1,20310.575935443478,4433.195598168927,21.827030470527763,373.7308922912605,1.8400802295274754,Mata Atlântica,ok,
2611408,Primavera - PE,PE,13838.0,0.6,11357.364658819632,1541.2493372802703,13.570483854134274,105.8163855773926,0.9316984067709777,Mata Atlântica,ok,
2611507,Quipapá - PE,PE,17928.0,1.9,23061.346479094962,3195.67930722657,13.857297144914948,126.6305822021486,0.5491031597696987,Mata Atlântica,ok,
2611533,Quixaba - PE,PE,6554.0,0.7,21072.044301440154,14993.221684905537,71.15219325863336,61.05146662597664,0.2897273076718243,Caatinga,ok,
2611606,Recife - PE,PE,1488920.0,1.4,21757.732688482814,5321.447787188392,24.45773125067041,12314.37128120771,56.59767705357539,Mata Atlântica,ok,
2611705,Riacho das Almas - PE,PE,20639.0,0.7,31359.25990403453,15011.47470285672,47.86935262118675,553.1869117248524,1.764030507791678,Caatinga,ok,
2611804,Ribeirão - PE,PE,33507.0,0.7,28956.26167903425,3177.0087597290258,10.97175041082508,392.8499078491211,1.3567010555563657,Mata Atlântica,ok,
2611903,Rio Formoso - PE,PE,20009.0,0.9,22746.370468770045,4578.557759661984,20.128739949734754,189.1858437866204,0.8317188188171201,Mata Atlântica,ok,
2612000,Sairé - PE,PE,10887.0,1.5,19042.01393109757,3657.7224939941784,19.20869560976815,264.79192705078106,1.3905668171912666,Caatinga | Mata Atlântica,ok,
2612109,Salgadinho - PE,PE,5727.0,0.7,8721.654916057778,4428.16064476929,50.77202305512492,28.96033938598636,0.3320509658398242,Caatinga,ok,
2612208,Salgueiro - PE,PE,62372.0,0.7,167858.09870599615,133639.4390695952,79.6145316191535,1544.59878689574,0.9201812714447031,Caatinga,ok,
2612307,Saloá - PE,PE,13836.0,0.9,25157.165444958067,13838.984768432572,55.01011152751371,140.7997288818358,0.5596804186461098,Caatinga | Mata Atlântica,ok,
2612406,Sanharó - PE,PE,18624.0,1.0,26808.192405250076,15490.863925629184,57.784067241308954,293.4556547790519,1.0946491667285332,Caatinga,ok,
2612455,Santa Cruz - PE,PE,13841.0,1.1,124597.6708714155,90586.70753932266,72.7033715042779,218.1557800415038,0.17508816859557516,Caatinga,ok,
2612471,Santa Cruz da Baixa Verde - PE,PE,11567.0,0.6,11493.777216173276,9523.372108696482,82.85676614034095,116.6672631164551,1.0150471939919692,Caatinga,ok,
2612505,Santa Cruz do Capibaribe - PE,PE,98254.0,1.3,33530.25691075569,22447.255860218746,66.94626861930847,1813.142814697226,5.407482619423694,Caatinga,ok,
2612554,Santa Filomena - PE,PE,12106.0,0.6,100535.61387673633,62863.123619840066,62.52821382969287,191.1055116210934,0.19008737725061498,Caatinga,ok,
2612604,Santa Maria da Boa Vista - PE,PE,40578.0,0.8,300079.8619939009,231612.61717737847,77.18365892279901,1117.039079681403,0.3722472651977249,Caatinga,ok,
2612703,Santa Maria do Cambucá - PE,PE,14013.0,0.8,9214.831187585334,2151.769229669172,23.35115191874746,482.0736300842315,5.231497140541266,Caatinga,ok,
2612802,Santa Terezinha - PE,PE,10244.0,0.7,20032.54082741241,14210.23392521516,70.93575421930483,118.1153181640617,0.5896172591468448,Caatinga,ok,
2612901,São Benedito do Sul - PE,PE,13113.0,0.6,16047.7602001419,3636.47408999034,22.66032171865445,73.25978516845704,0.4565109663578426,Mata Atlântica,ok,
2613008,São Bento do Una - PE,PE,49449.0,1.4,71923.12737062699,30152.948747490165,41.92385655327394,785.2114359130859,1.0917370595786438,Caatinga,ok,
2613107,São Caitano - PE,PE,37126.0,1.1,38249.56786539941,16962.519337572667,44.34695680030669,511.7631507385267,1.3379579935110013,Caatinga | Mata Atlântica,ok,
2613206,São João - PE,PE,23837.0,1.0,25843.23396087593,5255.220171673633,20.33499437272251,412.63123015136574,1.596670257197873,Caatinga | Mata Atlântica,ok,
2613305,São Joaquim do Monte - PE,PE,20037.0,1.4,22461.078781470405,3365.7164354614265,14.984660657697454,145.41468864135805,0.6474074110871292,Caatinga | Mata Atlântica,ok,
2613404,São José da Coroa Grande - PE,PE,18825.0,0.9,6880.757994799623,2020.6461071593776,29.366620780538316,461.288157873536,6.70403112886939,Mata Atlântica,ok,
2613503,São José do Belmonte - PE,PE,34843.0,1.4,147406.94080397644,109773.76524984383,74.46987546931207,408.7790678771985,0.2773133107896174,Caatinga,ok,
2613602,São José do Egito - PE,PE,31004.0,0.7,77406.09398769401,55022.30871592778,71.08265755494033,417.388442449951,0.5392190988429248,Caatinga,ok,
2613701,São Lourenço da Mata - PE,PE,111249.0,1.2,26368.86492298517,5026.924734625076,19.06386471054814,1110.239663061571,4.210418864460863,Mata Atlântica,ok,
2613800,São Vicente Férrer - PE,PE,16677.0,0.9,11247.64744479362,3108.936050311285,27.640767241067536,126.2110099914546,1.1221102956056461,Mata Atlântica,ok,
2613909,Serra Talhada - PE,PE,92228.0,1.4,297997.27540817746,234691.09810190153,78.7561221089813,1506.108550982768,0.5054101749486796,Caatinga,ok,
2614006,Serrita - PE,PE,18207.0,0.7,153518.34365852555,111690.27682322923,72.75370106367518,332.6504050170915,0.2166844672041366,Caatinga,ok,
2614105,Sertânia - PE,PE,32811.0,1.1,240954.3413799177,189420.07999029697,78.61243707231422,665.7766630676277,0.2763082247262289,Caatinga,ok,
2614204,Sirinhaém - PE,PE,37596.0,1.4,37367.33943518364,9068.420537347192,24.268306693541895,466.2261111999501,1.247683453644467,Mata Atlântica,ok,
2614303,Moreilândia - PE,PE,10540.0,0.5,40428.31451420364,28396.92557383485,70.2401915960612,162.4590186706545,0.4018446492830612,Caatinga,ok,
2614402,Solidão - PE,PE,5210.0,0.6,13859.746988830573,11300.24536348265,81.53284019246095,41.3909436645508,0.2986414088071545,Caatinga,ok,
2614501,Surubim - PE,PE,64120.0,0.8,25330.236394466174,5532.85788060878,21.842898717745594,1316.688745440668,5.198091028192383,Caatinga,ok,
2614600,Tabira - PE,PE,27681.0,1.0,38846.961757353514,24389.41377678743,62.78332377478826,397.7926162841782,1.0239992995304923,Caatinga,ok,
2614709,Tacaimbó - PE,PE,13738.0,1.6,22758.572382776278,11887.874353674548,52.234710304901675,144.3109651855466,0.6340949808203319,Caatinga,ok,
2614808,Tacaratu - PE,PE,23902.0,1.2,126446.32117372329,90166.83371097739,71.30838831372414,323.8279772521994,0.2560991686007974,Caatinga,ok,
2614857,Tamandaré - PE,PE,23561.0,0.9,21310.429337264944,4795.081370623117,22.50110166592512,739.9710645629928,3.4723423580632713,Mata Atlântica,ok,
2615003,Taquaritinga do Norte - PE,PE,24736.0,0.7,47517.920553581134,27621.259171623416,58.12808904480096,709.8602842895497,1.493879100810214,Caatinga,ok,
2615102,Terezinha - PE,PE,6513.0,0.5,15161.8437761665,3337.4864083007374,22.012404675657347,43.62632024536154,0.28773756602043,Caatinga | Mata Atlântica,ok,
2615201,Terra Nova - PE,PE,8920.0,0.6,31872.579975697266,24981.71300286998,78.3799523663238,167.2961403686514,0.524890487360026,Caatinga,ok,
2615300,Timbaúba - PE,PE,46147.0,0.8,28768.91458768343,8478.671981042553,29.471643621454003,483.679543145753,1.681257531185505,Mata Atlântica,ok,
2615409,Toritama - PE,PE,41137.0,1.3,2570.8028736634146,1022.239014984185,39.76341498045263,564.2382608276415,21.947939556470057,Caatinga,ok,
2615508,Tracunhaém - PE,PE,13867.0,0.7,13731.743556463685,535.5751430603024,3.9002704999410014,147.8608202209461,1.0767811065867623,Mata Atlântica,ok,
2615607,Trindade - PE,PE,30321.0,1.0,29576.21834072862,17114.09821452598,57.864389616567756,743.8128496826088,2.514901807640242,Caatinga,ok,
2615706,Triunfo - PE,PE,14705.0,0.8,19153.088494187185,17374.32389793474,90.71290984327523,156.9721868652342,0.8195659249048739,Caatinga,ok,
2615805,Tupanatinga - PE,PE,26937.0,0.6,84779.7672866751,48496.0681307985,57.20240770042862,147.4258471557614,0.17389272449552057,Caatinga,ok,
2615904,Tuparetama - PE,PE,8005.0,1.2,18842.032234051152,12699.52458635816,67.39997272378982,162.0154210083003,0.8598617123449533,Caatinga,ok,
2616001,Venturosa - PE,PE,17251.0,0.8,33197.552925952084,21925.63438367304,66.045935471746,239.0031649108894,0.7199421157456742,Caatinga,ok,
2616100,Verdejante - PE,PE,9169.0,0.5,47602.39093879829,38597.99810237266,81.08415846590049,164.5446757507324,0.3456647292407751,Caatinga,ok,
2616183,Vertente do Lério - PE,PE,7558.0,1.0,7363.548379510607,3644.635015795978,49.49563482107801,83.54562083740231,1.1345837160501535,Caatinga,ok,
2616209,Vertentes - PE,PE,21959.0,1.2,19631.78722316846,7854.367294561492,40.008416988607934,467.2363096862783,2.379998847659011,Caatinga,ok,
2616308,Vicência - PE,PE,26359.0,0.9,22790.645741724355,4153.419508642514,18.224229167138397,244.2391542297352,1.071664037068464,Mata Atlântica,ok,
2616407,Vitória de Santo Antão - PE,PE,134084.0,1.1,37331.20119674826,6625.329106042692,17.747430818325213,1772.894961444058,4.749097014318645,Mata Atlântica,ok,
2616506,Xexéu - PE,PE,11611.0,0.8,11080.895417718548,1680.3907525207765,15.164755998272502,204.4801632385251,1.845339708843003,Mata Atlântica,ok,
2700102,Água Branca - AL,AL,19008.0,1.0,47382.90951948304,19349.071183520242,40.83554889250572,104.4083333740215,0.2203501946858932,Caatinga,ok,
2700201,Anadia - AL,AL,13966.0,0.8,18607.37707748902,1074.7492512634403,5.775930948181078,133.9979279113767,0.720133350086648,Mata Atlântica,ok,
2700300,Arapiraca - AL,AL,234696.0,1.2,34618.673904643634,3826.1420622742376,11.052249063072898,3938.9835193784825,11.378204521144642,Caatinga | Mata Atlântica,ok,
2700409,Atalaia - AL,AL,37512.0,1.1,53330.00030529678,4726.603289984168,8.8629350514268,421.0775754577677,0.7895697975759169,Mata Atlântica,ok,
2700508,Barra de Santo Antônio - AL,AL,16365.0,0.9,13111.258547570718,5020.874456738311,38.294374552384895,311.0813539367724,2.3726277138696976,Mata Atlântica,ok,
2700607,Barra de São Miguel - AL,AL,7944.0,0.5,7433.16975105619,1829.1047502502897,24.607331885436757,580.0037539733775,7.802912800302507,Mata Atlântica,ok,
2700706,Batalha - AL,AL,16448.0,0.8,33174.71875856809,12874.70379403636,38.80878052873075,206.5540041259744,0.6226247330962749,Caatinga,ok,
2700805,Belém - AL,AL,4722.0,0.8,6662.07475516361,1502.411738818367,22.551709400346862,25.397054144287118,0.38121839033106747,Caatinga | Mata Atlântica,ok,
2700904,Belo Monte - AL,AL,5936.0,0.5,32289.52415435818,15601.67120929617,48.31805862084958,32.69278501586916,0.10124889069155438,Caatinga,ok,
2701001,Boca da Mata - AL,AL,21187.0,1.7,19296.034737652244,1929.0329643433072,9.99704338518419,264.4123609313959,1.3702937651508758,Mata Atlântica,ok,
2701100,Branquinha - AL,AL,9603.0,1.2,16835.259722968724,4072.8274785218796,24.192246187715355,71.23026159668075,0.4231016495664733,Mata Atlântica,ok,
2701209,Cacimbinhas - AL,AL,10482.0,1.0,28200.567694866153,7567.333185919169,26.833974648307468,107.991399731444,0.3829405170134344,Caatinga,ok,
2701308,Cajueiro - AL,AL,16024.0,0.9,10715.29782709333,1515.8821406371962,14.14689694209274,158.4610573364248,1.4788301724638997,Mata Atlântica,ok,
2701357,Campestre - AL,AL,6665.0,0.5,6502.378510662806,115.20410704956053,1.7717225606083253,53.81185203857422,0.8275718177637899,Mata Atlântica,ok,
2701407,Campo Alegre - AL,AL,32106.0,0.6,31273.728685934897,2296.730525976622,7.343961281500653,508.1082447387675,1.6247127096401686,Mata Atlântica,ok,
2701506,Campo Grande - AL,AL,8143.0,0.8,17015.09682866837,1873.9743970580773,11.013598194167535,44.39525291748063,0.2609168397013176,Caatinga,ok,
2701605,Canapi - AL,AL,15559.0,0.6,60087.81869144067,19064.688210566124,31.728041765779448,133.7662854309072,0.22261797539667025,Caatinga,ok,
2701704,Capela - AL,AL,15032.0,0.8,25316.670001729373,2813.490244751029,11.113192392833813,115.1382939514172,0.45479241125926967,Mata Atlântica,ok,
2701803,Carneiros - AL,AL,8999.0,0.7,11168.93258164695,1228.570216241455,10.99988926659178,62.18651759033209,0.5567812065811769,Caatinga,ok,
2701902,Chã Preta - AL,AL,5910.0,0.4,15783.621355816751,1810.8374526795042,11.472889597748457,28.77388326416013,0.18230216384122816,Mata Atlântica,ok,
2702009,Coité do Nóia - AL,AL,10810.0,1.1,8831.548600421005,2357.7932471191175,26.697393105063366,71.50490050659187,0.8096530262335099,Caatinga,ok,
2702108,Colônia Leopoldina - AL,AL,15816.0,0.8,20147.85411293244,4758.578585040486,23.618289860387986,119.8869184143066,0.5950356685248877,Mata Atlântica,ok,
2702207,Coqueiro Seco - AL,AL,5581.0,0.7,3958.1114636718953,952.9000909729044,24.074614869206076,69.21274635009753,1.7486305523566443,Mata Atlântica,ok,
2702306,Coruripe - AL,AL,50414.0,1.1,89653.97432328115,12525.964003234774,13.971454247045086,1046.167455505375,1.1668946785705503,Mata Atlântica,ok,
2702355,Craíbas - AL,AL,25397.0,1.2,27761.41215393048,4783.111706536875,17.229353031523214,217.7697824951179,0.7844333756785709,Caatinga,ok,
2702405,Delmiro Gouveia - AL,AL,51318.0,1.4,62851.266944274335,28542.131934235174,45.412182318522575,815.3714405639597,1.2973031097159753,Caatinga,ok,
2702504,Dois Riachos - AL,AL,9805.0,0.3,14235.98695950945,3083.5622860534627,21.660333736072186,81.79122691039976,0.5745385068350621,Caatinga,ok,
2702553,Estrela de Alagoas - AL,AL,15429.0,0.5,26059.929952489987,5612.134682348612,21.535494119056068,104.022957269288,0.3991682151829758,Caatinga | Mata Atlântica,ok,
2702603,Feira Grande - AL,AL,22712.0,0.8,17589.51275467053,1656.0999160765812,9.415268854657945,114.18572003173827,0.6491693182428753,Caatinga | Mata Atlântica,ok,
2702702,Feliz Deserto - AL,AL,3963.0,0.8,10963.625919140493,2535.303664465315,23.124682319187272,77.34755242919925,0.7054924438288661,Mata Atlântica,ok,
2702801,Flexeiras - AL,AL,9618.0,0.9,33374.68854058784,6571.670699005232,19.690582852970294,68.1361586181649,0.20415518944934186,Mata Atlântica,ok,
2702900,Girau do Ponciano - AL,AL,36102.0,0.7,51784.593489064246,8052.24895341181,15.549506930304021,256.6697796508791,0.49564892250256254,Caatinga,ok,
2703007,Ibateguara - AL,AL,13731.0,1.1,26532.527292681316,6790.214623602097,25.59203858983723,100.7008616943358,0.3795373904019801,Mata Atlântica,ok,
2703106,Igaci - AL,AL,23995.0,0.7,33435.53336799973,5368.926393743597,16.057546726268335,175.2386622131352,0.5241090676927904,Caatinga,ok,
2703205,Igreja Nova - AL,AL,21372.0,0.9,42803.24151874135,3258.1327737548904,7.611883254982735,205.12884274291986,0.47923670139118885,Caatinga | Mata Atlântica,ok,
2703304,Inhapi - AL,AL,15167.0,1.0,37200.959683285495,7273.318358062922,19.551426683572483,96.30491624145384,0.2588775049390028,Caatinga,ok,
2703403,Jacaré dos Homens - AL,AL,5083.0,0.4,14934.562537969035,2750.371624908482,18.41615124591729,49.375451123047,0.3306119680272979,Caatinga,ok,
2703502,Jacuípe - AL,AL,5352.0,0.8,20968.16274656881,2015.1398895813043,9.610474288745483,36.58219227294938,0.17446541556882764,Mata Atlântica,ok,
2703601,Japaratinga - AL,AL,9219.0,0.5,8515.778653601044,1609.7760637939475,18.90345122008574,150.5523166137679,1.7679219098784849,Mata Atlântica,ok,
2703700,Jaramataia - AL,AL,4985.0,0.4,10541.379315282948,2824.991924151547,26.799072869485485,61.53926915893543,0.5837876364975831,Caatinga,ok,
2703759,Jequiá da Praia - AL,AL,9470.0,0.7,33456.12406508828,4927.402970940708,14.727955220857428,118.3021122802736,0.3536037589115792,Mata Atlântica,ok,
2703809,Joaquim Gomes - AL,AL,17150.0,0.7,30085.120445880006,7603.707693853741,25.273981227803354,108.7779953308105,0.3615674250880623,Mata Atlântica,ok,
2703908,Jundiá - AL,AL,4092.0,0.4,8878.524705914044,430.54108627930395,4.849241293348181,39.04619542846675,0.4397824719962521,Mata Atlântica,ok,
2704005,Junqueiro - AL,AL,23907.0,1.5,24696.536175774803,1717.3300702392692,6.953728482473682,363.2350172241219,1.470793372150806,Mata Atlântica,ok,
2704104,Lagoa da Canoa - AL,AL,18457.0,0.6,8363.00545144641,651.6792532226558,7.7924049793599695,156.5071850769045,1.8714227317624916,Caatinga,ok,
2704203,Limoeiro de Anadia - AL,AL,24740.0,0.6,30917.865988335612,2724.4504476745506,8.811896813002567,221.66933980102547,0.716961965889414,Caatinga | Mata Atlântica,ok,
2704302,Maceió - AL,AL,957916.0,1.3,50752.056841259786,14384.825191027521,28.343334411095476,10592.10557459756,20.87029813929929,Mata Atlântica,ok,
2704401,Major Isidoro - AL,AL,17700.0,0.5,43759.89580048781,11561.229203704821,26.419690888697094,162.7163935424792,0.3718390790607535,Caatinga,ok,
2704500,Maragogi - AL,AL,32174.0,1.3,33273.023670819,7901.799160595646,23.748365158426093,608.0765319274885,1.827536138414682,Mata Atlântica,ok,
2704609,Maravilha - AL,AL,9534.0,0.6,33404.01629494136,7596.250225451719,22.740529636857115,84.20660985107318,0.2520852855164763,Caatinga,ok,
2704708,Marechal Deodoro - AL,AL,60370.0,0.8,34070.995963110065,6607.578355236932,19.393557976383207,2180.504610852036,6.399885149271683,Mata Atlântica,ok,
2704807,Maribondo - AL,AL,13679.0,0.8,18008.925854770318,1801.614304016126,10.004007560167189,110.2314146545421,0.6120932227912045,Mata Atlântica,ok,
2704906,Mar Vermelho - AL,AL,3155.0,0.6,9172.29699575794,1608.5787951660188,17.537360553304847,15.87894522094725,0.17311852449055062,Caatinga | Mata Atlântica,ok,
2705002,Mata Grande - AL,AL,21844.0,0.8,90955.440501618,40891.24056296511,44.957443268319615,102.0727024963376,0.11222275647658683,Caatinga,ok,
2705101,Matriz de Camaragibe - AL,AL,23857.0,0.9,23809.867757300286,3083.6097728760133,12.95097395881401,198.2085154357942,0.8324637392201474,Mata Atlântica,ok,
2705200,Messias - AL,AL,15405.0,1.3,11414.701690533551,1515.7167762756494,13.27863677359755,176.2007597656271,1.543630000526024,Mata Atlântica,ok,
2705309,Minador do Negrão - AL,AL,4845.0,0.7,16747.15990074442,4254.7099496460905,25.4055611510401,24.97507673339844,0.14913022196849202,Caatinga,ok,
2705408,Monteirópolis - AL,AL,7184.0,0.9,8659.986605731221,692.1215984558121,7.992178625285201,38.18134759521486,0.4408938412207966,Caatinga,ok,
2705507,Murici - AL,AL,25187.0,2.0,41801.949085065746,10278.69459510431,24.589031899415666,275.95935802002,0.6601590692779677,Mata Atlântica,ok,
2705606,Novo Lino - AL,AL,10020.0,0.6,21930.916437029402,2200.899326788315,10.035601262299245,118.9061674072264,0.5421851282350357,Mata Atlântica,ok,
2705705,Olho d'Água das Flores - AL,AL,20695.0,0.7,18838.786545569666,4533.958528228799,24.067147410272312,180.9767811950684,0.9606605009154843,Caatinga,ok,
2705804,Olho d'Água do Casado - AL,AL,8349.0,0.4,32767.59650076367,12451.53706952483,37.999543449073656,75.23770751953073,0.22961008909450306,Caatinga,ok,
2705903,Olho d'Água Grande - AL,AL,4330.0,0.8,11551.261802252044,2031.847757562286,17.58983384106276,16.37914471435544,0.14179528604539246,Caatinga,ok,
2706000,Olivença - AL,AL,10812.0,0.6,17419.233414660404,2281.81537778317,13.099401813301064,61.47668134155288,0.3529241492901334,Caatinga,ok,
2706109,Ouro Branco - AL,AL,11446.0,0.7,19635.259592559756,2198.9085200805634,11.198774886142985,169.5109169250497,0.8632985783864107,Caatinga,ok,
2706208,Palestina - AL,AL,4325.0,0.9,3818.726837402418,656.8213138183578,17.200007798021556,40.2010838012695,1.0527352574036208,Caatinga,ok,
2706307,Palmeira dos Índios - AL,AL,71574.0,0.8,45099.77259771684,12851.600224914157,28.495931319983566,955.2898135925207,2.118169912104794,Caatinga | Mata Atlântica,ok,
2706406,Pão de Açúcar - AL,AL,23823.0,0.7,68888.18081247433,36358.877945862405,52.77955886923132,188.098351129151,0.2730488001144748,Caatinga,ok,
2706422,Pariconha - AL,AL,10573.0,0.9,25472.33388053601,9434.478097370129,37.0381376972262,111.4761717285152,0.4376362694181575,Caatinga,ok,
2706448,Paripueira - AL,AL,13835.0,1.1,9247.196966870148,3685.9465446350587,39.86014959820438,397.0449446166921,4.293678895768973,Mata Atlântica,ok,
2706505,Passo de Camaragibe - AL,AL,13804.0,0.6,25043.61296144401,7393.691285675216,29.523261268484706,125.7718035644527,0.5022110977281319,Mata Atlântica,ok,
2706604,Paulo Jacinto - AL,AL,6576.0,1.2,11846.931009777645,2040.2888585754586,17.222087787052562,61.76538518676726,0.5213619049168966,Mata Atlântica,ok,
2706703,Penedo - AL,AL,58650.0,1.1,68869.13183256681,8714.049991381853,12.653056252498244,873.5067521362175,1.2683574322671425,Mata Atlântica,ok,
2706802,Piaçabuçu - AL,AL,15908.0,0.6,24233.48592554281,13927.25621372641,57.471121804423,271.5700356567391,1.1206395831418385,Mata Atlântica,ok,
2706901,Pilar - AL,AL,35370.0,1.0,25964.74957249088,3667.5850925171435,14.125247317628183,618.5895760559132,2.3824207290306245,Mata Atlântica,ok,
2707008,Pindoba - AL,AL,2731.0,1.0,11758.52843547404,429.23087764282303,3.6503792119759315,13.14325065307617,0.11177632239613074,Mata Atlântica,ok,
2707107,Piranhas - AL,AL,22609.0,1.1,40399.52176277525,16361.211540197519,40.4985277703782,377.5153657409664,0.9344550362693028,Caatinga,ok,
2707206,Poço das Trincheiras - AL,AL,12518.0,0.7,28453.043633948826,9864.050306738583,34.6678212483717,70.7811102111815,0.24876463524179473,Caatinga,ok,
2707305,Porto Calvo - AL,AL,24071.0,0.4,31369.97097324703,3702.591547619584,11.802980470645739,182.1918933044488,0.580784385997124,Mata Atlântica,ok,
2707404,Porto de Pedras - AL,AL,9295.0,0.6,25597.087081384303,5958.64296428845,23.278597855073606,93.57905715942391,0.3655847904173443,Mata Atlântica,ok,
2707503,Porto Real do Colégio - AL,AL,20082.0,0.9,23701.004136364823,2447.879550415016,10.328168107692939,247.8985388854979,1.04594108105801,Caatinga | Mata Atlântica,ok,
2707602,Quebrangulo - AL,AL,11080.0,0.7,31983.04707389758,10904.111405286183,34.09341011221345,86.92418828125113,0.2717820727975379,Mata Atlântica,ok,
2707701,Rio Largo - AL,AL,93927.0,1.1,29383.34661910336,6029.757975854326,20.52100481956036,1602.407559057582,5.453454910462067,Mata Atlântica,ok,
2707800,Roteiro - AL,AL,6474.0,0.9,12863.257436566599,1949.7453406066966,15.157477413645806,69.2581700744632,0.5384185958805568,Mata Atlântica,ok,
2707909,Santa Luzia do Norte - AL,AL,6919.0,0.8,2885.8029335388214,957.3059784667936,33.172950492945205,76.71560183715786,2.658379785589952,Mata Atlântica,ok,
2708006,Santana do Ipanema - AL,AL,46220.0,0.9,43609.78255502892,16178.332616443384,37.09794378366548,404.8249469177132,0.9282893039122256,Caatinga,ok,
2708105,Santana do Mundaú - AL,AL,11323.0,1.4,23218.076875970688,4146.420625335678,17.858587718033505,75.1305402770994,0.32358640501726904,Mata Atlântica,ok,
2708204,São Brás - AL,AL,6555.0,0.8,13895.513607678133,5319.61228723764,38.282948276904456,71.13793196411147,0.5119489208718658,Caatinga | Mata Atlântica,ok,
2708303,São José da Laje - AL,AL,20813.0,0.7,25657.386246459177,5107.778235473605,19.907632782269467,196.4314458007865,0.7655941408602945,Mata Atlântica,ok,
2708402,São José da Tapera - AL,AL,30604.0,0.5,49088.96275716095,10584.259451819105,21.56138336875962,224.5323740356453,0.45739889666520034,Caatinga,ok,
2708501,São Luís do Quitunde - AL,AL,30873.0,0.9,39726.11268359509,6339.281650873022,15.957467828184532,238.7202009826702,0.6009150779085661,Mata Atlântica,ok,
2708600,São Miguel dos Campos - AL,AL,51990.0,1.2,33569.07955429336,3535.1734173889377,10.531040661008538,660.0034720336905,1.9661053588503248,Mata Atlântica,ok,
2708709,São Miguel dos Milagres - AL,AL,8482.0,1.0,7625.934798553817,2558.236987231557,33.54653632387077,159.4951536193819,2.091483310998523,Mata Atlântica,ok,
2708808,São Sebastião - AL,AL,31786.0,0.8,31274.23718876932,3272.2422526977543,10.46306016337571,433.8427347045877,1.3872208363898386,Caatinga | Mata Atlântica,ok,
2708907,Satuba - AL,AL,24278.0,1.1,4126.391469775343,505.6484957946807,12.254011755753513,235.1998779296859,5.699892500565176,Mata Atlântica,ok,
2708956,Senador Rui Palmeira - AL,AL,12303.0,0.6,33856.92186677131,4068.810080694562,12.017660957796267,69.15941117553682,0.20426963634698567,Caatinga,ok,
2709004,Tanque d'Arca - AL,AL,5796.0,0.6,12463.412788776066,2067.856090319865,16.59141140043178,32.62975241088858,0.2618043144673289,Caatinga | Mata Atlântica,ok,
2709103,Taquarana - AL,AL,19032.0,0.7,15383.129110028054,1244.917655285658,8.09274658218992,172.2777980773929,1.119913879973141,Caatinga | Mata Atlântica,ok,
2709152,Teotônio Vilela - AL,AL,38053.0,1.0,29922.63678514364,3212.373310900887,10.735595709586015,565.5908177551254,1.8901770649969487,Mata Atlântica,ok,
2709202,Traipu - AL,AL,23565.0,0.9,67999.02233566821,23057.963383142836,33.90925720861138,141.3974145263675,0.20794036394873122,Caatinga,ok,
2709301,União dos Palmares - AL,AL,59280.0,1.2,42008.435109792124,8623.394113983251,20.52776803383744,569.9934477172712,1.3568547512601972,Mata Atlântica,ok,
2709400,Viçosa - AL,AL,24092.0,1.1,36514.24522216001,3480.062894451871,9.53069924704309,169.9405800048795,0.46540899030207755,Mata Atlântica,ok,
2800100,Amparo do São Francisco - SE,SE,2170.0,1.0,3567.624883233792,1095.6300964721872,30.710350228275075,15.31889735717776,0.4293864365945417,Caatinga,ok,
2800209,Aquidabã - SE,SE,20131.0,1.6,35953.79292954567,6263.728978387506,17.42160831448794,175.64618854370153,0.4885331260818414,Caatinga | Mata Atlântica,ok,
2800308,Aracaju - SE,SE,602757.0,1.3,17875.458476647884,4173.102404595967,23.345428650390247,9342.0194590453,52.261705461985855,Mata Atlântica,ok,
2800407,Arauá - SE,SE,10318.0,0.6,19896.295705731278,2165.1186960388077,10.882019085668942,91.8389970947268,0.4615884205433874,Mata Atlântica,ok,
2800506,Areia Branca - SE,SE,18081.0,0.9,14814.074367522888,7054.019017461992,47.617008275094264,222.9986613403319,1.5053162000402476,Mata Atlântica,ok,
2800605,Barra dos Coqueiros - SE,SE,41511.0,0.9,8912.579847845465,4346.985756884762,48.77359677103601,1365.587421350102,15.322021734034957,Mata Atlântica,ok,
2800670,Boquim - SE,SE,24636.0,1.1,20546.382598993325,769.6149527648906,3.745744288839429,282.6606356933588,1.3757197128569378,Mata Atlântica,ok,
2800704,Brejo Grande - SE,SE,7841.0,0.5,14108.28887981577,7323.41446835346,51.90859452013922,82.76380985107417,0.5866325148011495,Mata Atlântica,ok,
2801009,Campo do Brito - SE,SE,18149.0,1.4,20153.12802396244,3369.805606927547,16.721005309551877,186.1975729675294,0.9239140085158843,Caatinga | Mata Atlântica,ok,
2801108,Canhoba - SE,SE,3791.0,1.7,17158.54544230953,4222.27601511227,24.607423917769772,25.17856923217767,0.14674069732095338,Caatinga | Mata Atlântica,ok,
2801207,Canindé de São Francisco - SE,SE,26834.0,0.9,108005.78578934903,49821.93626456183,46.128951241309345,369.3010847900377,0.3419271311171334,Caatinga,ok,
2801306,Capela - SE,SE,31645.0,1.5,44221.150455804745,5367.646717504835,12.138188767543118,326.4279210205058,0.7381714805152855,Mata Atlântica,ok,
2801405,Carira - SE,SE,19939.0,1.1,63887.9776419333,7419.952103869504,11.614003726108509,322.443047460937,0.5047006641344981,Caatinga,ok,
2801504,Carmópolis - SE,SE,13853.0,1.2,4641.840300970388,371.2536876464848,7.997984927850131,275.9074293457027,5.943923346264705,Mata Atlântica,ok,
2801603,Cedro de São João - SE,SE,5391.0,0.7,8370.640173040652,1524.9236560241714,18.21752726793224,87.39019337158172,1.0440084816098008,Caatinga | Mata Atlântica,ok,
2801702,Cristinápolis - SE,SE,17100.0,0.5,22857.68149261289,2977.27857935777,13.02528683987465,216.4225171142577,0.946826200129706,Mata Atlântica,ok,
2801900,Cumbe - SE,SE,3824.0,0.4,12839.730697936893,663.7605518432605,5.1695831280161855,54.01800701293947,0.4207098130307294,Caatinga | Mata Atlântica,ok,
2802007,Divina Pastora - SE,SE,4340.0,1.2,9051.312668835233,1339.1107917053018,14.794658418065953,55.98606530761722,0.6185408388374873,Mata Atlântica,ok,
2802106,Estância - SE,SE,65078.0,0.8,64551.00748222459,21105.154920196735,32.69531451698637,2063.42793290403,3.196585170994018,Mata Atlântica,ok,
2802205,Feira Nova - SE,SE,5975.0,0.9,18522.558806701498,2164.316499145501,11.684759766358237,72.60374906005862,0.39197472561831165,Caatinga | Mata Atlântica,ok,
2802304,Frei Paulo - SE,SE,14530.0,1.3,39919.27880813772,3876.297146728532,9.71033861949012,188.9570682373043,0.4733479007611344,Caatinga,ok,
2802403,Gararu - SE,SE,11096.0,0.9,66160.78935266561,19753.993247302293,29.85755375741509,68.08077642211919,0.1029020014546973,Caatinga,ok,
2802502,General Maynard - SE,SE,3037.0,1.1,1978.8334371032338,179.1085366333007,9.051218423693777,38.05516715087886,1.9231111844656767,Mata Atlântica,ok,
2802601,Graccho Cardoso - SE,SE,5834.0,1.9,24379.062816178543,3710.305890362764,15.21923101941603,46.20701380615247,0.18953564439519127,Caatinga | Mata Atlântica,ok,
2802700,Ilha das Flores - SE,SE,8321.0,0.6,5270.677014233239,1332.4068754272157,25.279615347878604,88.13406039428683,1.6721582475322345,Mata Atlântica,ok,
2802809,Indiaroba - SE,SE,16549.0,0.3,31630.018289233667,9643.960076678204,30.489897250425706,289.7089646545411,0.9159304367305826,Mata Atlântica,ok,
2802908,Itabaiana - SE,SE,103440.0,1.2,33734.37906262698,6068.129276049676,17.98796789703571,1537.8094878722904,4.558582462767102,Caatinga | Mata Atlântica,ok,
2803005,Itabaianinha - SE,SE,40678.0,0.9,50185.56033048369,9412.32409524524,18.755044345949067,471.9206575561523,0.9403514764973112,Caatinga | Mata Atlântica,ok,
2803104,Itabi - SE,SE,4745.0,0.8,18343.141840245935,4295.200637939392,23.415839420242985,42.17108919067388,0.22990112358041098,Caatinga | Mata Atlântica,ok,
2803203,Itaporanga d'Ajuda - SE,SE,34411.0,0.7,73808.0682443496,23184.10348161042,31.41134029528714,993.9908712158215,1.3467238675385826,Mata Atlântica,ok,
2803302,Japaratuba - SE,SE,16209.0,1.0,36565.45872351151,5347.697773217794,14.624998454563995,253.8004301879895,0.6940988546242314,Mata Atlântica,ok,
2803401,Japoatã - SE,SE,13407.0,1.0,40236.123318517195,2407.190260137924,5.9826595148894555,149.7162541748048,0.372094132900481,Mata Atlântica,ok,
2803500,Lagarto - SE,SE,101579.0,1.0,96892.46390318804,27268.6693948178,28.143230439535333,1085.8859920715263,1.1207125387548305,Caatinga | Mata Atlântica,ok,
2803609,Laranjeiras - SE,SE,23975.0,0.8,16225.496354687637,3107.390239355466,19.15128000665276,326.917595794679,2.014838798445945,Mata Atlântica,ok,
2803708,Macambira - SE,SE,6838.0,1.0,13749.845242913665,2852.8395422180142,20.748157465178004,49.13206439819348,0.35732812646393197,Caatinga | Mata Atlântica,ok,
2803807,Malhada dos Bois - SE,SE,3579.0,0.2,6319.987063971003,1520.767769610593,24.06283041748913,58.152169897461,0.920131153890726,Caatinga | Mata Atlântica,ok,
2803906,Malhador - SE,SE,11533.0,1.4,10189.329062121347,2339.189091186506,22.957243572419316,100.2878863342279,0.9842442590950015,Mata Atlântica,ok,
2804003,Maruim - SE,SE,15719.0,0.7,9553.866763952923,1312.743544897447,13.740442245337508,186.8120957092299,1.9553558818098504,Mata Atlântica,ok,
2804102,Moita Bonita - SE,SE,11050.0,0.5,9539.67913099987,1513.0381920532209,15.860472572253453,117.01536775512639,1.2266174380527808,Caatinga | Mata Atlântica,ok,
2804201,Monte Alegre de Sergipe - SE,SE,14336.0,0.7,38735.227021427054,7645.9969442200145,19.739130327003117,131.2189913513186,0.33875880288176075,Caatinga,ok,
2804300,Muribeca - SE,SE,7822.0,1.2,7430.343254211445,1023.8412828674313,13.779192263925738,78.37780178833026,1.0548341995358896,Caatinga | Mata Atlântica,ok,
2804409,Neópolis - SE,SE,16426.0,0.7,27131.24640461972,2685.3763257263063,9.89772561746024,200.2547993408201,0.7380965708480024,Mata Atlântica,ok,
2804458,Nossa Senhora Aparecida - SE,SE,9232.0,0.9,34087.33361619609,2317.0613723511074,6.7974262769857425,91.13489633178736,0.26735706980755447,Caatinga | Mata Atlântica,ok,
2804508,Nossa Senhora da Glória - SE,SE,41212.0,1.4,75496.86797498955,11090.611298132684,14.690160791579803,571.246190405269,0.7566488593864719,Caatinga,ok,
2804607,Nossa Senhora das Dores - SE,SE,24996.0,0.9,48238.779062925525,3463.4403830505235,7.179784501868521,367.962229260251,0.7627934131173992,Caatinga | Mata Atlântica,ok,
2804706,Nossa Senhora de Lourdes - SE,SE,6268.0,0.7,8378.918791156198,1318.7519531433331,15.738927491877028,60.75873499145516,0.7251381294634928,Caatinga,ok,
2804805,Nossa Senhora do Socorro - SE,SE,192330.0,1.4,15501.926220221038,2486.2873580750047,16.038570450889125,2570.353216522315,16.580863435987023,Mata Atlântica,ok,
2804904,Pacatuba - SE,SE,12502.0,0.8,37988.34617133841,16776.047142438372,44.161035773375225,139.8343698730472,0.3680980720833537,Mata Atlântica,ok,
2805000,Pedra Mole - SE,SE,2778.0,1.0,8214.441780615001,1862.0782981994707,22.668348597877092,26.020587298584,0.3167663487492133,Caatinga,ok,
2805109,Pedrinhas - SE,SE,7396.0,0.8,3334.0420277527087,106.6889359619142,3.1999877348225043,109.6762352539062,3.2895876638913526,Mata Atlântica,ok,
2805208,Pinhão - SE,SE,5677.0,0.5,15640.71108116501,4041.6604256714772,25.840643719444188,56.79653961181663,0.36313272022659276,Caatinga,ok,
2805307,Pirambu - SE,SE,7913.0,1.1,20676.73752449312,7948.1373827148045,38.43999747687298,206.2555394287118,0.9975245813532571,Mata Atlântica,ok,
2805406,Poço Redondo - SE,SE,33439.0,1.0,107457.8586518671,26168.5936495608,24.352424269256655,238.0876738342284,0.2215637616654588,Caatinga,ok,
2805505,Poço Verde - SE,SE,21794.0,1.6,44133.0354368468,4384.83949346933,9.935503982598066,229.0959329284669,0.5191030498146838,Caatinga,ok,
2805604,Porto da Folha - SE,SE,26576.0,1.0,87801.26043413134,27578.15183104586,31.409744797154747,233.4597582092291,0.2658956796917181,Caatinga,ok,
2805703,Propriá - SE,SE,26618.0,1.1,9633.955161004214,126.64289960937508,1.3145473223914632,362.4477908325213,3.762190967004053,Mata Atlântica,ok,
2805802,Riachão do Dantas - SE,SE,18313.0,0.7,53060.65918703619,16450.951064282035,31.00404577766976,99.80210009155293,0.18809057712561672,Caatinga | Mata Atlântica,ok,
2805901,Riachuelo - SE,SE,8748.0,0.9,7832.916076434419,1614.4598967712384,20.61122423650616,60.10651334838878,0.7673580664194931,Mata Atlântica,ok,
2806008,Ribeirópolis - SE,SE,17033.0,0.7,25906.243105459667,1896.5750365783867,7.320918856731831,253.14561748657235,0.9771606653116857,Caatinga | Mata Atlântica,ok,
2806107,Rosário do Catete - SE,SE,9295.0,0.7,10268.642973065085,1171.7843364563066,11.41128715381309,197.751136553955,1.925776726999481,Mata Atlântica,ok,
2806206,Salgado - SE,SE,20279.0,1.6,24757.34229144907,3894.4673816345476,15.730555145168617,229.7493098388686,0.9280047394999328,Mata Atlântica,ok,
2806305,Santa Luzia do Itanhy - SE,SE,13616.0,1.2,32526.120992980006,10892.708886309769,33.48911137808502,150.8304223999021,0.4637209042924462,Mata Atlântica,ok,
2806404,Santana do São Francisco - SE,SE,7346.0,0.5,4402.45557592156,341.4297940734872,7.755439849089588,59.48800120849632,1.3512459167982356,Mata Atlântica,ok,
2806503,Santa Rosa de Lima - SE,SE,3937.0,1.0,6764.912491857862,1425.320658966093,21.06931406254827,25.22753492431641,0.3729173873968046,Mata Atlântica,ok,
2806602,Santo Amaro das Brotas - SE,SE,11092.0,1.4,23696.246899908227,10377.581751257261,43.79419996378183,102.6214313049316,0.4330704002975637,Mata Atlântica,ok,
2806701,São Cristóvão - SE,SE,95612.0,1.3,43803.642424783604,13340.021984326277,30.45413861925474,1595.844692144801,3.643178064210227,Mata Atlântica,ok,
2806800,São Domingos - SE,SE,10327.0,1.2,10198.650742492755,3582.702195568848,35.12917822199256,116.4102937377927,1.1414283779006995,Caatinga | Mata Atlântica,ok,
2806909,São Francisco - SE,SE,3243.0,0.9,8397.632922247247,181.77883333740294,2.1646437159193908,57.18679259643574,0.6809870486829076,Mata Atlântica,ok,
2807006,São Miguel do Aleixo - SE,SE,3434.0,0.8,13994.35047109962,1901.3440087585502,13.586511304580398,43.6329440002442,0.31178970464083067,Caatinga | Mata Atlântica,ok,
2807105,Simão Dias - SE,SE,42578.0,1.6,56019.232015614994,13069.446385796982,23.33028482460088,377.2266161437961,0.6733876966371953,Caatinga,ok,
2807204,Siriri - SE,SE,7834.0,0.6,16834.687330181616,2922.2977101501883,17.358788154687172,109.8069568176268,0.6522660900316357,Mata Atlântica,ok,
2807303,Telha - SE,SE,3274.0,0.7,4785.833915246704,598.2140854553213,12.499683358202873,33.53509705200198,0.7007158552904627,Caatinga | Mata Atlântica,ok,
2807402,Tobias Barreto - SE,SE,50905.0,1.4,102466.45899016876,28467.20431900094,27.78197333991238,500.0921749572759,0.48805451060357,Caatinga,ok,
2807501,Tomar do Geru - SE,SE,12012.0,1.2,30482.7704045523,7356.478574633773,24.13323486350557,100.22735311889636,0.3288000132164116,Caatinga | Mata Atlântica,ok,
2807600,Umbaúba - SE,SE,23917.0,1.4,11745.916563250486,1057.626574414078,9.004206429688766,277.6996797424323,2.3642231599981973,Mata Atlântica,ok,
2900108,Abaíra - BA,BA,7301.0,0.6,53865.02665071636,45545.34559184744,84.55457729034973,127.5583760803223,0.23681112590450354,Caatinga,ok,
2900207,Abaré - BA,BA,17639.0,1.3,160496.80096997158,110512.87086413977,68.85674368351825,410.1692114196766,0.25556223484879176,Caatinga,ok,
2900306,Acajutiba - BA,BA,13795.0,0.7,18147.399074085217,2817.092905450417,15.523397562096225,297.7495909851046,1.6407287334651492,Caatinga | Mata Atlântica,ok,
2900355,Adustina - BA,BA,14201.0,0.9,62909.780786247895,14950.902809246078,23.765625348537778,166.0066608642585,0.2638805266677191,Caatinga,ok,
2900405,Água Fria - BA,BA,14497.0,0.6,74279.47053960561,25219.58646796871,33.95229702737541,152.07310191650362,0.20473099876959763,Caatinga | Mata Atlântica,ok,
2900504,Érico Cardoso - BA,BA,10604.0,0.6,73527.34152324924,66438.71859464851,90.35920137768164,186.5775017517105,0.25375254685730064,Caatinga,ok,
2900603,Aiquara - BA,BA,4447.0,0.6,16786.661059088943,6173.721895147852,36.777545417855215,32.71188881225585,0.1948683463442206,Mata Atlântica,ok,
2900702,Alagoinhas - BA,BA,151055.0,1.1,70787.18408662474,11480.272125970532,16.218009338981084,2844.258051348852,4.018040960448765,Mata Atlântica,ok,
2900801,Alcobaça - BA,BA,24530.0,0.4,147658.36990486356,46070.77878876384,31.200926041948918,519.8345279296854,0.352052192005516,Mata Atlântica,ok,
2900900,Almadina - BA,BA,5218.0,0.6,24523.24745672012,14106.538678527597,57.52312659007962,51.6671517456055,0.21068641841497673,Mata Atlântica,ok,
2901007,Amargosa - BA,BA,36521.0,0.7,43164.190315035805,10005.240839190923,23.179493849339504,484.6790000854526,1.1228729105028983,Caatinga | Mata Atlântica,ok,
2901106,Amélia Rodrigues - BA,BA,24138.0,1.0,16688.986093053496,3026.8931126951907,18.137070136064665,484.4393629211396,2.9027489160817215,Mata Atlântica,ok,
2901155,América Dourada - BA,BA,15137.0,0.8,82237.98800986243,17882.643125537757,21.744991041601324,334.4105585510267,0.40663757302880804,Caatinga,ok,
2901205,Anagé - BA,BA,25438.0,0.6,189966.70061894113,113266.44058979863,59.62436586031073,289.01336533813435,0.15213896140559569,Caatinga | Mata Atlântica,ok,
2901304,Andaraí - BA,BA,13080.0,1.5,158980.5121376966,118533.41615088459,74.55845660392647,341.45723010254,0.21477929936896678,Caatinga,ok,
2901353,Andorinha - BA,BA,15012.0,1.5,136238.35122379064,76563.67973765827,56.19833112329117,240.6505978393556,0.17663939388407102,Caatinga,ok,
2901403,Angical - BA,BA,13732.0,0.9,153060.4144459514,90402.52172919382,59.063293442940925,238.23163452148418,0.15564549160789604,Caatinga | Cerrado,ok,
2901502,Anguera - BA,BA,11031.0,0.9,18782.620152917036,1571.6074812011686,8.367349541257108,160.6210804687495,0.8551580086328064,Mata Atlântica,ok,
2901601,Antas - BA,BA,14206.0,1.0,32636.51031862769,11633.076973316256,35.64436534342501,144.4410152465824,0.44257493781172097,Caatinga,ok,
2901700,Antônio Cardoso - BA,BA,11146.0,0.9,29352.80849632955,3106.621423632878,10.58372804095168,152.2816974609372,0.5187977071426723,Mata Atlântica,ok,
2901809,Antônio Gonçalves - BA,BA,10862.0,0.5,34529.993713074284,31378.91426605885,90.87437005289021,128.7116048339842,0.3727530503002942,Caatinga,ok,
2901908,Aporá - BA,BA,15922.0,0.9,47925.74682093186,4616.49032936401,9.632589235620905,137.3444686096192,0.2865776283524354,Caatinga | Mata Atlântica,ok,
2901957,Apuarema - BA,BA,6913.0,1.1,15082.516295214897,6492.204461187683,43.04457117177065,71.92264168701192,0.47686102424321736,Mata Atlântica,ok,
2902005,Aracatu - BA,BA,13936.0,0.6,148979.6680481505,66953.79726231006,44.94156695306267,195.0637826782226,0.1309331570098395,Caatinga,ok,
2902054,Araçás - BA,BA,11557.0,0.7,47457.49947986472,17225.635397875853,36.296972210228546,167.0862388854977,0.35207552171262013,Mata Atlântica,ok,
2902104,Araci - BA,BA,48294.0,1.1,149622.365618666,60356.62773469427,40.33930855532773,671.930717596435,0.449084409819416,Caatinga,ok,
2902203,Aramari - BA,BA,9833.0,1.2,36895.26477007172,2324.4967297119474,6.3002576189601065,130.3254355895992,0.35323079100198007,Mata Atlântica,ok,
2902252,Arataca - BA,BA,10191.0,0.5,43600.94780566658,40318.25959420417,92.47106226659648,63.19077169189441,0.1449298120158797,Mata Atlântica,ok,
2902302,Aratuípe - BA,BA,8677.0,0.7,17402.150835285276,5561.215528926405,31.957058535834943,64.65854022827138,0.3715548775566708,Mata Atlântica,ok,
2902401,Aurelino Leal - BA,BA,11179.0,0.9,44537.928888653216,18373.572187018064,41.25376425327905,98.21656514892598,0.22052342261911578,Mata Atlântica,ok,
2902500,Baianópolis - BA,BA,13614.0,0.5,332177.602166295,233968.3650238244,70.43472031166478,180.5829542114274,0.05436337460254885,Cerrado,ok,
2902609,Baixa Grande - BA,BA,18220.0,1.8,96750.43938852534,43431.34908130832,44.890079420620495,221.0423863098144,0.22846654517212472,Caatinga,ok,
2902658,Banzaê - BA,BA,11958.0,0.8,40950.39739152617,27450.78529319274,67.03423419982026,208.5233447753907,0.5092095756280507,Caatinga,ok,
2902708,Barra - BA,BA,51092.0,0.7,1142841.3921127948,1021749.9157197169,89.4043497874002,1277.417612084972,0.11177558153746806,Caatinga,ok,
2902807,Barra da Estiva - BA,BA,26026.0,0.8,165740.75725755852,111270.36158446709,67.13518353940829,996.4120577575683,0.6011871034287358,Caatinga,ok,
2902906,Barra do Choça - BA,BA,36539.0,1.1,76593.63972755388,23227.62134114394,30.325783477277433,586.4124904541001,0.765615124885028,Mata Atlântica,ok,
2903003,Barra do Mendes - BA,BA,13836.0,0.7,143636.24827562677,120405.64756414651,83.82678398359266,313.8795845703124,0.21852393691598093,Caatinga,ok,
2903102,Barra do Rocha - BA,BA,5775.0,0.5,21438.34445759882,14766.66603100595,68.87969385981158,47.52955070190406,0.22170345660743038,Mata Atlântica,ok,
2903201,Barreiras - BA,BA,159734.0,0.9,805925.9420434427,414652.5082462993,51.45044806411602,3977.980902954147,0.4935913705504863,Caatinga | Cerrado,ok,
2903235,Barro Alto - BA,BA,13453.0,1.2,41450.58501715689,11907.921978161221,28.727994968544813,269.9051518676746,0.6511491979086849,Caatinga,ok,
2903276,Barrocas - BA,BA,15203.0,0.6,20728.54907414384,5118.284533941715,24.691957529850015,196.7411977844216,0.9491315435571444,Caatinga,ok,
2903300,Barro Preto - BA,BA,5833.0,0.7,20157.485524366817,15747.30044083408,78.12135309137835,48.35614362182628,0.23989174425238852,Mata Atlântica,ok,
2903409,Belmonte - BA,BA,20121.0,1.4,191828.92378694145,104057.12247494032,54.2447512193278,371.2167977783187,0.19351450784899255,Mata Atlântica,ok,
2903508,Belo Campo - BA,BA,18412.0,1.0,77274.6363891348,34430.552305071295,44.55608452388965,446.57251163329886,0.5779030901995796,Caatinga | Mata Atlântica,ok,
2903607,Biritinga - BA,BA,15146.0,0.6,55374.21351936725,24122.026611262274,43.5618405719217,102.9429704711909,0.18590416717193894,Caatinga,ok,
2903706,Boa Nova - BA,BA,13690.0,1.0,84886.76487797477,50476.96336074574,59.463879243491824,353.7153557678223,0.4166908189707668,Caatinga | Mata Atlântica,ok,
2903805,Boa Vista do Tupim - BA,BA,16873.0,0.6,297211.89711180114,197125.92141416812,66.32504396013998,433.4365243591324,0.14583417708749663,Caatinga,ok,
2903904,Bom Jesus da Lapa - BA,BA,65550.0,0.9,411455.10668519663,242337.52838619065,58.89768396327197,1351.276886920167,0.32841417325123295,Caatinga | Cerrado,ok,
2903953,Bom Jesus da Serra - BA,BA,9730.0,0.5,46787.2892298897,28002.526594397186,59.85071384838425,157.5678699707032,0.33677495012906666,Caatinga,ok,
2904001,Boninal - BA,BA,13622.0,0.8,89689.10276439328,60989.40663396478,68.00091065040476,308.7961156921382,0.344296136514291,Caatinga,ok,
2904050,Bonito - BA,BA,15844.0,1.1,79126.8709710131,59868.54430425937,75.66145807306255,377.8039101684576,0.47746600558343855,Caatinga,ok,
2904100,Boquira - BA,BA,19322.0,0.7,142622.2889398631,80204.27345086887,56.235441211217086,327.9821673583979,0.22996557536437523,Caatinga | Cerrado,ok,
2904209,Botuporã - BA,BA,11024.0,0.7,62759.67220417989,28330.401957079433,45.14109293769158,174.0731465148928,0.27736465217436124,Caatinga | Cerrado,ok,
2904308,Brejões - BA,BA,12943.0,0.4,51856.90375573247,18744.566147173362,36.14671295353082,551.7291799743654,1.0639454730526117,Caatinga | Mata Atlântica,ok,
2904407,Brejolândia - BA,BA,9108.0,0.3,224721.16364647815,136168.06230778387,60.59423157936193,156.1570308410641,0.06948924093625813,Caatinga | Cerrado,ok,
2904506,Brotas de Macaúbas - BA,BA,11765.0,0.5,252080.18230900314,221894.83500011018,88.02549766808269,226.8754097167968,0.09000128754218767,Caatinga,ok,
2904605,Brumado - BA,BA,70510.0,1.1,220762.47694730473,99860.93703687444,45.234560880883265,1638.421905700699,0.7421650311034447,Caatinga,ok,
2904704,Buerarema - BA,BA,14804.0,1.2,21947.23156012022,16317.457502417607,74.34859133699423,144.1899811523438,0.656984826342963,Mata Atlântica,ok,
2904753,Buritirama - BA,BA,19589.0,1.5,404678.53745879617,375378.9638991587,92.75979058745592,566.1803014770534,0.13990865565355096,Caatinga,ok,
2904803,Caatiba - BA,BA,6205.0,0.9,51242.643198572834,22182.883162921356,43.28988861280906,41.74938394165044,0.081473907932238,Mata Atlântica,ok,
2904852,Cabaceiras do Paraguaçu - BA,BA,16559.0,0.4,22202.121204168645,1409.054360162367,6.346485307439023,1297.356515972881,5.8433899357746535,Mata Atlântica,ok,
2904902,Cachoeira - BA,BA,29250.0,0.9,39489.09698315908,20310.043226549533,51.432027516889434,336.1030194885259,0.8511286536429633,Mata Atlântica,ok,
2905008,Caculé - BA,BA,22462.0,0.9,61099.43609159398,28946.929749816227,47.37675435567355,403.2386281677262,0.6599711126027944,Caatinga | Cerrado,ok,
2905107,Caém - BA,BA,10384.0,1.3,54090.613556086624,37425.66005937633,69.19067394303009,118.6511486511229,0.2193562632231808,Caatinga,ok,
2905156,Caetanos - BA,BA,11266.0,0.7,76715.42624864963,34325.31297082195,44.7436906099784,158.0168398376466,0.20597792069287765,Caatinga,ok,
2905206,Caetité - BA,BA,52012.0,1.0,265148.8663973717,203887.55031309533,76.89550141524435,1122.503659191902,0.4233484662573043,Caatinga | Cerrado,ok,
2905305,Cafarnaum - BA,BA,17466.0,1.1,64364.32242773772,21371.237219946703,33.20354571267388,359.4064235656746,0.5583938585995102,Caatinga,ok,
2905404,Cairu - BA,BA,17761.0,1.3,44704.87294856015,31874.57325924097,71.29999742067847,281.1758359069826,0.6289601498935447,Mata Atlântica,ok,
2905503,Caldeirão Grande - BA,BA,13080.0,0.9,45830.80030109305,28481.44874904715,62.144777228269085,168.4514129272462,0.3675506685909403,Caatinga,ok,
2905602,Camacan - BA,BA,22579.0,0.8,58481.51751670219,44150.51918661194,75.49482479486387,255.0912269531267,0.43619118960152364,Mata Atlântica,ok,
2905701,Camaçari - BA,BA,300372.0,1.2,78254.79504321225,22671.780067987027,28.971745508332987,12893.37142136239,16.476142342769766,Mata Atlântica,ok,
2905800,Camamu - BA,BA,30469.0,1.3,83920.8665564626,53724.919236419526,64.01854680596392,295.0934647949255,0.3516330048813121,Mata Atlântica,ok,
2905909,Campo Alegre de Lourdes - BA,BA,30671.0,1.8,291452.6876839908,241176.8891464704,82.74992797732158,543.8555611206104,0.18660166267201794,Caatinga,ok,
2906006,Campo Formoso - BA,BA,71377.0,1.1,716190.6153162747,486553.4532222923,67.93630673412649,1328.075256524658,0.18543600378485425,Caatinga,ok,
2906105,Canápolis - BA,BA,10225.0,0.6,46037.53751572498,28195.296365733135,61.24414529361503,142.99121984252906,0.31059702051546034,Caatinga | Cerrado,ok,
2906204,Canarana - BA,BA,24206.0,1.3,57972.30690201681,10919.600489819768,18.83589091646081,477.7819688232444,0.8241555224476029,Caatinga,ok,
2906303,Canavieiras - BA,BA,32683.0,1.5,133334.43724844287,61162.212171008614,45.87127934326875,538.4300554321297,0.4038191982082391,Mata Atlântica,ok,
2906402,Candeal - BA,BA,7772.0,0.8,44757.82713572974,7970.162632214422,17.80730464873689,112.0620739929201,0.2503742499676934,Caatinga | Mata Atlântica,ok,
2906501,Candeias - BA,BA,72382.0,1.0,25180.987098534213,4069.937167352195,16.162738781551205,1674.529812750257,6.649976850382214,Mata Atlântica,ok,
2906600,Candiba - BA,BA,13016.0,0.7,43365.65089057658,12314.728909271274,28.397426664584625,381.3150150634753,0.8793019526575021,Caatinga,ok,
2906709,Cândido Sales - BA,BA,25247.0,1.1,116982.10105307549,73857.26293865492,63.135524386885,647.5135511474631,0.5535150636879759,Mata Atlântica,ok,
2906808,Cansanção - BA,BA,37439.0,1.0,135192.709202085,59199.003391338854,43.78860645720817,567.577168164063,0.4198282374204463,Caatinga,ok,
2906824,Canudos - BA,BA,16105.0,1.0,356538.2380208692,274906.6374737705,77.1043911025553,529.5462435180704,0.14852439010681218,Caatinga,ok,
2906857,Capela do Alto Alegre - BA,BA,10744.0,1.1,62959.99411617047,5396.012042169134,8.570540893337277,193.2292789794923,0.3069080321433255,Caatinga,ok,
2906873,Capim Grosso - BA,BA,33235.0,2.2,46476.626244233725,11323.675496636966,24.364237277317166,827.6111398010111,1.7807039939859906,Caatinga,ok,
2906899,Caraíbas - BA,BA,9940.0,0.5,80567.96287304314,38002.74219431689,47.16855290756278,137.0218556213382,0.1700699021486414,Caatinga,ok,
2906907,Caravelas - BA,BA,20580.0,0.9,237699.5905921733,64421.97072724773,27.10226406648634,624.1195030456544,0.2625665031609039,Mata Atlântica,ok,
2907004,Cardeal da Silva - BA,BA,8365.0,0.8,29346.959965783553,10055.260184350715,34.26337922590423,153.5698551879882,0.5232905056163896,Mata Atlântica,ok,
2907103,Carinhanha - BA,BA,28869.0,1.5,252552.0071854142,144408.33435957314,57.17964231167403,698.0581327880848,0.27640173624737685,Caatinga,ok,
2907202,Casa Nova - BA,BA,72086.0,1.0,964703.3505126082,633374.0186692494,65.65479619540012,1534.194710888673,0.15903279594431363,Caatinga,ok,
2907301,Castro Alves - BA,BA,24712.0,0.5,71381.10699453818,10663.995206591495,14.939520631709263,374.3059975036604,0.5243768460081475,Caatinga | Mata Atlântica,ok,
2907400,Catolândia - BA,BA,3434.0,0.8,70254.84045076779,55922.42146794922,79.59938576351584,35.48105797729482,0.05050336425168987,Cerrado,ok,
2907509,Catu - BA,BA,48148.0,0.9,42699.285358824316,10668.452081585729,24.985083454988004,622.58675889283,1.4580730184613382,Mata Atlântica,ok,
2907558,Caturama - BA,BA,8841.0,0.6,71625.34372300192,29231.14832498517,40.81118052016805,112.5674046997067,0.15716141640456316,Caatinga,ok,
2907608,Central - BA,BA,16348.0,0.7,56696.79521290715,25482.684683876916,44.94554690116899,568.8446695068391,1.0033100942843773,Caatinga,ok,
2907707,Chorrochó - BA,BA,10579.0,0.8,300527.9998655001,253519.6770383715,84.35808881429786,316.9201269531252,0.10545444254610595,Caatinga,ok,
2907806,Cícero Dantas - BA,BA,30907.0,1.0,81702.47871915478,40278.45220900874,49.29893540618571,448.8280603271529,0.5493444842352466,Caatinga,ok,
2907905,Cipó - BA,BA,17230.0,0.7,16831.570971826382,5622.190726672462,33.402649913565384,317.4586281616221,1.8860903043037514,Caatinga,ok,
2908002,Coaraci - BA,BA,17333.0,1.0,27454.283412629182,16129.947855451263,58.75202646167542,173.0531837341309,0.6303321821706157,Mata Atlântica,ok,
2908101,Cocos - BA,BA,19151.0,0.6,1013826.8209556293,881933.8299906482,86.99057982697092,301.9953911987299,0.029787670335459288,Caatinga | Cerrado,ok,
2908200,Conceição da Feira - BA,BA,20800.0,0.5,16478.946138421863,2796.593342071502,16.970705035263396,301.818772760009,1.8315417152574855,Mata Atlântica,ok,
2908309,Conceição do Almeida - BA,BA,15794.0,1.0,28484.189897686007,1558.0328804138137,5.469816364833268,174.0293560119622,0.6109682481301669,Mata Atlântica,ok,
2908408,Conceição do Coité - BA,BA,67825.0,0.9,101524.89611513822,38235.06570653708,37.66077796639667,1076.835103137227,1.0606611228796536,Caatinga,ok,
2908507,Conceição do Jacuípe - BA,BA,35308.0,1.0,11487.124496112101,1431.2813344482463,12.459874835801367,1006.6777178466938,8.763531014114202,Caatinga | Mata Atlântica,ok,
2908606,Conde - BA,BA,23654.0,0.6,92635.35485752014,40552.73212661663,43.77673318031724,524.7402902648913,0.5664579048377153,Mata Atlântica,ok,
2908705,Condeúba - BA,BA,17053.0,0.5,134806.24531187007,88556.19197894447,65.69146093645176,296.9800501525891,0.22030140329591924,Caatinga | Cerrado,ok,
2908804,Contendas do Sincorá - BA,BA,4333.0,0.5,97744.64485277169,70895.43991212934,72.53127781978841,133.977593041992,0.1370689854608366,Caatinga,ok,
2908903,Coração de Maria - BA,BA,26692.0,0.4,37841.61517691803,6147.075610412617,16.244221029344708,261.57034889526307,0.6912240602637152,Caatinga | Mata Atlântica,ok,
2909000,Cordeiros - BA,BA,7546.0,0.5,52362.59045033015,33025.28547375418,63.07038133470716,178.0082454772953,0.3399530923630478,Caatinga | Cerrado,ok,
2909109,Coribe - BA,BA,13990.0,0.8,266512.21038524446,207748.40842021068,77.95080312452083,459.4595818786596,0.17239719756723676,Caatinga | Cerrado,ok,
2909208,Coronel João Sá - BA,BA,17056.0,1.0,79740.96913323189,23433.506202086355,29.387034615711094,181.7189936828616,0.2278866129395091,Caatinga,ok,
2909307,Correntina - BA,BA,32457.0,0.8,1150430.0757921208,684495.1243323525,59.499063761962944,1020.4510604858306,0.0887017022554114,Caatinga | Cerrado,ok,
2909406,Cotegipe - BA,BA,13063.0,1.5,428306.1372375908,325968.3810962982,76.1063997818636,226.41248307495147,0.05286230184214136,Caatinga | Cerrado,ok,
2909505,Cravolândia - BA,BA,4415.0,0.4,18250.6791599298,8391.783313378715,45.98066318432279,170.5084715393069,0.9342582270234964,Mata Atlântica,ok,
2909604,Crisópolis - BA,BA,19729.0,0.6,63659.63237459736,14460.351123602248,22.715103094708546,238.2375656372072,0.37423647726290227,Caatinga,ok,
2909703,Cristópolis - BA,BA,13993.0,0.5,105284.53315214366,80945.61573077436,76.88272275833921,340.61364150390875,0.3235172644130907,Caatinga | Cerrado,ok,
2909802,Cruz das Almas - BA,BA,60348.0,1.3,13911.407815187007,1013.8535445251435,7.28792914415409,1257.241039263849,9.03748244581922,Mata Atlântica,ok,
2909901,Curaçá - BA,BA,34180.0,0.9,595057.0456146465,487539.2162585486,81.93150889507736,895.3496118164031,0.15046450057432365,Caatinga,ok,
2910008,Dário Meira - BA,BA,10820.0,1.3,41360.214492333675,20005.43182114872,48.36878160981691,67.24224883422825,0.16257712794669366,Mata Atlântica,ok,
2910057,Dias d'Ávila - BA,BA,71485.0,0.9,18377.461418243325,3108.354651190175,16.913950085099938,2046.54674292609,11.136177605545024,Mata Atlântica,ok,
2910107,Dom Basílio - BA,BA,11884.0,0.4,68948.92334269789,30953.108894676534,44.89280962493036,199.6803351806649,0.2896061685955424,Caatinga,ok,
2910206,Dom Macedo Costa - BA,BA,4407.0,1.1,9478.553314228275,604.0935611267101,6.373267534613158,26.68225298461916,0.2815013230401561,Mata Atlântica,ok,
2910305,Elísio Medrado - BA,BA,7808.0,1.3,17933.164777044858,3433.65392891241,19.146949083452462,80.99623948974613,0.45165613820391837,Mata Atlântica,ok,
2910404,Encruzilhada - BA,BA,19107.0,1.1,189016.20037708126,114868.95191067188,60.77201408213264,325.7026980102539,0.17231469967150304,Mata Atlântica,ok,
2910503,Entre Rios - BA,BA,38098.0,1.2,118588.9468655766,32332.055223615673,27.263970275631866,1329.73136536865,1.1212945223941757,Mata Atlântica,ok,
2910602,Esplanada - BA,BA,32554.0,0.9,129706.3946691094,44910.65062262983,34.62485464745221,633.7541520385772,0.4886067133816578,Mata Atlântica,ok,
2910701,Euclides da Cunha - BA,BA,61456.0,1.7,202533.84634180102,107128.98142593783,52.89435981240606,838.5477727050794,0.4140284638104023,Caatinga,ok,
2910727,Eunápolis - BA,BA,113710.0,1.2,142601.3597310163,30236.289605743546,21.20336696843364,2337.441162823529,1.6391436710228837,Mata Atlântica,ok,
2910750,Fátima - BA,BA,17895.0,1.0,36833.49386592452,2209.9386388977186,5.999807259506765,209.8402068115245,0.5696994359952703,Caatinga,ok,
2910776,Feira da Mata - BA,BA,5631.0,0.8,117650.47561840541,76193.54093141225,64.76262890644227,125.0066378295901,0.10625255628803755,Caatinga | Cerrado,ok,
2910800,Feira de Santana - BA,BA,616272.0,1.1,130445.2447653597,25249.12209497718,19.356107721975153,13423.67483806825,10.290658630151126,Caatinga | Mata Atlântica,ok,
2910859,Filadélfia - BA,BA,17897.0,1.1,57969.256377073114,20361.736805871056,35.125061245264035,219.8531347717291,0.37925815943135194,Caatinga,ok,
2910909,Firmino Alves - BA,BA,4873.0,0.4,17236.477540137097,3648.000426013158,21.164419571912966,79.96122253417967,0.46390698069243486,Mata Atlântica,ok,
2911006,Floresta Azul - BA,BA,11059.0,0.7,32098.21432915273,11163.94392766783,34.78057630616648,85.79307904052726,0.26728302752532546,Mata Atlântica,ok,
2911105,Formosa do Rio Preto - BA,BA,25899.0,1.2,1563427.2413253684,873463.721442376,55.868523865678085,737.4533597412109,0.04716902330012157,Cerrado,ok,
2911204,Gandu - BA,BA,32178.0,1.1,22964.990223803474,13873.06225674409,60.40961533858831,241.4140799499506,1.0512265740035986,Mata Atlântica,ok,
2911253,Gavião - BA,BA,4360.0,0.4,38459.477735831526,2501.6657784606914,6.504679537366586,113.6901420959473,0.29561020790988446,Caatinga,ok,
2911303,Gentio do Ouro - BA,BA,10884.0,1.0,381797.4888295438,363944.3598390654,95.32392707840751,376.1150995849617,0.09851167453667588,Caatinga,ok,
2911402,Glória - BA,BA,15524.0,0.9,156646.50817129633,92669.45696401225,59.158329187061234,357.0068087463387,0.22790601138452707,Caatinga,ok,
2911501,Gongogi - BA,BA,5555.0,0.6,20218.20134366469,6791.763199615698,33.59232151352512,54.61781732177743,0.27014182119069535,Mata Atlântica,ok,
2911600,Governador Mangabeira - BA,BA,20605.0,1.0,10684.640036499757,1786.3037893005383,16.71842741728643,464.9677672851527,4.3517401213029,Mata Atlântica,ok,
2911659,Guajeru - BA,BA,8050.0,0.4,87285.35144402867,40664.57820207767,46.58809013119875,63.82764822998026,0.07312526921646119,Caatinga,ok,
2911709,Guanambi - BA,BA,87817.0,0.7,127236.07406124579,31576.43615462041,24.817204073288927,3897.5320407837066,3.0632287812555488,Caatinga | Cerrado,ok,
2911808,Guaratinga - BA,BA,19049.0,0.6,218940.16160022712,67750.31714993747,30.94467303520397,219.4984086853027,0.10025497701335168,Mata Atlântica,ok,
2911857,Heliópolis - BA,BA,12309.0,1.0,31457.02760311668,2101.2265337218782,6.679672854766781,156.5313181701661,0.4976036520203752,Caatinga,ok,
2911907,Iaçu - BA,BA,24607.0,0.7,234249.24785262617,94111.37364147457,40.17574207994174,852.0972202575806,0.363756651544795,Caatinga,ok,
2912004,Ibiassucê - BA,BA,10429.0,0.2,48327.09168211454,27679.278475516065,57.27486904774769,192.2340336853027,0.3977769549009442,Caatinga,ok,
2912103,Ibicaraí - BA,BA,21665.0,0.9,23099.51294979874,11729.564843518134,50.77840761841834,258.2357096862797,1.117927075984213,Mata Atlântica,ok,
2912202,Ibicoara - BA,BA,20785.0,0.5,81735.42360161041,54865.60016153591,67.12585283580142,604.2587768432613,0.7392862852078689,Caatinga,ok,
2912301,Ibicuí - BA,BA,13934.0,0.8,113938.92110943302,25054.270283197326,21.989211447011918,192.2044038635264,0.168690735344881,Mata Atlântica,ok,
2912400,Ibipeba - BA,BA,16603.0,0.9,138197.27456690205,103662.70001242813,75.0106688697717,432.4231091613768,0.3129027764958117,Caatinga,ok,
2912509,Ibipitanga - BA,BA,13863.0,1.6,95437.27807311704,29959.102400947802,31.391404916216636,191.4172157592784,0.2005686034052947,Caatinga,ok,
2912608,Ibiquera - BA,BA,3725.0,0.6,69824.4401303604,43949.691214956445,62.943134428150834,59.79048581542965,0.0856297389621777,Caatinga,ok,
2912707,Ibirapitanga - BA,BA,25344.0,1.1,47266.90684703922,34516.5115155087,73.02468855685402,153.8427199401848,0.32547659705771803,Mata Atlântica,ok,
2912806,Ibirapuã - BA,BA,8896.0,0.4,77108.39296098328,7432.192665960682,9.63862996045237,165.8608845886224,0.21510094844350824,Mata Atlântica,ok,
2912905,Ibirataia - BA,BA,18792.0,1.1,31815.185474614573,21279.83431664335,66.88577796795367,176.359933392333,0.5543262777237338,Mata Atlântica,ok,
2913002,Ibitiara - BA,BA,14637.0,0.9,183396.92071659432,111233.02498412521,60.651522691602366,363.334909411621,0.1981139639596715,Caatinga,ok,
2913101,Ibititá - BA,BA,16969.0,1.0,57302.146761155454,10602.196642663737,18.502267789120353,429.8572806213342,0.7501591212857145,Caatinga,ok,
2913200,Ibotirama - BA,BA,26309.0,1.0,174014.41171350717,139881.81616228004,80.38519039019472,798.2841540588531,0.458746000516973,Caatinga,ok,
2913309,Ichu - BA,BA,6190.0,0.7,13802.905529608995,3445.1652579467195,24.959710479481295,144.4136823181149,1.0462556742732834,Caatinga,ok,
2913408,Igaporã - BA,BA,15527.0,0.6,83658.16285133167,52330.106486664845,62.552301775572474,347.7238030090319,0.4156483852352452,Caatinga | Cerrado,ok,
2913457,Igrapiúna - BA,BA,13151.0,0.9,59110.11545196811,37889.935307741835,64.10059431964832,100.6810290405275,0.1703279181079239,Mata Atlântica,ok,
2913507,Iguaí - BA,BA,21491.0,1.3,86023.57843213354,28089.108367567085,32.652801568499484,174.7095904174808,0.20309500441825284,Mata Atlântica,ok,
2913606,Ilhéus - BA,BA,178649.0,1.3,158627.1339207974,118391.94073026428,74.63536521398503,2830.126726141409,1.784137843374572,Mata Atlântica,ok,
2913705,Inhambupe - BA,BA,33790.0,1.2,108228.69575380893,13512.647711883292,12.485272614409878,336.7563701782232,0.3111525717211386,Caatinga | Mata Atlântica,ok,
2913804,Ipecaetá - BA,BA,13709.0,1.2,37254.330024684015,6604.471409454451,17.728063838695938,147.2600342773442,0.3952830024852748,Caatinga | Mata Atlântica,ok,
2913903,Ipiaú - BA,BA,40706.0,0.9,28044.540473396923,15854.315676356751,56.53262777258258,490.6386665100044,1.7494979708276008,Mata Atlântica,ok,
2914000,Ipirá - BA,BA,56876.0,0.8,310526.44955098757,42256.43625831304,13.607999034998356,972.5352227050709,0.3131891740981579,Caatinga,ok,
2914109,Ipupiara - BA,BA,9935.0,0.8,105573.84759076254,90432.10886948035,85.65768031873165,416.1324973205582,0.3941624813501339,Caatinga,ok,
2914208,Irajuba - BA,BA,6101.0,1.7,45903.9476087529,21565.35747951009,46.97930919430999,210.64714977417017,0.45888678588070775,Caatinga | Mata Atlântica,ok,
2914307,Iramaia - BA,BA,10752.0,0.5,170814.53754362912,108599.51498083968,63.5774428468077,172.4047244750982,0.10093094355687549,Caatinga,ok,
2914406,Iraquara - BA,BA,23879.0,1.2,99183.09392890497,63129.404049077064,63.649359531301364,438.4097410034183,0.44202063440133554,Caatinga,ok,
2914505,Irará - BA,BA,28043.0,0.8,26785.18733968199,3992.21709189449,14.904570355496674,329.62180485229493,1.2306122808555588,Caatinga | Mata Atlântica,ok,
2914604,Irecê - BA,BA,74507.0,1.0,31916.047930711353,7198.743175861116,22.555246161709434,1757.868253363042,5.507787985465224,Caatinga,ok,
2914653,Itabela - BA,BA,28165.0,0.7,92486.46828876012,29209.673635075687,31.58264573783659,453.9500208374016,0.490828581993297,Mata Atlântica,ok,
2914703,Itaberaba - BA,BA,65073.0,0.9,238644.36119575182,95892.94798485706,40.182364881523156,1609.46693449097,0.6744206845812625,Caatinga,ok,
2914802,Itabuna - BA,BA,186708.0,1.3,40100.63232828659,21495.09752157278,53.60288921531632,2135.686574200444,5.325817699622536,Mata Atlântica,ok,
2914901,Itacaré - BA,BA,27704.0,1.2,72614.9714752448,57509.40741158526,79.19772774570436,190.4787630249026,0.2623133482739696,Mata Atlântica,ok,
2915007,Itaeté - BA,BA,13472.0,0.6,133177.87564618842,101485.31374608529,76.20283268048196,292.0404164672851,0.219285985040897,Caatinga,ok,
2915106,Itagi - BA,BA,13803.0,0.7,31063.400158464705,19274.088753789394,62.04758222044553,116.2446362548832,0.3742173608229646,Mata Atlântica,ok,
2915205,Itagibá - BA,BA,15310.0,1.1,81100.75030144308,25642.161472390915,31.61766244711875,160.1758821716312,0.19750234316732465,Mata Atlântica,ok,
2915304,Itagimirim - BA,BA,6347.0,1.1,87679.72574434745,10477.65988238521,11.949923193117064,106.7007036132815,0.12169370137447118,Mata Atlântica,ok,
2915353,Itaguaçu da Bahia - BA,BA,12311.0,0.3,431025.4055304891,308840.2327800674,71.6524429458999,408.1137078369151,0.0946843741924272,Caatinga,ok,
2915403,Itaju do Colônia - BA,BA,6037.0,0.6,122525.40554259034,47147.272848895096,38.47958930648592,93.71095251464801,0.07648287479617744,Mata Atlântica,ok,
2915502,Itajuípe - BA,BA,18781.0,0.4,27074.304270479355,22453.89226634122,82.93432784835755,174.0622669677742,0.642905779697409,Mata Atlântica,ok,
2915601,Itamaraju - BA,BA,59605.0,1.0,236061.59192722678,66596.22392976287,28.211376270940846,908.474222985849,0.3848462664209746,Mata Atlântica,ok,
2915700,Itamari - BA,BA,7051.0,0.8,14348.230445355784,8232.354443616123,57.37539883380365,70.29447180786147,0.4899173600227078,Mata Atlântica,ok,
2915809,Itambé - BA,BA,24394.0,1.6,153454.24272232837,54376.19340699076,35.4347930968472,283.4425810607903,0.18470820749718375,Mata Atlântica,ok,
2915908,Itanagra - BA,BA,5914.0,0.5,53363.516762901636,15922.727591441435,29.838227608175423,212.3203815673822,0.39787554203134445,Mata Atlântica,ok,
2916005,Itanhém - BA,BA,17813.0,0.5,139416.87519563778,19474.516246808023,13.96855023431006,266.1724603271484,0.19091839488845228,Mata Atlântica,ok,
2916104,Itaparica - BA,BA,19789.0,1.7,12139.742412959304,666.5919850463846,5.490989531497724,587.8822927673395,4.842625755714297,Mata Atlântica,ok,
2916203,Itapé - BA,BA,10341.0,0.9,45315.65863567572,8935.44668157949,19.71823195469318,100.7385431579592,0.22230404719010446,Mata Atlântica,ok,
2916302,Itapebi - BA,BA,9174.0,0.8,103187.39497301001,30996.009043757702,30.03856144625524,145.0600582702636,0.14057924255981644,Mata Atlântica,ok,
2916401,Itapetinga - BA,BA,65897.0,1.0,165115.38214684036,45364.93448150094,27.474687028951067,1065.067629663104,0.645044462735712,Mata Atlântica,ok,
2916500,Itapicuru - BA,BA,31679.0,0.8,155761.5112755147,58604.19214732763,37.624308898536,270.36587055053735,0.17357681518145243,Caatinga | Mata Atlântica,ok,
2916609,Itapitanga - BA,BA,10279.0,0.4,42065.76123159269,9940.663988824614,23.63124711828314,61.69657288207993,0.14666695924604806,Mata Atlântica,ok,
2916708,Itaquara - BA,BA,8153.0,0.7,34408.74936269434,10903.432991320373,31.687966558708403,247.6303094238304,0.7196725077497556,Mata Atlântica,ok,
2916807,Itarantim - BA,BA,17052.0,1.4,167403.43136430398,30777.528727276465,18.38524364551303,195.159598657226,0.11658040523226727,Mata Atlântica,ok,
2916856,Itatim - BA,BA,15737.0,0.7,54753.591399470584,19027.695918669804,34.75150292854357,683.2767354370108,1.2479121788595904,Caatinga | Mata Atlântica,ok,
2916906,Itiruçu - BA,BA,10999.0,1.0,32226.247780884634,8849.667749407696,27.461055378147304,202.0629929260269,0.6270137134794913,Caatinga | Mata Atlântica,ok,
2917003,Itiúba - BA,BA,33872.0,0.8,165058.46574399897,59035.30805583757,35.76630122528806,405.4957478515631,0.2456679492468297,Caatinga,ok,
2917102,Itororó - BA,BA,16617.0,0.7,31384.29984283162,12724.5216362796,40.54422657189201,199.2955308837893,0.6350166544477165,Mata Atlântica,ok,
2917201,Ituaçu - BA,BA,17914.0,1.0,119940.57857189236,79831.27622056537,66.55902211836883,348.8879512329123,0.2908839988826542,Caatinga,ok,
2917300,Ituberá - BA,BA,21902.0,1.0,41489.04486008134,29092.77136329802,70.12157416834054,245.0710061218244,0.5906884743871733,Mata Atlântica,ok,
2917334,Iuiu - BA,BA,11118.0,0.6,153272.17805379935,44394.28871984768,28.964349096849823,258.1110267272954,0.16840044292754622,Caatinga,ok,
2917359,Jaborandi - BA,BA,9275.0,1.1,995513.4068874639,614075.8525911066,61.68433778416444,138.07696173706069,0.01386992488315824,Caatinga | Cerrado,ok,
2917409,Jacaraci - BA,BA,14436.0,1.5,133240.05306738135,89587.11237236587,67.2373736800153,259.7679864685064,0.194962385925453,Caatinga | Cerrado,ok,
2917508,Jacobina - BA,BA,82590.0,1.1,219287.63896897438,147734.98016194475,67.37040941137901,1951.454165936327,0.8899061411356733,Caatinga,ok,
2917607,Jaguaquara - BA,BA,45964.0,1.1,92451.74368307975,37366.94958017545,40.41778780102581,1159.374509851083,1.2540320643657783,Caatinga | Mata Atlântica,ok,
2917706,Jaguarari - BA,BA,32703.0,1.2,246598.31049810478,196644.56657436735,79.74286854486728,713.2620189941423,0.2892404321641222,Caatinga,ok,
2917805,Jaguaripe - BA,BA,17659.0,0.6,86329.20700401755,48026.77809858961,55.63213165661832,344.9400721801757,0.3995635824201687,Mata Atlântica,ok,
2917904,Jandaíra - BA,BA,9285.0,0.6,63617.235608378694,28862.36483866549,45.36878184449778,196.468282354737,0.3088287010208617,Mata Atlântica,ok,
2918001,Jequié - BA,BA,158813.0,1.3,296903.8285343553,218985.78371509773,73.7564701661496,3151.7995165526745,1.0615557004136016,Caatinga | Mata Atlântica,ok,
2918100,Jeremoabo - BA,BA,37626.0,0.6,426746.5854783889,326043.62837502523,76.40216453273452,603.1839859924359,0.14134477146812038,Caatinga,ok,
2918209,Jiquiriçá - BA,BA,13629.0,0.7,23866.2996989449,10877.806011426936,45.578100286354115,107.8001087585454,0.45168337831319166,Mata Atlântica,ok,
2918308,Jitaúna - BA,BA,14355.0,0.8,26205.139258758503,17106.109656262353,65.27769033146811,124.7387192688001,0.4760086105137139,Mata Atlântica,ok,
2918357,João Dourado - BA,BA,24854.0,0.8,91326.12795051897,14670.223849261527,16.06355615690828,498.4167272033681,0.5457548002838938,Caatinga,ok,
2918407,Juazeiro - BA,BA,237821.0,1.0,672124.8736890104,455251.24532994325,67.73313459316881,6531.71288258671,0.9718004999185477,Caatinga,ok,
2918456,Jucuruçu - BA,BA,9655.0,1.0,145767.357238621,41153.03840362911,28.2319987020562,103.3134408691407,0.07087556694878998,Mata Atlântica,ok,
2918506,Jussara - BA,BA,16354.0,1.0,135521.3546979932,47161.10585279704,34.79975975586628,475.1559306884783,0.35061332713752336,Caatinga,ok,
2918555,Jussari - BA,BA,5888.0,0.9,32918.70410049822,15524.179296544986,47.15914468914356,60.10339137573261,0.18258128021152256,Mata Atlântica,ok,
2918605,Jussiape - BA,BA,7379.0,0.5,58975.745763168685,40795.719326175364,69.17372353373945,130.0544271789551,0.2205218865755763,Caatinga,ok,
2918704,Lafaiete Coutinho - BA,BA,4075.0,0.5,49810.8912920957,22278.859159802894,44.726883181346004,74.76605601806624,0.15009981568013134,Caatinga | Mata Atlântica,ok,
2918753,Lagoa Real - BA,BA,14105.0,0.8,91224.81792268173,58676.08383293471,64.3203079699935,124.1098828857408,0.1360483755538225,Caatinga | Cerrado,ok,
2918803,Laje - BA,BA,21052.0,1.4,44978.086664063376,7908.681225590845,17.583409638253308,141.8175465637208,0.3153036446902271,Mata Atlântica,ok,
2918902,Lajedão - BA,BA,3845.0,0.9,62437.054140821594,1309.4366306518584,2.097210780794579,67.6525735839847,0.10835324394293162,Mata Atlântica,ok,
2919009,Lajedinho - BA,BA,3527.0,1.0,84670.61652803057,36910.44636198698,43.59298169249496,63.26006140747067,0.07471312245202343,Caatinga,ok,
2919058,Lajedo do Tabocal - BA,BA,7494.0,0.7,38292.51767542224,14856.926761512204,38.798511206402104,259.1170512878427,0.6766780222815043,Caatinga | Mata Atlântica,ok,
2919108,Lamarão - BA,BA,9015.0,0.6,18925.843732066947,3195.5039438904723,16.884340741312258,63.39581503906238,0.33496955769347214,Caatinga,ok,
2919157,Lapão - BA,BA,25736.0,1.6,64291.76377183955,10295.314259387094,16.013426379035735,599.0414411193766,0.931754560732339,Caatinga,ok,
2919207,Lauro de Freitas - BA,BA,203331.0,1.1,5782.489600922038,1033.198125884995,17.86770400279229,3117.973755859807,53.92095742571911,Mata Atlântica,ok,
2919306,Lençóis - BA,BA,10774.0,1.0,128299.4985109803,123364.75716561283,96.15373294312204,189.2405822692874,0.14749908180903104,Caatinga,ok,
2919405,Licínio de Almeida - BA,BA,11834.0,1.2,85665.05865605925,63303.38068948149,73.89638398969791,309.8990895690907,0.36175670037572655,Caatinga | Cerrado,ok,
2919504,Livramento de Nossa Senhora - BA,BA,43903.0,0.8,195252.37074573207,84831.12817161276,43.44691326800037,1014.453579052739,0.5195601851993972,Caatinga | Cerrado,ok,
2919553,Luís Eduardo Magalhães - BA,BA,107909.0,0.6,403310.68966226245,116830.5468497511,28.967877580330565,5702.717346832421,1.4139762453625888,Cerrado,ok,
2919603,Macajuba - BA,BA,10454.0,1.1,70113.51932689051,35981.82972291855,51.31938899709246,169.9145210571285,0.2423420228913848,Caatinga,ok,
2919702,Macarani - BA,BA,21599.0,0.5,121011.5163214391,37869.994839488296,31.294537900752694,243.4387866760274,0.20116993330567692,Mata Atlântica,ok,
2919801,Macaúbas - BA,BA,41859.0,0.9,245916.07597361156,156146.41183112757,63.495813038218415,780.740341546631,0.3174824331656991,Caatinga | Cerrado,ok,
2919900,Macururé - BA,BA,7256.0,1.3,254585.47815000234,179534.3090886222,70.52024742072686,194.7022180175777,0.07647813199418182,Caatinga,ok,
2919926,Madre de Deus - BA,BA,18504.0,1.0,3301.6506939028714,124.7732874389649,3.7791183564446293,236.8936845947274,7.175007490410685,Mata Atlântica,ok,
2919959,Maetinga - BA,BA,6973.0,0.2,61483.60573357021,35374.61617093027,57.535038403929576,79.89691246337907,0.1299483195725379,Caatinga,ok,
2920007,Maiquinique - BA,BA,8731.0,0.6,58830.61150388598,12674.654126074201,21.54431817394418,121.5055613647453,0.20653458847137668,Mata Atlântica,ok,
2920106,Mairi - BA,BA,17674.0,1.0,90668.66778389382,41844.36953958584,46.150859566306515,222.9958625732409,0.24594589070696965,Caatinga,ok,
2920205,Malhada - BA,BA,15398.0,0.6,197164.70694660602,97391.4749391097,49.39599812124803,338.7484052673344,0.17180985913420627,Caatinga,ok,
2920304,Malhada de Pedras - BA,BA,8670.0,0.6,55053.73326057418,17862.85324011631,32.4462160550854,101.9225491699222,0.18513285681738198,Caatinga,ok,
2920403,Manoel Vitorino - BA,BA,13860.0,1.6,220177.82814285636,121246.61711498287,55.06758702166656,308.5048429626454,0.14011621677114577,Caatinga | Mata Atlântica,ok,
2920452,Mansidão - BA,BA,13919.0,0.5,312955.55350466276,281479.152254821,89.9422135516209,219.7850332946778,0.07022883308297105,Caatinga | Cerrado,ok,
2920502,Maracás - BA,BA,27620.0,0.8,241321.54699342826,141858.7639785892,58.78412671639816,826.9096306823733,0.3426588470796153,Caatinga | Mata Atlântica,ok,
2920601,Maragogipe - BA,BA,35859.0,1.4,43761.08442349918,17046.86140065325,38.95438521514172,538.2880671813989,1.2300610788619868,Mata Atlântica,ok,
2920700,Maraú - BA,BA,24527.0,1.5,84816.85442428984,61051.231989145876,71.9800709464439,643.4714051879749,0.7586598318879623,Mata Atlântica,ok,
2920809,Marcionílio Souza - BA,BA,9267.0,1.2,109932.60177046589,44981.180959574915,40.91705302626559,282.2711506652831,0.25676746126199396,Caatinga,ok,
2920908,Mascote - BA,BA,13544.0,0.8,74268.90935935748,34423.02310227621,46.34917006215481,133.4108510498046,0.17963216667728749,Mata Atlântica,ok,
2921005,Mata de São João - BA,BA,42566.0,1.1,60331.116430902155,22660.058814520144,37.55948862718783,1493.294491967778,2.4751646916364685,Mata Atlântica,ok,
2921054,Matina - BA,BA,10330.0,0.6,77328.83843249608,30671.35410337607,39.663539146718875,197.0540604125961,0.254826096456387,Caatinga | Cerrado,ok,
2921104,Medeiros Neto - BA,BA,22194.0,0.7,131171.98107593897,4703.039066418474,3.585399128565238,441.3367661743185,0.33645658360440317,Mata Atlântica,ok,
2921203,Miguel Calmon - BA,BA,24661.0,0.9,159967.45599001233,122238.32082851858,76.41449323051722,391.7265266845699,0.2448788875588717,Caatinga,ok,
2921302,Milagres - BA,BA,11071.0,0.7,42034.2857117807,21184.293244037064,50.397652500372736,399.83752021484247,0.9512175916499097,Caatinga | Mata Atlântica,ok,
2921401,Mirangaba - BA,BA,15734.0,0.4,175181.10413899142,114267.72045367767,65.22833670634698,257.2141468139653,0.14682756343965478,Caatinga,ok,
2921450,Mirante - BA,BA,10187.0,2.6,117285.75832267551,51655.61455823685,44.04252937182909,165.7465412048336,0.14131855698015203,Caatinga,ok,
2921500,Monte Santo - BA,BA,47780.0,0.9,303420.79079220415,137233.01904435395,45.22861425746436,617.4327922790523,0.20349060150657156,Caatinga,ok,
2921609,Morpará - BA,BA,7996.0,1.9,209380.83558340606,178133.19324775628,85.07616886302739,183.2937154479988,0.08754082719045433,Caatinga,ok,
2921708,Morro do Chapéu - BA,BA,33594.0,1.1,574491.2820317416,446566.5898032866,77.73252680597041,1025.895453161618,0.17857459029377154,Caatinga,ok,
2921807,Mortugaba - BA,BA,11143.0,0.7,52821.148785089514,32525.22374371355,61.576138519908255,169.2972691467286,0.32051038843463825,Caatinga | Cerrado,ok,
2921906,Mucugê - BA,BA,12137.0,0.4,246266.94177235363,173740.34318544876,70.5496003381779,387.9208466064454,0.1575204710037919,Caatinga,ok,
2922003,Mucuri - BA,BA,37977.0,1.1,178695.31403170098,38057.07972492729,21.29718953804008,1422.654140270995,0.7961339937647232,Mata Atlântica,ok,
2922052,Mulungu do Morro - BA,BA,13152.0,0.7,64661.44953691382,36466.26828922171,56.39568637941515,220.2419638427727,0.3406078357662572,Caatinga,ok,
2922102,Mundo Novo - BA,BA,17305.0,0.7,149199.12120906173,106273.68431680018,71.22943047894142,228.9922426940914,0.15348095943086784,Caatinga,ok,
2922201,Muniz Ferreira - BA,BA,7190.0,0.1,10454.066723487262,1981.7658100708582,18.956888859513437,44.01809064941413,0.4210618873372811,Mata Atlântica,ok,
2922250,Muquém do São Francisco - BA,BA,10443.0,0.8,385194.22475536953,262064.24980703415,68.0343143704885,225.533840838623,0.058550680759000426,Caatinga | Cerrado,ok,
2922300,Muritiba - BA,BA,28707.0,1.0,8629.777176043452,837.9188131591733,9.709622810253592,649.3746764892888,7.524813946436236,Mata Atlântica,ok,
2922409,Mutuípe - BA,BA,20037.0,1.1,27586.683877838976,6921.5813262084575,25.090298481901712,133.3292060668948,0.483310015286039,Mata Atlântica,ok,
2922508,Nazaré - BA,BA,27060.0,1.1,27863.24880409533,11722.725833960849,42.072358167500724,229.1270064147949,0.8223269584454126,Mata Atlântica,ok,
2922607,Nilo Peçanha - BA,BA,12063.0,1.3,38837.09975179845,29726.18060129192,76.54068092434058,99.19858231201137,0.2554222198515679,Mata Atlântica,ok,
2922656,Nordestina - BA,BA,18523.0,0.6,46540.623877592654,19337.83369385986,41.55043934245628,174.2938821166989,0.37449837925489016,Caatinga,ok,
2922706,Nova Canaã - BA,BA,13715.0,1.1,80459.78610388754,22060.846677453763,27.41847542195723,93.9369184509281,0.11675014687416549,Mata Atlântica,ok,
2922730,Nova Fátima - BA,BA,7967.0,0.6,34679.89343885696,2504.372820202616,7.221397103246575,209.0485325256349,0.6027946218871804,Caatinga,ok,
2922755,Nova Ibiá - BA,BA,6501.0,1.3,20320.186494146332,13135.894043279697,64.64455455201544,46.21974543457024,0.22745728956712497,Mata Atlântica,ok,
2922805,Nova Itarana - BA,BA,7780.0,0.6,47538.548230559085,16420.23304754001,34.54088031444055,577.4185307006848,1.214632234666149,Caatinga | Mata Atlântica,ok,
2922854,Nova Redenção - BA,BA,7538.0,1.2,56535.36521399199,28788.725765358337,50.92162340579236,93.68322655029347,0.16570729877784132,Caatinga,ok,
2922904,Nova Soure - BA,BA,24236.0,0.9,96695.01071019091,38457.34123133054,39.77179478948796,270.0858242370583,0.27931722873121656,Caatinga,ok,
2923001,Nova Viçosa - BA,BA,39509.0,1.2,131483.7407992332,31922.833867029527,24.27892123618048,1544.42224699099,1.174610820777619,Mata Atlântica,ok,
2923035,Novo Horizonte - BA,BA,11162.0,0.3,62749.71055001973,52530.20113754378,83.71385409924773,329.044458398438,0.524376057696946,Caatinga,ok,
2923050,Novo Triunfo - BA,BA,10660.0,0.6,29912.373530858957,15472.772346569616,51.726996290037654,81.473574078369,0.2723741531052933,Caatinga,ok,
2923100,Olindina - BA,BA,22633.0,1.2,63732.77615419496,10988.801982208484,17.24199484990611,329.3313677124015,0.5167378350436482,Caatinga,ok,
2923209,Oliveira dos Brejinhos - BA,BA,20715.0,1.6,331345.9606812443,218891.15143545147,66.06121015793077,497.2736996276825,0.1500768859850569,Caatinga | Cerrado,ok,
2923308,Ouriçangas - BA,BA,7716.0,0.1,15699.583052929303,1096.1293792114136,6.981901210471271,71.30533698730461,0.4541861828234994,Mata Atlântica,ok,
2923357,Ourolândia - BA,BA,19243.0,0.6,154500.63365584885,55741.85694818299,36.07872384028426,394.5417087707528,0.2553657544535364,Caatinga,ok,
2923407,Palmas de Monte Alto - BA,BA,20078.0,0.9,256001.93181233027,91276.23339619342,35.65450961639858,425.3739298645016,0.166160437483079,Caatinga,ok,
2923506,Palmeiras - BA,BA,10339.0,0.9,73777.62366857266,64117.106055236356,86.90589757033415,212.7957462829594,0.28842857183756765,Caatinga,ok,
2923605,Paramirim - BA,BA,20351.0,0.5,108706.78273990177,62204.16338397351,57.22197071438204,509.3455699096719,0.46854994423702334,Caatinga | Cerrado,ok,
2923704,Paratinga - BA,BA,29252.0,0.8,262494.99126153236,196220.80718564015,74.75221002984355,475.4024866149909,0.18110916491405804,Caatinga | Cerrado,ok,
2923803,Paripiranga - BA,BA,26604.0,0.8,44220.918657636284,7795.289431494026,17.628058548141215,187.1144635559084,0.42313563181391883,Caatinga,ok,
2923902,Pau Brasil - BA,BA,9370.0,1.3,62631.7042749161,35416.33776682907,56.54698076132867,64.59611331176741,0.10313644512726129,Mata Atlântica,ok,
2924009,Paulo Afonso - BA,BA,112870.0,1.4,154442.15543842292,84113.564426836,54.46282732072631,2474.237717590325,1.6020481652606948,Caatinga,ok,
2924058,Pé de Serra - BA,BA,13243.0,0.4,59675.25532843755,3732.9514304077848,6.255442745678358,264.1007156311029,0.4425631933664283,Caatinga,ok,
2924108,Pedrão - BA,BA,6235.0,0.7,15848.300628380835,1091.8867689819367,6.889614190095604,27.54613983764652,0.17381131569600222,Mata Atlântica,ok,
2924207,Pedro Alexandre - BA,BA,13954.0,0.7,88958.39028845199,22263.585183917618,25.0269649796122,154.1666573730466,0.17330198632546473,Caatinga,ok,
2924306,Piatã - BA,BA,20086.0,0.6,182583.90338041657,161069.79754667927,88.21686608982594,460.2278511047358,0.2520637595012105,Caatinga,ok,
2924405,Pilão Arcado - BA,BA,35357.0,0.7,1159768.1670414507,965842.109049542,83.27889456678132,700.6141757507305,0.06040984704192956,Caatinga | Cerrado,ok,
2924504,Pindaí - BA,BA,14731.0,0.5,62844.998609667244,24008.280546056663,38.202372626615904,361.85774685668775,0.5757940247627348,Caatinga | Cerrado,ok,
2924603,Pindobaçu - BA,BA,19083.0,1.3,49582.604723153854,41712.30580563031,84.12689498369919,215.0321178283693,0.43368459367757783,Caatinga,ok,
2924652,Pintadas - BA,BA,10325.0,1.1,64714.49971482995,7841.3697379271325,12.116866811117767,141.301325714111,0.218345697388943,Caatinga,ok,
2924678,Piraí do Norte - BA,BA,10974.0,1.4,19334.44439371902,11333.71938352009,58.61931769398018,35.88849089965803,0.1856194580451288,Mata Atlântica,ok,
2924702,Piripá - BA,BA,9152.0,1.2,50437.83319552034,37955.39823786662,75.25184139202405,208.259010046386,0.41290237278647135,Caatinga | Cerrado | Mata Atlântica,ok,
2924801,Piritiba - BA,BA,17566.0,1.1,98032.67992799914,61803.137482546794,63.04340300391521,389.2207914062489,0.39703167524555605,Caatinga,ok,
2924900,Planaltino - BA,BA,8022.0,0.8,95545.73304326409,48447.999479792554,50.70660712588264,317.5857179321292,0.3323913144172782,Caatinga | Mata Atlântica,ok,
2925006,Planalto - BA,BA,23334.0,0.8,76901.40720215935,27966.644415113624,36.366882522181385,546.3100830932633,0.710403233138656,Caatinga | Mata Atlântica,ok,
2925105,Poções - BA,BA,48293.0,1.3,93786.42627616208,48226.39852293427,51.42151208633066,1288.9552206177125,1.3743515685545737,Caatinga | Mata Atlântica,ok,
2925204,Pojuca - BA,BA,32136.0,1.6,31491.104862685133,7805.876289086898,24.78755929054856,619.7405617065335,1.9679860849877162,Mata Atlântica,ok,
2925253,Ponto Novo - BA,BA,17938.0,1.5,53012.60881373606,20742.802801306363,39.128055127767475,335.5603817260717,0.632982207883957,Caatinga,ok,
2925303,Porto Seguro - BA,BA,168326.0,1.1,228476.3863154671,113313.44928244379,49.595256258118106,2892.920358960017,1.2661791468312347,Mata Atlântica,ok,
2925402,Potiraguá - BA,BA,10274.0,0.8,111156.12114072179,29664.82916920709,26.68753539146253,133.2272099182124,0.1198559364531522,Mata Atlântica,ok,
2925501,Prado - BA,BA,35003.0,1.3,169053.68386198353,76727.79514114904,45.38664487417505,1467.803634619133,0.8682470568446512,Mata Atlântica,ok,
2925600,Presidente Dutra - BA,BA,15130.0,0.6,23207.152070832126,7335.282094750844,31.607851201915388,596.2452114135747,2.5692304234217715,Caatinga,ok,
2925709,Presidente Jânio Quadros - BA,BA,12621.0,1.2,120853.89266618583,65193.68133000186,53.944213042500245,153.2881571105958,0.12683758357208869,Caatinga,ok,
2925758,Presidente Tancredo Neves - BA,BA,27734.0,1.3,44180.67050161887,16226.313010420554,36.72717689928673,198.813080151368,0.4500001423565609,Mata Atlântica,ok,
2925808,Queimadas - BA,BA,25988.0,0.7,201105.9234208162,38144.95980012359,18.967596354834797,445.1099654479997,0.22133110645209714,Caatinga,ok,
2925907,Quijingue - BA,BA,25272.0,0.9,138082.9416271483,62388.1673463335,45.181661551500035,289.3536418701167,0.20955060665743178,Caatinga,ok,
2925931,Quixabeira - BA,BA,9461.0,1.4,36637.23790140337,10724.632112310897,29.272490849808563,176.8446272949222,0.4826909380309706,Caatinga,ok,
2925956,Rafael Jambeiro - BA,BA,19662.0,0.8,109053.68499691025,27425.052684001897,25.14821272181579,510.57169572753907,0.4681838084994604,Caatinga | Mata Atlântica,ok,
2926004,Remanso - BA,BA,40586.0,1.1,457366.1624417055,262707.4529233506,57.43919740823294,1132.303760241697,0.24757051422360457,Caatinga,ok,
2926103,Retirolândia - BA,BA,13651.0,0.8,24231.306595750528,5625.724788616828,23.216762028026245,284.6057516479512,1.1745373718223797,Caatinga,ok,
2926202,Riachão das Neves - BA,BA,21642.0,1.2,596910.3192209904,349547.74919514335,58.55950851232185,431.5998328124989,0.07230564105103206,Caatinga | Cerrado,ok,
2926301,Riachão do Jacuípe - BA,BA,33386.0,0.6,115539.83885586676,7195.107287884692,6.2273821386062505,767.9465687316939,0.6646595462970042,Caatinga | Mata Atlântica,ok,
2926400,Riacho de Santana - BA,BA,30711.0,0.9,318384.5452174242,203092.09784137632,63.788302821886376,428.9038888366713,0.13471253403451905,Caatinga | Cerrado,ok,
2926509,Ribeira do Amparo - BA,BA,13841.0,0.3,66613.27339582812,24851.63472346874,37.307331492022364,145.0638726013182,0.21777022086772768,Caatinga,ok,
2926608,Ribeira do Pombal - BA,BA,54010.0,1.0,122815.6223556039,46932.71041704191,38.21395805913973,749.7978409179899,0.6105068936157027,Caatinga,ok,
2926657,Ribeirão do Largo - BA,BA,9740.0,0.7,136372.17644864236,58177.24752657433,42.66064313235026,109.2668983642578,0.08012404084890998,Mata Atlântica,ok,
2926707,Rio de Contas - BA,BA,13184.0,0.5,111527.06079298054,84881.54689656303,76.10847653747676,446.3871700805672,0.4002500979642625,Caatinga,ok,
2926806,Rio do Antônio - BA,BA,13146.0,0.7,77789.62581824056,33118.84764915263,42.57489003294155,230.7154322937014,0.2965889472624278,Caatinga,ok,
2926905,Rio do Pires - BA,BA,10497.0,0.4,65623.65078476799,47596.60540778276,72.52965179259805,184.5576335754392,0.28123646180665884,Caatinga,ok,
2927002,Rio Real - BA,BA,35362.0,1.1,73978.71226422323,13143.394407354637,17.766454707148103,528.9733499816833,0.715034546819896,Caatinga | Mata Atlântica,ok,
2927101,Rodelas - BA,BA,10308.0,0.8,220728.14782016486,167758.8347863713,76.00246567694232,319.0587004272451,0.1445482615507623,Caatinga,ok,
2927200,Ruy Barbosa - BA,BA,28282.0,0.8,199175.88982183658,119355.49510879786,59.92467020760479,535.7851773498613,0.26900102107193935,Caatinga,ok,
2927309,Salinas da Margarida - BA,BA,14987.0,0.7,15057.628912096581,3099.7985344238105,20.586232749656755,450.9229791870091,2.9946479742554892,Mata Atlântica,ok,
2927408,Salvador - BA,BA,2417678.0,1.2,69129.97223972107,4725.907604431222,6.836264287859478,20028.30731336426,28.97195914373055,Mata Atlântica,ok,
2927507,Santa Bárbara - BA,BA,20952.0,1.1,34701.25899884009,7546.037474426205,21.745716703473025,538.1320128784174,1.5507564520826314,Caatinga | Mata Atlântica,ok,
2927606,Santa Brígida - BA,BA,14965.0,1.7,93444.99151189173,50373.34851165272,53.90695391656411,145.3414655273435,0.15553692410453854,Caatinga,ok,
2927705,Santa Cruz Cabrália - BA,BA,29185.0,1.1,146101.80537675763,77595.89018932571,53.110835960737504,944.6575228393809,0.6465748458093046,Mata Atlântica,ok,
2927804,Santa Cruz da Vitória - BA,BA,4681.0,1.1,28408.599516614326,9200.805878387553,32.38739689721982,52.81711019287113,0.18591944373034602,Mata Atlântica,ok,
2927903,Santa Inês - BA,BA,10300.0,0.9,37453.24059808967,21110.431406657804,56.364765957620655,340.5962144165049,0.9093905066091322,Mata Atlântica,ok,
2928000,Santaluz - BA,BA,37834.0,1.2,162344.31729035234,49759.250209910286,30.65044162951267,723.4584472351104,0.4456321350264494,Caatinga,ok,
2928059,Santa Luzia - BA,BA,13896.0,1.0,82446.64447206342,51997.27573627085,63.06778895518281,80.56143175659176,0.09771341486661661,Mata Atlântica,ok,
2928109,Santa Maria da Vitória - BA,BA,38604.0,0.6,198491.29801437576,141985.15491744588,71.53218117761645,755.4065910339342,0.3805741604748959,Caatinga | Cerrado,ok,
2928208,Santana - BA,BA,24755.0,0.8,190931.9869339725,122296.45568736948,64.05236631704967,525.5945405029242,0.27527841140870946,Caatinga | Cerrado,ok,
2928307,Santanópolis - BA,BA,8716.0,0.4,22268.74051787682,3730.3569281188875,16.751539787911423,66.0568273254395,0.2966347704865061,Caatinga,ok,
2928406,Santa Rita de Cássia - BA,BA,27390.0,0.5,603052.2755334491,482849.9077366961,80.06767030429921,745.0827362548836,0.12355193181151614,Caatinga | Cerrado,ok,
2928505,Santa Terezinha - BA,BA,10441.0,1.0,71922.94063798014,19505.597647301092,27.120133679574316,220.3020077148437,0.3063028371208024,Caatinga | Mata Atlântica,ok,
2928604,Santo Amaro - BA,BA,56012.0,1.1,49448.58063430469,15091.357903765347,30.51929440679597,738.5538816100961,1.4935795368365503,Caatinga | Mata Atlântica,ok,
2928703,Santo Antônio de Jesus - BA,BA,103055.0,1.2,26173.834495719133,3699.6971812135057,14.135098095078924,1472.730576971418,5.626728392480248,Mata Atlântica,ok,
2928802,Santo Estêvão - BA,BA,52276.0,0.8,36034.29613884817,8110.577801904151,22.50794013195731,1414.840678662142,3.9263724569794443,Caatinga | Mata Atlântica,ok,
2928901,São Desidério - BA,BA,32828.0,0.8,1515865.8283594346,729859.7109129742,48.14804168406344,1193.652108135984,0.07874391557647482,Cerrado,ok,
2928950,São Domingos - BA,BA,8426.0,0.6,28997.248132896722,5792.9065549073,19.97743554270372,196.3554589782714,0.6771520458712446,Caatinga,ok,
2929008,São Félix - BA,BA,11026.0,1.0,10324.039075841822,1733.9173258484025,16.794951211544294,84.24100981445302,0.8159694979417154,Mata Atlântica,ok,
2929057,São Félix do Coribe - BA,BA,15194.0,0.7,175167.0625429286,125839.91224105268,71.83993977761247,305.7934775024396,0.17457247559169298,Caatinga,ok,
2929107,São Felipe - BA,BA,20283.0,1.0,22240.297938852716,2086.523976782177,9.38172673099456,210.0218051879883,0.9443299984803281,Mata Atlântica,ok,
2929206,São Francisco do Conde - BA,BA,38733.0,1.0,26971.99216269476,4980.973456359715,18.46720637583808,940.1078362792891,3.485496475783357,Mata Atlântica,ok,
2929255,São Gabriel - BA,BA,18600.0,0.7,114604.91337098573,44272.54342623605,38.630580595547514,700.5116086547857,0.6112404678385567,Caatinga,ok,
2929305,São Gonçalo dos Campos - BA,BA,39513.0,0.7,29477.041667584344,8481.765243328784,28.774140020489607,1063.517589337181,3.6079522542681834,Caatinga | Mata Atlântica,ok,
2929354,São José da Vitória - BA,BA,5315.0,0.9,12792.532208715065,9498.084345946376,74.24710128519897,43.97607123413073,0.34376361549569917,Mata Atlântica,ok,
2929370,São José do Jacuípe - BA,BA,10187.0,0.6,36236.776866872126,7476.585874981652,20.632590758414803,231.2576020996091,0.6381848003458226,Caatinga,ok,
2929404,São Miguel das Matas - BA,BA,10334.0,0.2,23090.655294214015,3591.232221899378,15.552751431871481,66.05869907836912,0.28608412466718475,Mata Atlântica,ok,
2929503,São Sebastião do Passé - BA,BA,40958.0,0.7,53668.51227878544,9000.763993981851,16.77103316601484,483.3636311523452,0.9006466000799008,Mata Atlântica,ok,
2929602,Sapeaçu - BA,BA,17963.0,0.7,13122.663450440186,702.0063615417457,5.349572243416771,296.2436808715809,2.2574965973210546,Mata Atlântica,ok,
2929701,Sátiro Dias - BA,BA,16008.0,0.6,94927.78717943713,32376.639423998462,34.10659869569967,130.1972193176259,0.13715396006389655,Caatinga | Mata Atlântica,ok,
2929750,Saubara - BA,BA,11438.0,0.5,16643.23886580752,5544.292588073363,33.31258196061682,500.8451526428232,3.0093009941218702,Mata Atlântica,ok,
2929800,Saúde - BA,BA,10478.0,1.1,50910.48524118684,43625.72713508949,85.69104562334059,137.6884709167487,0.2704520891216296,Caatinga,ok,
2929909,Seabra - BA,BA,46160.0,0.7,240217.66864574212,173340.4126619691,72.15972648439971,1160.527591131613,0.48311500052191664,Caatinga,ok,
2930006,Sebastião Laranjeiras - BA,BA,9360.0,0.9,198449.60560638458,104628.12911138481,52.722769990740005,225.9878285827635,0.11387668314695454,Caatinga,ok,
2930105,Senhor do Bonfim - BA,BA,74523.0,1.0,78937.33417844718,42801.49351340639,54.22211677005529,1275.272772271697,1.6155508487134769,Caatinga,ok,
2930154,Serra do Ramalho - BA,BA,34222.0,0.7,234167.84420903065,106228.66146211115,45.36432481621422,1331.605777947998,0.5686544121571773,Caatinga,ok,
2930204,Sento Sé - BA,BA,38154.0,1.1,1198009.2328728877,947630.2510560598,79.10041300629995,969.8457918579126,0.08095478442450502,Caatinga,ok,
2930303,Serra Dourada - BA,BA,17066.0,0.7,159228.07052643472,68322.5467086569,42.90860680706052,309.0785848754876,0.19411061369620441,Caatinga | Cerrado,ok,
2930402,Serra Preta - BA,BA,17996.0,0.5,59532.97686572389,7321.266321942129,12.29783341500826,286.60477545166,0.4814218783281987,Caatinga | Mata Atlântica,ok,
2930501,Serrinha - BA,BA,80435.0,1.0,58333.53605824117,17813.45144627735,30.537239210892526,1268.862169494614,2.17518473117721,Caatinga,ok,
2930600,Serrolândia - BA,BA,13335.0,0.4,32202.82726746241,11032.603132653436,34.259734528963946,245.6633180541986,0.7628625772943102,Caatinga,ok,
2930709,Simões Filho - BA,BA,114559.0,1.1,20152.510138616904,5101.1021043456485,25.31248995414595,2674.250134637452,13.27005974066211,Mata Atlântica,ok,
2930758,Sítio do Mato - BA,BA,13408.0,0.6,162785.0858930344,79449.7792075175,48.80654684773991,310.5866689514158,0.1907955309588382,Caatinga,ok,
2930766,Sítio do Quinto - BA,BA,14773.0,0.5,65683.23018156452,18367.46388413049,27.96370372370288,132.4038743225099,0.20157941982529357,Caatinga,ok,
2930774,Sobradinho - BA,BA,25475.0,1.4,135595.4385125081,86768.89426428723,63.9910126890317,844.7052424255382,0.6229599252688858,Caatinga,ok,
2930808,Souto Soares - BA,BA,17054.0,0.4,102663.58455024958,70302.33218792091,68.47835334788142,309.5786534912111,0.30154670212171014,Caatinga,ok,
2930907,Tabocas do Brejo Velho - BA,BA,11979.0,0.6,143717.05722999488,107768.93221439456,74.98687649993319,155.7160195068361,0.10834901751268042,Caatinga | Cerrado,ok,
2931004,Tanhaçu - BA,BA,21006.0,0.9,127750.87830937968,39442.78700947797,30.874767775731225,410.39536430664,0.32124660881999434,Caatinga,ok,
2931053,Tanque Novo - BA,BA,17158.0,0.6,72952.3211625361,37092.643483679334,50.84504905750398,332.15372562256005,0.45530247746679525,Caatinga | Cerrado,ok,
2931103,Tanquinho - BA,BA,7717.0,0.2,24382.094455370956,4484.550696600359,18.39280339434699,145.08758247680677,0.5950579132665385,Caatinga | Mata Atlântica,ok,
2931202,Taperoá - BA,BA,18044.0,1.4,45408.37149924771,28222.855599815437,62.15341944223437,104.0255260070801,0.22908887188082383,Mata Atlântica,ok,
2931301,Tapiramutá - BA,BA,15818.0,0.7,71469.44895199336,46653.967402784925,65.27819660974691,208.6111058593753,0.291888504694504,Caatinga,ok,
2931350,Teixeira de Freitas - BA,BA,145216.0,1.1,116560.02019570312,11498.687775671611,9.865035847081554,3043.457397619467,2.611064576438415,Mata Atlântica,ok,
2931400,Teodoro Sampaio - BA,BA,7110.0,0.7,24460.123629809128,2812.1079820983496,11.496703878762421,83.64727095947264,0.34197403179734204,Mata Atlântica,ok,
2931509,Teofilândia - BA,BA,21176.0,0.8,35188.84560848085,6095.991834759448,17.323648245199198,251.5759087280269,0.714930837820365,Caatinga,ok,
2931608,Teolândia - BA,BA,15332.0,0.7,28980.55988709666,14601.09515593825,50.382377748468755,68.87194634399413,0.2376487777058398,Mata Atlântica,ok,
2931707,Terra Nova - BA,BA,10798.0,0.8,19323.34014035603,1470.29073684081,7.608885038307461,136.2010953247071,0.7048527549347253,Mata Atlântica,ok,
2931806,Tremedal - BA,BA,16296.0,1.0,201768.17521193437,137369.26198712114,68.08272010332178,247.0463392883301,0.12244068670831572,Caatinga | Cerrado | Mata Atlântica,ok,
2931905,Tucano - BA,BA,48736.0,0.7,219827.385510138,88400.65285743172,40.21366703347107,1014.24193918458,0.461381068073434,Caatinga,ok,
2932002,Uauá - BA,BA,24665.0,1.3,306011.0239615122,205116.10481115605,67.02899201335768,866.4880995239521,0.28315584461850385,Caatinga,ok,
2932101,Ubaíra - BA,BA,18626.0,0.6,66389.3123022465,34602.87978925111,52.12116015258107,161.1694486450187,0.242764148408817,Mata Atlântica,ok,
2932200,Ubaitaba - BA,BA,17596.0,0.7,18108.463796789376,10824.58158745091,59.776365951981546,157.5240407958988,0.8698917951495574,Mata Atlântica,ok,
2932309,Ubatã - BA,BA,16094.0,1.2,17765.48002205807,11073.53293768303,62.33174067874244,189.8551253662109,1.0686743343297338,Mata Atlântica,ok,
2932408,Uibaí - BA,BA,13432.0,0.8,54530.87646740584,36465.02709707359,66.87042178548045,675.1206068237309,1.2380520001861028,Caatinga,ok,
2932457,Umburanas - BA,BA,13642.0,1.3,177561.42909433696,135749.30146192893,76.4520212268659,281.9100583312983,0.15876762186990606,Caatinga,ok,
2932507,Una - BA,BA,18131.0,1.0,112443.26495424307,87901.57719295195,78.17415941161265,354.560090191648,0.315323545910847,Mata Atlântica,ok,
2932606,Urandi - BA,BA,15355.0,0.2,90240.24963168758,43933.696548105,48.68525599986574,393.7757593200691,0.4363637743991745,Caatinga | Cerrado,ok,
2932705,Uruçuca - BA,BA,21420.0,0.6,50971.266423449924,43235.39929321312,84.82308235002411,222.3200153259275,0.43616733686578874,Mata Atlântica,ok,
2932804,Utinga - BA,BA,16277.0,1.8,63376.6822481806,38144.63755872079,60.1871795834119,288.5728304870616,0.4553296579284818,Caatinga,ok,
2932903,Valença - BA,BA,85655.0,1.3,112339.83406026472,57788.84900959823,51.44110234184376,1024.346890625,0.9118287375032875,Mata Atlântica,ok,
2933000,Valente - BA,BA,24362.0,1.1,39488.43970264811,14772.697910509572,37.41018389622244,484.5879529785164,1.2271640931561543,Caatinga,ok,
2933059,Várzea da Roça - BA,BA,13800.0,0.8,46843.37398758349,8708.64790119005,18.59099197999359,211.2486023498549,0.45096794779524074,Caatinga,ok,
2933109,Várzea do Poço - BA,BA,8101.0,1.7,20648.14229002019,8199.513028948879,39.71065732587443,156.1726456176745,0.7563520408959842,Caatinga,ok,
2933158,Várzea Nova - BA,BA,13377.0,1.1,122589.42487359417,58649.62352308742,47.842318848924286,358.1229131896973,0.2921319792135163,Caatinga,ok,
2933174,Varzedo - BA,BA,9913.0,0.6,22140.52130896022,4743.193153229077,21.423132215543262,103.4765218078612,0.4673626260371046,Mata Atlântica,ok,
2933208,Vera Cruz - BA,BA,42529.0,1.0,29722.963936902604,9762.279718982652,32.844233636007864,2011.680648840327,6.768102444664749,Mata Atlântica,ok,
2933257,Vereda - BA,BA,6003.0,0.8,78214.41267782995,12292.505068176246,15.716419323903692,86.89690494995106,0.11110088534179097,Mata Atlântica,ok,
2933307,Vitória da Conquista - BA,BA,370879.0,1.0,325424.6987358131,136008.7938303753,41.79424437012085,10549.141597802909,3.241653641774417,Caatinga | Mata Atlântica,ok,
2933406,Wagner - BA,BA,9503.0,0.6,52237.51430898544,35199.948993977276,67.38442565580209,196.3978388549798,0.375970873524503,Caatinga,ok,
2933455,Wanderley - BA,BA,12968.0,1.4,292050.74178831326,182997.77017127242,62.659580677906455,183.18215126953172,0.0627227139187708,Caatinga | Cerrado,ok,
2933505,Wenceslau Guimarães - BA,BA,24474.0,1.8,65507.39587987442,37087.75671904741,56.61613657648347,146.6565454406738,0.22387784382332698,Mata Atlântica,ok,
2933604,Xique-Xique - BA,BA,44757.0,1.0,507968.0153239934,368051.2396120666,72.45559336591602,1059.839098400879,0.20864288034452128,Caatinga,ok,
3100104,Abadia dos Dourados - MG,MG,6272.0,0.5,88043.75280468936,27273.74815294803,30.97749389834662,167.0876969848634,0.18977802701745358,Cerrado,ok,
3100203,Abaeté - MG,MG,22675.0,0.7,181706.5860291682,48877.280617755576,26.8990143317698,600.2224989257917,0.33032512031756617,Cerrado,ok,
3100302,Abre Campo - MG,MG,13927.0,0.8,47054.63334775573,10096.386930011085,21.45673276294402,254.5479337219228,0.5409625271983199,Mata Atlântica,ok,
3100401,Acaiaca - MG,MG,3909.0,0.7,10189.352772491315,2980.123383319027,29.2474257183892,74.206171777344,0.7282716913843827,Mata Atlântica,ok,
3100500,Açucena - MG,MG,8943.0,0.7,81543.29161985076,33229.98348928947,40.75133935505741,98.63496375732406,0.12096024307818418,Mata Atlântica,ok,
3100609,Água Boa - MG,MG,12589.0,0.9,132034.11940023254,64254.198677445915,48.66484433669253,126.9840686340336,0.0961751926023827,Cerrado | Mata Atlântica,ok,
3100708,Água Comprida - MG,MG,2108.0,0.4,49217.449122307386,4140.49207830799,8.412650700402406,60.89273818969727,0.12372184921322579,Cerrado,ok,
3100807,Aguanil - MG,MG,4357.0,0.8,23209.281993878227,4145.282034216346,17.860449260385227,124.86267404785114,0.5379859406283461,Cerrado | Mata Atlântica,ok,
3100906,Águas Formosas - MG,MG,18448.0,0.6,82006.80903521103,33793.73724596951,41.208452863297715,252.3824578491232,0.3077579298820888,Mata Atlântica,ok,
3101003,Águas Vermelhas - MG,MG,14037.0,0.5,125654.37203319938,86000.2885264314,68.4419388954561,344.953612042237,0.2745257538282044,Mata Atlântica,ok,
3101102,Aimorés - MG,MG,25269.0,0.8,134896.2481982409,26915.21483524143,19.952530329596232,497.8807083679147,0.3690841776683358,Mata Atlântica,ok,
3101201,Aiuruoca - MG,MG,6233.0,0.9,64969.63124259675,31199.39609692514,48.02150712603943,74.5024437622071,0.11467272068085904,Mata Atlântica,ok,
3101300,Alagoa - MG,MG,2749.0,0.9,16136.075142192987,9242.741146135577,57.27998329635589,27.70361239624016,0.17168742802765033,Mata Atlântica,ok,
3101409,Albertina - MG,MG,2952.0,1.4,5801.520097503596,1201.496262500014,20.71002499874162,75.54841616210925,1.3022176066341278,Mata Atlântica,ok,
3101508,Além Paraíba - MG,MG,30717.0,0.7,51024.18669999508,17100.504744372523,33.51450723735724,495.735975018303,0.9715705571811707,Mata Atlântica,ok,
3101607,Alfenas - MG,MG,78970.0,1.1,85045.58315667967,7252.667611261158,8.527976812034495,2003.864859454395,2.356224491708958,Cerrado | Mata Atlântica,ok,
3101631,Alfredo Vasconcelos - MG,MG,6931.0,0.5,13080.2674340945,3964.311847503658,30.30757488314377,226.9299730285651,1.7349031598318743,Mata Atlântica,ok,
3101706,Almenara - MG,MG,40364.0,1.3,229442.435215463,147058.7606760623,64.09396785645319,743.9889082031319,0.32425950653133223,Mata Atlântica,ok,
3101805,Alpercata - MG,MG,6903.0,0.8,16697.549007678852,1002.4736243774369,6.003717215720824,182.1141260131826,1.0906638209561903,Mata Atlântica,ok,
3101904,Alpinópolis - MG,MG,18300.0,1.2,46067.42005775134,12518.158491552875,27.173561002243623,468.3660725036647,1.0166969887102613,Cerrado | Mata Atlântica,ok,
3102001,Alterosa - MG,MG,13915.0,1.0,36200.34315230666,4256.348795251576,11.757758144290863,347.152786035157,0.9589765063125836,Mata Atlântica,ok,
3102050,Alto Caparaó - MG,MG,5795.0,1.7,10368.121361706646,5463.071221557718,52.691042388208196,106.3902449645991,1.0261284687266308,Mata Atlântica,ok,
3102100,Alto Rio Doce - MG,MG,10891.0,0.9,51804.25975005492,14854.079506817541,28.673471213536246,161.588025512695,0.3119203445668842,Mata Atlântica,ok,
3102209,Alvarenga - MG,MG,3975.0,0.7,27818.052914825355,8048.8462636169825,28.933895151689175,68.2270563232424,0.24526179647491236,Mata Atlântica,ok,
3102308,Alvinópolis - MG,MG,15059.0,1.1,59944.21826088463,20127.66227177064,33.577320475133355,211.2065159057622,0.3523384273468467,Mata Atlântica,ok,
3102407,Alvorada de Minas - MG,MG,4159.0,1.4,37399.50219058148,23966.701195464935,64.08294172830087,41.453525793457,0.11083977958374126,Mata Atlântica,ok,
3102506,Amparo do Serra - MG,MG,4541.0,1.4,13618.072206579249,3450.2661306640216,25.33593652849856,46.96630855102558,0.34488221121587914,Mata Atlântica,ok,
3102605,Andradas - MG,MG,40553.0,0.9,46938.14478322809,9097.226213732813,19.3813075820232,817.7402695434627,1.7421657232512888,Mata Atlântica,ok,
3102704,Cachoeira de Pajeú - MG,MG,9110.0,0.8,69569.8966953237,49914.5111926934,71.7472837587935,175.4476049682619,0.25218896865209095,Mata Atlântica,ok,
3102803,Andrelândia - MG,MG,11927.0,0.7,100531.1247483374,55466.14004389358,55.17310204450973,268.7965489501945,0.2673764464717579,Mata Atlântica,ok,
3102852,Angelândia - MG,MG,7718.0,1.2,18521.30932241817,8048.726861804141,43.456575999527054,148.27247237548784,0.8005507051060318,Cerrado | Mata Atlântica,ok,
3102902,Antônio Carlos - MG,MG,11095.0,0.5,52991.04072658889,22856.69346737652,43.13312807972065,226.0932967712391,0.426663250374311,Mata Atlântica,ok,
3103009,Antônio Dias - MG,MG,9219.0,1.5,78708.8231474439,38943.96693838002,49.478527795323465,253.9530214660649,0.322648734043881,Mata Atlântica,ok,
3103108,Antônio Prado de Minas - MG,MG,1538.0,0.5,8379.674503344444,2383.9869060302626,28.449636141341532,21.14913442993162,0.25238610904863557,Mata Atlântica,ok,
3103207,Araçaí - MG,MG,2181.0,0.4,18752.59092130133,7131.611407092288,38.03000575771848,69.41118535766621,0.37014184146053697,Cerrado | Mata Atlântica,ok,
3103306,Aracitaba - MG,MG,2049.0,0.8,10659.163516204995,2071.9879300902962,19.43856032361525,35.95239776000988,0.33729098634570986,Mata Atlântica,ok,
3103405,Araçuaí - MG,MG,34297.0,0.7,223625.60489257312,145460.94115988267,65.04663955174553,1154.284870489527,0.5161684732139823,Cerrado | Mata Atlântica,ok,
3103504,Araguari - MG,MG,117808.0,0.9,272974.39974017546,67797.20135059128,24.836468700040193,3416.4869010921534,1.251577768590776,Cerrado | Mata Atlântica,ok,
3103603,Arantina - MG,MG,2915.0,0.6,8942.099487841928,4556.588603460632,50.95658586281634,86.66519663085909,0.9691817536663834,Mata Atlântica,ok,
3103702,Araponga - MG,MG,8048.0,0.7,30380.29647489691,12346.86745059853,40.64103673511114,72.73069645385749,0.23940087784842556,Mata Atlântica,ok,
3103751,Araporã - MG,MG,8479.0,1.1,29436.57825206918,2671.599337683065,9.075780869657537,372.2232954162476,1.264492402034136,Cerrado | Mata Atlântica,ok,
3103801,Arapuá - MG,MG,2631.0,1.1,17390.738732379425,3514.4589495055893,20.208796208076528,56.02407160034183,0.32214888891425797,Cerrado,ok,
3103900,Araújos - MG,MG,9199.0,0.8,24554.53387410996,5123.842381134916,20.867194659058224,247.893389721677,1.009562596433782,Cerrado,ok,
3104007,Araxá - MG,MG,111691.0,1.3,116405.72172168062,34344.5212113653,29.50415211846809,2764.312277709873,2.374721995469591,Cerrado,ok,
3104106,Arceburgo - MG,MG,9177.0,0.6,16286.777821667776,2458.011120172156,15.092065153010445,270.1352404357937,1.658616844864233,Mata Atlântica,ok,
3104205,Arcos - MG,MG,41416.0,1.0,50988.97533696258,11737.80790689699,23.020285913429795,1406.4660175903302,2.758372782146819,Cerrado | Mata Atlântica,ok,
3104304,Areado - MG,MG,13881.0,1.4,28312.11905634193,2510.9359548034845,8.868767292927279,334.4568642578118,1.1813204924443594,Mata Atlântica,ok,
3104403,Argirita - MG,MG,2688.0,0.8,15936.20690448039,5246.00724666144,32.91879478037242,46.29468897094722,0.29050004965693366,Mata Atlântica,ok,
3104452,Aricanduva - MG,MG,4719.0,1.0,24332.466253150218,11048.204827905769,45.405199427638806,71.30579130859353,0.2930479408323925,Cerrado | Mata Atlântica,ok,
3104502,Arinos - MG,MG,17272.0,1.3,527946.8452676458,351562.22759142355,66.59045900978857,454.0086944335916,0.0859951524482411,Cerrado,ok,
3104601,Astolfo Dutra - MG,MG,14138.0,1.2,15889.333830669679,2931.355681103512,18.448575077737956,322.8949446105953,2.0321490381638387,Mata Atlântica,ok,
3104700,Ataléia - MG,MG,13736.0,1.1,183689.7578658987,30388.986068854116,16.54364751846391,159.0982421630866,0.08661247312396975,Mata Atlântica,ok,
3104809,Augusto de Lima - MG,MG,4538.0,1.1,125483.96387472608,64278.102269426934,51.22415668475172,243.4497487854001,0.19400865359054353,Cerrado,ok,
3104908,Baependi - MG,MG,18366.0,0.8,75057.46040467646,32821.11839746726,43.72798949033231,352.7850653015132,0.4700199865535724,Mata Atlântica,ok,
3105004,Baldim - MG,MG,7492.0,0.5,55628.5588346367,27336.061759655862,49.14033786299578,214.8703129455568,0.38625899618267556,Cerrado,ok,
3105103,Bambuí - MG,MG,23546.0,0.8,145583.4628033246,30254.658083270653,20.781658507562128,707.5049593933254,0.4859789331629833,Cerrado,ok,
3105202,Bandeira - MG,MG,4741.0,1.0,48377.50286658164,28037.17348565594,57.95498284187699,43.37724768066401,0.08966408993926861,Mata Atlântica,ok,
3105301,Bandeira do Sul - MG,MG,5943.0,1.3,4726.800968231126,987.0572434569918,20.88214101018877,133.11589038086,2.816194108352206,Mata Atlântica,ok,
3105400,Barão de Cocais - MG,MG,30778.0,1.0,34012.61331141689,20849.697972878705,61.299900075246974,851.8575465148925,2.5045342406222946,Mata Atlântica,ok,
3105509,Barão do Monte Alto - MG,MG,4964.0,0.6,19830.302697039326,4751.487576666235,23.960741544180436,78.12097570800785,0.39394746969581734,Mata Atlântica,ok,
3105608,Barbacena - MG,MG,125317.0,1.1,75918.04092571548,29196.238137671535,38.45757580367433,2538.892852593945,3.344254964479666,Mata Atlântica,ok,
3105707,Barra Longa - MG,MG,5666.0,0.8,38363.24691237394,10571.528541504123,27.556396792092986,62.90641431274418,0.16397573035574817,Mata Atlântica,ok,
3105905,Barroso - MG,MG,20080.0,1.5,8207.907215618985,2461.5644189697136,29.990158932176463,601.8686242675786,7.332790301555446,Mata Atlântica,ok,
3106002,Bela Vista de Minas - MG,MG,10167.0,1.1,10927.84328484528,6368.031120080878,58.27344842062347,238.3702010375981,2.1813105735892973,Mata Atlântica,ok,
3106101,Belmiro Braga - MG,MG,3244.0,0.4,39306.999710135526,15759.78516157737,40.09409336198617,55.40315220947281,0.14094983747942177,Mata Atlântica,ok,
3106200,Belo Horizonte - MG,MG,2315560.0,1.3,33134.32576728445,3735.7737237669344,11.274633291181958,27270.181299749205,82.30190495282305,Cerrado | Mata Atlântica,ok,
3106309,Belo Oriente - MG,MG,23928.0,0.8,33490.02036089483,12025.106792401231,35.906537717255446,650.3715461914088,1.9419861176042337,Mata Atlântica,ok,
3106408,Belo Vale - MG,MG,8627.0,1.0,36591.348750879406,9210.087280950862,25.170122434280355,121.3499800842278,0.3316357123384564,Mata Atlântica,ok,
3106507,Berilo - MG,MG,9826.0,2.1,58710.182033374316,36635.97896842753,62.401405854271566,238.515281726073,0.4062588012254619,Cerrado,ok,
3106606,Bertópolis - MG,MG,4451.0,1.6,42782.47118754335,7437.565343218857,17.38460901572324,67.42908303833023,0.15760913562646903,Mata Atlântica,ok,
3106655,Berizal - MG,MG,4201.0,0.6,48878.15042678115,33374.361777861915,68.28073788891888,113.2345796386715,0.23166707138048415,Mata Atlântica,ok,
3106705,Betim - MG,MG,411846.0,1.2,34404.64913105278,9152.40396630365,26.60223021441285,9368.648631191669,27.23076348055461,Mata Atlântica,ok,
3106804,Bias Fortes - MG,MG,3361.0,0.8,28352.104116756003,11347.969048541894,40.02513888143942,32.8899117919922,0.11600518838583965,Mata Atlântica,ok,
3106903,Bicas - MG,MG,13978.0,0.9,14008.220666814897,2462.4120447632044,17.578335631138316,330.560691571048,2.359762167040511,Mata Atlântica,ok,
3107000,Biquinhas - MG,MG,2383.0,0.4,45894.23650956764,16423.58156668097,35.785716934755236,93.39876181030276,0.20350869502063026,Cerrado,ok,
3107109,Boa Esperança - MG,MG,39848.0,1.4,86069.71560825182,18053.60312801483,20.975558011817068,942.5483262268093,1.0950986878088904,Cerrado | Mata Atlântica,ok,
3107208,Bocaina de Minas - MG,MG,5348.0,0.6,50375.544506087484,33487.47300506814,66.47565467212259,39.22775197143557,0.07787062622557898,Mata Atlântica,ok,
3107307,Bocaiúva - MG,MG,48032.0,0.9,320684.821618158,201094.6120469451,62.70786719253899,1225.303676220697,0.3820897010459933,Cerrado,ok,
3107406,Bom Despacho - MG,MG,51737.0,0.9,121354.40296727997,29347.532541492314,24.18332736506075,1527.4622253174,1.2586788678192748,Cerrado,ok,
3107505,Bom Jardim de Minas - MG,MG,6783.0,0.8,41206.97295992579,27601.36254394065,66.98226188752875,240.2481699279786,0.5830279505403672,Mata Atlântica,ok,
3107604,Bom Jesus da Penha - MG,MG,4474.0,0.5,20834.274565771233,3483.675225366192,16.720885646239612,120.0406463684082,0.5761690717353978,Mata Atlântica,ok,
3107703,Bom Jesus do Amparo - MG,MG,5631.0,0.4,19562.86950832495,6816.31073486341,34.84310280740123,193.6605047973627,0.9899391534301792,Mata Atlântica,ok,
3107802,Bom Jesus do Galho - MG,MG,14536.0,0.9,59229.73974568533,14114.829121642779,23.83064518305771,244.237675708009,0.41235648975783457,Mata Atlântica,ok,
3107901,Bom Repouso - MG,MG,12649.0,1.1,22984.880069720566,4106.37356448981,17.865542704742648,161.7353365600587,0.7036596931089619,Mata Atlântica,ok,
3108008,Bom Sucesso - MG,MG,17151.0,0.8,70505.53632223509,17312.31659269405,24.554549182592805,474.7865560607887,0.6734032259407932,Mata Atlântica,ok,
3108107,Bonfim - MG,MG,7434.0,0.6,30187.799579065228,4258.269092071487,14.105927399307799,206.721263623046,0.68478413963767,Mata Atlântica,ok,
3108206,Bonfinópolis de Minas - MG,MG,5528.0,1.3,185047.37097659588,77547.64014366898,41.90691266479918,221.5660322082517,0.11973476361156979,Cerrado,ok,
3108255,Bonito de Minas - MG,MG,10204.0,0.9,393645.1402721068,383137.28516845684,97.33062750466412,124.3571809143065,0.03159118916807781,Cerrado,ok,
3108305,Borda da Mata - MG,MG,17404.0,1.0,30107.668647224487,5051.730768273656,16.77888390318576,363.0570762023929,1.2058624679857495,Mata Atlântica,ok,
3108404,Botelhos - MG,MG,14828.0,0.8,33408.65033786177,5710.414372094941,17.092622163258632,294.1074016662598,0.8803330834737437,Mata Atlântica,ok,
3108503,Botumirim - MG,MG,5790.0,0.7,156891.36217282843,132349.7618999401,84.35758353232104,163.9658381652829,0.10450915582252472,Cerrado,ok,
3108552,Brasilândia de Minas - MG,MG,15020.0,1.1,250973.4276485159,145127.76839091638,57.82594984285164,619.5478963561962,0.24685796506866167,Cerrado,ok,
3108602,Brasília de Minas - MG,MG,32025.0,0.9,139944.2919668113,84414.93264957058,60.32038282032263,707.243509783936,0.5053750316244863,Caatinga | Cerrado,ok,
3108701,Brás Pires - MG,MG,4260.0,1.0,22336.119804022208,7210.6342553895465,32.28239425046011,66.35799205932635,0.29708827066452625,Mata Atlântica,ok,
3108800,Braúnas - MG,MG,4441.0,2.6,37830.7513432,17411.811088821432,46.025549243951694,36.80885208129878,0.09729876033222136,Mata Atlântica,ok,
3108909,Brazópolis - MG,MG,14246.0,1.1,36766.86721315983,7963.443100995031,21.65929192396546,172.8121607055665,0.4700214454053689,Mata Atlântica,ok,
3109006,Brumadinho - MG,MG,38915.0,1.5,63943.19881417152,33714.67953159769,52.72598205413148,1080.191247265615,1.689298107222962,Mata Atlântica,ok,
3109105,Bueno Brandão - MG,MG,10911.0,0.8,35614.32143291242,5162.094587860077,14.494434767159731,117.6425841369629,0.33032381189283405,Mata Atlântica,ok,
3109204,Buenópolis - MG,MG,9150.0,0.6,159985.9088197947,107976.14028887669,67.4910316073518,235.9736918701255,0.14749654742151203,Cerrado,ok,
3109253,Bugre - MG,MG,4041.0,0.5,16148.648751880313,3580.2474675232156,22.170569950048232,65.44765733032229,0.405282561630438,Mata Atlântica,ok,
3109303,Buritis - MG,MG,24030.0,0.7,522512.8609190261,298550.8191579556,57.13750636354615,790.20677069092,0.15123202313165235,Cerrado,ok,
3109402,Buritizeiro - MG,MG,23910.0,0.8,721836.4795504458,426855.3709639054,59.13463548278243,827.8416379150276,0.11468548090429026,Cerrado,ok,
3109451,Cabeceira Grande - MG,MG,6627.0,0.8,103306.10935613315,28629.876971515263,27.71363392731966,322.696694415283,0.3123694198015259,Cerrado,ok,
3109501,Cabo Verde - MG,MG,11410.0,0.9,36820.321976884436,6745.744807971101,18.320711079620754,212.9585007934565,0.5783721851404517,Mata Atlântica,ok,
3109600,Cachoeira da Prata - MG,MG,3693.0,1.1,6143.879491021717,2873.0393448058726,46.762625292445165,139.1481943542482,2.2648262316601544,Cerrado,ok,
3109709,Cachoeira de Minas - MG,MG,11883.0,0.6,30424.659127050905,4639.14804362794,15.247986918292936,222.8311247497556,0.7324030281464483,Mata Atlântica,ok,
3109808,Cachoeira Dourada - MG,MG,2315.0,0.2,20307.146779045415,2434.732958343393,11.989537401954225,64.42677825927761,0.3172615974084476,Mata Atlântica,ok,
3109907,Caetanópolis - MG,MG,11435.0,0.6,15605.247316498328,4791.97632394418,30.707467986604485,832.5451500549307,5.335033358777591,Cerrado | Mata Atlântica,ok,
3110004,Caeté - MG,MG,38776.0,1.1,54254.98121356646,34009.4021669768,62.684386587664584,949.92202017212,1.7508475699823705,Cerrado | Mata Atlântica,ok,
3110103,Caiana - MG,MG,5304.0,0.6,10646.901860846074,1721.428998724369,16.16835602716425,54.53296315307604,0.5121956026815718,Mata Atlântica,ok,
3110202,Cajuri - MG,MG,4088.0,0.7,8305.222641076742,1814.0915017639013,21.842779900825285,78.94655050659173,0.9505651313443488,Mata Atlântica,ok,
3110301,Caldas - MG,MG,14217.0,0.6,71138.94973832574,16018.20518688382,22.51678615695685,327.118833190917,0.45983084427613274,Mata Atlântica,ok,
3110400,Camacho - MG,MG,2838.0,0.7,22298.472944959343,4951.297126189942,22.20464665186502,52.12746630249051,0.2337714624277629,Mata Atlântica,ok,
3110509,Camanducaia - MG,MG,26097.0,1.1,52872.09928372745,21153.233719470398,40.00831063271356,540.7337315429694,1.0227203740128246,Mata Atlântica,ok,
3110608,Cambuí - MG,MG,29536.0,1.1,24456.814406699566,3887.6913336426755,15.896147670719138,668.0231779541026,2.731439863120963,Mata Atlântica,ok,
3110707,Cambuquira - MG,MG,12313.0,0.8,24638.46011176741,4857.773764904629,19.716223103506948,309.3160005615205,1.2554193693857927,Mata Atlântica,ok,
3110806,Campanário - MG,MG,2923.0,1.4,44243.079606688894,15764.193697833061,35.63086891322491,74.22002470092724,0.16775510511638586,Mata Atlântica,ok,
3110905,Campanha - MG,MG,15935.0,1.7,33559.135701519765,6376.465084253029,19.00068327434387,510.6879347656243,1.5217553256072003,Mata Atlântica,ok,
3111002,Campestre - MG,MG,20696.0,1.4,57785.10099853032,9779.865337188836,16.9245448535905,389.8429393615714,0.674642654637718,Mata Atlântica,ok,
3111101,Campina Verde - MG,MG,18011.0,0.8,365072.5797767546,69700.50751752908,19.092232991081286,614.5904122985737,0.1683474592023322,Cerrado | Mata Atlântica,ok,
3111150,Campo Azul - MG,MG,3714.0,1.2,50594.526178591244,23209.59137300193,45.87372019470147,91.63989779052757,0.18112611128534378,Cerrado,ok,
3111200,Campo Belo - MG,MG,52277.0,1.2,52825.17339850956,6320.6046370667655,11.965137510074124,1271.0637247680563,2.406170473268941,Cerrado | Mata Atlântica,ok,
3111309,Campo do Meio - MG,MG,11377.0,1.4,27541.507490185562,3769.6963688598507,13.68732764611082,228.659109667966,0.8302345459828183,Cerrado | Mata Atlântica,ok,
3111408,Campo Florido - MG,MG,8466.0,0.9,126427.36976320781,22077.786012488268,17.462821581939785,272.3160866272012,0.21539330220761194,Cerrado,ok,
3111507,Campos Altos - MG,MG,12979.0,1.0,71066.48365775183,28203.776377832408,39.68646670863668,365.344489056399,0.5140883159716426,Cerrado,ok,
3111606,Campos Gerais - MG,MG,26105.0,0.8,76947.82134153444,10548.8947716859,13.709153277861397,508.37114563599386,0.6606699667032526,Cerrado | Mata Atlântica,ok,
3111705,Canaã - MG,MG,4715.0,1.2,17490.81338951527,4009.380736511129,22.922780360314864,52.1906497741701,0.2983889234416929,Mata Atlântica,ok,
3111804,Canápolis - MG,MG,10608.0,0.3,84357.46708447857,12760.183681823846,15.126323872485814,297.0748699829161,0.3521619131658075,Cerrado | Mata Atlântica,ok,
3111903,Cana Verde - MG,MG,5272.0,0.8,21272.122093249458,2764.5557242309296,12.996144494245074,138.0904936157223,0.6491618138067393,Mata Atlântica,ok,
3112000,Candeias - MG,MG,14001.0,0.9,72051.75472506009,13333.651622961392,18.505658430999816,311.5540639953604,0.4324031596235363,Cerrado | Mata Atlântica,ok,
3112059,Cantagalo - MG,MG,3974.0,0.9,14186.9736498107,4506.079198675408,31.762089011390632,66.3749435119626,0.4678583688836855,Mata Atlântica,ok,
3112109,Caparaó - MG,MG,5048.0,0.5,13070.89248389271,3962.5553331358165,30.315874283404,55.17877433471672,0.42215001311282796,Mata Atlântica,ok,
3112208,Capela Nova - MG,MG,4362.0,0.2,11106.858326446489,2827.940251770043,25.461207558904817,53.28195936889647,0.4797212479250505,Mata Atlântica,ok,
3112307,Capelinha - MG,MG,39626.0,0.7,96528.99667560487,51736.744336206284,53.59710151144809,877.5704519348058,0.9091262544497039,Cerrado | Mata Atlântica,ok,
3112406,Capetinga - MG,MG,6562.0,0.9,29793.08076447171,6053.287536565949,20.317762988057627,134.5864384338379,0.4517372322043729,Cerrado | Mata Atlântica,ok,
3112505,Capim Branco - MG,MG,10663.0,0.7,9534.779383972465,1828.956556225593,19.181949393606175,469.95453325805886,4.928845381027182,Cerrado | Mata Atlântica,ok,
3112604,Capinópolis - MG,MG,14655.0,0.8,62070.58026669294,6945.902199670126,11.19032908960462,418.9163204650696,0.6749031806455659,Cerrado | Mata Atlântica,ok,
3112653,Capitão Andrade - MG,MG,4585.0,1.2,27907.870623258135,4369.70785132445,15.657618276626161,100.6031858398437,0.360483202742104,Mata Atlântica,ok,
3112703,Capitão Enéas - MG,MG,14108.0,1.9,97155.5269487045,39295.51531118127,40.44599061454141,435.685872607426,0.4484416752095394,Caatinga,ok,
3112802,Capitólio - MG,MG,10380.0,0.6,52184.0032632619,23063.025858092726,44.19558565053469,567.4976992370573,1.0874936067555052,Cerrado,ok,
3112901,Caputira - MG,MG,8936.0,0.9,18769.351592755298,3916.3703012879323,20.86577302329184,80.77039491577158,0.43033130109272283,Mata Atlântica,ok,
3113008,Caraí - MG,MG,19548.0,1.1,124236.67456252126,76131.8161930512,61.27966356241963,240.9431724731447,0.19393884561188224,Mata Atlântica,ok,
3113107,Caranaíba - MG,MG,2933.0,0.4,15994.73918096904,5339.7796153808795,33.384599492152326,32.46455032348629,0.2029701763571954,Mata Atlântica,ok,
3113206,Carandaí - MG,MG,23812.0,0.8,48726.13397642056,14580.249188879445,29.922852479811112,595.5321043762258,1.222202657539821,Mata Atlântica,ok,
3113305,Carangola - MG,MG,31240.0,1.4,35340.69369011088,8131.473670672713,23.008811717094513,400.6646771179204,1.133720465792768,Mata Atlântica,ok,
3113404,Caratinga - MG,MG,87360.0,1.4,125842.46493108188,31931.688040325833,25.374334536289755,1647.366855438202,1.3090707149930583,Mata Atlântica,ok,
3113503,Carbonita - MG,MG,8512.0,1.2,145610.26603823144,99413.14126616932,68.27344250581027,353.7473789855987,0.24294123526477093,Cerrado,ok,
3113602,Careaçu - MG,MG,6816.0,0.7,18103.44911047376,2772.633757141022,15.315500047650662,205.2986112854022,1.1340303719616973,Mata Atlântica,ok,
3113701,Carlos Chagas - MG,MG,18615.0,0.7,320298.573100391,46995.33076165929,14.672350958906572,266.8671430603019,0.08331824287479977,Mata Atlântica,ok,
3113800,Carmésia - MG,MG,2605.0,0.4,25909.995449419697,17478.38471200534,67.45807711979664,21.32029789428714,0.08228599629014852,Mata Atlântica,ok,
3113909,Carmo da Cachoeira - MG,MG,11547.0,0.7,50630.1466453854,11611.626778412287,22.93421518159993,259.2212231567381,0.5119898723034103,Mata Atlântica,ok,
3114006,Carmo da Mata - MG,MG,11019.0,0.9,35720.91295473707,7642.25523294011,21.39434465917435,252.111191705321,0.7057803702407548,Cerrado | Mata Atlântica,ok,
3114105,Carmo de Minas - MG,MG,13797.0,1.5,32230.176240520355,8472.467308978577,26.287375054210344,198.2176720886224,0.6150064790505848,Mata Atlântica,ok,
3114204,Carmo do Cajuru - MG,MG,23479.0,1.1,45582.843211840715,13274.503947387779,29.121711179129694,761.301086712649,1.6701483125451277,Cerrado | Mata Atlântica,ok,
3114303,Carmo do Paranaíba - MG,MG,29011.0,1.4,130786.17087558153,23975.334668787058,18.331704727096174,751.1106047790595,0.5743043012503211,Cerrado,ok,
3114402,Carmo do Rio Claro - MG,MG,20954.0,1.0,106572.8542078735,24203.37448818956,22.710637402072543,454.71365933837905,0.42666930778774736,Cerrado | Mata Atlântica,ok,
3114501,Carmópolis de Minas - MG,MG,18003.0,0.8,39999.529266649304,7865.072721020617,19.662913202276947,488.1010187500063,1.2202669073832673,Mata Atlântica,ok,
3114550,Carneirinho - MG,MG,9422.0,0.9,206344.29834835287,17812.06096892102,8.632204093592396,331.9511646789546,0.16087246768435093,Cerrado | Mata Atlântica,ok,
3114600,Carrancas - MG,MG,4049.0,0.7,72789.51436608263,35349.901867217304,48.564552429119004,100.17051741333,0.13761668598246063,Mata Atlântica,ok,
3114709,Carvalhópolis - MG,MG,3341.0,1.3,8107.4738879150245,1698.3811168517761,20.94833903052562,64.373606463623,0.7940032537086318,Mata Atlântica,ok,
3114808,Carvalhos - MG,MG,4422.0,0.6,28227.19535006104,10173.231038165068,36.0405308143484,80.2203184265139,0.28419514383791034,Mata Atlântica,ok,
3114907,Casa Grande - MG,MG,2214.0,0.2,15771.723252307202,3224.31085168458,20.44361798710172,54.82936485595709,0.3476434627898778,Mata Atlântica,ok,
3115003,Cascalho Rico - MG,MG,2712.0,1.2,36733.109766209716,6163.187431438979,16.77828931627349,72.78898901977406,0.19815634854507105,Cerrado,ok,
3115102,Cássia - MG,MG,17155.0,0.8,66577.815565925,13018.72818640719,19.55415340041626,416.9719181640599,0.6262925790215759,Cerrado | Mata Atlântica,ok,
3115201,Conceição da Barra de Minas - MG,MG,3560.0,0.4,27301.085490400063,7494.899913806181,27.452754273970637,57.30259411010719,0.20989126652219237,Mata Atlântica,ok,
3115300,Cataguases - MG,MG,66261.0,1.7,49175.836874340195,10012.727097546715,20.36107107466701,1112.583332147193,2.262459376116354,Mata Atlântica,ok,
3115359,Catas Altas - MG,MG,5473.0,0.5,24004.88423405822,14757.345558600038,61.476428774700196,132.1194869384771,0.5503858533548998,Mata Atlântica,ok,
3115409,Catas Altas da Noruega - MG,MG,3110.0,0.5,14162.395664899095,7501.848962744485,52.97019755871886,39.28904476318364,0.27741807030967147,Mata Atlântica,ok,
3115458,Catuji - MG,MG,7030.0,0.9,41936.95968250732,22471.08519862692,53.583009757381205,130.8139703613282,0.31193002867085073,Mata Atlântica,ok,
3115474,Catuti - MG,MG,4739.0,0.4,28779.67606590512,8194.678653020863,28.473839087886688,91.63152045288079,0.31838968667696493,Caatinga,ok,
3115508,Caxambu - MG,MG,21056.0,1.0,10048.689880383392,2288.091937731982,22.770052265208164,505.1456813110358,5.02698050516176,Mata Atlântica,ok,
3115607,Cedro do Abaeté - MG,MG,1081.0,1.3,28325.253206829737,14436.821259820568,50.96802190753086,60.38598217163078,0.21318779299409973,Cerrado,ok,
3115706,Central de Minas - MG,MG,6171.0,0.7,20432.911975458323,2801.7630682861527,13.712010660307792,164.5179703124944,0.8051616456337433,Mata Atlântica,ok,
3115805,Centralina - MG,MG,10207.0,0.8,32240.746671397865,4504.9254176816685,13.972770120979176,377.3048851562608,1.1702734089932971,Cerrado | Mata Atlântica,ok,
3115904,Chácara - MG,MG,3075.0,0.3,15282.454578290457,3310.459086706653,21.661828404249516,147.4115958190916,0.9645806245581624,Mata Atlântica,ok,
3116001,Chalé - MG,MG,6075.0,1.2,21267.48184522771,4838.173341442646,22.7491593816891,65.95028114624046,0.31009915337503524,Mata Atlântica,ok,
3116100,Chapada do Norte - MG,MG,10337.0,0.6,83084.00567685936,59773.93687699388,71.94397572677718,160.83319307861325,0.19357900689591892,Cerrado | Mata Atlântica,ok,
3116159,Chapada Gaúcha - MG,MG,12355.0,0.8,325518.69090410677,261360.58437441336,80.29049995516434,466.2707860534676,0.14323932821136356,Cerrado,ok,
3116209,Chiador - MG,MG,2800.0,0.4,25282.09563125963,7677.5611342894545,30.367582048050874,58.78627024536134,0.2325213506932393,Mata Atlântica,ok,
3116308,Cipotânea - MG,MG,5581.0,0.7,15348.346962304788,3672.3152613403972,23.9264545580024,55.88062769775376,0.36408238512587304,Mata Atlântica,ok,
3116407,Claraval - MG,MG,4658.0,0.6,22761.497635461117,6622.503359497004,29.095200436984957,83.16793679809523,0.36538868456759327,Cerrado,ok,
3116506,Claro dos Poções - MG,MG,7166.0,1.0,72043.12560005562,31635.855954968003,43.912386770381296,224.9128189331043,0.31219192262936835,Cerrado,ok,
3116605,Cláudio - MG,MG,30159.0,0.6,63069.64404686604,17448.542785541136,27.66551650834656,750.2687994567876,1.189587813273966,Cerrado | Mata Atlântica,ok,
3116704,Coimbra - MG,MG,7117.0,1.0,10686.026598297276,1619.4991560790945,15.155297819838362,144.8568589172368,1.3555726965934978,Mata Atlântica,ok,
3116803,Coluna - MG,MG,8163.0,0.4,34850.83268058983,17625.74095308783,50.57480581491094,68.2722259338379,0.19589840667382993,Mata Atlântica,ok,
3116902,Comendador Gomes - MG,MG,2773.0,0.8,104102.80708609645,22483.289798418962,21.59719841158994,92.9002754455565,0.08923897255597048,Cerrado,ok,
3117009,Comercinho - MG,MG,6660.0,0.5,65498.492061665806,43132.03081436514,65.85194476501384,95.27035057373018,0.14545426554863988,Mata Atlântica,ok,
3117108,Conceição da Aparecida - MG,MG,10371.0,0.9,35250.44342533619,5488.984037640365,15.571390042983596,208.0433809631344,0.5901865643301486,Mata Atlântica,ok,
3117207,Conceição das Pedras - MG,MG,2772.0,0.5,10219.366772125302,3119.975242034914,30.530025114130027,40.231697869873,0.3936809272724252,Mata Atlântica,ok,
3117306,Conceição das Alagoas - MG,MG,28381.0,1.0,134026.29038239468,13472.199407916885,10.05190800213818,642.8605545654178,0.47965257617087803,Cerrado,ok,
3117405,Conceição de Ipanema - MG,MG,4409.0,0.6,25395.290394166823,5663.98123864751,22.30327415333868,53.19812327270505,0.20948027152674106,Mata Atlântica,ok,
3117504,Conceição do Mato Dentro - MG,MG,23163.0,0.7,172004.6552510772,119440.38916877737,69.44020729812739,512.6531298522943,0.29804607852268217,Cerrado | Mata Atlântica,ok,
3117603,Conceição do Pará - MG,MG,5415.0,0.6,25029.82938120588,8808.579188750959,35.19232614252276,208.12092033691385,0.8314915661917591,Cerrado | Mata Atlântica,ok,
3117702,Conceição do Rio Verde - MG,MG,12541.0,1.1,36967.044121228384,7584.403054736528,20.516660812437458,222.2367653747538,0.6011753729780466,Mata Atlântica,ok,
3117801,Conceição dos Ouros - MG,MG,10880.0,1.3,18022.258465923936,4339.477288922171,24.078432218288032,279.2915033447263,1.5497031288992118,Mata Atlântica,ok,
3117836,Cônego Marinho - MG,MG,7237.0,0.7,161050.96616318845,156016.497150182,96.87399018276912,101.0376166259766,0.06273642377506634,Caatinga | Cerrado,ok,
3117876,Confins - MG,MG,7350.0,1.2,4246.252360711695,1580.2586097290025,37.21537194421819,867.5304093505865,20.430495779699346,Cerrado | Mata Atlântica,ok,
3117900,Congonhal - MG,MG,11083.0,1.1,20513.408313623262,3814.3805611877333,18.59457240294167,246.8757971740683,1.2034850250122229,Mata Atlântica,ok,
3118007,Congonhas - MG,MG,52890.0,1.1,30406.83453519211,16435.387899852773,54.0516240874428,2158.872063110347,7.099956625250559,Mata Atlântica,ok,
3118106,Congonhas do Norte - MG,MG,4831.0,1.6,40567.538672333685,31172.160926184664,76.84015828015592,122.5292917114248,0.3020377763144589,Cerrado | Mata Atlântica,ok,
3118205,Conquista - MG,MG,6694.0,0.7,61838.24654686652,10138.27844120557,16.394834923920236,253.180037536622,0.4094230539747592,Cerrado,ok,
3118304,Conselheiro Lafaiete - MG,MG,131621.0,1.1,37022.875634732874,9327.19109083884,25.193048705510517,2976.662638049312,8.04006330415017,Mata Atlântica,ok,
3118403,Conselheiro Pena - MG,MG,20824.0,1.2,148387.2726858347,38521.94054841296,25.96040741982741,439.015997351075,0.2958582561730607,Mata Atlântica,ok,
3118502,Consolação - MG,MG,1563.0,2.5,8912.864896661526,1334.7244869934125,14.975257702978956,24.56925695190427,0.27566060112845564,Mata Atlântica,ok,
3118601,Contagem - MG,MG,621863.0,1.3,19474.082602086168,3915.586585076453,20.10665490685037,10652.86574321862,54.7027860612927,Mata Atlântica,ok,
3118700,Coqueiral - MG,MG,9023.0,0.7,29616.0294049504,4400.768723870877,14.859415027239525,177.35355546264555,0.598843123220969,Cerrado | Mata Atlântica,ok,
3118809,Coração de Jesus - MG,MG,25377.0,1.0,222526.08515161218,123579.66087390784,55.534909891444926,642.9722316589339,0.2889424092554641,Cerrado,ok,
3118908,Cordisburgo - MG,MG,7547.0,0.5,82364.16414935631,32161.168013726707,39.04752551778073,201.56846624755855,0.24472835768968806,Cerrado | Mata Atlântica,ok,
3119005,Cordislândia - MG,MG,3200.0,0.4,17953.98051394616,2782.0173193237106,15.495267565667211,73.09884872436568,0.4071456391945201,Mata Atlântica,ok,
3119104,Corinto - MG,MG,23532.0,1.2,252541.3108621843,100113.66480426674,39.64249035632048,760.2924646240167,0.30105667149202375,Cerrado,ok,
3119203,Coroaci - MG,MG,10884.0,0.4,57624.773304189606,22617.838535874336,39.25019959120586,83.21767534179692,0.14441301990466415,Mata Atlântica,ok,
3119302,Coromandel - MG,MG,28894.0,1.3,331333.1616134715,126830.96227696768,38.27898229665488,971.1915070800131,0.29311630093126356,Cerrado,ok,
3119401,Coronel Fabriciano - MG,MG,104736.0,1.2,22124.094951336825,10393.1063355166,46.9764135363585,1687.159701153598,7.625892516121448,Mata Atlântica,ok,
3119500,Coronel Murta - MG,MG,8200.0,0.8,81539.35620324423,55328.52643431787,67.85499544098252,162.8607917785644,0.19973274178498435,Cerrado | Mata Atlântica,ok,
3119609,Coronel Pacheco - MG,MG,2762.0,0.8,13153.192751971623,2940.8553507568304,22.35849049133721,62.11910708007797,0.4722739813173232,Mata Atlântica,ok,
3119708,Coronel Xavier Chaves - MG,MG,3486.0,0.2,14095.186619726652,5197.699033843975,36.87570213912339,79.65980806884775,0.5651561076698437,Mata Atlântica,ok,
3119807,Córrego Danta - MG,MG,2960.0,0.7,65745.01029845409,26525.743381784312,40.346397789533896,78.3458156677247,0.11916617749707296,Cerrado,ok,
3119906,Córrego do Bom Jesus - MG,MG,4272.0,1.6,12364.258372533679,2153.7514227539864,17.419171921693195,61.09941375732406,0.4941615737588601,Mata Atlântica,ok,
3119955,Córrego Fundo - MG,MG,6133.0,0.6,10112.13960694584,2270.694303204318,22.455132063689277,222.76032828979567,2.202900048341755,Cerrado | Mata Atlântica,ok,
3120003,Córrego Novo - MG,MG,2875.0,0.9,20537.7458776506,5661.911394763393,27.5683194664744,60.052186767578,0.29239911295682863,Mata Atlântica,ok,
3120102,Couto de Magalhães de Minas - MG,MG,4245.0,0.9,48568.127627357084,41427.01398686022,85.29670796599852,138.19598222046,0.2845404774109884,Cerrado | Mata Atlântica,ok,
3120151,Crisólita - MG,MG,5265.0,0.6,96620.1787842983,25979.472834984328,26.888247529517344,80.0922434387206,0.08289390937427696,Mata Atlântica,ok,
3120201,Cristais - MG,MG,12197.0,1.1,62845.018388159704,9778.103504681389,15.55907493619833,202.3184558471681,0.32193236796838276,Cerrado | Mata Atlântica,ok,
3120300,Cristália - MG,MG,5121.0,0.8,84071.35918736718,70407.14631710357,83.7468871654488,160.3686351684569,0.19075299450202582,Cerrado,ok,
3120409,Cristiano Otoni - MG,MG,4667.0,0.5,13288.036578991954,1984.6430339721567,14.935562693361534,129.310653143311,0.973135890879077,Mata Atlântica,ok,
3120508,Cristina - MG,MG,10374.0,0.9,31134.439056690928,8431.456703496777,27.080804918773122,131.7692794372558,0.4232267656960982,Mata Atlântica,ok,
3120607,Crucilândia - MG,MG,5434.0,1.2,16717.09904232695,1675.7376302368068,10.02409345062749,102.7298797119136,0.6145197767376153,Mata Atlântica,ok,
3120706,Cruzeiro da Fortaleza - MG,MG,3521.0,0.4,18744.07864647231,2752.613328576626,14.685242099614621,104.216587866211,0.5559973889984977,Cerrado,ok,
3120805,Cruzília - MG,MG,15362.0,1.1,52239.29707484752,15202.67196127382,29.101984162404992,314.8346415893535,0.6026777908942077,Mata Atlântica,ok,
3120839,Cuparaque - MG,MG,3983.0,1.1,22676.72693649446,5147.268887005637,22.698464824400894,116.7428028015136,0.5148132846880794,Mata Atlântica,ok,
3120870,Curral de Dentro - MG,MG,7406.0,0.7,57095.66692243901,33432.567577860995,58.5553499590032,197.9278068359368,0.34665994374811254,Cerrado | Mata Atlântica,ok,
3120904,Curvelo - MG,MG,80665.0,1.1,329621.7894377392,101870.88251170625,30.905384830740445,2866.094038623059,0.869509883892073,Cerrado | Mata Atlântica,ok,
3121001,Datas - MG,MG,5465.0,0.7,31011.584628290457,25478.314427356636,82.15740902228494,166.4190344421389,0.5366350556956783,Cerrado,ok,
3121100,Delfim Moreira - MG,MG,7952.0,0.4,40847.22241336689,22963.066322479182,56.21695911192415,63.71810877685525,0.15599128903316586,Mata Atlântica,ok,
3121209,Delfinópolis - MG,MG,8393.0,0.9,137841.75758495936,68310.01112607322,49.55683409939841,226.2165714416505,0.1641132378207097,Cerrado,ok,
3121258,Delta - MG,MG,10494.0,0.5,10278.312782384926,875.234230804444,8.515349253667674,364.2989620727565,3.544345942624899,Cerrado,ok,
3121308,Descoberto - MG,MG,4928.0,0.8,21316.26685782472,5918.606644134419,27.765680940337035,109.8553879638668,0.5153594139939253,Mata Atlântica,ok,
3121407,Desterro de Entre Rios - MG,MG,7653.0,0.4,37716.769436083625,8997.527953790013,23.855510660947754,165.4846339965817,0.4387561195478809,Mata Atlântica,ok,
3121506,Desterro do Melo - MG,MG,2994.0,0.7,14226.75698877652,3268.868899725385,22.976908246230632,36.58292081909178,0.2571416721882016,Mata Atlântica,ok,
3121605,Diamantina - MG,MG,47702.0,1.1,389164.6189260749,344169.1959081106,88.43794609537422,1311.540720672618,0.33701437820629737,Cerrado,ok,
3121704,Diogo de Vasconcelos - MG,MG,3549.0,0.3,16511.686086309815,6373.51162967509,38.60000484723061,30.03023548583981,0.18187261633285595,Mata Atlântica,ok,
3121803,Dionísio - MG,MG,6847.0,1.1,33939.73021515909,14509.7691819475,42.75157489456634,123.1364234863282,0.3628090815858331,Mata Atlântica,ok,
3121902,Divinésia - MG,MG,4226.0,0.5,11697.966081572778,2367.6983818237095,20.240256855877078,102.6716609008784,0.8776881398434889,Mata Atlântica,ok,
3122009,Divino - MG,MG,20706.0,1.1,33777.19032559557,7099.250537115271,21.017883573743028,265.4439583435054,0.7858674915964167,Mata Atlântica,ok,
3122108,Divino das Laranjeiras - MG,MG,4178.0,0.7,34225.0715541433,7823.81937676984,22.85990655824556,95.0220801879881,0.2776388065037798,Mata Atlântica,ok,
3122207,Divinolândia de Minas - MG,MG,6516.0,0.9,13313.41814452526,5267.355979541059,39.564264581497426,119.6622400024418,0.8988092967819032,Mata Atlântica,ok,
3122306,Divinópolis - MG,MG,231091.0,1.3,70810.95555208848,17453.745656451665,24.648369055848576,6060.606548584078,8.558854348640871,Cerrado | Mata Atlântica,ok,
3122355,Divisa Alegre - MG,MG,6321.0,0.7,11779.166195275442,9152.571827050342,77.70135572687128,250.4870373657214,2.126526047880964,Mata Atlântica,ok,
3122405,Divisa Nova - MG,MG,5851.0,1.6,21696.100294177886,3117.294160467571,14.367992948963698,132.3135091857911,0.6098492696463853,Mata Atlântica,ok,
3122454,Divisópolis - MG,MG,10213.0,0.8,57293.076931298885,35239.91050704345,61.508147920385284,189.9333373046873,0.331511846592634,Mata Atlântica,ok,
3122470,Dom Bosco - MG,MG,3697.0,1.1,81737.88775760157,26523.9159633897,32.44996499303714,157.0523436645513,0.19214142666654063,Cerrado,ok,
3122504,Dom Cavati - MG,MG,4904.0,1.2,5954.144472985933,726.0599203247042,12.194193869813738,118.4925149414061,1.9900846457288517,Mata Atlântica,ok,
3122603,Dom Joaquim - MG,MG,4899.0,0.8,39880.737625471644,24891.980018172388,62.41604719536079,69.34291011962893,0.17387569600854105,Mata Atlântica,ok,
3122702,Dom Silvério - MG,MG,5228.0,0.5,19496.404255743895,5539.5514172304465,28.41319529778637,92.71066445312461,0.475526990705534,Mata Atlântica,ok,
3122801,Dom Viçoso - MG,MG,3095.0,0.9,11392.50241222344,3197.3022268367067,28.064968618362563,25.45081270751952,0.22339966924397925,Mata Atlântica,ok,
3122900,Dona Euzébia - MG,MG,6093.0,0.5,7022.35851569832,2163.7956576172064,30.812947712368878,136.4029054687501,1.9424087386570275,Mata Atlântica,ok,
3123007,Dores de Campos - MG,MG,10007.0,1.0,12486.329026025494,4105.187452862592,32.87745697158926,173.7710715026842,1.3916906333357852,Mata Atlântica,ok,
3123106,Dores de Guanhães - MG,MG,5029.0,0.6,38210.670816968115,17122.903418310998,44.81183672574331,45.35662918701169,0.11870147322006787,Mata Atlântica,ok,
3123205,Dores do Indaiá - MG,MG,12630.0,1.0,111118.65289198306,17585.97200769647,15.826300580507896,386.1030824890109,0.3474691894117331,Cerrado,ok,
3123304,Dores do Turvo - MG,MG,4987.0,1.0,23116.908370617264,4770.795426800506,20.63768800876688,71.57223024902316,0.3096098712749799,Mata Atlântica,ok,
3123403,Doresópolis - MG,MG,1461.0,0.4,15291.664862610205,3270.8615784728886,21.38983300942269,34.01435432739249,0.22243722075391092,Cerrado,ok,
3123502,Douradoquara - MG,MG,1829.0,0.9,31287.874619561757,6839.89676937886,21.86117418503854,36.51679749145516,0.11671229808823186,Cerrado,ok,
3123528,Durandé - MG,MG,7817.0,0.4,21742.144366418514,5432.855382830726,24.987670449019543,61.43911115722659,0.28258073408859063,Mata Atlântica,ok,
3123601,Elói Mendes - MG,MG,26336.0,0.7,49954.13781342318,4677.093078051774,9.36277410195836,546.5559188476612,1.0941154081950668,Mata Atlântica,ok,
3123700,Engenheiro Caldas - MG,MG,13622.0,2.4,18704.48605875918,1564.8399235290583,8.366120932770857,180.4503259643572,0.9647435668506571,Mata Atlântica,ok,
3123809,Engenheiro Navarro - MG,MG,6354.0,0.3,60830.516001427175,20794.479499902176,34.18428918047367,158.355987231445,0.26032326805797557,Cerrado,ok,
3123858,Entre Folhas - MG,MG,5179.0,1.1,8539.470804431454,1468.827888067613,17.200455645394126,89.4766914916998,1.0478013631156975,Mata Atlântica,ok,
3123908,Entre Rios de Minas - MG,MG,14746.0,0.6,45682.501918594586,12905.099783502208,28.249546853845413,329.9256776123074,0.7222145542733828,Mata Atlântica,ok,
3124005,Ervália - MG,MG,20255.0,0.8,35748.54437715532,8552.970122424256,23.925366113340072,307.4726592956549,0.8600984030335559,Mata Atlântica,ok,
3124104,Esmeraldas - MG,MG,85598.0,0.8,90974.3531023912,32401.50315743361,35.61608525093426,3264.867764807194,3.5887782143749907,Cerrado | Mata Atlântica,ok,
3124203,Espera Feliz - MG,MG,24102.0,1.5,31763.892490978895,7600.725067950123,23.928821286965277,312.4803036621117,0.9837594802049454,Mata Atlântica,ok,
3124302,Espinosa - MG,MG,30443.0,1.1,186895.2468219612,115417.03219135803,61.75493178877137,795.9025205322249,0.42585487542677414,Caatinga | Cerrado,ok,
3124401,Espírito Santo do Dourado - MG,MG,6611.0,0.7,26386.707909348854,6472.173663409443,24.528158971723567,75.04909805908179,0.28442008876936015,Mata Atlântica,ok,
3124500,Estiva - MG,MG,11502.0,0.8,24386.46069008486,4135.978062732076,16.960140773579734,255.3681678161605,1.0471719166692735,Mata Atlântica,ok,
3124609,Estrela Dalva - MG,MG,2186.0,1.2,13138.219115447995,2526.0475288026196,19.226711829097738,45.17331791381836,0.3438313634205058,Mata Atlântica,ok,
3124708,Estrela do Indaiá - MG,MG,2772.0,0.6,63598.42011791847,14886.7558687316,23.40743031215228,102.0203573364264,0.16041335169532422,Cerrado,ok,
3124807,Estrela do Sul - MG,MG,6840.0,1.1,82243.35712566027,12589.730892602267,15.307900033027977,149.3990216613774,0.1816548191644335,Cerrado,ok,
3124906,Eugenópolis - MG,MG,10801.0,1.2,30937.51904527621,7923.429226690623,25.611068602801996,174.5510574523919,0.564205090902542,Mata Atlântica,ok,
3125002,Ewbank da Câmara - MG,MG,3875.0,1.4,10381.689890411288,3659.2466028442304,35.247119124835116,65.47062985839838,0.6306355761875359,Mata Atlântica,ok,
3125101,Extrema - MG,MG,53482.0,1.7,24456.389142272972,7045.042645770338,28.80655277762551,1390.229334942592,5.684524100655459,Mata Atlântica,ok,
3125200,Fama - MG,MG,2578.0,0.2,8603.246087817384,746.9776725646987,8.682509659028065,125.8132350341793,1.462392610300163,Mata Atlântica,ok,
3125309,Faria Lemos - MG,MG,3188.0,1.7,16521.557129431192,4399.934035931485,26.63147305948254,38.50713756713874,0.2330720843409054,Mata Atlântica,ok,
3125408,Felício dos Santos - MG,MG,5133.0,0.9,35762.02389580733,30432.63618360002,85.09763393779255,109.8552221069339,0.30718401851918986,Cerrado | Mata Atlântica,ok,
3125507,São Gonçalo do Rio Preto - MG,MG,3032.0,0.5,31444.727520318702,28880.12861027841,91.84410515758763,73.46654595336922,0.23363708878029613,Cerrado,ok,
3125606,Felisburgo - MG,MG,6489.0,1.0,59622.42718034224,30049.950874333743,50.40041523878339,169.5217201843265,0.28432542618831613,Mata Atlântica,ok,
3125705,Felixlândia - MG,MG,13978.0,0.6,155461.27288796453,56569.12436742475,36.38792048756228,952.4361801330077,0.6126517314826021,Cerrado,ok,
3125804,Fernandes Tourinho - MG,MG,2789.0,0.8,15186.989085834071,674.5777164611834,4.44181340125152,46.51542763061519,0.30628472416565616,Mata Atlântica,ok,
3125903,Ferros - MG,MG,9590.0,0.5,108880.77757950377,54291.823781806175,49.863552583616304,80.47557421875032,0.0739116453866136,Mata Atlântica,ok,
3125952,Fervedouro - MG,MG,10445.0,1.1,35769.51079492364,10162.871301849644,28.412105941610875,130.4083274108888,0.364579566543572,Mata Atlântica,ok,
3126000,Florestal - MG,MG,8045.0,0.5,19422.602188359433,6708.024733771605,34.53720911707666,296.5347460388148,1.526750860482213,Cerrado | Mata Atlântica,ok,
3126109,Formiga - MG,MG,68248.0,0.8,150190.4296745716,29952.90519064915,19.94328483882113,1888.7914081909564,1.2575977126395712,Cerrado | Mata Atlântica,ok,
3126208,Formoso - MG,MG,7949.0,0.9,368599.26630537835,282353.0699377549,76.60163645139491,278.007847790528,0.07542278924673798,Cerrado,ok,
3126307,Fortaleza de Minas - MG,MG,3477.0,1.1,21878.880541656185,5919.318994085908,27.05494452888415,56.06951876831078,0.25627233834728197,Mata Atlântica,ok,
3126406,Fortuna de Minas - MG,MG,3093.0,0.2,19865.216795727098,6527.28112950433,32.85783989484733,95.41409769897444,0.4803073567236252,Cerrado | Mata Atlântica,ok,
3126505,Francisco Badaró - MG,MG,7366.0,0.8,46147.069106623465,24380.51448317991,52.83220571787211,224.22187707519544,0.4858854124779356,Cerrado | Mata Atlântica,ok,
3126604,Francisco Dumont - MG,MG,4503.0,0.8,157612.25906472898,97052.1154930548,61.576501770206185,155.0738699035653,0.09838947225537756,Cerrado,ok,
3126703,Francisco Sá - MG,MG,23476.0,0.7,274727.253827197,128189.5515738675,46.66066063270829,568.8165712768573,0.2070477403871412,Caatinga | Cerrado,ok,
3126752,Franciscópolis - MG,MG,5034.0,1.2,71709.2763708676,31311.649797937655,43.66471310629238,41.04430319213862,0.05723709019160198,Mata Atlântica,ok,
3126802,Frei Gaspar - MG,MG,5640.0,0.6,62667.980712193916,24798.591457122417,39.57139064526634,61.52330597534183,0.09817342967837264,Mata Atlântica,ok,
3126901,Frei Inocêncio - MG,MG,8226.0,1.3,46953.47364602916,9375.341049615172,19.967300226376416,157.2518470703137,0.3349099328748224,Mata Atlântica,ok,
3126950,Frei Lagonegro - MG,MG,3391.0,0.8,16746.535089636174,7549.849305914363,45.083053094288694,15.73457185668947,0.09395717844001669,Mata Atlântica,ok,
3127008,Fronteira - MG,MG,14540.0,0.9,19998.542914685284,1913.6772503112784,9.56908340010127,579.878915979001,2.8996058285485673,Cerrado | Mata Atlântica,ok,
3127057,Fronteira dos Vales - MG,MG,4345.0,1.2,32075.421462963597,14090.09838275121,43.92802257959594,57.80587738647461,0.1802186058668663,Mata Atlântica,ok,
3127073,Fruta de Leite - MG,MG,4647.0,0.3,76283.2624835269,69602.40143947177,91.24203550484245,158.7980274719231,0.20816889878853173,Cerrado | Mata Atlântica,ok,
3127107,Frutal - MG,MG,58588.0,1.8,242697.088831159,20794.34065016443,8.568022282554352,1879.2641153136703,0.7743249514711107,Cerrado | Mata Atlântica,ok,
3127206,Funilândia - MG,MG,4686.0,0.4,19978.862083709835,7517.297237048349,37.62625321478008,288.3084758972162,1.4430675515413578,Cerrado,ok,
3127305,Galiléia - MG,MG,6222.0,2.1,72028.73747810378,20747.034334063894,28.80382894448323,162.0265108520481,0.22494703714792028,Mata Atlântica,ok,
3127339,Gameleiras - MG,MG,4793.0,0.5,173318.4608974912,98753.11528130721,56.97783996576944,103.2474726135253,0.05957096092296295,Caatinga,ok,
3127354,Glaucilândia - MG,MG,2928.0,0.6,14587.818013702241,2301.9631092895406,15.780037200404626,69.62850966186545,0.47730585613601606,Cerrado,ok,
3127370,Goiabeira - MG,MG,2830.0,0.5,11243.745922266271,2766.1279370239195,24.60148029088853,70.85697907104455,0.6301901480246428,Mata Atlântica,ok,
3127388,Goianá - MG,MG,4053.0,0.9,15202.292529870796,2702.929036584551,17.779746253886376,250.6073424133301,1.6484838843938494,Mata Atlântica,ok,
3127404,Gonçalves - MG,MG,4727.0,1.2,18734.994503442005,7340.049531304998,39.17828494668883,34.96633462524416,0.1866364818992614,Mata Atlântica,ok,
3127503,Gonzaga - MG,MG,5230.0,0.6,20936.032635235984,8637.198000555634,41.255180248520276,70.5836687438966,0.3371396576116438,Mata Atlântica,ok,
3127602,Gouveia - MG,MG,11331.0,0.3,86658.59756694686,61809.36296288983,71.3251364530102,307.6953952270521,0.3550662067769403,Cerrado,ok,
3127701,Governador Valadares - MG,MG,257171.0,1.3,234238.99340294712,52599.04358304584,22.455289283352965,4558.103978900062,1.9459202384203524,Mata Atlântica,ok,
3127800,Grão Mogol - MG,MG,13901.0,0.6,388526.6837537239,305131.1945930084,78.5354538959858,327.1299850830075,0.08419755933426852,Cerrado,ok,
3127909,Grupiara - MG,MG,1392.0,0.6,19315.033032165167,1909.250636267057,9.884790945413334,37.35315230712892,0.19338901592829286,Cerrado,ok,
3128006,Guanhães - MG,MG,32244.0,0.9,107517.16522233021,46880.5839727545,43.60288320084716,662.9608031005425,0.6166092658131693,Mata Atlântica,ok,
3128105,Guapé - MG,MG,13772.0,1.1,93433.90381124312,30710.640789489753,32.868840470940775,403.3551680419954,0.43170107593584117,Cerrado,ok,
3128204,Guaraciaba - MG,MG,9753.0,0.8,34854.31501485824,14147.699240856791,40.59095476363741,73.85923433837904,0.21190843746862667,Mata Atlântica,ok,
3128253,Guaraciama - MG,MG,5051.0,0.5,39025.660893499946,18115.025053350713,46.41824030292828,92.429777996826,0.23684359439565816,Cerrado,ok,
3128303,Guaranésia - MG,MG,19150.0,0.8,29483.95483646816,5199.806927130141,17.636056478755,530.0148026855497,1.7976380903622338,Mata Atlântica,ok,
3128402,Guarani - MG,MG,7714.0,1.0,26421.447533136732,4877.762075347886,18.461373356741298,168.6506773986812,0.638309756447546,Mata Atlântica,ok,
3128501,Guarará - MG,MG,3149.0,0.9,8864.94235761039,1883.1463655028858,21.242623917190382,81.36813060302688,0.9178641814086228,Mata Atlântica,ok,
3128600,Guarda-Mor - MG,MG,6539.0,0.5,206876.3363778492,78428.19971557881,37.910667352661186,162.6293686828604,0.07861187583379572,Cerrado,ok,
3128709,Guaxupé - MG,MG,50911.0,1.3,28640.85725776963,6811.125554083159,23.78115114635911,1605.937704302962,5.607156552087165,Mata Atlântica,ok,
3128808,Guidoval - MG,MG,7131.0,0.5,15837.686308813247,2427.2190968262407,15.325591437403066,196.6899950805662,1.2419111683700512,Mata Atlântica,ok,
3128907,Guimarânia - MG,MG,8478.0,1.0,36678.81038793971,8041.65777368774,21.92453268967497,196.3043603759749,0.5351982746979204,Cerrado,ok,
3129004,Guiricema - MG,MG,7778.0,0.9,29357.149449133045,3992.83747327272,13.60090318098181,156.1596445556637,0.5319305432778498,Mata Atlântica,ok,
3129103,Gurinhatã - MG,MG,5192.0,0.6,184917.5377974131,39226.729480896625,21.213093116063213,138.7039242187505,0.07500852859651849,Cerrado | Mata Atlântica,ok,
3129202,Heliodora - MG,MG,6134.0,1.1,15394.935365502448,3682.890024871719,23.92273781885748,101.9334986206056,0.6621235893527818,Mata Atlântica,ok,
3129301,Iapu - MG,MG,12030.0,1.5,34098.05550584743,5517.770247393851,16.18206717520187,207.5446030822758,0.6086699080147966,Mata Atlântica,ok,
3129400,Ibertioga - MG,MG,5198.0,0.9,34624.458826659524,11761.121830786129,33.96766976103757,97.86888466186451,0.28265823634045995,Mata Atlântica,ok,
3129509,Ibiá - MG,MG,22229.0,1.0,270410.90379207913,94708.46819931461,35.023908751895824,512.1445617981088,0.18939493734021184,Cerrado,ok,
3129608,Ibiaí - MG,MG,6286.0,2.4,87475.63983366913,38538.77579828206,44.05658063383332,222.3626145568845,0.25419947196693465,Cerrado,ok,
3129657,Ibiracatu - MG,MG,5081.0,0.7,35322.7910892879,25944.68331954294,73.45026403480048,140.6971745178222,0.3983183949483835,Caatinga | Cerrado,ok,
3129707,Ibiraci - MG,MG,10948.0,0.5,56209.01824446853,17125.5490984065,30.46761824574619,329.957562725829,0.5870189037829349,Cerrado | Mata Atlântica,ok,
3129806,Ibirité - MG,MG,170537.0,1.5,7238.501421752792,2723.5335701781537,37.62565497318994,2539.884841485547,35.088545176668866,Mata Atlântica,ok,
3129905,Ibitiúra de Minas - MG,MG,3365.0,0.7,6830.753091082586,1359.9499882934492,19.9092247979046,75.45401943969722,1.1046222639521395,Mata Atlântica,ok,
3130002,Ibituruna - MG,MG,2698.0,0.9,15308.606238885986,3565.5926323181307,23.291425598635033,67.48419017333947,0.4408251745473749,Mata Atlântica,ok,
3130051,Icaraí de Minas - MG,MG,10677.0,0.5,62569.29861882032,20117.031223112648,32.15160097233632,196.1704452819822,0.31352508276795,Caatinga | Cerrado,ok,
3130101,Igarapé - MG,MG,45847.0,1.3,11100.338191387895,3411.9765940368716,30.737591370720807,1770.025478997887,15.945689658096601,Mata Atlântica,ok,
3130200,Igaratinga - MG,MG,10830.0,1.4,21835.01146950149,3868.3692140380213,17.716359890358873,425.243631774904,1.9475310666489547,Cerrado | Mata Atlântica,ok,
3130309,Iguatama - MG,MG,6826.0,0.6,62820.85487108197,11455.611506548727,18.235363925017257,242.7130169921852,0.38635739276434483,Cerrado,ok,
3130408,Ijaci - MG,MG,7003.0,0.6,10525.044318237698,2035.2086762756014,19.336818114380865,289.3521698730475,2.749177686327275,Mata Atlântica,ok,
3130507,Ilicínea - MG,MG,12741.0,0.6,37633.78945573778,16031.941679608131,42.599860156160396,241.6211158264179,0.6420323845160363,Cerrado,ok,
3130556,Imbé de Minas - MG,MG,6986.0,1.0,19674.604551404624,2864.2704758850573,14.558211162015805,98.76127587890585,0.5019733719214957,Mata Atlântica,ok,
3130606,Inconfidentes - MG,MG,7301.0,1.2,14960.950899176007,2515.708815740985,16.815166580618488,144.2590963928225,0.9642374830651156,Mata Atlântica,ok,
3130655,Indaiabira - MG,MG,6346.0,0.8,100412.18644394809,79942.53224729876,79.61437259602363,133.9129163024903,0.13336321122460862,Cerrado | Mata Atlântica,ok,
3130705,Indianópolis - MG,MG,6171.0,0.3,82999.70934519658,16418.258944848036,19.781104144069158,120.3416376464851,0.14499043261221925,Cerrado,ok,
3130804,Ingaí - MG,MG,2580.0,0.6,30561.900105109373,10572.929998449697,34.59513303193509,57.20373009033226,0.18717334293219837,Mata Atlântica,ok,
3130903,Inhapim - MG,MG,22692.0,0.9,85804.62942257112,16602.16000420526,19.34879285177359,359.5177284179627,0.4189957241670584,Mata Atlântica,ok,
3131000,Inhaúma - MG,MG,6239.0,0.8,24500.1024615657,6279.6408827024925,25.631080084475638,279.0309182617202,1.138896944204406,Cerrado | Mata Atlântica,ok,
3131109,Inimutaba - MG,MG,7371.0,0.5,52703.9208055335,14433.334831634247,27.385694671351395,438.2163589111342,0.8314682327488715,Cerrado,ok,
3131158,Ipaba - MG,MG,17136.0,1.0,11326.875303485003,3654.7824632324814,32.26646683492661,276.9498903625505,2.445068767353162,Mata Atlântica,ok,
3131208,Ipanema - MG,MG,19522.0,1.5,45665.98324091518,11544.736974676878,25.28082427081781,344.7987768859888,0.7550451176469156,Mata Atlântica,ok,
3131307,Ipatinga - MG,MG,227731.0,1.5,16489.45714653343,5960.291200689911,36.14607289811806,3897.19677849729,23.634475919157808,Mata Atlântica,ok,
3131406,Ipiaçu - MG,MG,3775.0,0.7,46603.311534215325,3679.686924224701,7.895762775405221,102.4363171813973,0.21980480315479375,Cerrado | Mata Atlântica,ok,
3131505,Ipuiúna - MG,MG,9135.0,0.9,29820.261292986976,6545.31128994143,21.94920837759639,142.5745671203623,0.47811307124224456,Mata Atlântica,ok,
3131604,Iraí de Minas - MG,MG,7180.0,0.4,35625.44178872592,7107.468626928656,19.950541719816357,248.1984752807573,0.696688834773419,Cerrado,ok,
3131703,Itabira - MG,MG,113343.0,0.9,125459.7598228772,58356.27710676889,46.513939759772924,2320.132196710196,1.8493038724015851,Cerrado | Mata Atlântica,ok,
3131802,Itabirinha - MG,MG,10362.0,2.6,20906.712091898866,3711.751611340233,17.753875382339523,186.4551661804222,0.8918435637360291,Mata Atlântica,ok,
3131901,Itabirito - MG,MG,53365.0,0.8,54402.690085448805,40185.08025734837,73.86598014589126,1841.431118078568,3.3848162934338046,Mata Atlântica,ok,
3132008,Itacambira - MG,MG,4252.0,1.9,178844.6844789405,143449.23630115826,80.20883411720847,31.57161608276368,0.017653091661486493,Cerrado,ok,
3132107,Itacarambi - MG,MG,17208.0,1.5,122526.99747004762,87717.84065599903,71.5906228563563,402.3052154235851,0.328340058705781,Caatinga | Cerrado,ok,
3132206,Itaguara - MG,MG,13846.0,0.7,41048.661968150314,10695.2526483764,26.055057913154034,372.41254152831675,0.9072464817909823,Cerrado | Mata Atlântica,ok,
3132305,Itaipé - MG,MG,10463.0,0.7,48082.77706610037,26165.839371483627,54.41831975618404,162.9602432189936,0.3389160384704254,Mata Atlântica,ok,
3132404,Itajubá - MG,MG,93073.0,2.1,29482.09601907485,7365.025269213881,24.981348898832454,1595.820415112259,5.412845864418076,Mata Atlântica,ok,
3132503,Itamarandiba - MG,MG,32948.0,1.3,273554.5964924159,161128.62809041428,58.901817098467745,811.6445983886787,0.2967029648910253,Cerrado | Mata Atlântica,ok,
3132602,Itamarati de Minas - MG,MG,3690.0,0.6,9456.987634729185,3109.6906445740337,32.88246495273211,50.19055253906254,0.5307245232588255,Mata Atlântica,ok,
3132701,Itambacuri - MG,MG,21042.0,1.3,141920.3040816192,48792.6494839274,34.38031633293744,293.2984297363271,0.20666417792315991,Mata Atlântica,ok,
3132800,Itambé do Mato Dentro - MG,MG,2142.0,0.7,38034.237306317176,24298.911675354215,63.88694343903239,38.41881740112316,0.10101114186071007,Cerrado | Mata Atlântica,ok,
3132909,Itamogi - MG,MG,10770.0,0.6,24371.4975880738,4631.874024731452,19.005290946905376,239.7344224487299,0.9836671775395699,Cerrado | Mata Atlântica,ok,
3133006,Itamonte - MG,MG,14786.0,0.8,43178.99628243361,29445.468778173334,68.19396306845732,269.7795470947271,0.6247934651609323,Mata Atlântica,ok,
3133105,Itanhandu - MG,MG,15236.0,0.6,14335.596776647213,4190.03426751695,29.22818165716369,267.0090953430164,1.8625600280413583,Mata Atlântica,ok,
3133204,Itanhomi - MG,MG,11128.0,1.3,48886.12655556488,6336.86211727292,12.962495832166873,175.7157007934575,0.35943878800406853,Mata Atlântica,ok,
3133303,Itaobim - MG,MG,19151.0,1.3,67902.60793479114,42899.89909097536,63.178573541937276,472.8212502014148,0.6963226665100681,Mata Atlântica,ok,
3133402,Itapagipe - MG,MG,13690.0,0.8,180246.98146834373,15096.591400079671,8.375503033170652,442.5888251647967,0.2455457625749629,Cerrado | Mata Atlântica,ok,
3133501,Itapecerica - MG,MG,21046.0,1.4,104049.1449813706,28307.97110669506,27.206346685274003,461.3674895324699,0.4434130521832496,Cerrado | Mata Atlântica,ok,
3133600,Itapeva - MG,MG,12692.0,1.4,17729.02768292204,4006.0213245362515,22.595832079359653,262.0191909973133,1.4779106653982512,Mata Atlântica,ok,
3133709,Itatiaiuçu - MG,MG,12966.0,1.1,29432.420807000548,11854.304360455239,40.27634844645763,576.1999249450698,1.957704834146771,Mata Atlântica,ok,
3133758,Itaú de Minas - MG,MG,14406.0,0.9,15342.35453688344,4324.460357983402,28.186419154812782,350.8789748779269,2.286995610969648,Cerrado | Mata Atlântica,ok,
3133808,Itaúna - MG,MG,97669.0,0.9,49576.45826792271,12125.455563391502,24.458091576172546,2478.133345568908,4.9986090821101,Cerrado | Mata Atlântica,ok,
3133907,Itaverava - MG,MG,5642.0,0.9,28423.55506390405,9911.91928749385,34.87220112054633,76.83578887939457,0.2703243443919889,Mata Atlântica,ok,
3134004,Itinga - MG,MG,13745.0,0.6,164961.77423325396,111358.70218709359,67.5057616861187,286.8548328369139,0.17389169955901698,Mata Atlântica,ok,
3134103,Itueta - MG,MG,6055.0,0.6,45263.17548250758,13307.412832062053,29.40008669344209,90.27440542602504,0.1994433763510749,Mata Atlântica,ok,
3134202,Ituiutaba - MG,MG,102217.0,1.0,259802.44633952566,52891.07767766798,20.358190780292613,3227.867641931181,1.2424315811533226,Cerrado | Mata Atlântica,ok,
3134301,Itumirim - MG,MG,6638.0,0.6,23480.432084887652,7388.823527661233,31.468004936829026,175.3855942810061,0.7469436407598599,Mata Atlântica,ok,
3134400,Iturama - MG,MG,38295.0,1.0,140468.59953273283,9964.87782460936,7.0940251826795535,1402.7389087768524,0.9986138634848266,Cerrado | Mata Atlântica,ok,
3134509,Itutinga - MG,MG,4217.0,0.6,37200.30699946922,14059.493103765977,37.794024398687306,132.1676639343266,0.3552864871147768,Mata Atlântica,ok,
3134608,Jaboticatubas - MG,MG,20406.0,1.2,111496.05382796314,72173.60653399024,64.73198293219696,1473.966131622323,1.3219895063700031,Cerrado,ok,
3134707,Jacinto - MG,MG,11042.0,1.1,139363.7593237294,60087.79124999393,43.11579390623026,288.8616357421865,0.20727170187135024,Mata Atlântica,ok,
3134806,Jacuí - MG,MG,7495.0,0.4,40925.436814105306,7665.045855767853,18.72929515837453,207.3166848754871,0.5065717094656241,Mata Atlântica,ok,
3134905,Jacutinga - MG,MG,25525.0,0.8,34764.4177235106,6347.106116576738,18.25747857207542,695.765016845701,2.001371121412934,Mata Atlântica,ok,
3135001,Jaguaraçu - MG,MG,3092.0,0.6,16374.381339172342,9312.093381664921,56.869894433126774,83.58255700073236,0.5104471141195318,Mata Atlântica,ok,
3135050,Jaíba - MG,MG,37660.0,0.8,263545.7184915756,118908.53321188294,45.11874975335026,814.6205497131358,0.3091002784547895,Caatinga,ok,
3135076,Jampruca - MG,MG,4296.0,0.8,51710.9107929227,13816.24849192487,26.718246265768347,56.88751514892595,0.11001066172810813,Mata Atlântica,ok,
3135100,Janaúba - MG,MG,70699.0,0.9,218134.9201915771,80711.41780242437,37.00068642450257,1803.9167243286086,0.8269729224208201,Caatinga | Cerrado,ok,
3135209,Januária - MG,MG,65150.0,1.1,666160.0558395559,559809.7627030255,84.035324213113,1274.1882767334043,0.19127359342006112,Caatinga | Cerrado,ok,
3135308,Japaraíba - MG,MG,4506.0,0.4,17212.747277300765,2470.067062774781,14.35021977015936,135.9363306213381,0.7897422092555993,Cerrado | Mata Atlântica,ok,
3135357,Japonvar - MG,MG,8127.0,0.9,37519.01061810686,24911.743225755272,66.39765498968873,216.95509628906242,0.5782537777911415,Caatinga | Cerrado,ok,
3135407,Jeceaba - MG,MG,6197.0,0.5,23625.80699029017,5040.7826197508575,21.33591721045778,139.8590273193358,0.5919756619395716,Mata Atlântica,ok,
3135456,Jenipapo de Minas - MG,MG,6100.0,0.8,28446.768618036156,17971.75511174331,63.17678943804058,162.28659580688407,0.570492198906519,Cerrado | Mata Atlântica,ok,
3135506,Jequeri - MG,MG,12419.0,1.1,54790.162135282495,13991.250935534534,25.536064122220896,144.2193593688966,0.26322126773927823,Mata Atlântica,ok,
3135605,Jequitaí - MG,MG,6484.0,1.2,126840.14724713685,65335.112242579235,51.50980479018171,177.9027210510247,0.1402574223635967,Cerrado,ok,
3135704,Jequitibá - MG,MG,5883.0,0.7,44503.453475408765,19398.18707522639,43.588048927360724,166.2721833251949,0.3736163608450562,Cerrado,ok,
3135803,Jequitinhonha - MG,MG,24007.0,1.4,351417.6247387938,244914.0685264263,69.69316598974487,498.7418673767108,0.1419228383173502,Mata Atlântica,ok,
3135902,Jesuânia - MG,MG,5138.0,0.6,15386.973006500382,3235.7317026306628,21.02903346398083,86.03457551879845,0.5591390553713994,Mata Atlântica,ok,
3136009,Joaíma - MG,MG,13888.0,0.8,166420.3073157699,90978.59510437153,54.66796484863266,204.2107247802727,0.12270781617582183,Mata Atlântica,ok,
3136108,Joanésia - MG,MG,4329.0,0.1,23329.136492108923,6845.013275171012,29.34104859597498,39.9974368469238,0.1714484239931166,Mata Atlântica,ok,
3136207,João Monlevade - MG,MG,80187.0,0.9,9822.218084332228,5105.409211004252,51.97816997311507,1936.980574188574,19.720398768973794,Mata Atlântica,ok,
3136306,João Pinheiro - MG,MG,46801.0,1.1,1072704.306434096,548172.2941266062,51.101901133300274,1496.720211212168,0.13952775263740605,Cerrado,ok,
3136405,Joaquim Felício - MG,MG,3854.0,0.4,79094.39651775418,50197.42016198889,63.46520407513465,90.95459200439478,0.11499498827831421,Cerrado,ok,
3136504,Jordânia - MG,MG,10304.0,0.5,54673.11865623307,16689.91337768695,30.526726456977404,100.2674268920904,0.18339437982775345,Mata Atlântica,ok,
3136520,José Gonçalves de Minas - MG,MG,3969.0,1.2,38132.07873153005,25699.48810156193,67.39597985858543,118.362762127685,0.31040207107779594,Cerrado,ok,
3136553,José Raydan - MG,MG,4268.0,0.8,18078.830092620636,6433.597009649542,35.58635695279635,48.80306323242187,0.26994591454422795,Mata Atlântica,ok,
3136579,Josenópolis - MG,MG,3630.0,0.8,54138.528132862695,36452.580829238155,67.33204999548377,57.47844856567396,0.10616921173884647,Cerrado,ok,
3136603,Nova União - MG,MG,5909.0,0.5,17211.53545103138,8411.441697174128,48.8709547216491,161.7492298583982,0.9397722261246922,Cerrado | Mata Atlântica,ok,
3136652,Juatuba - MG,MG,30716.0,1.2,9702.546077168501,3179.8521984804365,32.773378999591564,1807.843961041565,18.63267586325289,Mata Atlântica,ok,
3136702,Juiz de Fora - MG,MG,540756.0,1.3,143574.28655571034,51552.94522643785,35.906809264508546,9042.052926556033,6.29782194532967,Mata Atlântica,ok,
3136801,Juramento - MG,MG,3768.0,1.4,43162.465037862785,15634.898047350529,36.223366838838686,144.4918809265133,0.33476281023283255,Cerrado,ok,
3136900,Juruaia - MG,MG,11084.0,0.3,22034.99506245116,4525.892771123923,20.539567893238573,177.2826507019045,0.8045504444155918,Mata Atlântica,ok,
3136959,Juvenília - MG,MG,5789.0,1.4,106472.15281571083,71721.26035324192,67.361519849591,171.8890837585448,0.16144041349108626,Caatinga,ok,
3137007,Ladainha - MG,MG,14383.0,1.7,86630.1609339325,55670.812364760735,64.26262142952434,98.69270844116198,0.11392418919367917,Mata Atlântica,ok,
3137106,Lagamar - MG,MG,6631.0,0.7,147454.19559040552,68224.83677186658,46.268494767948,214.0863442443853,0.1451883707935099,Cerrado,ok,
3137205,Lagoa da Prata - MG,MG,51412.0,1.3,44001.340562670914,7681.705746215939,17.45789025512739,1685.26366267694,3.830027997162101,Cerrado | Mata Atlântica,ok,
3137304,Lagoa dos Patos - MG,MG,3313.0,0.8,60057.76458139991,27762.67460536967,46.22661998639867,95.95388794555596,0.15976932976834973,Cerrado,ok,
3137403,Lagoa Dourada - MG,MG,12769.0,0.5,47669.133703063686,12018.699253356406,25.212749466399398,236.8921487731931,0.4969508156972613,Mata Atlântica,ok,
3137502,Lagoa Formosa - MG,MG,18904.0,0.6,84092.11853617105,13360.15587620251,15.887524430075842,581.4661345031424,0.6914632959960841,Cerrado,ok,
3137536,Lagoa Grande - MG,MG,8969.0,0.4,123634.038367299,35103.8770788579,28.39337575835654,262.8679430419903,0.21261777623169387,Cerrado,ok,
3137601,Lagoa Santa - MG,MG,75145.0,1.0,22976.38210972911,9652.555825073352,42.01077340625388,3267.410957696517,14.220737373239304,Cerrado,ok,
3137700,Lajinha - MG,MG,20835.0,1.1,43191.887150237584,12126.640609240558,28.07619997491555,222.2616069335932,0.5145910993897627,Mata Atlântica,ok,
3137809,Lambari - MG,MG,20414.0,0.8,21310.246543347406,4930.776681451246,23.138055542536776,409.0630414245655,1.9195603419814307,Mata Atlântica,ok,
3137908,Lamim - MG,MG,3184.0,0.9,11860.749419732656,3638.918822875999,30.680344842476416,37.6728508666994,0.31762622692309234,Mata Atlântica,ok,
3138005,Laranjal - MG,MG,5963.0,0.6,20488.53191563051,3606.4370697509203,17.60222296356726,97.50252809448237,0.475888309108661,Mata Atlântica,ok,
3138104,Lassance - MG,MG,7124.0,0.9,320419.1367753132,179566.10460522416,56.04100504494552,217.3079379821785,0.06781989995015837,Cerrado,ok,
3138203,Lavras - MG,MG,104761.0,1.0,56473.35213688849,10574.240778637564,18.724301601587506,2587.021750085483,4.580960138181059,Mata Atlântica,ok,
3138302,Leandro Ferreira - MG,MG,3199.0,0.3,35201.88802320591,11483.296354980559,32.621251301664564,75.43446235961913,0.21429095595637077,Cerrado | Mata Atlântica,ok,
3138351,Leme do Prado - MG,MG,4341.0,0.7,28005.096008819968,21877.212567944636,78.11868440320502,119.5997065734867,0.4270640833933217,Cerrado,ok,
3138401,Leopoldina - MG,MG,51145.0,1.8,94308.3397008188,23176.041563354785,24.574753024894537,913.1590631042524,0.9682696843154414,Mata Atlântica,ok,
3138500,Liberdade - MG,MG,4737.0,0.6,40131.950514909666,20632.973334606726,51.412834586600134,88.5922913085939,0.22075251806084142,Mata Atlântica,ok,
3138609,Lima Duarte - MG,MG,17221.0,1.1,84856.08649684956,45236.11758174284,53.30921970272847,296.8177658081061,0.3497896003242219,Mata Atlântica,ok,
3138625,Limeira do Oeste - MG,MG,8687.0,0.9,131713.88144287668,14890.931048193379,11.30551380391251,340.21699932861287,0.2583000330729472,Cerrado | Mata Atlântica,ok,
3138658,Lontra - MG,MG,8790.0,1.1,25894.985725029062,17705.759362724417,68.37524280081273,201.9986475830073,0.7800685805660185,Caatinga | Cerrado,ok,
3138674,Luisburgo - MG,MG,6956.0,0.6,14543.32135120239,3889.6350390198304,26.74516326147362,49.16925831298811,0.3380882339433624,Mata Atlântica,ok,
3138682,Luislândia - MG,MG,6210.0,0.9,41173.424307375004,22960.459208671902,55.765240795284576,126.1988326660157,0.30650555495188897,Cerrado,ok,
3138708,Luminárias - MG,MG,5586.0,1.4,50015.78902630518,20660.850824346362,41.30865717919605,111.8172840759275,0.2235639710034737,Mata Atlântica,ok,
3138807,Luz - MG,MG,17875.0,0.7,117160.7162192662,17196.523382384912,14.67772128518029,551.541928503409,0.47075670608841164,Cerrado,ok,
3138906,Machacalis - MG,MG,6487.0,0.7,33235.11560489278,4221.066854956087,12.700623356142843,102.9218880798343,0.30967814074545424,Mata Atlântica,ok,
3139003,Machado - MG,MG,37684.0,1.4,58598.75145656362,10266.510577045134,17.520015907941648,805.5392622558536,1.3746696682658166,Mata Atlântica,ok,
3139102,Madre de Deus de Minas - MG,MG,5191.0,0.8,49290.16378523503,18146.135043609553,36.81492137594654,223.3363905212396,0.4531053933891379,Mata Atlântica,ok,
3139201,Malacacheta - MG,MG,17516.0,1.2,72788.07642474686,39542.17685502212,54.32507465134546,224.5918977050779,0.3085558909325979,Mata Atlântica,ok,
3139250,Mamonas - MG,MG,5997.0,0.2,28439.031692463886,11120.748424951227,39.10382232844494,125.725659863281,0.44208839886977336,Caatinga,ok,
3139300,Manga - MG,MG,18886.0,1.5,195019.82025440375,137920.78733175294,70.72142059808843,425.4662169311524,0.21816562869155087,Caatinga | Cerrado,ok,
3139409,Manhuaçu - MG,MG,91886.0,0.8,62830.40622588608,18125.794730987705,28.848762597240523,1153.363250488281,1.8356768955810066,Mata Atlântica,ok,
3139508,Manhumirim - MG,MG,20613.0,0.8,18289.371262633875,5630.019257336319,30.783011490606775,315.485075842287,1.7249640313597836,Mata Atlântica,ok,
3139607,Mantena - MG,MG,26535.0,1.4,68521.68531631201,15645.202570013262,22.83248361127047,536.6266505126684,0.7831486456228788,Mata Atlântica,ok,
3139706,Maravilhas - MG,MG,7333.0,0.4,26160.939788572945,6245.414411462424,23.87305066995495,269.78432858886765,1.0312486125085958,Cerrado | Mata Atlântica,ok,
3139805,Mar de Espanha - MG,MG,12721.0,1.1,37161.35291060168,11636.832259839042,31.314339625453186,233.6523202697734,0.6287508445450469,Mata Atlântica,ok,
3139904,Maria da Fé - MG,MG,14247.0,1.4,20289.37545589608,6032.469718267869,29.732160713280297,174.8464068481456,0.8617633757540593,Mata Atlântica,ok,
3140001,Mariana - MG,MG,61387.0,1.3,119418.74531958163,76952.80604627045,64.43946956596616,1100.286849182143,0.9213686228553298,Mata Atlântica,ok,
3140100,Marilac - MG,MG,4224.0,1.6,15883.270248376011,3113.563144793657,19.602783911027416,93.54649508666785,0.5889624342079839,Mata Atlântica,ok,
3140159,Mário Campos - MG,MG,15900.0,0.8,3518.9044947204557,1570.2197286010487,44.622402539111484,463.4176364135899,13.169372374523741,Mata Atlântica,ok,
3140209,Maripá de Minas - MG,MG,3387.0,1.0,7734.492693463337,1883.8164046386835,24.35604349630786,86.54640573120128,1.1189668044336556,Mata Atlântica,ok,
3140308,Marliéria - MG,MG,4592.0,1.0,54579.73781770461,40184.59626985316,73.62548424851182,95.11012247924803,0.17425903143198346,Mata Atlântica,ok,
3140407,Marmelópolis - MG,MG,3200.0,0.8,10790.010261309984,4490.979429217612,41.62164187480926,19.70260841064453,0.18260046036557237,Mata Atlântica,ok,
3140506,Martinho Campos - MG,MG,14003.0,0.7,105842.9292047907,24484.26620801411,23.132642295491095,491.7485597778311,0.4646021831334326,Cerrado,ok,
3140530,Martins Soares - MG,MG,8396.0,0.6,11327.579609075903,2322.6111950317068,20.504037713147298,123.2347046386713,1.0879173565015865,Mata Atlântica,ok,
3140555,Mata Verde - MG,MG,9112.0,0.8,22751.85868023055,9107.3529456724,40.02905025770894,97.69528350219741,0.4293947359434259,Mata Atlântica,ok,
3140605,Materlândia - MG,MG,3963.0,1.0,28052.254188995725,17390.4742466795,61.99314368647564,50.26363825073243,0.17917860686735732,Mata Atlântica,ok,
3140704,Mateus Leme - MG,MG,37841.0,1.2,30213.371679681484,11444.813616223002,37.87996168570504,1560.257023321428,5.164127459401369,Mata Atlântica,ok,
3140803,Matias Barbosa - MG,MG,14121.0,1.2,15706.620504742554,5976.617543273802,38.051581761138145,398.7126312866208,2.538500444231342,Mata Atlântica,ok,
3140852,Matias Cardoso - MG,MG,8895.0,1.0,194059.38518388695,120133.7109746243,61.90564339920375,225.7955186340347,0.1163538256189337,Caatinga,ok,
3140902,Matipó - MG,MG,18552.0,1.1,26698.899127796092,4877.874680346658,18.26994685061126,271.3374433288555,1.0162870088016756,Mata Atlântica,ok,
3141009,Mato Verde - MG,MG,12038.0,0.6,47226.47240647368,19935.55787782662,42.212676200422514,283.8350503295925,0.6010083664235001,Caatinga | Cerrado,ok,
3141108,Matozinhos - MG,MG,37618.0,0.6,25244.578704046773,8370.018739184565,33.15570775535592,1243.0382286315823,4.923980880030769,Cerrado | Mata Atlântica,ok,
3141207,Matutina - MG,MG,3814.0,1.0,26095.22899081192,6873.815117273009,26.341271500983055,111.6736238525386,0.42794651808519735,Cerrado,ok,
3141306,Medeiros - MG,MG,3900.0,0.7,94643.5954043721,30302.50405623277,32.017490382484915,62.51574376220719,0.06605385551457954,Cerrado,ok,
3141405,Medina - MG,MG,20156.0,0.4,143588.8086318457,99386.02789382129,69.21572011133676,377.6234226135278,0.2629894531555971,Mata Atlântica,ok,
3141504,Mendes Pimentel - MG,MG,5606.0,0.7,30548.49257502119,3800.0819113645343,12.439507127994181,69.20895814208954,0.22655441335485121,Mata Atlântica,ok,
3141603,Mercês - MG,MG,10373.0,1.2,34826.1713809134,8503.19439327375,24.41610448725338,169.3267846435549,0.486205568770488,Mata Atlântica,ok,
3141702,Mesquita - MG,MG,5040.0,0.7,27495.88863632797,9411.211952819836,34.22770610288843,70.41516597290033,0.2560934360196192,Mata Atlântica,ok,
3141801,Minas Novas - MG,MG,24405.0,0.9,181239.09056019876,124430.11797196884,68.65523193002298,525.5366715454091,0.28996872028049137,Cerrado | Mata Atlântica,ok,
3141900,Minduri - MG,MG,3741.0,1.1,21975.73654696163,9884.434864893457,44.978855856642866,118.0959250061035,0.5373923406559561,Mata Atlântica,ok,
3142007,Mirabela - MG,MG,13651.0,1.5,72329.08403204576,44375.66687079754,61.35245242582732,365.0781122863773,0.5047459361224975,Caatinga | Cerrado,ok,
3142106,Miradouro - MG,MG,8968.0,0.7,30164.588687853782,7098.064960595781,23.531118007433403,127.50688727417,0.4227038816727262,Mata Atlântica,ok,
3142205,Miraí - MG,MG,13633.0,1.0,32069.743961609453,6252.107267028788,19.49534512814682,211.8441051452635,0.660573110277591,Mata Atlântica,ok,
3142254,Miravânia - MG,MG,3985.0,0.7,60211.2663897162,50789.47037525082,84.35210454886798,94.91943837280293,0.15764398270323496,Caatinga | Cerrado,ok,
3142304,Moeda - MG,MG,5125.0,0.4,15512.058251403445,7260.741235479468,46.80707819558734,53.56857084350567,0.3453350288873437,Mata Atlântica,ok,
3142403,Moema - MG,MG,7548.0,1.1,20270.420049988275,3810.168223992902,18.796691013786397,251.5579433654744,1.2410100172819059,Cerrado,ok,
3142502,Monjolos - MG,MG,2169.0,0.3,65092.79016701204,38662.35375294869,59.39575435889387,36.88250379028321,0.05666142701158117,Cerrado,ok,
3142601,Monsenhor Paulo - MG,MG,8340.0,0.5,21654.910214624153,2712.681083929483,12.526863686082315,148.9772990905758,0.6879608255774128,Mata Atlântica,ok,
3142700,Montalvânia - MG,MG,14060.0,1.4,150373.05756196962,111898.17054063268,74.41370971293763,368.09142869262547,0.2447854919362352,Caatinga | Cerrado,ok,
3142809,Monte Alegre de Minas - MG,MG,20170.0,1.2,259598.79759153913,46522.846512256234,17.92105623904188,627.3080625244328,0.24164521112746404,Cerrado | Mata Atlântica,ok,
3142908,Monte Azul - MG,MG,20328.0,0.7,100130.21358616394,45605.00010673272,45.545693425979515,479.7235766418446,0.47909972371029985,Caatinga | Cerrado,ok,
3143005,Monte Belo - MG,MG,13046.0,0.6,42126.63458537151,5896.042475543302,13.995996911632494,328.4440347290035,0.7796588499453878,Mata Atlântica,ok,
3143104,Monte Carmelo - MG,MG,47692.0,0.8,134306.38625860208,28560.900122448005,21.26548179731009,1496.577862274114,1.1143013403640445,Cerrado,ok,
3143153,Monte Formoso - MG,MG,4381.0,0.9,38553.91559664276,20499.805593261288,53.17178625313584,53.10158320922833,0.1377333077262128,Mata Atlântica,ok,
3143203,Monte Santo de Minas - MG,MG,20890.0,0.6,59461.02987444399,11785.668865130665,19.82082868395806,517.0899096862792,0.8696282435372371,Cerrado | Mata Atlântica,ok,
3143302,Montes Claros - MG,MG,414240.0,1.3,358978.18347857386,184871.08089927756,51.49925243585503,8469.44323150598,2.3593197640690304,Caatinga | Cerrado,ok,
3143401,Monte Sião - MG,MG,24089.0,1.0,29160.348668317598,3782.7125861937393,12.972110276251996,512.5150501464867,1.7575751784591271,Mata Atlântica,ok,
3143450,Montezuma - MG,MG,6888.0,0.6,113038.51062851706,89757.86962269561,79.40468175281471,242.8296263122554,0.21482026343241203,Caatinga | Cerrado,ok,
3143500,Morada Nova de Minas - MG,MG,9067.0,0.6,208426.82044485386,58406.527051952646,28.02255819442681,294.1971723449729,0.14115130275319457,Cerrado,ok,
3143609,Morro da Garça - MG,MG,2411.0,0.5,41476.55548181696,10106.468379900778,24.366701290639682,77.06357871093728,0.18580033422669687,Cerrado,ok,
3143708,Morro do Pilar - MG,MG,3133.0,0.7,47757.37010712398,33291.0924761973,69.70880599480762,81.91676351318348,0.17152695663399592,Cerrado | Mata Atlântica,ok,
3143807,Munhoz - MG,MG,7451.0,0.8,19159.894292089906,4511.643533184889,23.54732998212576,198.0948375976566,1.033903603943365,Mata Atlântica,ok,
3143906,Muriaé - MG,MG,104108.0,1.4,84171.5233175598,17039.213522870472,20.243442023242753,1785.421620257599,2.121170616719878,Mata Atlântica,ok,
3144003,Mutum - MG,MG,27635.0,0.7,125079.87701832643,32002.564997058325,25.585702320741316,333.7352811584485,0.26681772409286136,Mata Atlântica,ok,
3144102,Muzambinho - MG,MG,21891.0,0.7,40994.25698232536,5527.138877343965,13.48271510257397,473.9673660278405,1.1561799162067778,Mata Atlântica,ok,
3144201,Nacip Raydan - MG,MG,2459.0,1.7,23350.97120756734,8230.21824735726,35.24572136293027,37.19179456787111,0.15927300940621425,Mata Atlântica,ok,
3144300,Nanuque - MG,MG,35038.0,1.3,151815.74384620765,8133.02963243418,5.357171414759921,903.1022210693309,0.5948673030803651,Mata Atlântica,ok,
3144359,Naque - MG,MG,6303.0,0.7,12717.92611935447,3031.6887099243336,23.837917294633684,148.3594221923819,1.1665378521628986,Mata Atlântica,ok,
3144375,Natalândia - MG,MG,3520.0,1.1,46864.952870206376,19904.36928408129,42.47175781699157,81.25916976318385,0.17339005970673457,Cerrado,ok,
3144409,Natércia - MG,MG,4691.0,0.8,18872.926950291963,4345.631141656496,23.02574027389678,65.38495401000972,0.34644840295425516,Mata Atlântica,ok,
3144508,Nazareno - MG,MG,8179.0,0.8,34144.72071897559,8126.766166735887,23.800944906307336,198.7400123779299,0.5820519488609613,Mata Atlântica,ok,
3144607,Nepomuceno - MG,MG,25018.0,1.1,58253.70219334094,9398.232465002598,16.1332792786463,492.581367169193,0.8455795058901865,Cerrado | Mata Atlântica,ok,
3144656,Ninheira - MG,MG,10588.0,0.6,110826.55967446616,68202.46518038084,61.53981985971032,251.1272556213385,0.2265948310215361,Cerrado | Mata Atlântica,ok,
3144672,Nova Belém - MG,MG,3151.0,0.7,14677.740000542768,3869.1043106078564,26.36035459454099,43.46646295165996,0.2961386626963866,Mata Atlântica,ok,
3144706,Nova Era - MG,MG,17438.0,0.7,36183.70253813293,17381.093790092535,48.03569720864004,505.0720735534745,1.3958551450648096,Mata Atlântica,ok,
3144805,Nova Lima - MG,MG,111697.0,1.1,42931.738615557966,32551.039410077283,75.82045465608319,3349.297170105117,7.8014477822507065,Mata Atlântica,ok,
3144904,Nova Módica - MG,MG,3663.0,0.2,37594.946974440856,5757.582373272689,15.314777215105572,60.54783829345676,0.1610531285883195,Mata Atlântica,ok,
3145000,Nova Ponte - MG,MG,14598.0,0.5,111107.85133045177,20424.18475667735,18.382305581567497,578.7944642211725,0.5209303008657319,Cerrado,ok,
3145059,Nova Porteirinha - MG,MG,6706.0,0.7,12095.312000774815,4163.8982791137305,34.42572030260149,195.5888914428712,1.6170636311848916,Caatinga,ok,
3145109,Nova Resende - MG,MG,16387.0,1.0,39015.95986514974,6406.734876611401,16.4208054825638,386.3631842163076,0.99026958596351,Mata Atlântica,ok,
3145208,Nova Serrana - MG,MG,105552.0,1.2,28249.300642787064,7778.822610596626,27.536336948514172,2712.784343268784,9.60301416864082,Cerrado,ok,
3145307,Novo Cruzeiro - MG,MG,26975.0,0.9,170294.31197361412,120630.14460352043,70.83627351112655,334.4780174011267,0.19641173772906262,Cerrado | Mata Atlântica,ok,
3145356,Novo Oriente de Minas - MG,MG,10275.0,1.4,75515.45842919836,38675.174943011836,51.21491115527404,90.28126500244133,0.11955335620068713,Mata Atlântica,ok,
3145372,Novorizonte - MG,MG,4571.0,0.8,27157.87311385527,20549.127465564085,75.66545207503908,197.678710510254,0.7278873042874748,Cerrado | Mata Atlântica,ok,
3145406,Olaria - MG,MG,1945.0,1.2,17822.790023035326,10141.230611096631,56.90035397370136,22.69188967895506,0.1273195142265975,Mata Atlântica,ok,
3145455,Olhos-d'Água - MG,MG,5385.0,0.8,209200.73959961848,153696.57046186246,73.468464191865,108.7230534606938,0.05197068311936889,Cerrado,ok,
3145505,Olímpio Noronha - MG,MG,2555.0,0.7,5462.946877551245,1443.7345604064676,26.42776129380227,59.01500685424808,1.0802778825610955,Mata Atlântica,ok,
3145604,Oliveira - MG,MG,39262.0,0.6,89728.19027892481,24956.351695153648,27.813278767325535,1092.291746838376,1.2173339765829774,Mata Atlântica,ok,
3145703,Oliveira Fortes - MG,MG,2027.0,0.4,11114.324413037686,2574.757881768939,23.16612135910495,40.70629462280289,0.36625073292851046,Mata Atlântica,ok,
3145802,Onça de Pitangui - MG,MG,2969.0,0.7,24699.05426439854,10789.132951080474,43.68237275640159,77.18920039672857,0.31251885019739334,Cerrado | Mata Atlântica,ok,
3145851,Oratórios - MG,MG,4917.0,0.9,8906.532181549166,2151.384974645984,24.155136149429833,48.75180541992204,0.5473713497708639,Mata Atlântica,ok,
3145877,Orizânia - MG,MG,8437.0,0.9,12180.70095079955,2654.401151251197,21.791858793454413,100.8929380126953,0.8283015765695537,Mata Atlântica,ok,
3145901,Ouro Branco - MG,MG,38724.0,0.9,25873.348338372703,16903.784118316587,65.33280461905514,1067.786342163114,4.126973935489759,Mata Atlântica,ok,
3146008,Ouro Fino - MG,MG,32094.0,0.8,53371.98922517503,10384.082220073533,19.45605245527455,754.146884442135,1.4130012678755686,Mata Atlântica,ok,
3146107,Ouro Preto - MG,MG,74821.0,0.7,124587.77114752145,89511.40403378865,71.84605937592407,1893.643940106163,1.5199276162216144,Mata Atlântica,ok,
3146206,Ouro Verde de Minas - MG,MG,5757.0,0.6,17549.095900085686,5599.4883359254345,31.907560183189233,81.60955642089812,0.46503567411982544,Mata Atlântica,ok,
3146255,Padre Carvalho - MG,MG,5058.0,0.4,44626.13897457692,33537.969090458486,75.15319465473978,214.2754519409181,0.4801568248218578,Cerrado,ok,
3146305,Padre Paraíso - MG,MG,17334.0,1.1,54435.298539104864,32823.67070004044,60.298504060670844,224.0741776977536,0.41163396492954785,Mata Atlântica,ok,
3146404,Paineiras - MG,MG,4224.0,0.3,63732.67758920171,16588.88707584823,26.028856315710325,130.3442917541509,0.20451720637614518,Cerrado,ok,
3146503,Pains - MG,MG,8142.0,1.4,42186.70084419018,11006.814850554912,26.09072202921679,191.1349197570803,0.45306913300238033,Cerrado,ok,
3146552,Pai Pedro - MG,MG,5551.0,1.0,83980.5735145966,33950.63708226757,40.42677450442349,74.41244422607448,0.08860673500061406,Caatinga,ok,
3146602,Paiva - MG,MG,1474.0,0.1,5843.441705132753,1456.0260367431517,24.917268113827678,31.95922349243166,0.546924656822697,Mata Atlântica,ok,
3146701,Palma - MG,MG,5707.0,1.1,31647.40613561584,6561.197213879609,20.732180026898536,91.22374423828134,0.2882503035078713,Mata Atlântica,ok,
3146750,Palmópolis - MG,MG,6301.0,0.5,43316.15160729542,10444.266831299006,24.111714553930863,109.5125284729007,0.2528214636095611,Mata Atlântica,ok,
3146909,Papagaios - MG,MG,13920.0,0.7,55355.31910129551,12908.816609618932,23.319920866135558,449.4517383178702,0.8119395671722384,Cerrado | Mata Atlântica,ok,
3147006,Paracatu - MG,MG,94023.0,0.7,823102.8201453456,355227.03418699134,43.15706683209571,2172.414358850168,0.2639298889130956,Cerrado,ok,
3147105,Pará de Minas - MG,MG,97139.0,1.2,55125.95897527626,13182.250559865164,23.912963701506477,2777.9224889035486,5.03922750831316,Cerrado | Mata Atlântica,ok,
3147204,Paraguaçu - MG,MG,21723.0,1.2,42430.65143206229,5128.214113049433,12.086107424630182,521.2763457397505,1.2285372204911598,Mata Atlântica,ok,
3147303,Paraisópolis - MG,MG,20445.0,1.9,33124.085952727924,5933.075259814536,17.91166484799536,430.991713037114,1.3011429618078858,Mata Atlântica,ok,
3147402,Paraopeba - MG,MG,24107.0,0.6,62563.87270413231,18508.493925915496,29.58335717714134,892.0823079589677,1.4258745013718535,Cerrado | Mata Atlântica,ok,
3147501,Passabém - MG,MG,1600.0,1.1,9418.019769732833,2871.7965579345955,30.492573047721066,19.76627626953125,0.20987720086397707,Mata Atlântica,ok,
3147600,Passa Quatro - MG,MG,15515.0,0.8,27723.67935296782,12260.999750934367,44.22573062843416,310.2575148803701,1.1191065620485796,Mata Atlântica,ok,
3147709,Passa Tempo - MG,MG,8473.0,0.6,42916.38926768276,11627.61952203918,27.09365750579372,198.5069632446289,0.4625434866071322,Mata Atlântica,ok,
3147808,Passa Vinte - MG,MG,2233.0,0.5,24655.95780135368,15890.66395115281,64.44959096369142,33.00348646240251,0.13385603077480335,Mata Atlântica,ok,
3147907,Passos - MG,MG,111939.0,1.2,133806.42633381896,25222.695284900034,18.850137453020903,2363.137216479473,1.7660864886892214,Cerrado | Mata Atlântica,ok,
3147956,Patis - MG,MG,4837.0,0.4,44420.31961884766,24697.69262333388,55.59998855310935,102.50248406372063,0.23075584539519736,Caatinga | Cerrado,ok,
3148004,Patos de Minas - MG,MG,159235.0,1.0,319047.58149431844,85670.98157865289,26.852101864366745,4369.920942217775,1.3696768744493972,Cerrado,ok,
3148103,Patrocínio - MG,MG,89826.0,1.0,287438.09373054624,89449.40032695941,31.119535746299576,2304.264663983131,0.8016559788846996,Cerrado,ok,
3148202,Patrocínio do Muriaé - MG,MG,5576.0,0.3,10824.948155878224,1760.0329979248083,16.259043208156754,93.71012697753932,0.865686612334049,Mata Atlântica,ok,
3148301,Paula Cândido - MG,MG,8659.0,0.8,26832.467441448593,8178.452895392184,30.479689999581556,118.9051700195314,0.44313915698955236,Mata Atlântica,ok,
3148400,Paulistas - MG,MG,4389.0,0.9,22055.977728204336,9603.198494885246,43.540116938933274,51.89008827514667,0.23526541835772538,Mata Atlântica,ok,
3148509,Pavão - MG,MG,8047.0,1.3,60119.46013186277,18632.373401526016,30.99225003128567,81.29513420410137,0.1352226617234969,Mata Atlântica,ok,
3148608,Peçanha - MG,MG,17446.0,0.6,99663.61265557467,43466.53441127825,43.613243844063035,172.4560195922845,0.17303809785450133,Mata Atlântica,ok,
3148707,Pedra Azul - MG,MG,24410.0,0.8,159466.67878148006,119419.29820611491,74.88667796847844,543.4423234374973,0.3407873842924801,Mata Atlântica,ok,
3148756,Pedra Bonita - MG,MG,7320.0,0.8,17392.810105498975,4345.117519561695,24.982262746535287,65.33304557495097,0.3756324893945403,Mata Atlântica,ok,
3148806,Pedra do Anta - MG,MG,3311.0,0.9,17312.257615038914,3737.8081859313656,21.590530068616726,49.95763607177758,0.2885680029875485,Mata Atlântica,ok,
3148905,Pedra do Indaiá - MG,MG,4112.0,0.8,34792.93002220355,6467.055477832015,18.587268947182604,108.7665432250973,0.3126110481516979,Mata Atlântica,ok,
3149002,Pedra Dourada - MG,MG,2757.0,0.5,6999.942963647479,2253.2089049011333,32.18896091871937,36.65839837646479,0.5236956724767812,Mata Atlântica,ok,
3149101,Pedralva - MG,MG,10760.0,1.1,21796.97086574114,5246.587176116024,24.07025824107615,139.6880556884764,0.6408599458561819,Mata Atlântica,ok,
3149150,Pedras de Maria da Cruz - MG,MG,10433.0,1.0,152560.9716160599,96902.77848818206,63.51741042397847,195.7222229614255,0.12829114870478583,Caatinga | Cerrado,ok,
3149200,Pedrinópolis - MG,MG,3344.0,1.5,35786.69085506589,8311.237056268303,23.22437995155336,104.6524272399907,0.2924339321113182,Cerrado,ok,
3149309,Pedro Leopoldo - MG,MG,62580.0,0.8,29281.38817493283,9178.752825903439,31.346713383490382,1909.9280526916605,6.522669080035998,Cerrado | Mata Atlântica,ok,
3149408,Pedro Teixeira - MG,MG,1810.0,0.1,11296.2425011961,4261.931445581083,37.72875312414556,18.88891550292972,0.167214146659207,Mata Atlântica,ok,
3149507,Pequeri - MG,MG,3351.0,0.9,9081.055940307484,2717.0461149413522,29.91993588412311,101.5070879577642,1.117789479824823,Mata Atlântica,ok,
3149606,Pequi - MG,MG,4155.0,0.8,20397.645618475482,5283.693055792182,25.90344569476389,130.03557222900398,0.6375028503839789,Cerrado | Mata Atlântica,ok,
3149705,Perdigão - MG,MG,12268.0,1.2,24929.178922128685,5149.795336553711,20.657701373318933,427.1440048461925,1.7134298974726077,Cerrado | Mata Atlântica,ok,
3149804,Perdizes - MG,MG,17151.0,0.8,245109.3373323114,71442.71222846644,29.14728300685122,426.4405070739708,0.17397970706265523,Cerrado,ok,
3149903,Perdões - MG,MG,21384.0,1.1,27064.587869220475,3248.2146531494386,12.001714819546576,626.3982620666527,2.314457050273548,Mata Atlântica,ok,
3149952,Periquito - MG,MG,6553.0,0.6,22888.74016597335,5923.801177191088,25.88085291822865,204.5511213745121,0.8936757545030809,Mata Atlântica,ok,
3150000,Pescador - MG,MG,3570.0,1.2,31745.241436551525,6418.844448529112,20.219863381282853,56.75373377075157,0.17877871202896328,Mata Atlântica,ok,
3150109,Piau - MG,MG,2796.0,0.5,19219.932659515016,5361.438276086506,27.895198027305646,48.99415935058597,0.2549132726868891,Mata Atlântica,ok,
3150158,Piedade de Caratinga - MG,MG,8529.0,1.0,10934.528839062552,2332.5111960817003,21.331611360784276,176.3656137268063,1.6129237603430804,Mata Atlântica,ok,
3150208,Piedade de Ponte Nova - MG,MG,3976.0,0.4,8371.530666216899,1072.918531744386,12.816276670574972,63.9300153381346,0.7636598118922573,Mata Atlântica,ok,
3150307,Piedade do Rio Grande - MG,MG,4604.0,1.4,32278.50159032499,12339.447835473551,38.22806892365821,113.5183123046876,0.3516839590184479,Mata Atlântica,ok,
3150406,Piedade dos Gerais - MG,MG,5019.0,0.9,25962.392785126343,4141.152609735121,15.950581458376037,99.41339123535174,0.38291305450206775,Mata Atlântica,ok,
3150505,Pimenta - MG,MG,8563.0,0.5,41493.43093858593,11822.261674737701,28.491887528499944,286.7689654296877,0.6911189529112017,Cerrado,ok,
3150539,Pingo-d'Água - MG,MG,4706.0,0.6,6658.249064563212,1760.921667761246,26.44721834052875,107.0343420776372,1.607544882141755,Mata Atlântica,ok,
3150570,Pintópolis - MG,MG,7084.0,1.0,122874.50639013073,81127.26895447467,66.02449225463648,98.29940275878913,0.07999983531708782,Caatinga | Cerrado,ok,
3150604,Piracema - MG,MG,6700.0,1.3,28032.017219290945,3991.744401696705,14.239947023682923,136.3709927673336,0.4864829801598668,Mata Atlântica,ok,
3150703,Pirajuba - MG,MG,5537.0,0.9,33796.97133305262,3317.3561492126264,9.815542690265659,172.9202636291509,0.5116442592595244,Cerrado,ok,
3150802,Piranga - MG,MG,17018.0,0.5,65879.11322742172,30046.997706891314,45.60929289252251,142.8368794555662,0.21681663953562652,Mata Atlântica,ok,
3150901,Piranguçu - MG,MG,6041.0,1.2,20362.23608795774,7314.1404281006335,35.92012388279021,71.3228920410157,0.3502704306782701,Mata Atlântica,ok,
3151008,Piranguinho - MG,MG,9120.0,1.4,12479.687399365132,1514.7583491332978,12.13779080083654,181.2910745361325,1.4526892279798225,Mata Atlântica,ok,
3151107,Pirapetinga - MG,MG,11077.0,0.8,19065.44894120875,2583.3397198365087,13.549849929066108,189.0299321228031,0.9914790504315216,Mata Atlântica,ok,
3151206,Pirapora - MG,MG,55606.0,1.0,54949.30531732102,25095.229955016654,45.669785650786345,2142.677230657886,3.8993709170377358,Cerrado,ok,
3151305,Piraúba - MG,MG,11610.0,1.2,14428.350048839706,2127.2801399474783,14.743751938001735,282.4061049560511,1.9573000654968273,Mata Atlântica,ok,
3151404,Pitangui - MG,MG,26685.0,2.0,56963.782622859115,19557.866752673013,34.33386241598464,692.9189402526694,1.2164201679517794,Cerrado | Mata Atlântica,ok,
3151503,Piumhi - MG,MG,36062.0,1.1,90245.48624321326,19630.09756185882,21.751888519892663,983.9700385803276,1.090326042377909,Cerrado,ok,
3151602,Planura - MG,MG,11145.0,1.3,31751.897936657875,3261.3780313170987,10.27144279004439,371.0619031555178,1.1686290498153915,Cerrado,ok,
3151701,Poço Fundo - MG,MG,16390.0,1.3,47422.92742548678,9314.840735528605,19.6420618490171,252.4056219299305,0.5322438652200933,Mata Atlântica,ok,
3151800,Poços de Caldas - MG,MG,163742.0,1.0,54696.97575405969,12544.648003009523,22.93481098372873,4023.754438281062,7.356447742876192,Mata Atlântica,ok,
3151909,Pocrane - MG,MG,8350.0,0.8,69105.9273564969,15981.966145830982,23.126766049147676,138.9899595703134,0.20112595964931573,Mata Atlântica,ok,
3152006,Pompéu - MG,MG,31047.0,0.7,255109.51827577947,74985.29828559389,29.393375359884843,1248.353043609622,0.48934004973507994,Cerrado,ok,
3152105,Ponte Nova - MG,MG,57776.0,1.5,47066.80322368887,11906.466352422682,25.296951432703462,977.6950150695737,2.077249670904985,Mata Atlântica,ok,
3152131,Ponto Chique - MG,MG,3747.0,0.7,60278.123141273296,22631.515123265355,37.54515559521334,96.55640132446284,0.16018481713202065,Cerrado,ok,
3152170,Ponto dos Volantes - MG,MG,10883.0,1.0,121243.62877703842,77216.34766485903,63.686932207263794,196.0319978210452,0.16168437038579503,Mata Atlântica,ok,
3152204,Porteirinha - MG,MG,37438.0,1.2,174970.4025165798,84369.65843053562,48.21938866062844,619.8672923278795,0.3542697984415634,Caatinga | Cerrado,ok,
3152303,Porto Firme - MG,MG,10569.0,1.1,28480.465629565588,10289.364025298979,36.127794254239944,137.6555390502935,0.4833331759414537,Mata Atlântica,ok,
3152402,Poté - MG,MG,13666.0,0.7,62509.12992339287,32594.73363034773,52.14395668327766,181.5249920959464,0.2903975664329541,Mata Atlântica,ok,
3152501,Pouso Alegre - MG,MG,152217.0,1.5,54280.083716070956,7777.96642791663,14.329319145124625,3801.942768163926,7.004305277145819,Mata Atlântica,ok,
3152600,Pouso Alto - MG,MG,6566.0,0.8,26304.65994005759,6548.567215698508,24.89508410533047,109.9568327819817,0.4180127514765392,Mata Atlântica,ok,
3152709,Prados - MG,MG,9048.0,0.5,26408.359380622285,10506.627784448467,39.78523479257836,174.7330778137213,0.6616582094150671,Mata Atlântica,ok,
3152808,Prata - MG,MG,28342.0,0.7,484751.55020058836,98925.47733036646,20.407459716102295,808.4673890136701,0.1667797428763517,Cerrado,ok,
3152907,Pratápolis - MG,MG,8406.0,0.9,21552.839265069633,3244.7214998107975,15.054728798861639,183.1403638610838,0.8497273218099699,Cerrado | Mata Atlântica,ok,
3153004,Pratinha - MG,MG,3559.0,0.7,62247.65324634954,26347.010347851992,42.32611026086689,61.26187452392588,0.09841636002160216,Cerrado,ok,
3153103,Presidente Bernardes - MG,MG,4850.0,1.1,23678.38000607897,9226.504386395229,38.96594439326719,40.94326553955063,0.17291413318410817,Mata Atlântica,ok,
3153202,Presidente Juscelino - MG,MG,3465.0,1.1,69587.05111099743,23289.86554027069,33.468677244450724,70.14737052002047,0.10080520642860592,Cerrado,ok,
3153301,Presidente Kubitschek - MG,MG,3071.0,0.2,18923.151469438344,15741.704242912514,83.18754023787213,78.81239021606457,0.41648660025445433,Cerrado | Mata Atlântica,ok,
3153400,Presidente Olegário - MG,MG,18765.0,0.4,350387.12980294845,172488.4188777614,49.22795508350031,573.9212442810037,0.1637963256823294,Cerrado,ok,
3153509,Alto Jequitibá - MG,MG,8397.0,1.2,15226.57443446044,4846.256876074147,31.82762411160719,115.6268697204594,0.7593754604369533,Mata Atlântica,ok,
3153608,Prudente de Morais - MG,MG,11466.0,1.4,12417.596600298857,3834.520766107169,30.879733732169097,407.16394700316727,3.27892715562501,Cerrado | Mata Atlântica,ok,
3153707,Quartel Geral - MG,MG,3179.0,0.7,55638.92317751049,17146.937430914106,30.81824099328539,129.0477636352543,0.23193792450572803,Cerrado,ok,
3153806,Queluzito - MG,MG,1770.0,0.3,15356.734911639229,4455.049419018622,29.01039475287182,51.83783026733401,0.33755762905072295,Mata Atlântica,ok,
3153905,Raposos - MG,MG,16279.0,0.6,7222.325051824332,6334.565664208362,87.7081219517844,271.4841715148942,3.7589580857527074,Mata Atlântica,ok,
3154002,Raul Soares - MG,MG,23423.0,1.6,76338.98812661241,14710.767313776278,19.27032002229013,337.1255243042002,0.44161644341559647,Mata Atlântica,ok,
3154101,Recreio - MG,MG,11007.0,0.9,23430.709976139082,3482.8756780090607,14.864575941385835,194.8699645629888,0.8316861279979854,Mata Atlântica,ok,
3154150,Reduto - MG,MG,7848.0,0.6,15188.89073234862,3604.59708148196,23.73179941182308,75.86301842651383,0.4994638500160131,Mata Atlântica,ok,
3154200,Resende Costa - MG,MG,11230.0,1.0,61831.467764806555,21128.205141052345,34.170634961180994,277.4693948059087,0.4487511049573364,Mata Atlântica,ok,
3154309,Resplendor - MG,MG,17226.0,1.1,108180.8915997941,23755.716932086147,21.959254153652548,294.7142390197731,0.2724272601764488,Mata Atlântica,ok,
3154408,Ressaquinha - MG,MG,4548.0,0.6,18307.341230255577,5530.725482806474,30.21042440431566,117.580512957763,0.6422588156244332,Mata Atlântica,ok,
3154457,Riachinho - MG,MG,6863.0,0.8,171930.05765896887,75528.82220065093,43.92996968015087,197.9487564819334,0.11513330430829832,Cerrado,ok,
3154507,Riacho dos Machados - MG,MG,8756.0,0.9,131552.46191548902,100823.54653943455,76.6413224590239,149.91885661010733,0.1139612702242069,Caatinga | Cerrado,ok,
3154606,Ribeirão das Neves - MG,MG,329794.0,1.2,15508.831050982792,3332.1826392151434,21.48571112975006,5618.975951831279,36.230815419677974,Mata Atlântica,ok,
3154705,Ribeirão Vermelho - MG,MG,4080.0,0.7,4925.058181201152,546.0036620971694,11.086237806920826,128.5156325805667,2.6094236423664654,Mata Atlântica,ok,
3154804,Rio Acima - MG,MG,10261.0,0.8,22838.24366375817,21050.576511048206,92.17248410591749,200.6380999084474,0.8785180807350718,Mata Atlântica,ok,
3154903,Rio Casca - MG,MG,12789.0,0.5,38442.56523200132,8248.055906122301,21.455529453732314,240.9063324218764,0.6266656009244023,Mata Atlântica,ok,
3155009,Rio Doce - MG,MG,2484.0,1.4,11208.319709234751,2589.816244024704,23.10619531927613,48.89520582885749,0.4362402848713513,Mata Atlântica,ok,
3155108,Rio do Prado - MG,MG,4639.0,0.9,47981.81273431875,19294.720791412416,40.2125715805063,78.11060993041978,0.16279211951188238,Mata Atlântica,ok,
3155207,Rio Espera - MG,MG,5429.0,0.8,23859.564516119142,6273.798322394056,26.294689151411703,52.3032722900393,0.21921302148957514,Mata Atlântica,ok,
3155306,Rio Manso - MG,MG,5568.0,1.5,23153.523113995347,6580.676076361252,28.421921121729877,243.2425869384758,1.0505640361550235,Mata Atlântica,ok,
3155405,Rio Novo - MG,MG,8518.0,0.6,20929.685248015834,3080.416229418931,14.71792907019927,239.5115482238778,1.1443628768692728,Mata Atlântica,ok,
3155504,Rio Paranaíba - MG,MG,14532.0,0.8,135231.6732484203,29733.456943243986,21.98705098370238,495.9734746642995,0.3667583656627521,Cerrado,ok,
3155603,Rio Pardo de Minas - MG,MG,28271.0,0.7,311772.14603109134,255519.11830770565,81.95700660257961,404.0353230163562,0.129593142992339,Cerrado,ok,
3155702,Rio Piracicaba - MG,MG,14631.0,0.9,37301.191959484146,13351.07120945345,35.792612804317706,447.3094217163089,1.1991826486461024,Mata Atlântica,ok,
3155801,Rio Pomba - MG,MG,17443.0,1.1,25242.940808071988,4685.999329711871,18.563603049821435,316.5420816711396,1.2539825849843862,Mata Atlântica,ok,
3155900,Rio Preto - MG,MG,5141.0,0.3,34802.79953470423,20647.701900244236,59.32770402465759,63.15793855590827,0.18147373027543146,Mata Atlântica,ok,
3156007,Rio Vermelho - MG,MG,12641.0,1.2,98653.7766609796,66458.71014181493,67.36560159293046,113.64170278930683,0.11519245044194582,Cerrado | Mata Atlântica,ok,
3156106,Ritápolis - MG,MG,4994.0,0.5,40480.27939495221,18442.31513378299,45.55876443896952,130.6502926940914,0.32275047170347143,Mata Atlântica,ok,
3156205,Rochedo de Minas - MG,MG,2291.0,1.0,7941.1578859625,1202.9280924804505,15.148018837490357,50.78670520629889,0.6395377844844768,Mata Atlântica,ok,
3156304,Rodeiro - MG,MG,8664.0,1.0,7268.2668421873705,786.6186293151882,10.822643780074218,221.4295347229002,3.0465245639806673,Mata Atlântica,ok,
3156403,Romaria - MG,MG,3386.0,0.6,40754.727866259745,6498.7856689391865,15.94609020643084,111.5553918762215,0.2737238051062454,Cerrado,ok,
3156452,Rosário da Limeira - MG,MG,4734.0,1.2,11115.07275082401,2910.20600352168,26.182518718160736,57.5235009033204,0.5175269851387695,Mata Atlântica,ok,
3156502,Rubelita - MG,MG,5679.0,1.0,111031.6100751684,69894.1037022188,62.94973445390956,100.8950303894043,0.09087054607340951,Cerrado | Mata Atlântica,ok,
3156601,Rubim - MG,MG,10298.0,0.5,96517.73312431417,41633.742224192894,43.1358475551523,150.7608935852046,0.15620020146041516,Mata Atlântica,ok,
3156700,Sabará - MG,MG,129380.0,1.1,30242.761452696715,20838.601940787918,68.9044284973182,2331.716747156587,7.70999946814933,Cerrado | Mata Atlântica,ok,
3156809,Sabinópolis - MG,MG,14240.0,0.9,91982.720875714,52253.841438807256,56.80832328216518,200.1692872680746,0.21761618417283074,Mata Atlântica,ok,
3156908,Sacramento - MG,MG,26670.0,0.8,307326.7784510166,109347.10977479687,35.5800787441714,752.4834940551575,0.24484800766396358,Cerrado,ok,
3157005,Salinas - MG,MG,40178.0,1.3,186214.86756621228,96437.33251359299,51.788202399737415,1122.230013128674,0.6026532831647524,Cerrado | Mata Atlântica,ok,
3157104,Salto da Divisa - MG,MG,6110.0,0.5,93798.44828529817,15498.798580242476,16.523512769743476,147.7853793090822,0.15755631570745915,Mata Atlântica,ok,
3157203,Santa Bárbara - MG,MG,30466.0,1.1,68453.7820458235,48053.904613737424,70.19904989554816,719.5307004760906,1.0511189871064117,Mata Atlântica,ok,
3157252,Santa Bárbara do Leste - MG,MG,8458.0,0.9,10741.831744013243,2342.6495480894514,21.80865986283096,92.48060186767566,0.8609388423833577,Mata Atlântica,ok,
3157278,Santa Bárbara do Monte Verde - MG,MG,3095.0,1.2,41792.381133520306,20190.24752803337,48.31083317202865,43.7772464538575,0.10474934728891339,Mata Atlântica,ok,
3157302,Santa Bárbara do Tugúrio - MG,MG,4208.0,1.2,19456.11792268062,3771.03959204713,19.38228174311746,42.9865663879394,0.22094112792063508,Mata Atlântica,ok,
3157336,Santa Cruz de Minas - MG,MG,8109.0,1.1,356.53788699340856,147.86247779541105,41.471743449846784,116.8688315490718,32.778797376793904,Mata Atlântica,ok,
3157377,Santa Cruz de Salinas - MG,MG,3910.0,1.2,58959.871391735556,27293.41222604925,46.291505700053115,128.3846244323729,0.21774915955866328,Cerrado | Mata Atlântica,ok,
3157401,Santa Cruz do Escalvado - MG,MG,4673.0,0.9,25869.88094288307,4488.827402825959,17.351558025089627,57.12610179443354,0.22082089175655528,Mata Atlântica,ok,
3157500,Santa Efigênia de Minas - MG,MG,4039.0,1.6,13194.945245202916,3689.036204168774,27.957950075692356,64.39772508544927,0.4880484449820764,Mata Atlântica,ok,
3157609,Santa Fé de Minas - MG,MG,3522.0,0.8,291749.6156096029,202226.825072161,69.31519846208317,101.3281703369141,0.03473120954253586,Cerrado,ok,
3157658,Santa Helena de Minas - MG,MG,5938.0,0.5,27645.745433294825,7945.666005071886,28.741008356036644,81.16834074096695,0.2936015631657117,Mata Atlântica,ok,
3157708,Santa Juliana - MG,MG,15734.0,0.6,72379.35538005302,13087.449455706837,18.08174359523738,470.4524419677701,0.6499815306415699,Cerrado,ok,
3157807,Santa Luzia - MG,MG,219132.0,1.5,23507.922672461427,10851.773917938783,46.16219846022887,3893.380914245625,16.561994730425763,Cerrado | Mata Atlântica,ok,
3157906,Santa Margarida - MG,MG,16395.0,0.3,25572.47534388408,5061.598245770237,19.793149383095482,178.2528933715811,0.6970498200684045,Mata Atlântica,ok,
3158003,Santa Maria de Itabira - MG,MG,10485.0,0.7,59743.71979070437,30252.68758430197,50.63743551671023,145.2029568664547,0.24304304682589767,Mata Atlântica,ok,
3158102,Santa Maria do Salto - MG,MG,4755.0,2.4,44060.7372028601,15292.975135180686,34.70884988775897,65.20826986083982,0.14799632053502496,Mata Atlântica,ok,
3158201,Santa Maria do Suaçuí - MG,MG,12788.0,1.0,62406.459528985055,31006.79593823832,49.68523478541036,187.2564863464383,0.3000594614079427,Mata Atlântica,ok,
3158300,Santana da Vargem - MG,MG,6691.0,0.4,17243.87154186405,2875.816081237844,16.677322573738977,142.8929790954586,0.8286594964973393,Cerrado | Mata Atlântica,ok,
3158409,Santana de Cataguases - MG,MG,3489.0,0.7,16149.713357579865,2207.8678263427687,13.671250860353545,61.99960563964863,0.3839053007745746,Mata Atlântica,ok,
3158508,Santana de Pirapama - MG,MG,7030.0,0.9,125585.27013848523,73451.32197666561,58.48721103650887,126.1302164611825,0.10043392534976144,Cerrado,ok,
3158607,Santana do Deserto - MG,MG,3747.0,0.3,18266.386730175378,7692.973803723292,42.11546551248031,60.29718435668947,0.3300991337114352,Mata Atlântica,ok,
3158706,Santana do Garambéu - MG,MG,2137.0,0.9,20307.487466737184,13048.05080730709,64.2524134444463,59.53778902587871,0.2931814638487362,Mata Atlântica,ok,
3158805,Santana do Jacaré - MG,MG,4214.0,0.4,10616.365396118297,1804.9076049804837,17.001182020735826,81.23035805664067,0.7651428245521884,Mata Atlântica,ok,
3158904,Santana do Manhuaçu - MG,MG,8987.0,1.3,34735.680919476814,6625.645013201717,19.074464175788243,82.7488859985353,0.2382244533808369,Mata Atlântica,ok,
3158953,Santana do Paraíso - MG,MG,44800.0,1.6,27606.15172532962,10541.59837843006,38.18568586927591,1114.573669616694,4.0374105043914295,Mata Atlântica,ok,
3159001,Santana do Riacho - MG,MG,5313.0,0.4,67717.63044950382,58245.48183045479,86.01228578706355,242.1350840332017,0.35756579553349666,Cerrado | Mata Atlântica,ok,
3159100,Santana dos Montes - MG,MG,3469.0,0.7,19657.31406589415,5879.351951293924,29.909233436396697,43.61792006835942,0.22189155610042077,Mata Atlântica,ok,
3159209,Santa Rita de Caldas - MG,MG,8460.0,0.4,50305.115891332,9942.69921399549,19.764787413418325,161.3920631713862,0.32082634203650734,Mata Atlântica,ok,
3159308,Santa Rita de Jacutinga - MG,MG,4755.0,0.9,42093.04984824679,21173.522666876284,50.301707154056885,55.83177405395526,0.13263893743798347,Mata Atlântica,ok,
3159357,Santa Rita de Minas - MG,MG,6773.0,1.7,6812.352136884574,1046.2899369323568,15.358717751352858,84.87842064819326,1.2459488138998327,Mata Atlântica,ok,
3159407,Santa Rita de Ibitipoca - MG,MG,3301.0,0.7,32426.09597824117,14326.571207525667,44.18222661506708,47.05799585571297,0.1451238406476383,Mata Atlântica,ok,
3159506,Santa Rita do Itueto - MG,MG,5826.0,0.8,48507.430682983264,18621.270526562355,38.388490720649166,50.68047126464846,0.1044798096932137,Mata Atlântica,ok,
3159605,Santa Rita do Sapucaí - MG,MG,40635.0,1.1,35297.97254034004,7191.737103020217,20.37436313035031,792.0454294189517,2.243883635281795,Mata Atlântica,ok,
3159704,Santa Rosa da Serra - MG,MG,3382.0,1.0,28432.942509118664,12920.980203754269,45.443696865389185,84.62148596191423,0.2976177577638173,Cerrado,ok,
3159803,Santa Vitória - MG,MG,20973.0,0.7,299837.0268246489,36512.285573784655,12.177377143996901,967.0706379394701,0.32253209291093776,Cerrado | Mata Atlântica,ok,
3159902,Santo Antônio do Amparo - MG,MG,17285.0,0.3,48889.08084311372,13449.808310949524,27.510863528218692,439.2226748352014,0.8984064892622505,Mata Atlântica,ok,
3160009,Santo Antônio do Aventureiro - MG,MG,3769.0,0.5,20201.95934086296,4648.147624548416,23.008400057248423,58.39854403686524,0.2890736638536896,Mata Atlântica,ok,
3160108,Santo Antônio do Grama - MG,MG,4229.0,0.9,13022.583187225735,2967.29342562869,22.78575135952598,66.2527643310546,0.5087528593869459,Mata Atlântica,ok,
3160207,Santo Antônio do Itambé - MG,MG,3915.0,2.7,30574.35492024554,20238.103107397706,66.19306657553243,34.13309939575196,0.11163963879136471,Cerrado | Mata Atlântica,ok,
3160306,Santo Antônio do Jacinto - MG,MG,10327.0,1.3,50369.20144825312,8910.949217810146,17.69126561786933,101.574614349365,0.20166016420514002,Mata Atlântica,ok,
3160405,Santo Antônio do Monte - MG,MG,27295.0,0.9,112575.1565356565,26830.79887921073,23.833676723080973,788.8580682067752,0.7007390373531626,Cerrado | Mata Atlântica,ok,
3160454,Santo Antônio do Retiro - MG,MG,6629.0,0.3,79629.78316102624,74017.69174924641,92.95227088534055,145.0572887512209,0.18216461604308037,Cerrado,ok,
3160504,Santo Antônio do Rio Abaixo - MG,MG,1808.0,1.0,10727.424043151976,3785.912797888247,35.29190962023213,17.75201837768553,0.16548258282954534,Mata Atlântica,ok,
3160603,Santo Hipólito - MG,MG,2717.0,0.3,43060.842921300195,10523.484016662533,24.438639150412577,96.43689196167006,0.22395495633451062,Cerrado,ok,
3160702,Santos Dumont - MG,MG,42406.0,0.9,63735.54520463032,19042.07594755218,29.876697353753546,675.4734920044049,1.0598065645092065,Mata Atlântica,ok,
3160801,São Bento Abade - MG,MG,4713.0,1.7,8040.327327264439,1321.6182986694337,16.437369336791516,99.43526774291998,1.236706712247135,Mata Atlântica,ok,
3160900,São Brás do Suaçuí - MG,MG,3989.0,1.0,11000.976969470132,2631.0112006408935,23.91615951876334,197.0345987731936,1.7910645510849015,Mata Atlântica,ok,
3160959,São Domingos das Dores - MG,MG,5626.0,0.6,6086.21668386839,842.9917601135237,13.850833841455007,59.3186288879395,0.9746387940009501,Mata Atlântica,ok,
3161007,São Domingos do Prata - MG,MG,17392.0,0.7,74376.32143846934,23749.031737417485,31.930903919555607,286.784432348634,0.3855856632892061,Mata Atlântica,ok,
3161056,São Félix de Minas - MG,MG,3200.0,1.3,16256.333658733585,2721.491763110383,16.741116541049113,67.11498079834013,0.4128543508473274,Mata Atlântica,ok,
3161106,São Francisco - MG,MG,52762.0,1.2,330806.89941880584,194438.37602792474,58.777001437857926,1055.9325659668018,0.3191990759025789,Caatinga | Cerrado,ok,
3161205,São Francisco de Paula - MG,MG,6187.0,0.5,31683.520582696354,8145.372706475817,25.70854676713021,147.2535574645991,0.46476387332101027,Cerrado | Mata Atlântica,ok,
3161304,São Francisco de Sales - MG,MG,5732.0,0.9,112886.19859913731,8799.89930780034,7.795372168611221,231.07735034790028,0.2046993815147091,Cerrado | Mata Atlântica,ok,
3161403,São Francisco do Glória - MG,MG,4800.0,0.9,16462.810582910428,2424.985190380852,14.73008012919835,80.1217843383788,0.4866835096891106,Mata Atlântica,ok,
3161502,São Geraldo - MG,MG,10282.0,1.0,18558.75394020365,3063.7310612853717,16.50827998020083,252.5350818481444,1.3607329600996545,Mata Atlântica,ok,
3161601,São Geraldo da Piedade - MG,MG,3305.0,0.7,15234.192517846806,3869.4301276611677,25.39964046750849,39.04544132690428,0.25630135158895145,Mata Atlântica,ok,
3161650,São Geraldo do Baixio - MG,MG,3143.0,0.5,28096.097135097214,6523.976974700783,23.220225013214137,68.42837004394534,0.24355115842216274,Mata Atlântica,ok,
3161700,São Gonçalo do Abaeté - MG,MG,7375.0,0.8,269254.59205378965,149990.9174086268,55.70598304918148,294.73171241455,0.1094620931685617,Cerrado,ok,
3161809,São Gonçalo do Pará - MG,MG,11770.0,0.8,26570.449221520583,7130.440112939301,26.835978772854325,442.3701435241695,1.6648952369456909,Cerrado,ok,
3161908,São Gonçalo do Rio Abaixo - MG,MG,11850.0,0.9,36380.67273040334,15603.157373223288,42.888589468505685,401.2901962707518,1.1030312694998445,Mata Atlântica,ok,
3162005,São Gonçalo do Sapucaí - MG,MG,23959.0,2.0,51667.260022637995,10244.23866945199,19.82733101186995,606.7917817810026,1.1744222192451022,Mata Atlântica,ok,
3162104,São Gotardo - MG,MG,40910.0,0.8,86612.85460720032,29629.66522256459,34.20931610779794,883.55545386355,1.0201204634930692,Cerrado,ok,
3162203,São João Batista do Glória - MG,MG,7652.0,0.7,54790.63326116726,28289.019259496064,51.63112301449861,304.6005506286619,0.5559354446164922,Cerrado,ok,
3162252,São João da Lagoa - MG,MG,4822.0,0.5,99801.21709256848,58491.2376545131,58.607739823714574,88.57253332519562,0.08874895107044845,Cerrado,ok,
3162302,São João da Mata - MG,MG,2914.0,1.2,12055.837418322692,2397.0301043823297,19.882734157805395,57.1606623779298,0.47413265785299946,Mata Atlântica,ok,
3162401,São João da Ponte - MG,MG,23930.0,0.8,185107.7078808054,85768.63879548128,46.334450238403605,405.41084940795673,0.21901348898394282,Caatinga | Cerrado,ok,
3162450,São João das Missões - MG,MG,13024.0,0.7,67827.98333403913,50867.16362888745,74.994362398152,149.8465923706055,0.22092149140368994,Caatinga | Cerrado,ok,
3162500,São João del Rei - MG,MG,90225.0,0.8,145199.5818285815,60463.2008671264,41.64144283728554,2384.720719714418,1.6423743716629648,Mata Atlântica,ok,
3162559,São João do Manhuaçu - MG,MG,11246.0,0.7,14308.516536987303,3449.734651867628,24.10965974669782,127.7437827453609,0.8927814593158216,Mata Atlântica,ok,
3162575,São João do Manteninha - MG,MG,5331.0,0.4,13794.395047571012,2494.425010375898,18.082888026431647,130.0638062377923,0.9428743035795152,Mata Atlântica,ok,
3162609,São João do Oriente - MG,MG,7070.0,0.9,12009.653178985629,1482.790415582275,12.3466547574983,137.4363404174811,1.1443822595806998,Mata Atlântica,ok,
3162658,São João do Pacuí - MG,MG,3972.0,0.5,41591.18558691036,19108.42958929341,45.94345970100752,68.88525875244153,0.16562465767775852,Cerrado,ok,
3162708,São João do Paraíso - MG,MG,23910.0,0.8,192559.39916536884,116428.17230710988,60.463510382644095,570.4761760009778,0.29625984422139595,Caatinga | Cerrado | Mata Atlântica,ok,
3162807,São João Evangelista - MG,MG,15315.0,1.2,47817.17604216142,16429.443021832412,34.35887348794128,272.7855689575202,0.570476116609227,Mata Atlântica,ok,
3162906,São João Nepomuceno - MG,MG,25565.0,0.7,40743.76956469189,9245.75251654056,22.69243277026785,528.819640350339,1.2979153524582283,Mata Atlântica,ok,
3162922,São Joaquim de Bicas - MG,MG,34348.0,1.5,7177.503467913707,1926.977572045822,26.847462779505122,1269.079636981124,17.681351777180105,Mata Atlântica,ok,
3162948,São José da Barra - MG,MG,7793.0,0.6,30830.850905108688,8445.58488386856,27.393291576228023,358.3222027648931,1.162219634702067,Cerrado,ok,
3162955,São José da Lapa - MG,MG,26090.0,1.0,4812.649325976568,1227.6005204284495,25.507790767185153,733.3255005676258,15.237459679629195,Cerrado | Mata Atlântica,ok,
3163003,São José da Safira - MG,MG,3806.0,0.7,21389.974533428704,10236.534351959037,47.85669256389794,52.43194592895516,0.24512392872190386,Mata Atlântica,ok,
3163102,São José da Varginha - MG,MG,4536.0,1.1,20551.02738432639,4540.480720330825,22.093692132363678,137.21733021850605,0.6676908538555951,Cerrado | Mata Atlântica,ok,
3163201,São José do Alegre - MG,MG,4133.0,1.2,8881.231859167563,1193.8714189514262,13.442633160388267,64.874523510742,0.730467625882055,Mata Atlântica,ok,
3163300,São José do Divino - MG,MG,3464.0,0.5,32871.21892246907,5348.491328216575,16.271046537190088,60.19674352416972,0.18312902745149598,Mata Atlântica,ok,
3163409,São José do Goiabal - MG,MG,5396.0,0.5,18959.035161280197,5055.013185973786,26.66281877200996,69.02396280517563,0.3640689635205826,Mata Atlântica,ok,
3163508,São José do Jacuri - MG,MG,6197.0,1.2,34513.90437446849,15211.765154925255,44.074309848810074,34.93632568359376,0.10122391632236703,Mata Atlântica,ok,
3163607,São José do Mantimento - MG,MG,2753.0,0.8,5469.878697467345,1560.04572590936,28.520664025542104,35.84148509521479,0.6552519183251736,Mata Atlântica,ok,
3163706,São Lourenço - MG,MG,44798.0,1.6,5802.144252709922,1404.205460974112,24.20149172124203,864.863729980463,14.905932915689297,Mata Atlântica,ok,
3163805,São Miguel do Anta - MG,MG,6334.0,0.7,15213.70564581808,3482.6517354125995,22.89154145932819,81.41781402587925,0.5351609655222905,Mata Atlântica,ok,
3163904,São Pedro da União - MG,MG,4885.0,0.9,26082.692949835673,4310.803620739788,16.52744840814816,161.2958688415514,0.6184019002630156,Mata Atlântica,ok,
3164001,São Pedro dos Ferros - MG,MG,7166.0,0.8,40271.37255349121,8331.110810308868,20.687427028326173,105.3183460571289,0.2615216203948297,Mata Atlântica,ok,
3164100,São Pedro do Suaçuí - MG,MG,5103.0,1.6,30812.45676025509,14507.281662560888,47.08252177175887,65.67842197875977,0.2131554211655015,Mata Atlântica,ok,
3164209,São Romão - MG,MG,10315.0,0.7,243398.20589881667,179954.28354483863,73.93410435393581,223.9338505859389,0.09200308184647453,Cerrado,ok,
3164308,São Roque de Minas - MG,MG,7129.0,0.9,209887.99933606334,118840.64018421111,56.62097907462006,189.937961950684,0.09049491278754046,Cerrado,ok,
3164407,São Sebastião da Bela Vista - MG,MG,6387.0,1.3,16743.38367820488,2962.9891590514735,17.696477701269202,179.8363455688478,1.0740740881602298,Mata Atlântica,ok,
3164431,São Sebastião da Vargem Alegre - MG,MG,3113.0,0.4,7363.039800744794,1626.7146081298995,22.092975892448013,52.64585200805642,0.7150015948946946,Mata Atlântica,ok,
3164472,São Sebastião do Anta - MG,MG,6194.0,0.9,8063.483008550913,1366.2541862854046,16.94372251837775,124.9901166748051,1.5500760222630772,Mata Atlântica,ok,
3164506,São Sebastião do Maranhão - MG,MG,10079.0,0.6,51783.51579570941,21165.91651004638,40.873849882166766,61.60450475463865,0.11896547348711106,Mata Atlântica,ok,
3164605,São Sebastião do Oeste - MG,MG,8815.0,0.7,40810.09027949209,9393.084453338877,23.01657357043166,220.40691195678812,0.5400794520357803,Cerrado | Mata Atlântica,ok,
3164704,São Sebastião do Paraíso - MG,MG,71796.0,0.9,81489.20878255034,15125.175484014548,18.560955137477507,1886.836179083221,2.3154429982479567,Cerrado | Mata Atlântica,ok,
3164803,São Sebastião do Rio Preto - MG,MG,1259.0,0.9,12798.634481463634,5076.942765008676,39.66784716261452,12.59059736938477,0.09837453665560833,Mata Atlântica,ok,
3164902,São Sebastião do Rio Verde - MG,MG,2300.0,0.7,9083.553229143572,1882.6131834228381,20.72551496018852,49.50175619506884,0.5449602699112056,Mata Atlântica,ok,
3165008,São Tiago - MG,MG,11192.0,1.1,57241.80347101912,17399.580904022107,30.396632965680958,226.0902690856923,0.3949740493416831,Mata Atlântica,ok,
3165107,São Tomás de Aquino - MG,MG,6740.0,0.5,27796.992795172395,4409.311635150113,15.86254911688107,121.8155125244143,0.4382327017243766,Cerrado | Mata Atlântica,ok,
3165206,São Tomé das Letras - MG,MG,6904.0,1.4,36975.32610187656,12722.432533276446,34.40789811622719,34.28430963134765,0.09272212917577935,Mata Atlântica,ok,
3165305,São Vicente de Minas - MG,MG,6804.0,0.7,39265.21620016621,15094.674194806365,38.4428653540496,190.3128393859867,0.4846855762000901,Mata Atlântica,ok,
3165404,Sapucaí-Mirim - MG,MG,6311.0,0.5,28507.14159715653,17864.266920899092,62.665935341202285,116.1439758972173,0.40742063002487133,Mata Atlântica,ok,
3165503,Sardoá - MG,MG,5104.0,2.3,14191.103266424549,4703.4292794614885,33.14350682367008,61.36195822753898,0.43239737655012594,Mata Atlântica,ok,
3165537,Sarzedo - MG,MG,36844.0,1.1,6215.001791302429,2690.645859643543,43.29276080674605,977.9663664915896,15.735576582780755,Mata Atlântica,ok,
3165552,Setubinha - MG,MG,9917.0,0.9,53466.31164570375,35456.59058788455,66.31575939413739,105.5366558105464,0.19738907091607236,Cerrado | Mata Atlântica,ok,
3165560,Sem-Peixe - MG,MG,2433.0,2.5,17663.025133734795,2414.0337528015502,13.667159133408932,36.49333299560549,0.2066086229244304,Mata Atlântica,ok,
3165578,Senador Amaral - MG,MG,6206.0,1.4,15110.387574377546,3702.2313011963265,24.501233227625104,113.0628869628907,0.7482461082243166,Mata Atlântica,ok,
3165602,Senador Cortes - MG,MG,2240.0,1.3,9835.139845538159,2470.785239587448,25.122014311859047,36.00758934326174,0.3661116151754269,Mata Atlântica,ok,
3165701,Senador Firmino - MG,MG,7716.0,0.7,16649.991148828118,3788.5306450561675,22.753949904188488,134.8436960876461,0.8098724791042117,Mata Atlântica,ok,
3165800,Senador José Bento - MG,MG,2068.0,0.6,9388.802371319487,2189.6496623840185,23.321927289393873,30.11205046386728,0.3207230195392363,Mata Atlântica,ok,
3165909,Senador Modestino Gonçalves - MG,MG,4008.0,0.8,95204.89096730383,73566.50371784573,77.27176930764055,74.17229993286142,0.07790807717886508,Cerrado | Mata Atlântica,ok,
3166006,Senhora de Oliveira - MG,MG,5483.0,0.5,17074.111020404303,5008.025853704827,29.331107474468325,69.65105822753934,0.40793373162622226,Mata Atlântica,ok,
3166105,Senhora do Porto - MG,MG,3067.0,0.5,38131.269003143476,22026.37560314913,57.764601543508334,32.4393712402344,0.08507288660537407,Mata Atlântica,ok,
3166204,Senhora dos Remédios - MG,MG,10384.0,1.0,23783.319812824102,4274.178424316422,17.971328048205283,116.6936562927247,0.49065335374165386,Mata Atlântica,ok,
3166303,Sericita - MG,MG,7345.0,0.4,16601.032470068294,5410.974643078521,32.594205528087016,99.9928316345215,0.602328992578075,Mata Atlântica,ok,
3166402,Seritinga - MG,MG,1819.0,0.6,11476.437339093318,4264.227523535005,37.1563700261696,44.62217932739264,0.3888156054788163,Mata Atlântica,ok,
3166501,Serra Azul de Minas - MG,MG,3792.0,0.3,21859.89036128676,13093.322775617244,59.8965619644879,45.70752366333007,0.20909310571967363,Cerrado | Mata Atlântica,ok,
3166600,Serra da Saudade - MG,MG,833.0,0.5,33567.40644450065,10749.333425860448,32.02312768379373,21.86633267211908,0.06514156137821438,Cerrado,ok,
3166709,Serra dos Aimorés - MG,MG,6944.0,1.0,21358.36072437146,1272.7229338073791,5.958898017651274,222.2832437133794,1.040731761121245,Mata Atlântica,ok,
3166808,Serra do Salitre - MG,MG,11801.0,0.7,129530.04231546284,35649.724762506936,27.52236016080665,321.5246419921945,0.24822399209068433,Cerrado,ok,
3166907,Serrania - MG,MG,7621.0,0.8,20926.833670007087,2795.339238134735,13.357678864438494,165.8472158081053,0.792509838914628,Mata Atlântica,ok,
3166956,Serranópolis de Minas - MG,MG,4399.0,0.4,55194.083080127,39894.34795910839,72.28011723864041,60.95640626220704,0.11044011035334113,Caatinga | Cerrado,ok,
3167004,Serranos - MG,MG,1990.0,0.4,21317.97696054662,9781.225448632647,45.88252190503279,43.79722407836932,0.20544737504607147,Mata Atlântica,ok,
3167103,Serro - MG,MG,21952.0,0.9,121781.7119860571,89733.05066562873,73.68351881594697,362.43590255737064,0.29761110814312275,Cerrado | Mata Atlântica,ok,
3167202,Sete Lagoas - MG,MG,227397.0,1.0,53691.83569617839,15994.907262261911,29.790203770962474,6569.52008649278,12.23560342333458,Cerrado | Mata Atlântica,ok,
3167301,Silveirânia - MG,MG,2323.0,1.7,15743.998355664926,4277.447821069405,27.168751701058934,46.18579141235358,0.2933549049548474,Mata Atlântica,ok,
3167400,Silvianópolis - MG,MG,6179.0,1.4,31216.87873132935,5986.761780242955,19.17796404877155,96.97652416381878,0.31065413361295746,Mata Atlântica,ok,
3167509,Simão Pereira - MG,MG,2947.0,1.7,13567.974720073962,4297.958327691699,31.677228299466275,116.955368353271,0.8619957714118843,Mata Atlântica,ok,
3167608,Simonésia - MG,MG,19750.0,0.8,48653.00637602962,11944.678364514595,24.55075082554303,150.2124210510254,0.3087423208548775,Mata Atlântica,ok,
3167707,Sobrália - MG,MG,5137.0,0.8,20680.131703679544,2726.2207446472316,13.18280165576588,104.5668573181155,0.5056392232720175,Mata Atlântica,ok,
3167806,Soledade de Minas - MG,MG,5613.0,0.5,19685.79163377709,3856.2165852294393,19.588831665844218,70.14335727539068,0.3563146383965477,Mata Atlântica,ok,
3167905,Tabuleiro - MG,MG,4014.0,0.9,21108.71828621276,3264.361418438703,15.464517429136535,66.14148854980493,0.31333730287643996,Mata Atlântica,ok,
3168002,Taiobeiras - MG,MG,33050.0,0.8,122001.89087358423,74585.93019233922,61.135060824281474,930.9075255493125,0.7630271292384305,Cerrado | Mata Atlântica,ok,
3168051,Taparuba - MG,MG,3387.0,0.8,19307.630271049708,3839.8964039919447,19.887973563226822,65.80964736938503,0.3408478743663405,Mata Atlântica,ok,
3168101,Tapira - MG,MG,4118.0,0.7,117924.29567749034,60105.024592630885,50.96916139911605,102.7041219177245,0.08709326719118908,Cerrado,ok,
3168200,Tapiraí - MG,MG,1690.0,1.1,40791.125291924596,14483.69389573431,35.50697312731807,27.1948106628418,0.0666684492477719,Cerrado,ok,
3168309,Taquaraçu de Minas - MG,MG,4224.0,0.6,32928.65940878915,18441.239877014497,56.00361571990463,127.7555923339844,0.3879769010574555,Cerrado | Mata Atlântica,ok,
3168408,Tarumirim - MG,MG,14709.0,1.5,73174.98735247279,12555.473256176681,17.158148857202907,194.0097183898929,0.26513119497428483,Mata Atlântica,ok,
3168507,Teixeiras - MG,MG,12255.0,0.8,16676.290814929085,4459.750177087116,26.743058313030986,204.0338118591312,1.223496364530141,Mata Atlântica,ok,
3168606,Teófilo Otoni - MG,MG,137418.0,1.0,324226.9748648278,126990.26967015697,39.16708957454881,1953.441630316101,0.602492013852488,Mata Atlântica,ok,
3168705,Timóteo - MG,MG,81579.0,1.7,14437.312531958194,8832.163586993613,61.17595340159661,1795.838194805968,12.438867627411476,Mata Atlântica,ok,
3168804,Tiradentes - MG,MG,7744.0,1.1,8304.502513342284,3895.2530656799604,46.905315031475034,323.8930240539579,3.9002098383808157,Mata Atlântica,ok,
3168903,Tiros - MG,MG,7883.0,1.5,209175.54726711474,102852.1849162826,49.170271697648076,226.4030821960426,0.10823592200618387,Cerrado,ok,
3169000,Tocantins - MG,MG,16185.0,1.7,17385.522975646327,3339.116854650951,19.2063066456407,323.7621182861313,1.8622512462792051,Mata Atlântica,ok,
3169059,Tocos do Moji - MG,MG,3826.0,2.9,11472.518442315391,1616.65529470827,14.091546706478821,42.49110498657219,0.3703729499344052,Mata Atlântica,ok,
3169109,Toledo - MG,MG,7214.0,1.6,13677.896650878965,2130.157323083487,15.573719976503838,119.4646221679688,0.8734136923040122,Mata Atlântica,ok,
3169208,Tombos - MG,MG,8609.0,1.1,28511.331227222036,7256.323578613425,25.450665634599467,131.9225294799804,0.4627021040463501,Mata Atlântica,ok,
3169307,Três Corações - MG,MG,75485.0,1.2,82805.87998939476,13187.894614722058,15.926277960467395,2031.017078570573,2.452744996889946,Mata Atlântica,ok,
3169356,Três Marias - MG,MG,28895.0,0.8,267830.9367648241,140264.03750389756,52.37036437917553,1392.074410418785,0.5197586310356417,Cerrado,ok,
3169406,Três Pontas - MG,MG,55255.0,1.2,68977.39767955952,10854.846372393935,15.73681631600697,1290.1611011413218,1.8704113877054,Cerrado | Mata Atlântica,ok,
3169505,Tumiritinga - MG,MG,5886.0,1.0,50006.335589168186,6920.98196166381,13.840210205610337,160.5945498901376,0.32114840649296406,Mata Atlântica,ok,
3169604,Tupaciguara - MG,MG,25470.0,1.1,182251.3051212948,29585.511192882524,16.23336039936301,883.2663212707262,0.4846419731715395,Cerrado | Mata Atlântica,ok,
3169703,Turmalina - MG,MG,20000.0,1.3,115313.7491706674,85878.08278090962,74.47341136554999,749.2793556701711,0.6497745160997391,Cerrado,ok,
3169802,Turvolândia - MG,MG,4935.0,1.2,22099.895362903106,4577.518332934619,20.712850707060106,109.708873522949,0.49642259260243543,Mata Atlântica,ok,
3169901,Ubá - MG,MG,103365.0,1.7,40747.13109156803,7714.2302704222575,18.931959290794325,2173.496524023437,5.334109336775387,Mata Atlântica,ok,
3170008,Ubaí - MG,MG,11708.0,0.8,82050.11725812868,36743.87212526822,44.78222987746921,218.4105593811035,0.2661916480801441,Cerrado,ok,
3170057,Ubaporanga - MG,MG,13017.0,1.1,18904.03302833205,2726.9591712890633,14.425277226304495,227.7378937622064,1.2047053315072433,Mata Atlântica,ok,
3170107,Uberaba - MG,MG,337836.0,1.2,452390.50042913464,102913.26619691841,22.748768176894867,8572.330262090627,1.8948961691191508,Cerrado,ok,
3170206,Uberlândia - MG,MG,713224.0,1.2,411523.4100367073,91943.57888371672,22.342247522568762,16468.845244200933,4.001921845158684,Cerrado | Mata Atlântica,ok,
3170305,Umburatiba - MG,MG,2684.0,0.1,40581.71079471504,7102.288149786359,17.50120438666004,65.895010534668,0.16237612767978601,Mata Atlântica,ok,
3170404,Unaí - MG,MG,86619.0,0.9,844539.9343586708,330120.60471661476,39.08880933703895,2564.820915844788,0.3036944508482561,Cerrado,ok,
3170438,União de Minas - MG,MG,3828.0,1.0,114738.26517386509,12222.9049865234,10.652858458337153,97.9660348327636,0.08538218238206216,Cerrado,ok,
3170479,Uruana de Minas - MG,MG,3282.0,0.8,59822.07900914948,29948.359847687276,50.06238556688548,133.3674692810053,0.22294021118959678,Cerrado,ok,
3170503,Urucânia - MG,MG,10600.0,1.1,13880.886683850667,2604.7277773132123,18.76485153029605,214.6007249450682,1.5460159702531069,Mata Atlântica,ok,
3170529,Urucuia - MG,MG,17479.0,0.6,207694.8744517885,145328.0596583505,69.97190471933627,228.4928278015127,0.1100137056365115,Cerrado,ok,
3170578,Vargem Alegre - MG,MG,5780.0,0.7,11667.043650317084,2109.611012573218,18.08179583279337,120.7791311767579,1.0352162449780105,Mata Atlântica,ok,
3170602,Vargem Bonita - MG,MG,2158.0,0.4,40988.327507316986,17351.28003674296,42.332246988232235,58.18429200439418,0.14195332072041114,Cerrado,ok,
3170651,Vargem Grande do Rio Pardo - MG,MG,4633.0,0.8,49150.00953814755,39718.693126050355,80.81116056594634,164.7710869079589,0.33524121044182625,Cerrado,ok,
3170701,Varginha - MG,MG,136467.0,0.9,39538.18170533478,5349.35726216433,13.529598558758599,3314.995488855024,8.384289175361195,Mata Atlântica,ok,
3170750,Varjão de Minas - MG,MG,6969.0,1.2,65147.75287042297,17979.6382243288,27.598247724813763,200.3869285156232,0.3075883966622565,Cerrado,ok,
3170800,Várzea da Palma - MG,MG,33744.0,0.8,222028.8275730945,86260.85012921765,38.85119381663157,1182.073808416742,0.532396545681704,Cerrado,ok,
3170909,Varzelândia - MG,MG,18840.0,1.0,81499.27622594166,47665.79172940582,58.48615341964661,358.0510254272455,0.43933031311175735,Caatinga | Cerrado,ok,
3171006,Vazante - MG,MG,19975.0,1.1,191341.06121550253,90095.86072542104,47.08652714325044,772.8618437622251,0.4039184474323421,Cerrado,ok,
3171030,Verdelândia - MG,MG,7672.0,0.8,157058.77326925768,70577.72035751898,44.93713970153216,138.3321568115234,0.08807668233494359,Caatinga,ok,
3171071,Veredinha - MG,MG,5181.0,0.7,63170.877060574596,44628.62737339851,70.6474715090691,224.4964273254393,0.35537962708697163,Cerrado,ok,
3171105,Veríssimo - MG,MG,3411.0,0.8,103180.30159692372,29475.64194873697,28.567121332794958,119.9463203918459,0.11624924383378818,Cerrado,ok,
3171154,Vermelho Novo - MG,MG,4899.0,1.8,11523.870593610356,2536.259993273908,22.00875107605069,37.85312966918944,0.32847583076972314,Mata Atlântica,ok,
3171204,Vespasiano - MG,MG,129246.0,1.3,7054.849268939221,1425.9066575073289,20.211723924212638,2528.1785893005517,35.836039763904026,Cerrado | Mata Atlântica,ok,
3171303,Viçosa - MG,MG,76430.0,1.2,29939.945686871295,8214.821590283274,27.43766363572758,1349.377342779531,4.506946528534401,Mata Atlântica,ok,
3171402,Vieiras - MG,MG,3700.0,1.3,11269.81378464981,1844.615074334731,16.36775114108107,53.88270442504874,0.47811530389650586,Mata Atlântica,ok,
3171501,Mathias Lobato - MG,MG,3038.0,1.7,17229.62675248919,2727.431069634861,15.829890622794979,65.08323195190363,0.37774023132858037,Mata Atlântica,ok,
3171600,Virgem da Lapa - MG,MG,11804.0,0.5,86895.48188321193,51200.98955876893,58.92249913244439,197.93335085449283,0.2277832478338937,Cerrado | Mata Atlântica,ok,
3171709,Virgínia - MG,MG,8908.0,0.5,32650.15691551423,8402.156900121623,25.733894394024205,121.7914442871092,0.37301947614603376,Mata Atlântica,ok,
3171808,Virginópolis - MG,MG,10314.0,1.1,43986.92726032094,17203.781830566204,39.1111243773673,189.6514621154796,0.43115414948876757,Mata Atlântica,ok,
3171907,Virgolândia - MG,MG,4552.0,1.0,28099.72313122554,10165.132854455447,36.175206449488265,66.74214311523438,0.23751886381068232,Mata Atlântica,ok,
3172004,Visconde do Rio Branco - MG,MG,39160.0,1.7,24333.27652222869,2531.4182998596225,10.403113191711551,1011.773225268551,4.15798186629033,Mata Atlântica,ok,
3172103,Volta Grande - MG,MG,4443.0,1.0,20554.24710412527,5415.963926898182,26.349609885789445,147.0492440856939,0.7154202405992331,Mata Atlântica,ok,
3172202,Wenceslau Braz - MG,MG,2356.0,0.6,10248.01759620987,3201.0787980468967,31.236078275575807,19.11223943481447,0.18649694202206432,Mata Atlântica,ok,
3200102,Afonso Cláudio - ES,ES,30684.0,1.5,94123.58131600558,28130.39455025134,29.886659811432192,335.0065696472168,0.3559220388379436,Mata Atlântica,ok,
3200136,Águia Branca - ES,ES,9711.0,2.1,45441.00568531425,14452.856545734003,31.805758538493166,112.1051238281257,0.24670475958316246,Mata Atlântica,ok,
3200169,Água Doce do Norte - ES,ES,12042.0,0.8,47371.13316194295,13720.0300144224,28.962849521709998,188.5024851440422,0.39792690729948904,Mata Atlântica,ok,
3200201,Alegre - ES,ES,29177.0,0.7,75689.03099414853,15045.258422644036,19.877726303309622,390.2038317443857,0.5155355097286846,Mata Atlântica,ok,
3200300,Alfredo Chaves - ES,ES,13836.0,1.3,61567.58882551966,34524.49760832501,56.07576692042658,159.740820819092,0.25945602851492483,Mata Atlântica,ok,
3200359,Alto Rio Novo - ES,ES,7434.0,0.9,22761.942389204494,4655.643307128857,20.453629253261486,94.18588829956026,0.41378669135122065,Mata Atlântica,ok,
3200409,Anchieta - ES,ES,29984.0,1.0,40942.35746314672,12179.351905529957,29.747558910091847,1226.820565936278,2.9964580496874684,Mata Atlântica,ok,
3200508,Apiacá - ES,ES,7223.0,1.0,19397.51870293649,4027.068358325208,20.760739659529605,114.4284479919429,0.5899128117588575,Mata Atlântica,ok,
3200607,Aracruz - ES,ES,94765.0,1.0,141977.55119289248,45436.25327873583,32.0024207327013,3017.041083044301,2.125012762718601,Mata Atlântica,ok,
3200706,Atílio Vivácqua - ES,ES,10540.0,0.8,23284.87495825804,6010.415370086662,25.81253015470909,190.7740131835936,0.8193044348556191,Mata Atlântica,ok,
3200805,Baixo Guandu - ES,ES,30674.0,1.3,90903.35601996533,24547.202474572878,27.00362621285568,694.0287377319332,0.763479774695559,Mata Atlântica,ok,
3200904,Barra de São Francisco - ES,ES,42498.0,1.2,94451.4251834499,19731.168797826478,20.890281707770185,683.5900229187247,0.7237477058615158,Mata Atlântica,ok,
3201001,Boa Esperança - ES,ES,13608.0,0.8,42870.345069846466,4488.950066143899,10.470991215093514,264.6509263793951,0.6173286591190551,Mata Atlântica,ok,
3201100,Bom Jesus do Norte - ES,ES,10254.0,0.9,8908.528930700511,1665.2913404907229,18.693224812368374,149.5267019836431,1.6784668169886636,Mata Atlântica,ok,
3201159,Brejetuba - ES,ES,12985.0,0.8,35439.79222213809,10061.495547302073,28.390390903637925,166.6306301208496,0.47017947813125394,Mata Atlântica,ok,
3201209,Cachoeiro de Itapemirim - ES,ES,185786.0,1.3,86459.24927308387,22778.534427612452,26.345977578021568,3503.63718068243,4.052356699994118,Mata Atlântica,ok,
3201308,Cariacica - ES,ES,353491.0,1.4,27973.17639671032,11453.064804510575,40.94302571179392,6329.589398260428,22.62735310604482,Mata Atlântica,ok,
3201407,Castelo - ES,ES,36930.0,0.9,66349.77273147203,26592.04150944773,40.07857211066857,416.138903033449,0.6271896434636313,Mata Atlântica,ok,
3201506,Colatina - ES,ES,120033.0,1.5,139825.68995200974,26197.13027429787,18.73556303086301,2426.790449804693,1.7355826748558174,Mata Atlântica,ok,
3201605,Conceição da Barra - ES,ES,27458.0,1.1,118260.70472852513,33297.75444219378,28.156228663300176,779.6832302185145,0.65929188567608,Mata Atlântica,ok,
3201704,Conceição do Castelo - ES,ES,11937.0,1.1,36979.81271486595,16587.247848997293,44.85487251353545,167.981011621095,0.45425057426958343,Mata Atlântica,ok,
3201803,Divino de São Lourenço - ES,ES,5083.0,1.0,17403.725953509114,6036.9703529784365,34.68780403176368,45.00907645874028,0.2586174740913172,Mata Atlântica,ok,
3201902,Domingos Martins - ES,ES,35416.0,1.2,122922.19349398314,63786.722084322064,51.891949103108324,424.4723226135247,0.3453178881275837,Mata Atlântica,ok,
3202009,Dores do Rio Preto - ES,ES,6596.0,0.7,15929.63452583606,5713.799671478025,35.868994120429385,86.72823730468741,0.5444458701423692,Mata Atlântica,ok,
3202108,Ecoporanga - ES,ES,21992.0,1.0,228536.77465131413,19566.54615704334,8.561661984989788,364.9842598327731,0.15970482666942387,Mata Atlântica,ok,
3202207,Fundão - ES,ES,18014.0,2.3,28682.09102086963,9192.538945417367,32.04975166813571,763.0126562255748,2.66024069050751,Mata Atlântica,ok,
3202256,Governador Lindenberg - ES,ES,11009.0,1.1,36001.68942355836,7761.897957318149,21.559815890859305,168.8161122863774,0.46891163995184487,Mata Atlântica,ok,
3202306,Guaçuí - ES,ES,29358.0,1.0,46816.882711931044,9830.709490918034,20.99821457871805,372.6621071289043,0.7959994035099079,Mata Atlântica,ok,
3202405,Guarapari - ES,ES,124656.0,1.4,58910.796936027196,27647.94372719997,46.93187864564726,3665.818366204593,6.222659608875098,Mata Atlântica,ok,
3202454,Ibatiba - ES,ES,25380.0,0.9,24035.115477454154,4835.045813330108,20.116590735191448,296.6584920776348,1.2342711328177793,Mata Atlântica,ok,
3202504,Ibiraçu - ES,ES,11723.0,1.4,20131.243613500155,7366.521706370924,36.592482053274054,253.1886369628915,1.25768999582868,Mata Atlântica,ok,
3202553,Ibitirama - ES,ES,9520.0,0.7,33088.22861232244,13142.963605261222,39.72096469487832,102.568990863037,0.3099863460954181,Mata Atlântica,ok,
3202603,Iconha - ES,ES,12326.0,0.7,20345.602994354595,5967.986704022127,29.333053956071474,258.6119147705058,1.2710948642921236,Mata Atlântica,ok,
3202652,Irupi - ES,ES,13710.0,0.7,18479.568786089676,3039.8070970824624,16.44955643862561,127.8732958068844,0.6919712104058393,Mata Atlântica,ok,
3202702,Itaguaçu - ES,ES,13589.0,0.8,53501.11717624112,16213.74101104771,30.305425132781977,174.3210558837883,0.325826945462741,Mata Atlântica,ok,
3202801,Itapemirim - ES,ES,39832.0,1.4,55052.62987785778,9036.011283685324,16.413405324564916,1364.641624700925,2.4787946147687765,Mata Atlântica,ok,
3202900,Itarana - ES,ES,10597.0,1.0,29515.031789390818,10539.984667840208,35.71056518945986,110.2182050598142,0.37343075164646156,Mata Atlântica,ok,
3203007,Iúna - ES,ES,28590.0,0.8,46053.80747780733,15132.885434619593,32.85914078203396,318.6106339904795,0.6918225689461472,Mata Atlântica,ok,
3203056,Jaguaré - ES,ES,28931.0,1.0,65971.56034350426,20355.901244153072,30.855570397551418,629.8209090515153,0.954685482308028,Mata Atlântica,ok,
3203106,Jerônimo Monteiro - ES,ES,11575.0,0.7,17734.512091839508,3466.6785777893306,19.54763999052736,177.6471131530763,1.001702850538641,Mata Atlântica,ok,
3203130,João Neiva - ES,ES,14079.0,0.7,28482.135438846726,7070.859268206928,24.82559386527949,381.6654069030757,1.340016824660285,Mata Atlântica,ok,
3203163,Laranja da Terra - ES,ES,11094.0,0.3,45837.87754699157,11655.385739261887,25.42741148368649,128.1476484375002,0.2795671512192667,Mata Atlântica,ok,
3203205,Linhares - ES,ES,166786.0,1.4,349573.0730965751,136171.47672489475,38.95365152660806,4007.423999169946,1.1463766255425605,Mata Atlântica,ok,
3203304,Mantenópolis - ES,ES,12770.0,1.2,32142.029507576975,5248.642755596813,16.32953125862674,207.2890931396496,0.6449160065974816,Mata Atlântica,ok,
3203320,Marataízes - ES,ES,41929.0,1.2,13008.094106274519,1026.1287046020477,7.888386232592594,1819.310077404769,13.985984899411328,Mata Atlântica,ok,
3203346,Marechal Floriano - ES,ES,17641.0,0.6,28548.865107918587,18525.00119877542,64.8887482173053,270.2011437805172,0.9464514360172294,Mata Atlântica,ok,
3203353,Marilândia - ES,ES,12387.0,1.2,32760.537860968594,9125.608141241455,27.855489369464365,184.5905704833987,0.5634540289502473,Mata Atlântica,ok,
3203403,Mimoso do Sul - ES,ES,24475.0,0.7,86947.69948046257,24602.31315746453,28.29553088174892,352.698525061035,0.4056444588741391,Mata Atlântica,ok,
3203502,Montanha - ES,ES,18900.0,1.1,109907.2733592684,5687.095795068286,5.174448988901878,375.0577769958467,0.34124927817092315,Mata Atlântica,ok,
3203601,Mucurici - ES,ES,5466.0,1.1,54053.31618835809,1787.9255375366283,3.3077073963534334,139.0783596496584,0.2572984776086927,Mata Atlântica,ok,
3203700,Muniz Freire - ES,ES,18153.0,0.9,67880.31777111827,21037.12234274302,30.991490661073335,169.1826850952154,0.2492367311326867,Mata Atlântica,ok,
3203809,Muqui - ES,ES,13745.0,0.8,32725.87239400666,11097.792247241432,33.91137175390887,160.0720392028811,0.4891299375481165,Mata Atlântica,ok,
3203908,Nova Venécia - ES,ES,49065.0,0.8,143956.40258274553,24254.379444488204,16.848420083675602,1072.625712451276,0.745104554717346,Mata Atlântica,ok,
3204005,Pancas - ES,ES,18893.0,1.2,83786.60427282841,30690.398700714642,36.62924278537374,161.8510146118162,0.1931705145667345,Mata Atlântica,ok,
3204054,Pedro Canário - ES,ES,21522.0,0.9,43345.88105335096,2997.387804394541,6.91504643937286,448.8459668457205,1.0354985432024604,Mata Atlântica,ok,
3204104,Pinheiros - ES,ES,23915.0,1.6,97313.49466327789,7756.3244585937355,7.970451051451811,410.9499781982429,0.42229495469277245,Mata Atlântica,ok,
3204203,Piúma - ES,ES,22300.0,1.3,7373.672071466239,1687.1044132446339,22.880111793595898,570.3634664672936,7.73513469190498,Mata Atlântica,ok,
3204252,Ponto Belo - ES,ES,6497.0,1.1,36010.09473505786,1492.2066644958468,4.143856536548069,163.4065749084493,0.4537799084137476,Mata Atlântica,ok,
3204302,Presidente Kennedy - ES,ES,13696.0,1.0,59483.16492288113,10685.095330511405,17.963225972196405,797.9995070495544,1.3415552250525784,Mata Atlântica,ok,
3204351,Rio Bananal - ES,ES,19274.0,0.8,64195.38382458241,12201.042536486833,19.00610575026218,255.7737104980463,0.3984300665558177,Mata Atlântica,ok,
3204401,Rio Novo do Sul - ES,ES,11069.0,0.6,20449.94877006855,6279.115684582509,30.70479909354541,171.2920631896976,0.8376160992657753,Mata Atlântica,ok,
3204500,Santa Leopoldina - ES,ES,13106.0,0.7,71828.91881753286,40853.43880696135,56.87603193741704,53.3937187988281,0.0743345711975204,Mata Atlântica,ok,
3204559,Santa Maria de Jetibá - ES,ES,41636.0,0.8,73518.44627574815,36173.857546108,49.203784054996866,646.7756062866113,0.8797460216456804,Mata Atlântica,ok,
3204609,Santa Teresa - ES,ES,22808.0,0.7,68311.44156564784,31836.529588555975,46.60497401150702,312.6649280944823,0.4577050651083228,Mata Atlântica,ok,
3204658,São Domingos do Norte - ES,ES,8589.0,1.1,29856.431023077825,4208.086696197473,14.094406303770167,149.2674287841795,0.4999506761836394,Mata Atlântica,ok,
3204708,São Gabriel da Palha - ES,ES,32252.0,1.6,43488.54577397702,7778.927505469075,17.887301971186822,496.5911135742205,1.1418894440737408,Mata Atlântica,ok,
3204807,São José do Calçado - ES,ES,10878.0,0.9,27347.32676680804,6285.0832057189,22.982440877355597,161.7594371459962,0.5914999975146625,Mata Atlântica,ok,
3204906,São Mateus - ES,ES,123752.0,1.0,234604.7501163804,51936.72362658053,22.13796762461812,3542.521312591472,1.5099955609739928,Mata Atlântica,ok,
3204955,São Roque do Canaã - ES,ES,10886.0,1.3,34191.73309644927,7416.050977874654,21.689602445582942,190.29161729126,0.5565427665058058,Mata Atlântica,ok,
3205002,Serra - ES,ES,520653.0,1.7,54763.79676651163,20235.785778260233,36.9510278195951,10274.12651532568,18.760800240220686,Mata Atlântica,ok,
3205010,Sooretama - ES,ES,26502.0,1.0,58704.97814735343,28099.64141921055,47.865857898249395,545.1386520629854,0.9286071969819167,Mata Atlântica,ok,
3205036,Vargem Alta - ES,ES,19563.0,0.8,41773.64144223581,21693.944016571266,51.93213535518431,364.5819882812497,0.8727560626606857,Mata Atlântica,ok,
3205069,Venda Nova do Imigrante - ES,ES,23831.0,1.1,18591.996908758676,8500.551093609709,45.72156038604495,548.8111471252472,2.951867676283351,Mata Atlântica,ok,
3205101,Viana - ES,ES,73423.0,1.6,31227.72942086069,13433.686365178863,43.01845383675227,1734.852726672385,5.555487891199261,Mata Atlântica,ok,
3205150,Vila Pavão - ES,ES,8911.0,1.1,43325.50467629709,7082.539688506785,16.347275678433274,159.4079133728013,0.3679308863539023,Mata Atlântica,ok,
3205176,Vila Valério - ES,ES,13728.0,0.6,47036.81350995362,7582.0035614867675,16.119296771415677,183.8601857971191,0.39088571711647047,Mata Atlântica,ok,
3205200,Vila Velha - ES,ES,467722.0,1.7,20993.679565057093,5425.974826031485,25.84575423863639,6296.02910374758,29.990117188541827,Mata Atlântica,ok,
3205309,Vitória - ES,ES,322869.0,1.4,8505.837728357123,2500.8387950378205,29.401440221465997,4214.568150805863,49.54912479408298,Mata Atlântica,ok,
3300100,Angra dos Reis - RJ,RJ,167434.0,1.2,80867.41563566308,71190.43397546407,88.03352180339567,2446.377779193117,3.0251712138482727,Mata Atlântica,ok,
3300159,Aperibé - RJ,RJ,11034.0,1.1,9453.795631733406,764.6379070007224,8.088157781135806,218.0440892333984,2.3064184770558533,Mata Atlântica,ok,
3300209,Araruama - RJ,RJ,129671.0,1.1,63827.35697614176,6457.332398925806,10.116872615200899,5596.614629473861,8.768363433199715,Mata Atlântica,ok,
3300225,Areal - RJ,RJ,11828.0,0.8,11072.596367370219,4136.14790269147,37.35481512610958,223.5266140686036,2.018737129507521,Mata Atlântica,ok,
3300233,Armação dos Búzios - RJ,RJ,40006.0,1.6,6963.360320587189,1846.3166500732555,26.51473663677315,1738.763617895538,24.97018016940585,Mata Atlântica,ok,
3300258,Arraial do Cabo - RJ,RJ,30986.0,1.1,15105.452928600573,1845.0504213989298,12.214466061494406,1263.715667315719,8.365956805724158,Mata Atlântica,ok,
3300308,Barra do Piraí - RJ,RJ,92883.0,0.9,58459.64948105772,19624.644186133035,33.56955500133793,1483.675337109374,2.537947713131806,Mata Atlântica,ok,
3300407,Barra Mansa - RJ,RJ,169894.0,0.9,54713.95536828164,16447.812618792646,30.061457827499066,2608.54639641717,4.7676070553827605,Mata Atlântica,ok,
3300456,Belford Roxo - RJ,RJ,483087.0,1.6,7898.173908593911,359.9436903137205,4.557302668684845,5559.612288134915,70.39111005248398,Mata Atlântica,ok,
3300506,Bom Jardim - RJ,RJ,28102.0,1.0,38243.074149256914,15661.800733400127,40.95329960210441,333.9341036499016,0.8731884428187113,Mata Atlântica,ok,
3300605,Bom Jesus do Itabapoana - RJ,RJ,35173.0,0.9,59665.620043670366,8203.957047637918,13.749889872313888,567.5877877319311,0.9512811352945016,Mata Atlântica,ok,
3300704,Cabo Frio - RJ,RJ,222161.0,1.1,41203.42565092146,7959.687004272522,19.3180224181057,5536.380711883562,13.43670004234162,Mata Atlântica,ok,
3300803,Cachoeiras de Macacu - RJ,RJ,56943.0,1.0,95473.81293168521,60246.82136574813,63.10298029979885,812.5494502380361,0.8510704928265965,Mata Atlântica,ok,
3300902,Cambuci - RJ,RJ,14616.0,0.8,55827.06439435328,11475.78285336873,20.555948943160743,231.4208207092289,0.4145315954185052,Mata Atlântica,ok,
3300936,Carapebus - RJ,RJ,13847.0,0.8,30448.151700636336,6477.203699017084,21.27289617675452,330.5533604553239,1.0856270150822183,Mata Atlântica,ok,
3300951,Comendador Levy Gasparian - RJ,RJ,8741.0,0.6,10864.00729190065,2967.7098573301855,27.31689861385381,238.4445207885734,2.1948118625282858,Mata Atlântica,ok,
3301009,Campos dos Goytacazes - RJ,RJ,483540.0,1.4,403174.0356699128,84063.43687561221,20.850409361290502,10736.7727167477,2.6630615483230486,Mata Atlântica,ok,
3301108,Cantagalo - RJ,RJ,19390.0,0.3,74721.31711507574,22338.537243151757,29.895802303309164,310.5943650329596,0.4156703562313066,Mata Atlântica,ok,
3301157,Cardoso Moreira - RJ,RJ,12958.0,1.5,52259.017934065596,5999.299221832327,11.479931041569804,251.7169088439938,0.4816717167582084,Mata Atlântica,ok,
3301207,Carmo - RJ,RJ,17198.0,1.2,30575.787181291988,8824.05197263793,28.85960685269614,249.6861229553213,0.8166138829880839,Mata Atlântica,ok,
3301306,Casimiro de Abreu - RJ,RJ,46110.0,1.6,46280.61126792177,23093.023965864297,49.89783698442773,1026.243048730465,2.2174362451469594,Mata Atlântica,ok,
3301405,Conceição de Macabu - RJ,RJ,21104.0,0.9,33826.84332136786,11087.753851312416,32.777973829761606,279.5250612365731,0.8263409582176464,Mata Atlântica,ok,
3301504,Cordeiro - RJ,RJ,20783.0,0.8,11304.160053021109,3430.88368153685,30.35062902015373,298.0708696838364,2.636824569766907,Mata Atlântica,ok,
3301603,Duas Barras - RJ,RJ,10980.0,1.4,37961.792466667335,16015.814486902078,42.18929994142109,118.4503496154786,0.3120251756275337,Mata Atlântica,ok,
3301702,Duque de Caxias - RJ,RJ,808161.0,1.5,46560.519711003195,21239.78763013228,45.6175913885104,12789.69685327706,27.468973569585387,Mata Atlântica,ok,
3301801,Engenheiro Paulo de Frontin - RJ,RJ,12242.0,0.9,13938.136161608989,9106.635633642725,65.33610755450874,100.8596969787596,0.7236239896734986,Mata Atlântica,ok,
3301850,Guapimirim - RJ,RJ,51696.0,1.1,35833.59565434072,21401.776581232894,59.72545090835833,989.8544910339372,2.7623644040143387,Mata Atlântica,ok,
3301876,Iguaba Grande - RJ,RJ,27920.0,1.4,5097.951083996443,251.15389556274425,4.926565426474372,980.9360232116726,19.24177001797919,Mata Atlântica,ok,
3301900,Itaboraí - RJ,RJ,224267.0,1.5,42989.96873035827,8012.320331427165,18.63765098709899,6168.380144573859,14.348417379094133,Mata Atlântica,ok,
3302007,Itaguaí - RJ,RJ,116841.0,1.2,28111.02790469329,12399.137277789216,44.107733519481556,3024.00250483389,10.757353004259999,Mata Atlântica,ok,
3302056,Italva - RJ,RJ,14073.0,0.6,29119.636550318937,3688.488482659916,12.666670740502484,230.1010817504857,0.7901921486996221,Mata Atlântica,ok,
3302106,Itaocara - RJ,RJ,22919.0,0.5,43316.30790039572,5063.156071704151,11.688798785313596,371.5998288391128,0.8578751210597014,Mata Atlântica,ok,
3302205,Itaperuna - RJ,RJ,101041.0,1.2,110669.91609510794,13820.171910705545,12.487740479380784,1736.375392364572,1.568967840250605,Mata Atlântica,ok,
3302254,Itatiaia - RJ,RJ,30908.0,1.2,24104.683177831514,15100.178960924886,62.64417104976576,1022.810821643056,4.24320375462852,Mata Atlântica,ok,
3302270,Japeri - RJ,RJ,96289.0,1.0,8169.259406970233,970.4909761535511,11.879791396090347,1452.295047735623,17.777560674551303,Mata Atlântica,ok,
3302304,Laje do Muriaé - RJ,RJ,7336.0,1.3,25352.4114841601,5807.138122857522,22.905663733352373,86.82578404541029,0.34247544498738536,Mata Atlântica,ok,
3302403,Macaé - RJ,RJ,246391.0,1.7,121651.03258157273,51842.16894280832,42.6154779311435,5455.157235778585,4.4842671040384685,Mata Atlântica,ok,
3302452,Macuco - RJ,RJ,5415.0,0.5,7837.130378637608,3284.1472907287116,41.90497199945296,85.95899503784175,1.0968172135064658,Mata Atlântica,ok,
3302502,Magé - RJ,RJ,228127.0,1.1,38949.59863845827,22204.395637573092,57.008021683819855,4135.211338250831,10.616826572810389,Mata Atlântica,ok,
3302601,Mangaratiba - RJ,RJ,41220.0,1.0,36549.13562534039,29697.310417204353,81.2531128550534,920.278966894535,2.5179226571270363,Mata Atlântica,ok,
3302700,Maricá - RJ,RJ,197277.0,1.3,36126.3359887895,13839.550612513522,38.308757956544845,6679.265310461587,18.48863198452856,Mata Atlântica,ok,
3302809,Mendes - RJ,RJ,17502.0,0.8,9533.21376122426,5374.116774255345,56.37256132988671,224.2254104309069,2.352044295313396,Mata Atlântica,ok,
3302858,Mesquita - RJ,RJ,167127.0,1.2,4116.461338421676,2181.191618658492,52.98705464083866,1375.903543981934,33.42442527371045,Mata Atlântica,ok,
3302908,Miguel Pereira - RJ,RJ,26582.0,0.7,28793.338145208796,15422.714537145863,53.563482147734916,567.5208341064574,1.9710143757711285,Mata Atlântica,ok,
3303005,Miracema - RJ,RJ,26881.0,0.8,30325.98335218864,7189.714203430055,23.708099156861042,407.1235102172857,1.3424907132909292,Mata Atlântica,ok,
3303104,Natividade - RJ,RJ,15074.0,0.8,38708.60754590475,7849.14013021853,20.277505774161966,235.0354127563461,0.6071915980899502,Mata Atlântica,ok,
3303203,Nilópolis - RJ,RJ,146774.0,1.3,1939.634143713382,594.334372705077,30.641570970040693,985.0869371215856,50.78725492198548,Mata Atlântica,ok,
3303302,Niterói - RJ,RJ,481749.0,1.2,13172.745175678032,5049.712390997473,38.33454852160346,5743.137584570653,43.59863876494552,Mata Atlântica,ok,
3303401,Nova Friburgo - RJ,RJ,189939.0,1.2,93541.13344118452,66203.63076273067,70.77488622089155,2176.863388977017,2.327172345357302,Mata Atlântica,ok,
3303500,Nova Iguaçu - RJ,RJ,785867.0,1.6,52058.00679150918,23821.347308892276,45.75923815964773,10584.56115286882,20.332244365904526,Mata Atlântica,ok,
3303609,Paracambi - RJ,RJ,41375.0,1.1,19092.35205737277,7683.562809283361,40.244191947614176,556.0323942871107,2.912330511276065,Mata Atlântica,ok,
3303708,Paraíba do Sul - RJ,RJ,42063.0,1.1,57112.74215136004,15714.747720049225,27.515309417996498,744.0256613586441,1.302731462948897,Mata Atlântica,ok,
3303807,Paraty - RJ,RJ,45243.0,1.2,92265.66094848292,84549.69505691195,91.63722904897497,715.8383951538153,0.7758448677385056,Mata Atlântica,ok,
3303856,Paty do Alferes - RJ,RJ,29619.0,0.8,31433.07901221933,6726.2111542601915,21.398511904116795,382.2788514038083,1.216167373406852,Mata Atlântica,ok,
3303906,Petrópolis - RJ,RJ,278881.0,1.2,79116.08076833871,51246.60156356607,64.77393857972086,3549.642312139858,4.486625573040748,Mata Atlântica,ok,
3303955,Pinheiral - RJ,RJ,24298.0,1.7,8225.53125537108,2727.3554555174965,33.15719521139254,486.2939466491733,5.912006550721386,Mata Atlântica,ok,
3304003,Piraí - RJ,RJ,27474.0,0.6,49026.65524538875,22176.39396309653,45.23334062276735,563.9568735534683,1.1503066459066913,Mata Atlântica,ok,
3304102,Porciúncula - RJ,RJ,17288.0,1.0,29186.681153533347,6728.3189984375285,23.052703262299477,226.3135574707027,0.7754001089750663,Mata Atlântica,ok,
3304110,Porto Real - RJ,RJ,20373.0,1.1,5090.203989007609,447.7575395141628,8.796455711423423,1084.697729467752,21.309513956811497,Mata Atlântica,ok,
3304128,Quatis - RJ,RJ,13682.0,0.6,28479.49580469989,7830.152748358243,27.49400060329037,236.9086655151357,0.8318569511895619,Mata Atlântica,ok,
3304144,Queimados - RJ,RJ,140523.0,1.0,7593.319437738199,525.3509684631347,6.918594335070138,2324.538592315696,30.61294354038265,Mata Atlântica,ok,
3304151,Quissamã - RJ,RJ,22393.0,1.2,71771.23826128404,28801.435101659627,40.129494487482106,731.8414706909196,1.019686281608577,Mata Atlântica,ok,
3304201,Resende - RJ,RJ,129612.0,1.2,109932.59877332482,46509.18954525367,42.307004532070735,2861.971427624484,2.603387402426206,Mata Atlântica,ok,
3304300,Rio Bonito - RJ,RJ,56276.0,1.2,45947.46847860195,15874.202842041086,34.54859074430578,1071.307688561987,2.331592412019179,Mata Atlântica,ok,
3304409,Rio Claro - RJ,RJ,17401.0,0.8,84678.89817381708,45258.9493470963,53.44773057178308,174.9578068237309,0.206613230210674,Mata Atlântica,ok,
3304508,Rio das Flores - RJ,RJ,8954.0,0.8,47877.185256756056,13587.549621460246,28.38000928540985,127.9018938903809,0.2671458090204507,Mata Atlântica,ok,
3304524,Rio das Ostras - RJ,RJ,156491.0,1.6,22747.187241918607,5971.848871350124,26.253131025998577,3409.114582769773,14.986972000157643,Mata Atlântica,ok,
3304557,Rio de Janeiro - RJ,RJ,6211223.0,1.4,119593.45419071715,36659.462860717664,30.653402486607977,57600.96163096949,48.16397521147982,Mata Atlântica,ok,
3304607,Santa Maria Madalena - RJ,RJ,10232.0,1.1,81096.46581377028,37478.89162168291,46.215197229123824,110.5515454589844,0.13632103982540336,Mata Atlântica,ok,
3304706,Santo Antônio de Pádua - RJ,RJ,41325.0,0.6,60365.809127563465,9453.821192156787,15.66088706303798,753.7554378845277,1.2486462929565167,Mata Atlântica,ok,
3304755,São Francisco de Itabapoana - RJ,RJ,45059.0,1.0,111679.21830780165,22070.388321899627,19.762305517818834,3636.662328173912,3.25634651036939,Mata Atlântica,ok,
3304805,São Fidélis - RJ,RJ,38961.0,1.2,103484.68256865819,23419.65860199613,22.63103873991986,443.7165093933096,0.4287750596315744,Mata Atlântica,ok,
3304904,São Gonçalo - RJ,RJ,896744.0,1.5,24766.01213409421,4967.438874932909,20.057483813045817,11665.77023914172,47.10395107608786,Mata Atlântica,ok,
3305000,São João da Barra - RJ,RJ,36573.0,1.1,45218.678113052214,22293.604077957643,49.30175982194993,3188.73648989266,7.0518127087227755,Mata Atlântica,ok,
3305109,São João de Meriti - RJ,RJ,440962.0,1.2,3521.4270073120474,15.36308164062501,0.4362743174492734,3501.190334307897,99.42532748905117,Mata Atlântica,ok,
3305133,São José de Ubá - RJ,RJ,7070.0,0.7,24970.36795188266,4042.367908178753,16.188659758511793,90.24348944091761,0.36140232140277145,Mata Atlântica,ok,
3305158,São José do Vale do Rio Preto - RJ,RJ,22080.0,0.6,22018.038715739895,11903.4129510906,54.062094743167485,283.6926617553704,1.288455640477046,Mata Atlântica,ok,
3305208,São Pedro da Aldeia - RJ,RJ,104029.0,1.1,33247.91865552292,4045.54115203252,12.167802724578978,2921.062858886836,8.785701412324673,Mata Atlântica,ok,
3305307,São Sebastião do Alto - RJ,RJ,7750.0,0.5,39721.9389639643,7697.947895196538,19.379587442043324,83.37623997192377,0.20989972329287,Mata Atlântica,ok,
3305406,Sapucaia - RJ,RJ,17729.0,0.7,54067.73941619878,22175.322980913876,41.01396363220267,367.3018008422842,0.679336337727928,Mata Atlântica,ok,
3305505,Saquarema - RJ,RJ,89559.0,1.2,35208.833772186146,11230.517050915492,31.89687316422063,3755.77371558836,10.667134673899087,Mata Atlântica,ok,
3305554,Seropédica - RJ,RJ,80596.0,1.6,26520.166530230403,4644.710770666558,17.51388237088195,2244.881471679657,8.464809107140074,Mata Atlântica,ok,
3305604,Silva Jardim - RJ,RJ,21352.0,1.2,93775.73196802505,51655.74832383994,55.08434564014188,439.9311974304173,0.46913117946167754,Mata Atlântica,ok,
3305703,Sumidouro - RJ,RJ,15206.0,0.4,41342.417447749904,15660.491238463568,37.879960111804984,139.5130675231937,0.33745744960249496,Mata Atlântica,ok,
3305752,Tanguá - RJ,RJ,31086.0,0.9,14302.221427447294,3613.631262927215,25.266223720969112,589.6314734069932,4.122656584489984,Mata Atlântica,ok,
3305802,Teresópolis - RJ,RJ,165123.0,1.1,77331.05000014389,48828.74041771065,63.14247694505608,2331.589508196996,3.0150754557097796,Mata Atlântica,ok,
3305901,Trajano de Moraes - RJ,RJ,10302.0,0.8,59114.61107523373,30660.50624326,51.86620648529534,92.94614740600574,0.15723041345517003,Mata Atlântica,ok,
3306008,Três Rios - RJ,RJ,78346.0,0.9,32285.023829235615,8818.612432879692,27.31487044743644,1456.358729602072,4.510942092857525,Mata Atlântica,ok,
3306107,Valença - RJ,RJ,68088.0,1.0,130080.19777760416,36303.84777172721,27.908819629714326,977.8034716735842,0.7516927928917495,Mata Atlântica,ok,
3306156,Varre-Sai - RJ,RJ,10207.0,0.8,20192.96137919237,4527.038800628612,22.418894958584197,113.1720975463868,0.5604531966420925,Mata Atlântica,ok,
3306206,Vassouras - RJ,RJ,33976.0,1.1,53607.93416432531,15044.960862969829,28.064802528767952,602.9204920288058,1.1246851821983355,Mata Atlântica,ok,
3306305,Volta Redonda - RJ,RJ,261563.0,1.0,18211.581400115967,6373.794245031805,34.99857648271675,4115.892432665998,22.600412024843646,Mata Atlântica,ok,
3500105,Adamantina - SP,SP,34687.0,0.9,41199.03580752602,1545.55168399048,3.7514268324409343,1073.255019915724,2.605048877672199,Mata Atlântica,ok,
3500204,Adolfo - SP,SP,4351.0,1.8,21105.35967703831,1212.7709249145475,5.746269873969447,132.7990264038083,0.62921944205617,Mata Atlântica,ok,
3500303,Aguaí - SP,SP,32072.0,1.0,47456.74465487054,6124.892523950188,12.906263521641668,916.8569827148474,1.9319845669623894,Cerrado | Mata Atlântica,ok,
3500402,Águas da Prata - SP,SP,7369.0,0.4,14266.50764954834,5622.0845933838555,39.40757423952906,262.6333912658695,1.8409087754155735,Mata Atlântica,ok,
3500501,Águas de Lindóia - SP,SP,17930.0,1.1,6011.873145831253,1083.549466900625,18.023491857142375,499.9250064392034,8.315627996672898,Mata Atlântica,ok,
3500550,Águas de Santa Bárbara - SP,SP,7177.0,0.9,40444.069594079156,7477.694588238526,18.488976661570252,1056.5022724060188,2.612255104418786,Cerrado | Mata Atlântica,ok,
3500600,Águas de São Pedro - SP,SP,2780.0,1.0,360.7239353942879,124.21302854003899,34.43437386661587,154.22666909790127,42.75476450691424,Cerrado | Mata Atlântica,ok,
3500709,Agudos - SP,SP,37680.0,0.9,96672.06047713655,19153.20013283073,19.81254980839119,1180.4976416808745,1.2211363198988279,Cerrado | Mata Atlântica,ok,
3500758,Alambari - SP,SP,6141.0,0.7,15959.737390600194,3235.4560750304495,20.272614741994666,311.8999852966286,1.9542927158709285,Cerrado | Mata Atlântica,ok,
3500808,Alfredo Marcondes - SP,SP,4445.0,0.4,11891.884216192951,251.0621802368165,2.111206060137635,94.28435841674774,0.7928462529795113,Mata Atlântica,ok,
3500907,Altair - SP,SP,3451.0,0.8,31300.497135912978,4005.00444079587,12.795338116852728,86.12678813476546,0.2751610869334945,Cerrado | Mata Atlântica,ok,
3501004,Altinópolis - SP,SP,16818.0,0.9,92893.57248372439,26446.908383271282,28.470116581968004,477.3123025512692,0.5138270493740541,Cerrado | Mata Atlântica,ok,
3501103,Alto Alegre - SP,SP,3841.0,1.1,31857.670213911322,1914.0835511718478,6.008234558018693,111.7540192443849,0.3507915628920823,Mata Atlântica,ok,
3501152,Alumínio - SP,SP,17301.0,0.9,8361.931383300807,2775.5658770141426,33.192880326153904,689.266451824953,8.242909684734467,Mata Atlântica,ok,
3501202,Álvares Florence - SP,SP,3915.0,1.0,36239.32185029928,2567.7287025940323,7.085476690764363,89.93864143676791,0.24817970327451136,Mata Atlântica,ok,
3501301,Álvares Machado - SP,SP,27255.0,1.4,34764.98217024082,1409.8443467956558,4.055357600621746,752.5244415344195,2.164604710134406,Mata Atlântica,ok,
3501400,Álvaro de Carvalho - SP,SP,4808.0,0.5,15366.390666320995,3062.3366740111856,19.928796166317742,75.53021198120099,0.49152864599975943,Mata Atlântica,ok,
3501509,Alvinlândia - SP,SP,2885.0,1.4,8487.597012329188,2071.098160748278,24.401466725385,64.74040272827148,0.76276480415162,Cerrado | Mata Atlântica,ok,
3501608,Americana - SP,SP,237240.0,1.0,13389.810882202408,887.6145922729477,6.629030089235655,5415.444604492386,40.444518986377446,Mata Atlântica,ok,
3501707,Américo Brasiliense - SP,SP,33019.0,1.1,12293.309875750487,1357.90400907591,11.045877984044651,737.8400567016721,6.001964191573168,Cerrado,ok,
3501806,Américo de Campos - SP,SP,5870.0,0.6,25290.310956158457,1957.62102656859,7.740596902751362,154.5224756042483,0.6109947634575069,Cerrado | Mata Atlântica,ok,
3501905,Amparo - SP,SP,68008.0,1.1,44532.8170036305,8252.083438366491,18.530342326410086,1515.380942877206,3.4028409717572234,Mata Atlântica,ok,
3502002,Analândia - SP,SP,4589.0,0.4,32591.929156848146,8894.86666618032,27.291623712649578,299.0198593872077,0.9174659712476034,Cerrado | Mata Atlântica,ok,
3502101,Andradina - SP,SP,59783.0,1.0,96425.19335744681,6126.8157217101925,6.353957413389024,1712.986730352782,1.7764929171599009,Mata Atlântica,ok,
3502200,Angatuba - SP,SP,24022.0,1.0,102728.78466185534,20487.913199428964,19.943692770110633,497.78341095581595,0.48456079042921846,Cerrado | Mata Atlântica,ok,
3502309,Anhembi - SP,SP,5674.0,0.3,73655.90729103501,14071.063189428656,19.103780955178472,233.1949350097658,0.3166004514591717,Cerrado | Mata Atlântica,ok,
3502408,Anhumas - SP,SP,4023.0,0.6,32084.340622790733,2528.571761151095,7.881015199529935,102.6806627380373,0.3200335763331826,Cerrado | Mata Atlântica,ok,
3502507,Aparecida - SP,SP,32569.0,0.9,12089.423685120038,3322.9505650939927,27.486426579489994,707.3541785217338,5.851016532676929,Mata Atlântica,ok,
3502606,Aparecida d'Oeste - SP,SP,4086.0,0.7,17901.674774554624,1158.4082485046408,6.470949020653633,92.70855209350619,0.5178764180504596,Mata Atlântica,ok,
3502705,Apiaí - SP,SP,24585.0,1.4,97431.838239958,67990.55789468893,69.78269026110313,559.6798695556663,0.5744322181187531,Mata Atlântica,ok,
3502754,Araçariguama - SP,SP,21522.0,0.6,14521.105656671944,7067.7413304510865,48.67219823033038,765.0820235412536,5.2687587407624505,Mata Atlântica,ok,
3502804,Araçatuba - SP,SP,200124.0,1.2,116709.24965084635,4961.780631091311,4.251403077249867,4810.546618615421,4.121821220688942,Mata Atlântica,ok,
3502903,Araçoiaba da Serra - SP,SP,32443.0,1.4,25530.22979281023,3898.1631500914796,15.26881340954194,1673.645271746821,6.555543312101912,Mata Atlântica,ok,
3503000,Aramina - SP,SP,5420.0,0.5,20284.645978729404,1432.7744642700188,7.063344688255513,216.6032402770996,1.0678186866274668,Cerrado,ok,
3503109,Arandu - SP,SP,6885.0,0.8,28590.91290524872,2326.04051983036,8.135593737558992,592.9612862243695,2.0739501679763213,Cerrado | Mata Atlântica,ok,
3503158,Arapeí - SP,SP,2330.0,0.9,15690.061187340916,7294.188027258465,46.48922614236569,24.87854001464839,0.15856241551639672,Mata Atlântica,ok,
3503208,Araraquara - SP,SP,242228.0,1.3,100361.67432075314,11138.758003717074,11.098617155506902,6717.038913604561,6.692832656554821,Cerrado,ok,
3503307,Araras - SP,SP,130866.0,1.0,64482.35415324075,6535.769253064048,10.135748514286485,3767.8693045469277,5.8432564288714985,Cerrado | Mata Atlântica,ok,
3503356,Arco-Íris - SP,SP,2044.0,0.3,26491.16281225553,2222.9586552917453,8.391321555214422,32.18776143798827,0.12150376963859563,Mata Atlântica,ok,
3503406,Arealva - SP,SP,8130.0,0.8,50623.09216004122,5386.897042529242,10.641185302349685,381.3250403320312,0.7532630348349719,Cerrado | Mata Atlântica,ok,
3503505,Areias - SP,SP,3577.0,0.6,30524.846433220227,15899.040193608977,52.08556979440209,43.9999347351075,0.14414465550667707,Mata Atlântica,ok,
3503604,Areiópolis - SP,SP,10130.0,0.7,8590.017794745052,365.96267223510716,4.260324960665216,264.4815166870115,3.0789402653951217,Cerrado | Mata Atlântica,ok,
3503703,Ariranha - SP,SP,7602.0,0.5,13262.534565838045,559.4649619201655,4.2183864565469165,268.9460637023946,2.0278632441430338,Mata Atlântica,ok,
3503802,Artur Nogueira - SP,SP,51456.0,1.1,17802.17650540197,1064.893665350348,5.981817251543439,1329.208777722162,7.466552066365711,Mata Atlântica,ok,
3503901,Arujá - SP,SP,86678.0,1.1,9617.432697187129,3671.2737809396654,38.173116428601844,2559.199500194864,26.61000685706248,Mata Atlântica,ok,
3503950,Aspásia - SP,SP,1842.0,0.3,6937.4724250915815,263.23251419067367,3.794357628559493,53.37495773315416,0.7693718181870763,Mata Atlântica,ok,
3504008,Assis - SP,SP,101409.0,0.9,46061.39008823174,6551.643556543015,14.223720873367432,2806.0990776794924,6.092085089712533,Cerrado | Mata Atlântica,ok,
3504107,Atibaia - SP,SP,158647.0,1.1,47851.70719902075,14813.519009862212,30.957137951737195,4970.185150634613,10.386641233013991,Mata Atlântica,ok,
3504206,Auriflama - SP,SP,13692.0,1.1,43450.393399574394,2559.0103111633425,5.889498600462403,337.0294807250958,0.775664969533733,Mata Atlântica,ok,
3504305,Avaí - SP,SP,4483.0,1.1,54068.98277950467,7722.827820635542,14.283286689763559,125.83345674438517,0.2327276199323718,Cerrado | Mata Atlântica,ok,
3504404,Avanhandava - SP,SP,11263.0,0.8,33837.02556603024,2654.51442324831,7.844999313158415,277.8906941894518,0.8212621811192309,Mata Atlântica,ok,
3504503,Avaré - SP,SP,92805.0,1.1,121308.28222529363,16750.39437298585,13.808120983756933,3085.375269573959,2.5434168326972126,Cerrado | Mata Atlântica,ok,
3504602,Bady Bassitt - SP,SP,27260.0,0.6,11036.409102221647,666.3759312133798,6.037977797318488,780.6158927490246,7.073096742960401,Mata Atlântica,ok,
3504701,Balbinos - SP,SP,3887.0,,9163.104830554194,666.0032111633271,7.2683137809637675,52.76739517822278,0.5758680726021046,Mata Atlântica,ok,
3504800,Bálsamo - SP,SP,9596.0,1.1,14988.909334795884,1213.7783067444016,8.09784274247817,276.193017620848,1.8426491978284367,Mata Atlântica,ok,
3504909,Bananal - SP,SP,9969.0,1.0,61644.625761729825,35023.199256340544,56.814683881305385,115.3752093811033,0.1871618295276122,Mata Atlântica,ok,
3505005,Barão de Antonina - SP,SP,3531.0,0.6,15315.83728314219,1958.0478479797405,12.784464941625629,79.0417421203604,0.5160784922111958,Mata Atlântica,ok,
3505104,Barbosa - SP,SP,5640.0,0.8,20520.8137289183,1871.5947928893993,9.120470648061652,140.2914012573239,0.6836541820932897,Mata Atlântica,ok,
3505203,Bariri - SP,SP,31595.0,0.5,44439.68499608717,2469.408584448234,5.556764375502798,981.1381044982984,2.207797162794214,Cerrado | Mata Atlântica,ok,
3505302,Barra Bonita - SP,SP,34346.0,0.7,15011.22927405935,660.9812872619655,4.40324556499977,1342.7890769470523,8.94523061657251,Cerrado | Mata Atlântica,ok,
3505351,Barra do Chapéu - SP,SP,5179.0,0.7,40569.90066037254,21614.278963350826,53.27663763412416,75.84411638183606,0.18694676385027068,Mata Atlântica,ok,
3505401,Barra do Turvo - SP,SP,6876.0,0.8,100769.30509476535,76557.12688318096,75.97266529841124,146.5856718505861,0.1454665899628207,Mata Atlântica,ok,
3505500,Barretos - SP,SP,122485.0,1.3,156620.5893772022,18553.36201694906,11.84605554782167,3432.572220373305,2.1916481313362697,Cerrado | Mata Atlântica,ok,
3505609,Barrinha - SP,SP,32092.0,1.1,14604.797799053888,1286.5201682372983,8.808887229651617,525.6296415039053,3.5990203269911487,Cerrado,ok,
3505708,Barueri - SP,SP,316473.0,1.2,6569.317982959021,750.2333559875644,11.420262467636503,4478.146759210206,68.16760538653531,Mata Atlântica,ok,
3505807,Bastos - SP,SP,21503.0,0.7,17089.885344750877,1276.864990612833,7.471466103223562,470.7746997436505,2.7546978241621027,Mata Atlântica,ok,
3505906,Batatais - SP,SP,58402.0,0.9,84947.60486112245,11465.584895806924,13.497243288438284,1751.558219488524,2.061927728688853,Cerrado,ok,
3506003,Bauru - SP,SP,379146.0,1.1,66769.60312795882,10237.76363683446,15.332970629186713,8921.548119403524,13.361691101122858,Cerrado | Mata Atlântica,ok,
3506102,Bebedouro - SP,SP,76373.0,1.0,68314.48410798257,5142.502377874726,7.527689691319535,2259.0919526245366,3.306900406440398,Cerrado | Mata Atlântica,ok,
3506201,Bento de Abreu - SP,SP,2606.0,1.2,30168.95487102071,2219.7628682067807,7.357771847572389,106.082288781738,0.35162732429832066,Mata Atlântica,ok,
3506300,Bernardino de Campos - SP,SP,11607.0,0.6,24411.731824829127,2059.2380885620164,8.435444495861491,304.1513265014635,1.245922774688651,Mata Atlântica,ok,
3506359,Bertioga - SP,SP,64188.0,1.5,48928.64896117792,42533.592276503776,86.9298318665037,2603.33809660041,5.320682569154955,Mata Atlântica,ok,
3506409,Bilac - SP,SP,7319.0,0.4,15803.237620373508,675.2970990661566,4.273156648581711,244.4750627319325,1.5469935250277809,Mata Atlântica,ok,
3506508,Birigui - SP,SP,118979.0,1.2,53001.953017713124,2726.0222308166412,5.143248645772753,2936.092023492333,5.5395921401445305,Mata Atlântica,ok,
3506607,Biritiba Mirim - SP,SP,29683.0,1.5,31740.535506721702,20112.566399617164,63.3655547347584,723.5768556640605,2.2796617766919165,Mata Atlântica,ok,
3506706,Boa Esperança do Sul - SP,SP,12978.0,1.4,69076.5139614184,11377.65673626721,16.471092827038174,298.309220324708,0.4318533220876258,Cerrado | Mata Atlântica,ok,
3506805,Bocaina - SP,SP,11259.0,0.8,36392.20156028926,6240.554214288353,17.148053557435702,402.1360946411123,1.105006230455479,Cerrado | Mata Atlântica,ok,
3506904,Bofete - SP,SP,10460.0,0.7,65355.20889534169,20307.276435882293,31.07216208030471,610.2840230224626,0.9337955357158405,Cerrado | Mata Atlântica,ok,
3507001,Boituva - SP,SP,61081.0,1.3,24897.11536975,2963.71860889274,11.903863419027486,2377.29626684555,9.548480743813258,Mata Atlântica,ok,
3507100,Bom Jesus dos Perdões - SP,SP,22006.0,0.9,10836.226882055296,6312.362806164126,58.252405333237775,801.4512078552295,7.3960356919291375,Mata Atlântica,ok,
3507159,Bom Sucesso de Itararé - SP,SP,3555.0,0.4,13359.440417004247,7330.278049859482,54.869648885362835,80.83468495483416,0.6050753806420338,Cerrado | Mata Atlântica,ok,
3507209,Borá - SP,SP,907.0,0.5,11895.890497362365,1353.21366041868,11.375471728818649,61.52940332641609,0.5172324286278425,Cerrado | Mata Atlântica,ok,
3507308,Boracéia - SP,SP,4715.0,1.0,12210.919550530876,660.4889347778309,5.409002426431642,134.4330765075679,1.1009250855454482,Mata Atlântica,ok,
3507407,Borborema - SP,SP,14226.0,1.0,55226.246343246865,3017.3167506286477,5.463555737384656,551.9578782104408,0.9994484774139186,Mata Atlântica,ok,
3507456,Borebi - SP,SP,2713.0,0.8,34799.610869384196,6080.950790973023,17.474191920700143,98.09918405761705,0.2818973592142152,Cerrado | Mata Atlântica,ok,
3507506,Botucatu - SP,SP,145155.0,1.3,148261.63260774827,28938.599394940513,19.51860294935681,4776.611008179103,3.221744509462169,Cerrado | Mata Atlântica,ok,
3507605,Bragança Paulista - SP,SP,176811.0,1.0,51256.75840711166,8513.219936993628,16.60897060515722,4200.942219958504,8.19587962740859,Mata Atlântica,ok,
3507704,Braúna - SP,SP,5356.0,0.4,19518.324511621027,1100.0627520629885,5.636051144697494,130.1536320922853,0.6668278930130148,Mata Atlântica,ok,
3507753,Brejo Alegre - SP,SP,2565.0,0.5,10568.57792462795,620.4755909423857,5.870946832842021,218.4168760009774,2.0666628713783783,Mata Atlântica,ok,
3507803,Brodowski - SP,SP,25201.0,1.5,27842.773544702428,3624.692955554204,13.018433489518019,778.4700253906223,2.7959499944959316,Cerrado,ok,
3507902,Brotas - SP,SP,23898.0,1.1,110137.42755196602,20625.363210747702,18.726933858171023,1008.584994543457,0.9157513635113527,Cerrado,ok,
3508009,Buri - SP,SP,20250.0,2.1,119649.1480035456,30416.53060292371,25.421435179816214,511.6350714721698,0.4276127995972092,Cerrado | Mata Atlântica,ok,
3508108,Buritama - SP,SP,17210.0,0.9,32694.22334073456,2187.0336496032487,6.689358015360372,651.2032504760656,1.9917991129176482,Mata Atlântica,ok,
3508207,Buritizal - SP,SP,4356.0,0.3,26641.865337230898,4978.269402478172,18.685889067689445,212.7656479248048,0.7986139304873433,Cerrado,ok,
3508306,Cabrália Paulista - SP,SP,4299.0,0.4,23997.915200042855,3948.6713187316514,16.454226485159847,137.2433155883801,0.5718968270549394,Cerrado | Mata Atlântica,ok,
3508405,Cabreúva - SP,SP,47011.0,1.0,26022.56067356518,13150.601500048379,50.53538606370631,1435.564292474338,5.516614258229571,Mata Atlântica,ok,
3508504,Caçapava - SP,SP,96202.0,1.3,36898.86567347607,6116.11932206439,16.5753586470297,3149.85302354749,8.536449470888998,Mata Atlântica,ok,
3508603,Cachoeira Paulista - SP,SP,31564.0,0.6,28799.0841521417,3892.214143261766,13.515062224547561,697.4879758544995,2.421910266902114,Mata Atlântica,ok,
3508702,Caconde - SP,SP,17101.0,0.6,46820.19964175824,9666.05512143531,20.64505319369527,338.0657230468751,0.7220510071156538,Mata Atlântica,ok,
3508801,Cafelândia - SP,SP,16654.0,0.7,92027.7373737272,9911.345728729266,10.76995481099249,522.4334373596289,0.5676912768571198,Mata Atlântica,ok,
3508900,Caiabu - SP,SP,3712.0,0.4,25335.628056378286,1873.065280688501,7.3930090721273976,84.46824104614244,0.33339706778998685,Mata Atlântica,ok,
3509007,Caieiras - SP,SP,95032.0,1.0,9764.605391565268,5131.313637329988,52.550138296038575,1502.517486926003,15.38738563079966,Mata Atlântica,ok,
3509106,Caiuá - SP,SP,5466.0,0.9,55115.889898568006,4868.978999218647,8.83407490685395,118.418438635254,0.21485353652673347,Mata Atlântica,ok,
3509205,Cajamar - SP,SP,92689.0,1.2,13137.052482330062,6666.096640381141,50.74271149747895,2134.581673113682,16.248558616819047,Mata Atlântica,ok,
3509254,Cajati - SP,SP,28515.0,1.0,45448.885435702905,26809.62634424815,58.98852323271174,541.5629025695898,1.1915867625307237,Mata Atlântica,ok,
3509304,Cajobi - SP,SP,9133.0,0.4,17692.016169902858,1198.7959184509252,6.775914666471321,223.9052638549805,1.265572344636908,Mata Atlântica,ok,
3509403,Cajuru - SP,SP,23830.0,0.5,66011.67939212677,19573.5492825929,29.651645682759952,724.2090431457409,1.097092287023556,Cerrado,ok,
3509452,Campina do Monte Alegre - SP,SP,5954.0,0.5,18447.396228826732,3522.997900903421,19.097534726327535,123.64457517089988,0.6702548892926543,Cerrado | Mata Atlântica,ok,
3509502,Campinas - SP,SP,1139047.0,1.4,79456.33356644768,7447.5016827209165,9.37307493114155,23725.25526977282,29.859489111628694,Mata Atlântica,ok,
3509601,Campo Limpo Paulista - SP,SP,77632.0,1.0,7940.6765079408415,2453.870247021482,30.90253386556625,1443.69551409917,18.181014081803287,Mata Atlântica,ok,
3509700,Campos do Jordão - SP,SP,46974.0,1.2,28999.641745703197,24193.743587030116,83.42773265678305,1242.316433874501,4.283902693586109,Mata Atlântica,ok,
3509809,Campos Novos Paulista - SP,SP,4888.0,0.5,48419.52922095235,6191.761923663303,12.787736732029135,103.697096588135,0.21416378526716998,Cerrado | Mata Atlântica,ok,
3509908,Cananéia - SP,SP,12289.0,1.2,123641.30894422604,107036.65323012156,86.5703009326804,417.0854475830172,0.337335030779367,Mata Atlântica,ok,
3509957,Canas - SP,SP,4931.0,0.7,5319.78867548834,550.5662379699698,10.349400541167729,171.5466026428227,3.2246882932257694,Mata Atlântica,ok,
3510005,Cândido Mota - SP,SP,29449.0,1.6,59579.14640359673,2338.035199346909,3.924250917441416,876.5910861999496,1.4713052118300083,Cerrado | Mata Atlântica,ok,
3510104,Cândido Rodrigues - SP,SP,2889.0,0.3,7089.642515612864,259.43294418334955,3.6593233525107136,98.77564534301753,1.393238729957019,Mata Atlântica,ok,
3510153,Canitar - SP,SP,6283.0,0.6,5745.396588092178,249.06464852905268,4.335029700913254,228.8203710082997,3.9826732149796125,Mata Atlântica,ok,
3510203,Capão Bonito - SP,SP,46337.0,1.1,164020.992956562,66699.80604150874,40.665408030527516,1239.316143890395,0.7555838564022141,Cerrado | Mata Atlântica,ok,
3510302,Capela do Alto - SP,SP,22866.0,2.4,16990.28667830809,3085.0140147156503,18.157515956775246,616.7272239929015,3.6298812119532515,Mata Atlântica,ok,
3510401,Capivari - SP,SP,50068.0,1.1,32290.598637421586,2913.7881544189304,9.023642414117836,1411.929587115505,4.372571728909415,Mata Atlântica,ok,
3510500,Caraguatatuba - SP,SP,134873.0,1.5,48438.068052091105,39166.86412903181,80.85967443398262,3631.203712115561,7.49659071499405,Mata Atlântica,ok,
3510609,Carapicuíba - SP,SP,386984.0,1.3,3453.693231561169,197.56898325195576,5.720513375261441,2828.199334710578,81.88912984122074,Mata Atlântica,ok,
3510708,Cardoso - SP,SP,11345.0,0.7,63924.45190844167,5530.741714147336,8.65199708253887,441.1775311157177,0.6901545776999571,Mata Atlântica,ok,
3510807,Casa Branca - SP,SP,28083.0,0.9,86421.53173034666,12726.010441266011,14.725509009691981,1021.368140545665,1.18184452427035,Cerrado | Mata Atlântica,ok,
3510906,Cássia dos Coqueiros - SP,SP,2799.0,0.4,19168.341418725446,5961.068395983851,31.098509076849584,77.94136514892602,0.40661507141554526,Cerrado,ok,
3511003,Castilho - SP,SP,19977.0,1.0,106530.90389054014,19198.9826298521,18.021984164875704,468.7424596862785,0.4400060851524442,Mata Atlântica,ok,
3511102,Catanduva - SP,SP,115791.0,0.9,29059.504449572756,1530.3391333496113,5.266225843614174,3351.607381787097,11.533601295931161,Mata Atlântica,ok,
3511201,Catiguá - SP,SP,7003.0,0.6,14840.270129725048,812.6901758789053,5.476249210929709,171.4074968261726,1.1550160160686263,Mata Atlântica,ok,
3511300,Cedral - SP,SP,12618.0,0.8,19782.909474694672,1022.2314699035578,5.1672453498872155,443.6152140075664,2.2424164381635436,Mata Atlântica,ok,
3511409,Cerqueira César - SP,SP,21469.0,1.0,51161.14773703708,6078.22491347664,11.880548389410803,693.01364503784,1.3545701683626357,Cerrado | Mata Atlântica,ok,
3511508,Cerquilho - SP,SP,44695.0,1.2,12781.758843536332,1019.7929484863299,7.978502496955134,1390.129997601339,10.875889731750966,Mata Atlântica,ok,
3511607,Cesário Lange - SP,SP,19048.0,0.9,19036.874392181227,1811.8107899108963,9.517375345266963,658.0171064514136,3.4565396235511887,Mata Atlântica,ok,
3511706,Charqueada - SP,SP,15535.0,0.4,17583.606980895896,2005.366030651845,11.404747801919253,459.26730576172304,2.6119061138064805,Cerrado | Mata Atlântica,ok,
3511904,Clementina - SP,SP,6982.0,1.1,16859.361737353385,807.5749085510265,4.790068100631436,227.884118609619,1.351677021703152,Mata Atlântica,ok,
3512001,Colina - SP,SP,18486.0,0.6,42231.24325499808,3193.2870331298927,7.5614326905991955,669.4083882995652,1.585102252987403,Cerrado | Mata Atlântica,ok,
3512100,Colômbia - SP,SP,6629.0,0.7,72864.38902565457,9517.67076515505,13.062170550560722,236.7112886840823,0.32486553699193094,Cerrado,ok,
3512209,Conchal - SP,SP,28101.0,1.0,18281.103206353742,1605.9436304077258,8.784719457464512,686.0602953979469,3.7528385877691512,Cerrado | Mata Atlântica,ok,
3512308,Conchas - SP,SP,15232.0,0.9,46610.7098498719,5841.430006945835,12.53237727071837,379.26314620361234,0.8136824078096606,Cerrado | Mata Atlântica,ok,
3512407,Cordeirópolis - SP,SP,24514.0,1.3,13756.065017376486,1012.5414063781878,7.360690757852326,1008.4937462891,7.331266208869931,Mata Atlântica,ok,
3512506,Coroados - SP,SP,5400.0,0.7,24684.006586676427,1492.3881181945783,6.045971965507892,183.4078148559575,0.7430228727736392,Mata Atlântica,ok,
3512605,Coronel Macedo - SP,SP,4280.0,1.0,30378.35114079037,3515.0396206665328,11.570870335838379,107.10363605957087,0.35256566613241236,Cerrado | Mata Atlântica,ok,
3512704,Corumbataí - SP,SP,4195.0,1.4,27864.436512457654,5475.301836248634,19.649784892656026,135.46707871093682,0.48616478804576607,Cerrado | Mata Atlântica,ok,
3512803,Cosmópolis - SP,SP,59773.0,1.1,15468.417775243926,1470.0231022827418,9.503383756775735,1354.760900738575,8.75823836945218,Mata Atlântica,ok,
3512902,Cosmorama - SP,SP,8719.0,0.9,44167.88020947887,3993.043748547407,9.040605366635775,338.8188238830575,0.7671158821209255,Mata Atlântica,ok,
3513009,Cotia - SP,SP,274413.0,1.3,32399.12407035422,18318.792873180628,56.54101275516473,4989.781468041691,15.400976449877021,Mata Atlântica,ok,
3513108,Cravinhos - SP,SP,33281.0,0.5,31140.50886904196,2487.8001359375,7.988951453554193,1094.738693298341,3.5154810664852847,Cerrado,ok,
3513207,Cristais Paulista - SP,SP,9272.0,0.5,38522.829249933646,7788.192809296034,20.217084157466054,329.1367278564397,0.8543939639558188,Cerrado,ok,
3513306,Cruzália - SP,SP,2108.0,0.4,14933.133220238225,336.5846474853518,2.253945253961796,72.69611315307615,0.4868108526250491,Mata Atlântica,ok,
3513405,Cruzeiro - SP,SP,74961.0,0.8,30569.29717319888,11232.358317169217,36.74392071734315,1338.418528106715,4.378309780965953,Mata Atlântica,ok,
3513504,Cubatão - SP,SP,112476.0,1.3,14289.775105383365,8507.948306329405,59.53871382569358,2633.19163998414,18.427103439802504,Mata Atlântica,ok,
3513603,Cunha - SP,SP,22110.0,0.8,140728.5996040995,50944.20774309755,36.20032309453431,358.9519001037611,0.2550667747093141,Mata Atlântica,ok,
3513702,Descalvado - SP,SP,31756.0,1.0,75370.97457402741,16587.350091094577,22.007609938495506,1084.497450073196,1.4388794309778108,Cerrado | Mata Atlântica,ok,
3513801,Diadema - SP,SP,393237.0,1.3,3073.681032757592,172.40099218139963,5.6089421883417705,2696.564240753195,87.73077661652934,Mata Atlântica,ok,
3513850,Dirce Reis - SP,SP,1620.0,0.4,8813.667230877554,979.3466461303713,11.111681669797512,33.97618327026372,0.38549428268896413,Mata Atlântica,ok,
3513900,Divinolândia - SP,SP,11158.0,0.9,22376.577986145934,4141.59614328615,18.50862158570603,278.4124430297838,1.2442136737894327,Mata Atlântica,ok,
3514007,Dobrada - SP,SP,8759.0,0.7,14970.953177391919,458.2429651794432,3.0608803577814236,226.44606716919037,1.512569470266952,Cerrado | Mata Atlântica,ok,
3514106,Dois Córregos - SP,SP,24510.0,2.1,63297.03650472661,6910.5570189574755,10.917662817344443,898.1997542663592,1.419023391718011,Cerrado | Mata Atlântica,ok,
3514205,Dolcinópolis - SP,SP,2207.0,0.5,7793.810461669756,284.5904365356447,3.6514929113977157,77.6836598876948,0.9967352974484801,Mata Atlântica,ok,
3514304,Dourado - SP,SP,8096.0,1.1,20587.403273394804,4793.489769860888,23.28360554366532,290.2800055908187,1.4099884367930406,Cerrado,ok,
3514403,Dracena - SP,SP,45474.0,1.0,48770.454933329594,4473.914422772197,9.17341129765582,1279.849216558828,2.6242306296064144,Mata Atlântica,ok,
3514502,Duartina - SP,SP,12328.0,0.8,26457.27299242526,3787.4306468567265,14.315272204890771,349.6033522277835,1.3213884602841541,Cerrado | Mata Atlântica,ok,
3514601,Dumont - SP,SP,9471.0,0.5,11137.404076178105,403.0506010803212,3.6188917841493224,350.3241909606958,3.1454743723450544,Cerrado,ok,
3514700,Echaporã - SP,SP,6205.0,0.4,51527.53872542138,8428.818920934867,16.357891584634267,187.18611674804686,0.3632739334698663,Cerrado | Mata Atlântica,ok,
3514809,Eldorado - SP,SP,13069.0,1.0,165421.68185191986,139861.75073255264,84.54862093455945,141.7510994995117,0.08569076188356174,Mata Atlântica,ok,
3514908,Elias Fausto - SP,SP,17699.0,0.7,20235.280718823575,989.9938172790578,4.892414545838895,530.7591096984869,2.6229391975015,Mata Atlântica,ok,
3514924,Elisiário - SP,SP,3138.0,1.2,9397.763016974028,819.7958243835326,8.723308120271131,92.11445347900401,0.9801742533050575,Mata Atlântica,ok,
3514957,Embaúba - SP,SP,2323.0,1.1,8311.486790319754,492.3446006713854,5.9236645992725485,58.52971226196312,0.7042026744256115,Mata Atlântica,ok,
3515004,Embu das Artes - SP,SP,250691.0,1.1,7039.386607696698,2500.4441738282044,35.52076783358195,2681.716492535526,38.095883093043945,Mata Atlântica,ok,
3515103,Embu-Guaçu - SP,SP,66970.0,1.3,15563.556075036784,10007.496270916918,64.30083345135033,1066.240480596948,6.85087955128165,Mata Atlântica,ok,
3515129,Emilianópolis - SP,SP,3014.0,1.0,22516.564302002116,1175.243841424567,5.219463438834083,63.51928527221702,0.2821002548180454,Mata Atlântica,ok,
3515152,Engenheiro Coelho - SP,SP,19566.0,0.9,10993.557369207752,962.6071736816484,8.756102700458445,550.8600942566063,5.0107538056746765,Cerrado | Mata Atlântica,ok,
3515186,Espírito Santo do Pinhal - SP,SP,39816.0,0.8,38922.56722916925,7854.3148921809425,20.17933412751557,946.0153834716772,2.4305061326034956,Mata Atlântica,ok,
3515194,Espírito Santo do Turvo - SP,SP,4157.0,0.8,19368.163444140835,1668.2121302368153,8.61316631826274,189.6679019042973,0.9792766487711293,Cerrado,ok,
3515202,Estrela d'Oeste - SP,SP,9417.0,0.7,29628.62710664656,2252.163058660871,7.601307514365542,240.8803599060045,0.8129987226170464,Mata Atlântica,ok,
3515301,Estrela do Norte - SP,SP,2703.0,0.7,26501.239115362805,2751.375607080091,10.382064005018975,82.01650095825187,0.3094817589518174,Cerrado | Mata Atlântica,ok,
3515350,Euclides da Cunha Paulista - SP,SP,7924.0,1.1,57388.954073514906,5276.082719482507,9.193550927455266,183.1446086669918,0.3191286748881756,Mata Atlântica,ok,
3515400,Fartura - SP,SP,16641.0,0.7,42916.378639993214,5183.271604436876,12.077607125049115,366.6459171813964,0.8543263173648205,Mata Atlântica,ok,
3515509,Fernandópolis - SP,SP,71186.0,0.7,54976.2615872621,3907.3757895935323,7.107387219102697,2249.29590400391,4.091394793066591,Mata Atlântica,ok,
3515608,Fernando Prestes - SP,SP,5942.0,0.4,16997.783351019418,884.3189742736791,5.202554686171144,236.1438212890624,1.3892624491822343,Mata Atlântica,ok,
3515657,Fernão - SP,SP,1656.0,0.8,10051.030184558133,1675.4825209838866,16.66975912138846,60.968698168944925,0.6065915338968336,Cerrado | Mata Atlântica,ok,
3515707,Ferraz de Vasconcelos - SP,SP,179198.0,1.2,2954.9396357604137,485.30965514526787,16.423674083629123,1812.697296948152,61.34464728182777,Mata Atlântica,ok,
3515806,Flora Rica - SP,SP,1487.0,0.4,22471.610822833463,1034.1170872497587,4.601882327896982,42.03010054931644,0.18703643846755097,Mata Atlântica,ok,
3515905,Floreal - SP,SP,2733.0,1.0,20422.220340551947,1268.7285425903322,6.212490715669374,103.467014666748,0.5066394003265935,Mata Atlântica,ok,
3516002,Flórida Paulista - SP,SP,12958.0,0.3,52411.06445316762,2384.8997777892973,4.550374625419687,316.9238870361315,0.6046888960237045,Mata Atlântica,ok,
3516101,Florínea - SP,SP,3851.0,0.7,22589.212455158246,856.182384484861,3.79022680044497,107.2688627075196,0.4748676516299919,Mata Atlântica,ok,
3516200,Franca - SP,SP,352536.0,1.0,60570.46730299567,12230.92744979227,20.192889364066964,7710.300834722292,12.729472262699481,Cerrado | Mata Atlântica,ok,
3516309,Francisco Morato - SP,SP,165139.0,1.3,4900.500373333804,1401.2770966674948,28.594571776640997,1946.366053442418,39.71770034002277,Mata Atlântica,ok,
3516408,Franco da Rocha - SP,SP,144849.0,1.1,13277.307656957702,6641.0326906187065,50.01791675090551,2148.543619451863,16.18207301482513,Mata Atlântica,ok,
3516507,Gabriel Monteiro - SP,SP,2763.0,0.8,13868.11580793483,683.4602176391595,4.92828461418031,68.98038197631831,0.4974026964560698,Mata Atlântica,ok,
3516606,Gália - SP,SP,6380.0,0.7,35590.260213573885,7299.268334130675,20.50917383106624,215.1517878784179,0.6045243462321201,Cerrado | Mata Atlântica,ok,
3516705,Garça - SP,SP,42110.0,0.6,55582.01386608506,9915.49982657408,17.83940367915367,1186.012238543691,2.1338058052397595,Mata Atlântica,ok,
3516804,Gastão Vidigal - SP,SP,3252.0,0.4,18057.843042517427,1504.6867213867156,8.33259386430545,78.94188473510752,0.43716120773249506,Mata Atlântica,ok,
3516853,Gavião Peixoto - SP,SP,4702.0,1.2,24375.021419249693,2210.7464655944577,9.06972111970562,274.8435478454587,1.1275622823798073,Cerrado | Mata Atlântica,ok,
3516903,General Salgado - SP,SP,10312.0,1.1,49436.08137901849,3752.8554727354976,7.591328778595856,342.4136661743198,0.692639174915765,Mata Atlântica,ok,
3517000,Getulina - SP,SP,10232.0,1.0,67674.92593466686,6230.4026553527865,9.206367896682439,214.3908003967312,0.3167950277532677,Mata Atlântica,ok,
3517109,Glicério - SP,SP,4138.0,0.9,27280.46287575687,1465.7832340209907,5.373014529469651,161.8480897399907,0.5932747199968482,Mata Atlântica,ok,
3517208,Guaiçara - SP,SP,11239.0,0.3,27714.746336212756,1423.7602370605405,5.137193823781172,391.2253838195804,1.4116145212860773,Mata Atlântica,ok,
3517307,Guaimbê - SP,SP,5512.0,0.3,21780.63674330498,1372.8400992553768,6.303030142942749,131.3769409484864,0.6031822783549685,Mata Atlântica,ok,
3517406,Guaíra - SP,SP,39279.0,1.0,125843.93295262745,12036.966047546326,9.564995121439432,1127.159386004601,0.8956803554676788,Cerrado,ok,
3517505,Guapiaçu - SP,SP,21711.0,0.4,32513.401291583414,2368.902588983147,7.285926709846789,480.2842026611297,1.4771884317912274,Mata Atlântica,ok,
3517604,Guapiara - SP,SP,17071.0,1.0,40831.348754269224,20694.701954977063,50.68336605660932,332.85917107544,0.8152049374578572,Mata Atlântica,ok,
3517703,Guará - SP,SP,18606.0,0.5,36217.36771391582,2530.501776599133,6.98698424630909,582.7248300537148,1.6089651646047542,Cerrado,ok,
3517802,Guaraçaí - SP,SP,7441.0,1.1,56920.543132831786,7060.428087744216,12.404006882484857,195.4243086181644,0.3433282570092758,Mata Atlântica,ok,
3517901,Guaraci - SP,SP,10350.0,0.8,64148.75242250441,5442.543289947496,8.484254306461251,372.36945522460803,0.5804780937469562,Cerrado | Mata Atlântica,ok,
3518008,Guarani d'Oeste - SP,SP,1968.0,1.2,8569.587152099415,631.0210231628428,7.36349385288943,57.94391755371105,0.6761576319288112,Mata Atlântica,ok,
3518107,Guarantã - SP,SP,6427.0,1.0,46176.06588651048,5163.140794934185,11.18142201118633,195.2974747009286,0.422940913114864,Mata Atlântica,ok,
3518206,Guararapes - SP,SP,31043.0,0.8,95563.98643171893,6445.793501904252,6.74500273856806,857.1301940856989,0.896917579613659,Mata Atlântica,ok,
3518305,Guararema - SP,SP,31236.0,1.2,27082.182629146162,8671.187483148575,32.018052613737794,1454.324924987692,5.370043267570799,Mata Atlântica,ok,
3518404,Guaratinguetá - SP,SP,118044.0,0.9,75263.92229950837,25522.718622796223,33.910960049663714,2691.225555560368,3.575717918142498,Mata Atlântica,ok,
3518503,Guareí - SP,SP,15013.0,0.9,56787.75324187697,12244.975454968928,21.562704555000987,194.07527111816478,0.3417555019152403,Cerrado | Mata Atlântica,ok,
3518602,Guariba - SP,SP,37498.0,0.7,27031.79156082898,959.2229324462915,3.548499293092637,1034.711706524657,3.8277585272003543,Cerrado,ok,
3518701,Guarujá - SP,SP,287634.0,1.5,14331.374386596613,7339.254442858893,51.21109982112333,4041.111041961542,28.197651760050192,Mata Atlântica,ok,
3518800,Guarulhos - SP,SP,1291771.0,1.4,31868.89163806312,12035.520222542218,37.765732047509935,15507.7199231686,48.66099549143625,Mata Atlântica,ok,
3518859,Guatapará - SP,SP,7320.0,0.3,41357.51943562327,5155.116167773479,12.464761518876598,251.1218016113284,0.6071974456839034,Cerrado,ok,
3518909,Guzolândia - SP,SP,4246.0,0.5,25246.90180751428,1814.4206383972348,7.186706124302371,111.6149181640627,0.44209352503934773,Mata Atlântica,ok,
3519006,Herculândia - SP,SP,9125.0,1.3,36425.07451813356,1392.685210656719,3.8234244653731486,296.7945234252916,0.8148082807010808,Mata Atlântica,ok,
3519055,Holambra - SP,SP,15094.0,1.2,6557.465371472237,586.4377714050302,8.94305555857426,720.5488863403342,10.98822251467813,Mata Atlântica,ok,
3519071,Hortolândia - SP,SP,236641.0,1.2,6240.634603045931,149.96769032592834,2.403083978875034,4333.213648022735,69.43546487896886,Mata Atlântica,ok,
3519105,Iacanga - SP,SP,10437.0,0.6,54739.56678073399,5231.999802356065,9.557985402612843,351.7328019653309,0.6425567878062308,Cerrado | Mata Atlântica,ok,
3519204,Iacri - SP,SP,6131.0,0.8,32195.051608306698,2252.2346571411067,6.995592628775299,191.6014743591301,0.5951270918593424,Mata Atlântica,ok,
3519253,Iaras - SP,SP,8010.0,0.5,40138.786127947686,8363.520367657495,20.836505471285722,216.1559447143561,0.5385213793594317,Cerrado | Mata Atlântica,ok,
3519303,Ibaté - SP,SP,32178.0,1.1,29098.83964963318,4544.401403540131,15.617122394766753,884.6325860656697,3.0400957451127137,Cerrado,ok,
3519402,Ibirá - SP,SP,11690.0,0.3,27192.483977380627,2108.856586218257,7.755292190196582,303.482248284912,1.1160519522135453,Mata Atlântica,ok,
3519501,Ibirarema - SP,SP,6385.0,0.3,22822.09048653527,1104.6514403015162,4.840272809159379,277.9431698608421,1.2178690204774398,Cerrado | Mata Atlântica,ok,
3519600,Ibitinga - SP,SP,60033.0,2.1,68939.84102888424,6916.8702976806435,10.033197341987822,1530.862063262899,2.2205767237285947,Cerrado | Mata Atlântica,ok,
3519709,Ibiúna - SP,SP,75605.0,1.0,105809.62346768766,67699.9669591986,63.982806800057226,2042.336845098977,1.930199520767286,Mata Atlântica,ok,
3519808,Icém - SP,SP,7819.0,0.5,36235.74654047795,5308.310773382564,14.649376044875456,263.3820854431161,0.7268570695760311,Cerrado | Mata Atlântica,ok,
3519907,Iepê - SP,SP,7619.0,0.8,59495.531403136054,4367.655202838138,7.34114831791874,207.8171524291993,0.3492987582900135,Cerrado | Mata Atlântica,ok,
3520004,Igaraçu do Tietê - SP,SP,23106.0,1.5,9776.320294824782,290.646050769043,2.9729595799239528,516.1696387756308,5.279794679485611,Mata Atlântica,ok,
3520103,Igarapava - SP,SP,26212.0,1.3,46835.91592803637,6929.054354614755,14.794318029909531,827.1399472716606,1.7660377316898543,Cerrado,ok,
3520202,Igaratá - SP,SP,10605.0,0.9,29294.38211599722,11381.025611847037,38.85053989799645,439.9095807312001,1.5016858146701517,Mata Atlântica,ok,
3520301,Iguape - SP,SP,29115.0,1.1,197487.1833575068,171753.24706932338,86.96931322292555,534.636278723147,0.27071948145379465,Mata Atlântica,ok,
3520400,Ilhabela - SP,SP,34934.0,1.2,34402.20183839104,32378.211575988684,94.11668394973577,616.768816589357,1.792817853597602,Mata Atlântica,ok,
3520426,Ilha Comprida - SP,SP,13419.0,2.0,19128.376261639354,14827.03395420528,77.51329099448905,1305.174168652342,6.823235547022248,Mata Atlântica,ok,
3520442,Ilha Solteira - SP,SP,25549.0,0.6,65264.4404093289,2787.728897302267,4.271436144733708,687.0029090515155,1.0526450617560423,Cerrado | Mata Atlântica,ok,
3520509,Indaiatuba - SP,SP,255748.0,1.3,31154.019565392045,2781.710713366695,8.928898267935878,5814.596971069031,18.664034536102914,Mata Atlântica,ok,
3520608,Indiana - SP,SP,5090.0,0.8,12937.605349426343,1222.0383149291947,9.445629866761859,146.15047937011792,1.1296563422890178,Cerrado | Mata Atlântica,ok,
3520707,Indiaporã - SP,SP,4035.0,1.2,27961.13189550269,1819.3464369629082,6.50669809706643,127.1518819763183,0.45474511708436804,Mata Atlântica,ok,
3520806,Inúbia Paulista - SP,SP,3615.0,0.6,8712.39778435661,728.6789992553597,8.363702132192888,103.3035450500484,1.1857073977445478,Mata Atlântica,ok,
3520905,Ipaussu - SP,SP,13712.0,0.9,20957.598066009374,2462.365902276596,11.74927534405886,490.6645505493205,2.341225120378263,Mata Atlântica,ok,
3521002,Iperó - SP,SP,36459.0,1.6,17030.011545661724,5832.318960589983,34.2472989225643,871.4785194457016,5.117310209150766,Mata Atlântica,ok,
3521101,Ipeúna - SP,SP,6831.0,0.9,19001.4812407043,3697.7392352965667,19.460268325689267,319.4358569519021,1.681110292957677,Cerrado | Mata Atlântica,ok,
3521150,Ipiguá - SP,SP,6761.0,0.3,13603.021885094988,1157.3072874878148,8.50772201400258,188.7551069580074,1.387596877755735,Mata Atlântica,ok,
3521200,Iporanga - SP,SP,4046.0,0.8,115208.55943396261,105517.55342679094,91.58829339175398,44.89712108764648,0.0389702998702813,Mata Atlântica,ok,
3521309,Ipuã - SP,SP,14454.0,1.0,46645.79910225087,3680.551828112751,7.890425073530678,417.6669790893569,0.8954010588902155,Cerrado,ok,
3521408,Iracemápolis - SP,SP,21967.0,0.6,11511.481038940567,1095.348884844972,9.515273327034729,703.5227187805168,6.111487448058759,Mata Atlântica,ok,
3521507,Irapuã - SP,SP,6867.0,0.5,25761.05923978764,2621.2417149780667,10.175209375434342,145.0357111999515,0.5630036787305144,Mata Atlântica,ok,
3521606,Irapuru - SP,SP,7085.0,1.3,21445.651496112136,960.9729863403323,4.48096895780735,171.8257198181141,0.8012147350676859,Mata Atlântica,ok,
3521705,Itaberá - SP,SP,17983.0,0.7,110022.31214916997,20133.569567657432,18.299533225915145,403.39415901489366,0.3666475927791497,Cerrado | Mata Atlântica,ok,
3521804,Itaí - SP,SP,25180.0,0.7,109287.99440771826,14024.019002691704,12.83216796016277,1619.952535363705,1.4822785834280978,Cerrado | Mata Atlântica,ok,
3521903,Itajobi - SP,SP,16989.0,0.4,50205.63026461691,2887.001795874012,5.750354652770219,446.7762347473148,0.8898926920994881,Mata Atlântica,ok,
3522000,Itaju - SP,SP,3618.0,0.7,23034.234497729794,2221.6356798400375,9.644929507247124,141.455023077392,0.6141077668169677,Cerrado | Mata Atlântica,ok,
3522109,Itanhaém - SP,SP,112476.0,1.6,59901.36585964704,50289.232503384796,83.95339869413976,3811.795860504221,6.363453997752767,Mata Atlântica,ok,
3522158,Itaoca - SP,SP,3422.0,0.8,18302.322703076294,8083.5310966002935,44.16669527546684,32.25316480102543,0.1762244351401598,Mata Atlântica,ok,
3522208,Itapecerica da Serra - SP,SP,158522.0,1.1,15075.44173399095,8374.400634961574,55.54995192001317,2113.154702795342,14.01719923092378,Mata Atlântica,ok,
3522307,Itapetininga - SP,SP,157790.0,1.1,178935.95134982964,37912.430903875895,21.187710249325473,4315.319557507234,2.4116559724046436,Cerrado | Mata Atlântica,ok,
3522406,Itapeva - SP,SP,89728.0,1.2,182625.2320034892,41056.90895346048,22.48150953898641,2084.8783767211776,1.1416157306682269,Cerrado | Mata Atlântica,ok,
3522505,Itapevi - SP,SP,232297.0,1.3,8265.30313984361,3005.729416180391,36.36562828156915,2617.28131796864,31.66588416281804,Mata Atlântica,ok,
3522604,Itapira - SP,SP,72022.0,1.0,51842.85072380347,7340.67491477062,14.159473895211889,1888.438950567622,3.642621738971139,Mata Atlântica,ok,
3522653,Itapirapuã Paulista - SP,SP,4306.0,0.8,40647.56720592518,20309.742569005914,49.96545664372595,66.26555496826178,0.1630246519614642,Mata Atlântica,ok,
3522703,Itápolis - SP,SP,39493.0,1.4,99677.67804789633,6380.691615112287,6.4013244891662575,1219.595554950045,1.2235392906765088,Mata Atlântica,ok,
3522802,Itaporanga - SP,SP,14085.0,0.9,50802.40302882687,6613.082531609999,13.017263234295296,346.4354768737783,0.6819273424471674,Cerrado | Mata Atlântica,ok,
3522901,Itapuí - SP,SP,13659.0,1.0,14003.065894074925,332.6175484558097,2.3753194548384515,388.3362352783232,2.7732229371472057,Mata Atlântica,ok,
3523008,Itapura - SP,SP,3979.0,0.3,30162.5675751276,1689.5223563049394,5.6013877203814015,125.9468722778321,0.4175601827136538,Mata Atlântica,ok,
3523107,Itaquaquecetuba - SP,SP,369275.0,1.2,8261.671006066741,613.2557245056082,7.4229017840976725,5257.800328320189,63.64088238879594,Mata Atlântica,ok,
3523206,Itararé - SP,SP,44438.0,1.2,100388.3759524966,24551.18010100696,24.456198108658008,1074.2295899170206,1.070073681065766,Cerrado | Mata Atlântica,ok,
3523305,Itariri - SP,SP,15528.0,1.1,27365.975420030725,21681.91081179087,79.22944634350813,233.6486940063473,0.8537926765633447,Mata Atlântica,ok,
3523404,Itatiba - SP,SP,121590.0,1.1,32227.808295616975,5443.222669073285,16.88983197102352,3342.006531335524,10.369946664322319,Mata Atlântica,ok,
3523503,Itatinga - SP,SP,19070.0,0.8,97981.67347947168,19483.11714026492,19.88445027359822,491.5976605651839,0.5017240909527632,Cerrado | Mata Atlântica,ok,
3523602,Itirapina - SP,SP,16148.0,0.8,56459.77313273831,14467.80108588224,25.62497205199193,805.8928679199221,1.4273753208771283,Cerrado | Mata Atlântica,ok,
3523701,Itirapuã - SP,SP,5779.0,0.6,16111.759544360397,2991.7818955259468,18.568933376200743,117.5687661254886,0.7297078000809739,Cerrado | Mata Atlântica,ok,
3523800,Itobi - SP,SP,8046.0,0.7,13897.834238939793,1588.8314679809605,11.432223472123997,167.8889810119633,1.2080226179526719,Cerrado | Mata Atlântica,ok,
3523909,Itu - SP,SP,168240.0,1.1,64072.5763572356,13834.803539735998,21.592394634797074,5204.882258672853,8.123416529488555,Mata Atlântica,ok,
3524006,Itupeva - SP,SP,70616.0,0.7,20087.454378997532,3648.698954052709,18.16406840414588,2719.475735809282,13.538180022714247,Mata Atlântica,ok,
3524105,Ituverava - SP,SP,37571.0,0.9,70467.64896440282,6664.709516796827,9.457828684143482,1151.745888555904,1.6344321195357545,Cerrado,ok,
3524204,Jaborandi - SP,SP,6221.0,0.9,27342.442130826654,2224.5990873108035,8.136065815433241,163.9399477355957,0.5995804871824711,Cerrado,ok,
3524303,Jaboticabal - SP,SP,71821.0,1.0,70659.7283698534,2943.034723992925,4.165080721211144,2147.3750405639894,3.0390366480380577,Cerrado | Mata Atlântica,ok,
3524402,Jacareí - SP,SP,240275.0,1.1,46426.0058232031,8475.286228876033,18.2554714294207,5761.712592662933,12.410528303047139,Mata Atlântica,ok,
3524501,Jaci - SP,SP,7613.0,0.9,14513.331947766008,1060.0397758483973,7.303903608513315,194.9466469482432,1.3432246134096777,Mata Atlântica,ok,
3524600,Jacupiranga - SP,SP,16097.0,0.7,70411.65683921156,52678.41859679843,74.81491128250562,358.4450474182117,0.5090706049379556,Mata Atlântica,ok,
3524709,Jaguariúna - SP,SP,59347.0,1.6,14140.791524530181,1211.6283945129396,8.568320892158795,1679.883302893066,11.879697822989291,Mata Atlântica,ok,
3524808,Jales - SP,SP,48776.0,1.0,36857.48490675011,2179.7460695373643,5.913984839313232,1443.056769384773,3.915233969533527,Mata Atlântica,ok,
3524907,Jambeiro - SP,SP,6397.0,0.5,18441.4607027099,5022.93293110969,27.23717503772133,229.6487936950672,1.2452852699532702,Mata Atlântica,ok,
3525003,Jandira - SP,SP,118045.0,1.2,1746.5929061157087,176.80406336059528,10.122797518615497,1358.073709582505,77.7555951834683,Mata Atlântica,ok,
3525102,Jardinópolis - SP,SP,45282.0,0.9,50187.31716605894,5690.225209313931,11.337974473682685,1371.973249310306,2.733705100774254,Cerrado,ok,
3525201,Jarinu - SP,SP,37535.0,1.0,20754.36058733555,6034.096700872944,29.073874261175703,1706.399800872811,8.221885678877854,Mata Atlântica,ok,
3525300,Jaú - SP,SP,133497.0,1.0,68707.62127389282,2990.89044689944,4.353069414201804,3662.586054858477,5.330683826555597,Cerrado | Mata Atlântica,ok,
3525409,Jeriquara - SP,SP,3863.0,0.5,14197.707072820749,1861.6932667419585,13.112633308978982,94.72387138061528,0.6671772483737818,Cerrado,ok,
3525508,Joanópolis - SP,SP,12815.0,0.5,37429.73711657097,14327.396726776344,38.278112085466105,230.0921033752444,0.6147307491330938,Mata Atlântica,ok,
3525607,João Ramalho - SP,SP,4371.0,1.2,41542.59115605539,3565.3695364074706,8.582443793681778,107.1897544006347,0.25802375686671714,Cerrado | Mata Atlântica,ok,
3525706,José Bonifácio - SP,SP,36633.0,1.4,86021.17111797817,5816.125134112572,6.761271741041222,965.7469619567802,1.122685205752729,Mata Atlântica,ok,
3525805,Júlio Mesquita - SP,SP,4254.0,1.0,12817.881990966813,1252.7089115844865,9.77313500364032,98.31652188110347,0.7670262680713583,Mata Atlântica,ok,
3525854,Jumirim - SP,SP,3056.0,1.0,5665.968171954459,597.3830304199229,10.543353091478052,161.3505319152832,2.8477133478077024,Mata Atlântica,ok,
3525904,Jundiaí - SP,SP,443221.0,1.1,43121.34367024368,16045.2138267751,37.20944771451373,9887.714585601341,22.929977927437495,Mata Atlântica,ok,
3526001,Junqueirópolis - SP,SP,20448.0,0.9,58256.51119150248,4213.446053454569,7.232575324677455,628.1724547851601,1.0782871166455772,Mata Atlântica,ok,
3526100,Juquiá - SP,SP,17154.0,1.1,81283.25190204388,65803.51864814994,80.95581452308419,348.3061784790042,0.4285091581950426,Mata Atlântica,ok,
3526209,Juquitiba - SP,SP,27404.0,1.8,52216.42990978985,45717.431914746,87.55372972401283,356.5409820251485,0.6828137860844103,Mata Atlântica,ok,
3526308,Lagoinha - SP,SP,5083.0,0.8,25547.619811151617,6732.719699078502,26.353608472518637,70.4570505249021,0.2757871419949164,Mata Atlântica,ok,
3526407,Laranjal Paulista - SP,SP,26261.0,1.1,38426.89568692638,2635.119187915044,6.857486509927904,911.0447968322761,2.3708519268763943,Mata Atlântica,ok,
3526506,Lavínia - SP,SP,9689.0,0.3,53768.073370482954,3493.240580108607,6.496867678406142,132.0331378967283,0.2455604778452235,Mata Atlântica,ok,
3526605,Lavrinhas - SP,SP,7171.0,0.7,16705.849765442144,6818.450962939533,40.81475087274061,174.6213405944827,1.045270627033327,Mata Atlântica,ok,
3526704,Leme - SP,SP,98161.0,2.0,40287.295921350524,3531.4059203735073,8.765557080990424,2620.470864105333,6.504459542832203,Cerrado | Mata Atlântica,ok,
3526803,Lençóis Paulista - SP,SP,66505.0,0.9,80952.95291431651,6867.227210949754,8.482985442443677,2081.757200964362,2.571564255559359,Cerrado | Mata Atlântica,ok,
3526902,Limeira - SP,SP,291869.0,1.0,58072.44497881834,4294.507850665431,7.395087036944687,7496.565633355494,12.908989170491845,Mata Atlântica,ok,
3527009,Lindóia - SP,SP,7014.0,1.2,4876.355831622282,707.8863418456986,14.516708096960116,228.3667001647932,4.683142659193914,Mata Atlântica,ok,
3527108,Lins - SP,SP,74779.0,1.3,57004.48142002432,4179.758064929211,7.332332407572717,2038.605324505579,3.5762194019178732,Mata Atlântica,ok,
3527207,Lorena - SP,SP,84855.0,1.2,41419.27314043586,8979.855337371771,21.680378858713297,1741.826112963824,4.205351714063166,Mata Atlântica,ok,
3527256,Lourdes - SP,SP,1950.0,0.8,11393.58412084964,1216.2052085571327,10.674474297614069,49.16939100341768,0.4315533240627974,Mata Atlântica,ok,
3527306,Louveira - SP,SP,51847.0,1.5,5572.9938797302875,1085.5197143127364,19.478214721550557,1200.583257183859,21.542877725930012,Mata Atlântica,ok,
3527405,Lucélia - SP,SP,20061.0,1.0,31480.127162046065,1557.858374334718,4.948704197780199,504.7830935974108,1.603497632010843,Mata Atlântica,ok,
3527504,Lucianópolis - SP,SP,2372.0,0.8,18952.152425506567,2632.710852038566,13.891355414044465,81.80183843994142,0.43162294500042764,Cerrado | Mata Atlântica,ok,
3527603,Luís Antônio - SP,SP,12265.0,0.5,59826.819209008274,18552.19487938212,31.009829913519237,469.0507099060083,0.7840141195996966,Cerrado,ok,
3527702,Luiziânia - SP,SP,4701.0,0.2,16656.7020074227,1392.446491632075,8.359677029771929,127.3378766662592,0.7644843295480331,Mata Atlântica,ok,
3527801,Lupércio - SP,SP,3981.0,0.3,15517.429308563318,3633.0197188109623,23.41251019462402,84.96297301025417,0.5475325282349907,Cerrado | Mata Atlântica,ok,
3527900,Lutécia - SP,SP,2661.0,0.7,47520.70434824697,5335.679870336834,11.228116130676979,71.74578923950219,0.15097795839414757,Cerrado | Mata Atlântica,ok,
3528007,Macatuba - SP,SP,16829.0,0.8,22451.56516502708,1017.6072572082641,4.532455754102151,710.5469953613252,3.1647993809721027,Cerrado | Mata Atlântica,ok,
3528106,Macaubal - SP,SP,7481.0,0.8,24807.65579710145,1959.7774079894937,7.899889550299532,172.3585070800787,0.6947795006903362,Mata Atlântica,ok,
3528205,Macedônia - SP,SP,3963.0,0.9,32757.688707045825,2636.169238012747,8.047482414245348,107.5138460021974,0.32820949903914415,Mata Atlântica,ok,
3528304,Magda - SP,SP,3165.0,0.4,31228.591938643392,4181.788963086094,13.390898223340631,96.8679358215336,0.3101898926850612,Mata Atlântica,ok,
3528403,Mairinque - SP,SP,50027.0,0.9,21013.863265966385,7789.790318536057,37.06976780015619,1965.978386206009,9.35562567112572,Mata Atlântica,ok,
3528502,Mairiporã - SP,SP,93853.0,1.2,32069.86942895247,21083.684055710753,65.74296818519798,1667.140922930827,5.198464953604529,Mata Atlântica,ok,
3528601,Manduri - SP,SP,9871.0,0.6,22905.980219757555,2403.2790802184927,10.49192855822666,359.4982121459975,1.5694513340927112,Cerrado | Mata Atlântica,ok,
3528700,Marabá Paulista - SP,SP,4573.0,1.0,91950.8587803643,7115.474358581485,7.738344647305201,87.72846867065485,0.09540799274121503,Mata Atlântica,ok,
3528809,Maracaí - SP,SP,12673.0,0.7,53350.32164494574,2604.4949409729243,4.881872987207505,397.97088966064473,0.7459578075446287,Cerrado | Mata Atlântica,ok,
3528858,Marapoama - SP,SP,3292.0,0.2,11126.015427075008,503.0016372253419,4.52095038445924,118.6901571655277,1.0667804475328768,Mata Atlântica,ok,
3528908,Mariápolis - SP,SP,3513.0,1.4,18654.7717252866,451.9884853698722,2.4229108349645494,85.48793663330046,0.4582631076499388,Mata Atlântica,ok,
3529005,Marília - SP,SP,237627.0,1.1,117051.27031421274,18682.536223570653,15.96098544972575,5577.366187706998,4.764891634866586,Cerrado | Mata Atlântica,ok,
3529104,Marinópolis - SP,SP,1860.0,0.3,7781.634997503718,370.3943367797852,4.759852356202836,53.78350228271476,0.691159406730951,Mata Atlântica,ok,
3529203,Martinópolis - SP,SP,24881.0,0.8,125408.43648294697,10741.373957818534,8.56511273009862,641.8002169677776,0.5117679758770054,Cerrado | Mata Atlântica,ok,
3529302,Matão - SP,SP,79033.0,1.2,52492.753154011145,5409.99301185317,10.306171208015167,2375.4302557616556,4.5252537027201845,Cerrado | Mata Atlântica,ok,
3529401,Mauá - SP,SP,418261.0,1.5,6193.01795280737,1068.4923757324336,17.25317743101444,4137.72462998021,66.81273430031845,Mata Atlântica,ok,
3529500,Mendonça - SP,SP,6159.0,0.9,19512.628812492927,1632.620388122543,8.366993518973008,227.4518787658692,1.165664969859128,Mata Atlântica,ok,
3529609,Meridiano - SP,SP,4572.0,0.6,22821.47211369581,2747.906339544737,12.040881174775928,220.3059009338382,0.9653448289237502,Mata Atlântica,ok,
3529658,Mesópolis - SP,SP,1952.0,0.3,14863.84167416273,659.3458006042493,4.4359043580931425,49.48310218505869,0.3329092388751244,Mata Atlântica,ok,
3529708,Miguelópolis - SP,SP,19441.0,1.3,82080.94247300614,5305.805964355478,6.464114329706182,448.7050201477068,0.5466616325650401,Cerrado,ok,
3529807,Mineiros do Tietê - SP,SP,11230.0,0.7,21325.697462658904,1768.2885587524484,8.291820522394191,399.2222310180654,1.8720242642337948,Cerrado | Mata Atlântica,ok,
3529906,Miracatu - SP,SP,18553.0,1.3,100147.50985299078,86067.73888831196,85.94096749350342,447.8219568115235,0.4471623482889323,Mata Atlântica,ok,
3530003,Mira Estrela - SP,SP,3126.0,0.6,21682.077470045653,1205.359416613781,5.5592431965018845,88.69411964721672,0.40906651943177463,Mata Atlântica,ok,
3530102,Mirandópolis - SP,SP,27983.0,0.6,91770.36503170893,7709.483156561292,8.400841768361142,602.8679801025279,0.6569310037006196,Mata Atlântica,ok,
3530201,Mirante do Paranapanema - SP,SP,15917.0,0.6,123895.35757563454,7406.331828460669,5.9778929359312905,302.75750178832936,0.24436549335878438,Cerrado | Mata Atlântica,ok,
3530300,Mirassol - SP,SP,63337.0,0.9,24321.67944010646,1502.643738342293,6.178207150713584,1796.788089868157,7.3875987646858485,Mata Atlântica,ok,
3530409,Mirassolândia - SP,SP,4669.0,1.5,16612.862603441954,1461.4195899170002,8.79691612939852,108.2051695373534,0.6513336811377396,Mata Atlântica,ok,
3530508,Mococa - SP,SP,67681.0,1.0,85515.52603029105,15059.457364758377,17.610202572365704,1779.9404384155307,2.0814237145486842,Cerrado | Mata Atlântica,ok,
3530607,Mogi das Cruzes - SP,SP,451505.0,1.2,71255.2090240421,32506.563386151305,45.61991162664798,8157.227913434082,11.447903985071136,Mata Atlântica,ok,
3530706,Mogi Guaçu - SP,SP,153658.0,1.0,81270.71819567577,13071.447525390024,16.08383414788812,3960.5690577392497,4.873303873362328,Cerrado | Mata Atlântica,ok,
3530805,Mogi Mirim - SP,SP,92558.0,1.1,49772.82489481849,3326.894977661154,6.684159447834544,3047.642046838425,6.12310443154231,Cerrado | Mata Atlântica,ok,
3530904,Mombuca - SP,SP,3722.0,0.7,13369.054262975893,1536.9179020324686,11.49608545077711,122.8396319152826,0.9188356146887164,Mata Atlântica,ok,
3531001,Monções - SP,SP,1937.0,0.4,10438.839846795854,815.7366538452147,7.814437866824835,79.24914663085973,0.7591758068324501,Mata Atlântica,ok,
3531100,Mongaguá - SP,SP,61951.0,2.5,14108.844123175146,10055.403549664356,71.27021506423321,1594.991136773738,11.304902959086565,Mata Atlântica,ok,
3531209,Monte Alegre do Sul - SP,SP,8627.0,1.2,11029.423939630311,3175.120955468821,28.787731551963958,246.7583292541496,2.2372730489351427,Mata Atlântica,ok,
3531308,Monte Alto - SP,SP,47574.0,0.7,34696.46215232446,2280.916798358199,6.57391750301375,1178.684207373045,3.3971308146588086,Mata Atlântica,ok,
3531407,Monte Aprazível - SP,SP,22280.0,0.4,49555.69235668391,3012.5452113830424,6.079110326417869,599.4273744079597,1.2096034701593892,Mata Atlântica,ok,
3531506,Monte Azul Paulista - SP,SP,18151.0,0.9,26345.728028522233,1437.1278435974054,5.454879979181261,497.334852880858,1.8877248423062623,Cerrado | Mata Atlântica,ok,
3531605,Monte Castelo - SP,SP,4222.0,0.8,23355.17261707122,3575.161850799722,15.307794591877666,123.1548300048826,0.5273128656512855,Mata Atlântica,ok,
3531704,Monteiro Lobato - SP,SP,4138.0,0.9,33275.61597556386,19134.9662210894,57.504468843315394,30.76920897827147,0.09246773673811785,Mata Atlântica,ok,
3531803,Monte Mor - SP,SP,64662.0,0.9,24057.557172503763,1909.8158775268591,7.938527855644693,1529.085636358658,6.355947220220282,Mata Atlântica,ok,
3531902,Morro Agudo - SP,SP,27933.0,0.9,138810.95232131888,11880.173272796408,8.558527316559463,742.9312695007371,0.5352108440125125,Cerrado,ok,
3532009,Morungaba - SP,SP,13720.0,1.4,14674.402554437776,3191.0812415161263,21.74590229263604,290.2603137451157,1.9780043014925763,Mata Atlântica,ok,
3532058,Motuca - SP,SP,4034.0,0.9,22870.66087174546,2098.722830914291,9.176485291280171,122.8120164611816,0.5369849920380055,Cerrado,ok,
3532108,Murutinga do Sul - SP,SP,3737.0,0.5,25084.728146240457,1996.9101999877885,7.960661117577521,90.63130850830048,0.36130074035458,Mata Atlântica,ok,
3532157,Nantes - SP,SP,2660.0,0.4,28667.482173851924,1734.7848063842769,6.051402756139506,89.78565942993133,0.31319687890772036,Cerrado | Mata Atlântica,ok,
3532207,Narandiba - SP,SP,5713.0,0.5,35733.384861967934,4674.120421972613,13.080542019816917,305.13638044433515,0.8539252064225814,Cerrado | Mata Atlântica,ok,
3532306,Natividade da Serra - SP,SP,6999.0,0.6,83336.76876807777,39803.85155508538,47.762652840377804,101.8623059814456,0.1222297282306727,Mata Atlântica,ok,
3532405,Nazaré Paulista - SP,SP,18217.0,1.2,32626.30417421252,16964.233932116564,51.995573392357784,487.457791333007,1.4940637736047602,Mata Atlântica,ok,
3532504,Neves Paulista - SP,SP,9699.0,0.9,21905.785841619396,1133.1435075378374,5.172804644994508,232.3151694091798,1.060519677718194,Mata Atlântica,ok,
3532603,Nhandeara - SP,SP,9852.0,0.5,43615.64614080219,3615.0406544860243,8.288403300998388,290.6777363159205,0.6664528948569057,Mata Atlântica,ok,
3532702,Nipoã - SP,SP,4750.0,0.8,13760.070546936024,864.3828831848103,6.281820142101552,118.5336576110843,0.8614320486712793,Mata Atlântica,ok,
3532801,Nova Aliança - SP,SP,6693.0,0.7,21750.950823993422,2136.4702793456836,9.822422461591648,177.2906890380859,0.8150939720874958,Mata Atlântica,ok,
3532827,Nova Campina - SP,SP,8497.0,0.6,38538.149620263954,16256.044626775918,42.18169472835364,244.9182555053713,0.6355215751629899,Cerrado | Mata Atlântica,ok,
3532843,Nova Canaã Paulista - SP,SP,2032.0,0.5,12446.331149327783,583.4464961914064,4.6876986414017905,52.7961208679198,0.4241902311169929,Mata Atlântica,ok,
3532868,Nova Castilho - SP,SP,1062.0,0.2,18337.97960514546,1700.3801308837878,9.272450768822305,36.08848356933582,0.196796399311131,Mata Atlântica,ok,
3532900,Nova Europa - SP,SP,9311.0,0.9,16023.98112075747,1339.599116796883,8.359964397746113,284.0905186218235,1.7729084706285165,Cerrado | Mata Atlântica,ok,
3533007,Nova Granada - SP,SP,19419.0,0.5,53183.09099885178,5494.4512074157565,10.331199454981624,490.8180641357442,0.9228836739600956,Cerrado | Mata Atlântica,ok,
3533106,Nova Guataporanga - SP,SP,2156.0,1.3,3415.118743530302,83.84547340698245,2.45512615237235,71.99144301147489,2.1080216653625157,Mata Atlântica,ok,
3533205,Nova Independência - SP,SP,4609.0,0.6,26503.227864662393,3492.43438886107,13.17739260551597,151.0454477539067,0.5699134027191476,Mata Atlântica,ok,
3533254,Novais - SP,SP,4412.0,0.8,11778.933971179104,721.5732077575714,6.125963601826183,83.1046178833009,0.7055359855708734,Mata Atlântica,ok,
3533304,Nova Luzitânia - SP,SP,2837.0,0.3,7383.489439825421,754.9492883666984,10.224830610505334,59.24679719238261,0.8024227253961301,Mata Atlântica,ok,
3533403,Nova Odessa - SP,SP,62019.0,1.2,7377.716760870372,423.2842769714362,5.737334336504131,1776.677460711683,24.081670770213776,Mata Atlântica,ok,
3533502,Novo Horizonte - SP,SP,38324.0,1.1,93176.05602848042,11463.582326409929,12.303141831744782,1135.382542858888,1.2185346657212495,Mata Atlântica,ok,
3533601,Nuporanga - SP,SP,7391.0,0.4,34827.133982163105,3155.996566662496,9.061889985776194,255.1873458740226,0.7327256558197356,Cerrado,ok,
3533700,Ocauçu - SP,SP,4331.0,0.7,30102.161930395177,5650.964101202318,18.772618771598417,95.21052967529317,0.3162913344744049,Cerrado | Mata Atlântica,ok,
3533809,Óleo - SP,SP,2512.0,0.5,19895.268421398927,1765.841488342294,8.875685670282248,106.4814547973633,0.5352099430979986,Cerrado | Mata Atlântica,ok,
3533908,Olímpia - SP,SP,55074.0,1.2,80255.35607131786,7719.798236199746,9.619044278290472,1801.48830759888,2.2446954269295265,Cerrado | Mata Atlântica,ok,
3534005,Onda Verde - SP,SP,4771.0,0.4,24292.415120843652,2157.846576208509,8.882799694778017,117.59372767944359,0.4840759022701884,Cerrado | Mata Atlântica,ok,
3534104,Oriente - SP,SP,6085.0,0.5,21867.55405837289,3933.1712329528764,17.986333645060316,188.3123740783692,0.8611496904303575,Mata Atlântica,ok,
3534203,Orindiúva - SP,SP,6024.0,0.8,24737.97668025474,2610.2538612731933,10.551606119657455,185.2108394653325,0.7486903308998726,Cerrado | Mata Atlântica,ok,
3534302,Orlândia - SP,SP,38319.0,0.7,29177.15869875281,2084.1045548888724,7.142931826936111,1156.10296564942,3.9623562307279703,Cerrado,ok,
3534401,Osasco - SP,SP,728615.0,1.7,6497.531759185676,313.6987974609311,4.82796866698573,5834.865021227922,89.80125434522225,Mata Atlântica,ok,
3534500,Oscar Bressane - SP,SP,2470.0,0.1,22212.66410639551,2250.91247510986,10.133464695312137,72.25534767456053,0.32528897627257886,Cerrado | Mata Atlântica,ok,
3534609,Osvaldo Cruz - SP,SP,31272.0,0.9,24801.83507200363,1900.6846322265828,7.6634838781428725,838.6030079711875,3.381213549467574,Mata Atlântica,ok,
3534708,Ourinhos - SP,SP,103970.0,1.1,29580.50720971681,1850.1202836547864,6.2545252200646715,3186.405254901194,10.771976397532837,Mata Atlântica,ok,
3534757,Ouroeste - SP,SP,10294.0,0.7,28863.280072995924,3079.539625970564,10.669402847432222,432.0203160339362,1.496781775811157,Mata Atlântica,ok,
3534807,Ouro Verde - SP,SP,7779.0,0.7,26678.195864507925,3249.213721301193,12.17928580254512,245.2494777099614,0.9192880918766919,Mata Atlântica,ok,
3534906,Pacaembu - SP,SP,14877.0,0.5,33939.05184066185,1502.334769146741,4.426566706105847,311.5951907958956,0.9181022270709938,Mata Atlântica,ok,
3535002,Palestina - SP,SP,11476.0,0.6,69767.18661159619,6499.997016925058,9.316696476685324,357.416081835937,0.5122982582424069,Cerrado | Mata Atlântica,ok,
3535101,Palmares Paulista - SP,SP,9650.0,0.5,8212.908446014442,525.9988431579596,6.40453801007871,204.4542557373048,2.4894257263579056,Mata Atlântica,ok,
3535200,Palmeira d'Oeste - SP,SP,8903.0,0.6,31875.10362544143,1464.9146277404825,4.5957956559276765,222.0400194824201,0.6965938749300149,Mata Atlântica,ok,
3535309,Palmital - SP,SP,19594.0,1.0,54839.63532511623,2741.0108960937578,4.998229619587552,698.2666585266044,1.273288296661598,Cerrado | Mata Atlântica,ok,
3535408,Panorama - SP,SP,14964.0,1.1,35602.20372833909,4289.324877307161,12.047919589575546,719.8080855407749,2.021807669641003,Mata Atlântica,ok,
3535507,Paraguaçu Paulista - SP,SP,41120.0,0.9,100149.9211680946,8200.56125191045,8.188285278973295,1163.7993371887096,1.1620571675092526,Cerrado | Mata Atlântica,ok,
3535606,Paraibuna - SP,SP,17667.0,0.8,80960.39179316166,28236.404208369906,34.87681270183145,475.851141253659,0.5877579526410492,Mata Atlântica,ok,
3535705,Paraíso - SP,SP,6099.0,1.5,15519.065828173163,931.1102194824297,5.9997826531033915,146.3674519104003,0.9431460213583619,Mata Atlântica,ok,
3535804,Paranapanema - SP,SP,19395.0,1.0,101867.68151211656,14833.552127686104,14.561588039992587,1883.9369105653104,1.849396081858629,Cerrado | Mata Atlântica,ok,
3535903,Paranapuã - SP,SP,4031.0,0.5,14033.013258612185,543.0984945434564,3.8701488022193096,126.7137285766603,0.9029687797016436,Mata Atlântica,ok,
3536000,Parapuã - SP,SP,10580.0,1.9,36667.631562225855,1952.4588205078244,5.324747569786324,396.1025612426741,1.0802512853072566,Mata Atlântica,ok,
3536109,Pardinho - SP,SP,7153.0,0.6,20990.262542181597,3836.8348950256122,18.279118173558757,944.5613665222277,4.499997866268022,Cerrado | Mata Atlântica,ok,
3536208,Pariquera-Açu - SP,SP,19233.0,0.7,35940.42795283186,23508.37272952265,65.4092732573329,405.4914965148904,1.128232243219409,Mata Atlântica,ok,
3536257,Parisi - SP,SP,2892.0,0.7,8473.860063256761,489.62969073486454,5.77811867413214,59.45591644287097,0.7016391113263235,Mata Atlântica,ok,
3536307,Patrocínio Paulista - SP,SP,14512.0,1.0,60283.6559079595,16840.722141821396,27.935800986479066,403.283130633543,0.6689759016096697,Cerrado | Mata Atlântica,ok,
3536406,Paulicéia - SP,SP,7955.0,0.7,37412.33078062825,7782.81669089959,20.802811609185973,446.8442401367219,1.1943769094656185,Mata Atlântica,ok,
3536505,Paulínia - SP,SP,110537.0,1.0,13877.440564392084,1283.7610504394465,9.250704728171776,4637.84316212764,33.42001819865698,Mata Atlântica,ok,
3536570,Paulistânia - SP,SP,2090.0,1.2,25614.000646948632,4646.662017584252,18.14110213250816,98.50682077636735,0.3845819406899342,Cerrado,ok,
3536604,Paulo de Faria - SP,SP,7400.0,0.5,73798.62007880368,6529.071534179816,8.847145823604748,188.1762541809082,0.25498614199014796,Cerrado | Mata Atlântica,ok,
3536703,Pederneiras - SP,SP,44827.0,0.9,72747.52138260577,8067.241072644095,11.089368983742455,1767.0779401367192,2.4290558723547586,Cerrado | Mata Atlântica,ok,
3536802,Pedra Bela - SP,SP,6557.0,0.8,15858.347946697979,3124.1822887084936,19.700553293503752,110.1717975402832,0.694724304893456,Mata Atlântica,ok,
3536901,Pedranópolis - SP,SP,2787.0,0.2,26009.41891979403,2123.4981976623544,8.164343095132748,56.29071817016592,0.21642435897453605,Mata Atlântica,ok,
3537008,Pedregulho - SP,SP,15525.0,0.9,71261.17296473861,21379.393177141945,30.001461227309406,379.4220134094232,0.5324386304968183,Cerrado,ok,
3537107,Pedreira - SP,SP,43112.0,1.1,10881.386194610342,1675.9181692687869,15.40169735082912,890.9350643920766,8.187698225740442,Mata Atlântica,ok,
3537156,Pedrinhas Paulista - SP,SP,2804.0,1.3,15231.765546368306,231.20796853637648,1.5179328215927217,144.4137785827633,0.9481092532782305,Mata Atlântica,ok,
3537206,Pedro de Toledo - SP,SP,11281.0,1.9,67043.54315965872,62207.608378866484,92.78687468937039,139.1737009216315,0.20758703129725814,Mata Atlântica,ok,
3537305,Penápolis - SP,SP,61679.0,1.6,71129.05008956521,4114.396329455568,5.7844106230502845,1809.138718121392,2.5434596917059022,Mata Atlântica,ok,
3537404,Pereira Barreto - SP,SP,24095.0,0.8,97425.50752486226,5260.880631402621,5.399900667758988,745.1640729126005,0.7648552128121481,Mata Atlântica,ok,
3537503,Pereiras - SP,SP,8737.0,1.0,22316.128108574936,1387.0976412719722,6.215673411280437,251.2040170959452,1.125661296949718,Mata Atlântica,ok,
3537602,Peruíbe - SP,SP,68352.0,1.9,32389.34990285582,24641.24057994935,76.078219086999,2585.096600598155,7.981316724020518,Mata Atlântica,ok,
3537701,Piacatu - SP,SP,5519.0,0.6,23249.76004062504,2213.007214697274,9.518408838759697,166.2192285705566,0.7149287918675998,Mata Atlântica,ok,
3537800,Piedade - SP,SP,52970.0,1.1,74685.23579662814,33007.04848431185,44.194877517949855,1142.279952185068,1.5294588548874062,Mata Atlântica,ok,
3537909,Pilar do Sul - SP,SP,27619.0,1.2,68126.76367404239,21361.679287524872,31.355781686227495,936.0441315917957,1.3739741639135672,Mata Atlântica,ok,
3538006,Pindamonhangaba - SP,SP,165428.0,1.0,73134.14546846416,23941.679667822376,32.73666426873909,4119.581113342437,5.632910710796262,Mata Atlântica,ok,
3538105,Pindorama - SP,SP,14542.0,0.3,18482.011217187566,1188.9340492858814,6.4329256990181785,365.3803373657229,1.9769511719911363,Mata Atlântica,ok,
3538204,Pinhalzinho - SP,SP,15224.0,1.0,15455.135294500895,2679.9598715881784,17.340255005996212,447.8203968627927,2.89755080320864,Mata Atlântica,ok,
3538303,Piquerobi - SP,SP,3264.0,0.7,48277.264539931304,3006.436974920668,6.227438533585453,103.6306639465333,0.2146572821266993,Mata Atlântica,ok,
3538501,Piquete - SP,SP,12490.0,0.8,17599.93595974676,8999.185129790916,51.13191974319208,202.0935993347175,1.1482632652580709,Mata Atlântica,ok,
3538600,Piracaia - SP,SP,26029.0,1.6,38556.40530781713,13963.891249541077,36.21678716690418,750.4105849182271,1.94626697931844,Mata Atlântica,ok,
3538709,Piracicaba - SP,SP,423323.0,1.0,137808.12883896902,16383.00619288967,11.888272724487445,10171.777580566266,7.381115806638771,Cerrado | Mata Atlântica,ok,
3538808,Piraju - SP,SP,29436.0,0.7,50459.25619926075,8292.5937540281,16.434237003575944,823.3569604614188,1.6317263124332009,Cerrado | Mata Atlântica,ok,
3538907,Pirajuí - SP,SP,22431.0,0.8,82379.60166248864,8645.625475433579,10.494861957277884,662.8927844238341,0.804680735335093,Mata Atlântica,ok,
3539004,Pirangi - SP,SP,10885.0,0.8,21580.560597730087,1062.8843076477058,4.925193221159896,276.8073524597182,1.2826698880511642,Mata Atlântica,ok,
3539103,Pirapora do Bom Jesus - SP,SP,18370.0,0.8,10850.215717218663,6303.649799128012,58.096999759410174,271.1472197692906,2.499003032160878,Mata Atlântica,ok,
3539202,Pirapozinho - SP,SP,25348.0,0.7,47765.67665601088,2947.2174594970706,6.170157455785126,665.557065429685,1.3933793301469555,Cerrado | Mata Atlântica,ok,
3539301,Pirassununga - SP,SP,73545.0,1.1,72715.71917968449,10910.855499450703,15.004809995056759,2560.8757797851686,3.5217636690866048,Cerrado | Mata Atlântica,ok,
3539400,Piratininga - SP,SP,15108.0,1.1,40242.211033117586,6829.408941992202,16.970759723842946,591.7635025817865,1.4705044464251502,Cerrado | Mata Atlântica,ok,
3539509,Pitangueiras - SP,SP,33674.0,1.4,43063.29150721148,2451.6653813232438,5.693167650486453,833.1486553710779,1.9347073254527163,Cerrado | Mata Atlântica,ok,
3539608,Planalto - SP,SP,4389.0,0.5,28983.323055388304,3824.980374798545,13.197176760887125,133.1537514343267,0.45941506148161304,Mata Atlântica,ok,
3539707,Platina - SP,SP,3025.0,0.5,32749.39558686447,3016.4921782715123,9.210833129028506,80.68974718017644,0.2463854545533673,Cerrado | Mata Atlântica,ok,
3539806,Poá - SP,SP,103765.0,1.3,1725.7423285156033,79.17080062866171,4.5876374079994,1463.994042962625,84.83271336468168,Mata Atlântica,ok,
3539905,Poloni - SP,SP,5592.0,0.9,13512.73059381718,802.1773956603942,5.936456662781649,152.7911554443347,1.1307200597505074,Mata Atlântica,ok,
3540002,Pompéia - SP,SP,20196.0,1.4,78469.74888565324,7124.666023437513,9.079506592814045,638.5646847045915,0.8137717958485036,Mata Atlântica,ok,
3540101,Pongaí - SP,SP,3395.0,0.4,18338.681189763345,952.3008636047315,5.192853585002099,99.08712644042932,0.5403176237980503,Mata Atlântica,ok,
3540200,Pontal - SP,SP,37607.0,1.2,35636.53956479469,2111.813022814935,5.925976676201168,658.816073699953,1.8487094475098724,Cerrado,ok,
3540259,Pontalinda - SP,SP,4127.0,0.6,20952.972521405005,2059.8581276672353,9.830863499500792,80.0456181762691,0.38202511884410006,Mata Atlântica,ok,
3540309,Pontes Gestal - SP,SP,2387.0,0.7,21748.733028802595,2215.872027587885,10.188510864763153,173.3327794860843,0.7969787447228937,Mata Atlântica,ok,
3540408,Populina - SP,SP,4127.0,0.5,31596.484982202786,2088.2882625305406,6.60924233726252,143.4216094970711,0.4539163441055407,Mata Atlântica,ok,
3540507,Porangaba - SP,SP,10451.0,1.3,26570.557881292105,2824.2014350891363,10.629063370466941,477.2904579895028,1.7963132732171772,Cerrado | Mata Atlântica,ok,
3540606,Porto Feliz - SP,SP,56497.0,1.1,55668.545840600644,4671.51472986453,8.391659346088868,1970.28420892946,3.539313231876224,Mata Atlântica,ok,
3540705,Porto Ferreira - SP,SP,52649.0,1.5,24490.82346359844,3761.157894341949,15.357417033903692,1683.878167871072,6.875547367257286,Cerrado | Mata Atlântica,ok,
3540754,Potim - SP,SP,20392.0,0.5,4463.615633630314,153.4708678649905,3.4382635168828535,248.0860662231445,5.557962122768466,Mata Atlântica,ok,
3540804,Potirendaba - SP,SP,18496.0,0.6,34248.896332929115,2309.405945788582,6.743008368325635,497.0123772705074,1.451177791071321,Mata Atlântica,ok,
3540853,Pracinha - SP,SP,2578.0,0.8,6304.323667700212,123.2978924438476,1.9557671677860742,52.78590040283204,0.8372968011347058,Mata Atlântica,ok,
3540903,Pradópolis - SP,SP,17078.0,0.6,16735.672071783807,1168.8355525512618,6.984096889194596,569.2975459960942,3.401701130102356,Cerrado,ok,
3541000,Praia Grande - SP,SP,349935.0,1.8,14693.341532885683,9271.424149359136,63.099493934776085,3943.057297070256,26.835674432838587,Mata Atlântica,ok,
3541059,Pratânia - SP,SP,5126.0,0.5,17509.866601470836,2206.9542555358594,12.604060931854697,131.4552843383789,0.750749776285198,Cerrado,ok,
3541109,Presidente Alves - SP,SP,3804.0,0.9,28661.04563908067,5516.584639379827,19.24767403411726,122.9160473937992,0.4288610015895493,Mata Atlântica,ok,
3541208,Presidente Bernardes - SP,SP,14490.0,0.9,74924.96072980725,6045.354027270648,8.068544805877538,394.93434447631716,0.5271065084712167,Cerrado | Mata Atlântica,ok,
3541307,Presidente Epitácio - SP,SP,39505.0,1.3,126026.49912284304,9393.828028808672,7.453851447267558,1490.673122424313,1.182825146139539,Mata Atlântica,ok,
3541406,Presidente Prudente - SP,SP,225668.0,0.9,56060.428505065836,3823.120678833018,6.819642269569071,5820.550662377859,10.382636768200749,Mata Atlântica,ok,
3541505,Presidente Venceslau - SP,SP,35201.0,0.6,75518.0535021099,5873.905324572866,7.778147147832345,1053.212771575933,1.394650315697699,Mata Atlântica,ok,
3541604,Promissão - SP,SP,35131.0,0.9,77922.89870368598,6541.525785687323,8.394869665414397,745.2688136047421,0.9564182364913598,Mata Atlântica,ok,
3541653,Quadra - SP,SP,3405.0,0.8,20568.541111932445,2213.023841192631,10.759264982137152,253.4190187316919,1.2320709444223814,Mata Atlântica,ok,
3541703,Quatá - SP,SP,13163.0,0.8,65133.77192382782,7139.11151772444,10.960691062193414,426.9405644104031,0.6554826348913103,Cerrado | Mata Atlântica,ok,
3541802,Queiroz - SP,SP,3265.0,0.5,23490.654026866723,2005.4636666748154,8.537283229241414,175.2113922668472,0.7458770286534147,Mata Atlântica,ok,
3541901,Queluz - SP,SP,9159.0,1.2,24938.857907214482,12714.136796228078,50.98123115152779,236.3704738830563,0.9477999143444233,Mata Atlântica,ok,
3542008,Quintana - SP,SP,7038.0,1.0,31893.912628265076,3984.277632434048,12.492282395302905,241.8739111755376,0.7583701441546676,Mata Atlântica,ok,
3542107,Rafard - SP,SP,8965.0,0.6,12163.216485443321,995.620223950201,8.185501138960555,267.4588685546875,2.198915631196539,Mata Atlântica,ok,
3542206,Rancharia - SP,SP,28588.0,1.0,158747.98999392314,15680.246049005269,9.877445408666595,825.687488568128,0.5201246885706932,Cerrado | Mata Atlântica,ok,
3542305,Redenção da Serra - SP,SP,4494.0,0.9,30943.581383245724,10248.833823315517,33.121033071061085,59.91218126220703,0.19361747601279997,Mata Atlântica,ok,
3542404,Regente Feijó - SP,SP,20145.0,0.8,26331.079253523494,1625.2914862731816,6.172521341128443,723.7816390380815,2.7487731591603053,Cerrado | Mata Atlântica,ok,
3542503,Reginópolis - SP,SP,7662.0,0.7,41041.40411350127,4702.420282806407,11.457747083412933,147.1048402465825,0.35843033011190245,Cerrado | Mata Atlântica,ok,
3542602,Registro - SP,SP,59947.0,1.1,72221.23434784354,39679.920945572456,54.942180515026415,1552.014127679465,2.148972032524956,Mata Atlântica,ok,
3542701,Restinga - SP,SP,6404.0,1.0,24573.68382807628,4444.389323150459,18.085970968962297,157.1615695678711,0.6395523384585449,Cerrado,ok,
3542800,Ribeira - SP,SP,3132.0,1.2,33573.48314556158,21258.820177470625,63.3202700038618,29.97118635253905,0.08927041088526809,Mata Atlântica,ok,
3542909,Ribeirão Bonito - SP,SP,10989.0,1.6,47156.05539336646,10062.144528582885,21.337969099931005,309.2186046936037,0.655734671007071,Cerrado,ok,
3543006,Ribeirão Branco - SP,SP,18627.0,0.8,69748.16545778095,31824.547915563533,45.62779208125144,331.35617231445417,0.4750751079109405,Cerrado | Mata Atlântica,ok,
3543105,Ribeirão Corrente - SP,SP,4608.0,0.6,14832.200813049261,2146.2151986755184,14.469971285632097,89.59958917846672,0.6040882961862117,Cerrado,ok,
3543204,Ribeirão do Sul - SP,SP,4677.0,0.7,20321.18582604379,1402.470565240479,6.901519317062007,112.0707136352538,0.5514969185096624,Cerrado | Mata Atlântica,ok,
3543238,Ribeirão dos Índios - SP,SP,2025.0,0.1,19643.30188790136,1330.2280710388206,6.771916853032383,44.97642945556642,0.2289657294493252,Mata Atlântica,ok,
3543253,Ribeirão Grande - SP,SP,7450.0,0.6,33332.79617196668,22291.434342895674,66.87538071481404,224.2999845336908,0.6729107974515803,Mata Atlântica,ok,
3543303,Ribeirão Pires - SP,SP,115559.0,1.8,9895.5915416565,4913.083063458256,49.6492103860202,2287.454924542167,23.11589878091565,Mata Atlântica,ok,
3543402,Ribeirão Preto - SP,SP,698642.0,1.3,65093.85691092107,4923.804402703879,7.564161406877385,15340.16200583538,23.56622073697049,Cerrado,ok,
3543501,Riversul - SP,SP,5599.0,1.3,38586.57263492477,6303.489122247284,16.335965315929577,130.2251179809573,0.337488170335943,Mata Atlântica,ok,
3543600,Rifaina - SP,SP,4049.0,1.0,16249.12780163566,4920.904543127661,30.28411495804911,241.1923936340334,1.4843405540188725,Cerrado,ok,
3543709,Rincão - SP,SP,9098.0,0.8,31664.657017200552,3988.682374291933,12.596638492326765,204.2727387695311,0.6451127471823496,Cerrado,ok,
3543808,Rinópolis - SP,SP,9259.0,0.9,35848.41044194943,2354.342218707277,6.5674940385982925,262.9144577880874,0.7334061804883479,Mata Atlântica,ok,
3543907,Rio Claro - SP,SP,201418.0,1.0,49841.33990820883,7534.579799731411,15.117129301916044,4701.574352972295,9.433081778361158,Cerrado | Mata Atlântica,ok,
3544004,Rio das Pedras - SP,SP,31328.0,1.0,22667.03880730668,1707.4920256591647,7.532929378974538,949.386968713374,4.1884031557194,Mata Atlântica,ok,
3544103,Rio Grande da Serra - SP,SP,44170.0,1.2,3634.198878649942,2438.0182849793046,67.08543936057228,536.0767602477933,14.750892236446317,Mata Atlântica,ok,
3544202,Riolândia - SP,SP,10309.0,2.3,63192.362210639374,5252.378366961862,8.31172974584189,199.7658114440919,0.31612334854362883,Cerrado | Mata Atlântica,ok,
3544251,Rosana - SP,SP,17440.0,1.1,74399.7165326801,10001.984748181208,13.44357910797662,577.0325100463983,0.7755842857182615,Mata Atlântica,ok,
3544301,Roseira - SP,SP,10832.0,0.7,12987.022442144895,4042.4418291993184,31.126779423133744,278.0992341186536,2.1413625437050037,Mata Atlântica,ok,
3544400,Rubiácea - SP,SP,2700.0,0.9,23646.13390604288,1776.131937756346,7.5112994995873175,74.57723660888675,0.315388709652144,Mata Atlântica,ok,
3544509,Rubinéia - SP,SP,3833.0,0.9,24286.505803809083,832.6607879760774,3.4284915034812595,216.0052430603025,0.8894043663803805,Cerrado | Mata Atlântica,ok,
3544608,Sabino - SP,SP,5112.0,0.5,30525.894022076314,2897.497773278789,9.491934195877505,125.3614140747069,0.41067237534155615,Mata Atlântica,ok,
3544707,Sagres - SP,SP,2474.0,0.7,14795.564264074488,647.1040544311527,4.373635522657312,63.49636920165986,0.4291581454303647,Mata Atlântica,ok,
3544806,Sales - SP,SP,6437.0,0.6,30857.59587452411,5005.795943481513,16.22224869311441,295.0999504089343,0.9563283919100369,Mata Atlântica,ok,
3544905,Sales Oliveira - SP,SP,11411.0,0.6,30578.30731633897,2532.5382611205832,8.282140129343807,441.667546575929,1.4443819339206256,Cerrado,ok,
3545001,Salesópolis - SP,SP,15202.0,1.1,42499.30026377044,20689.5029749828,48.681984989338915,235.075615258791,0.553128201640503,Mata Atlântica,ok,
3545100,Salmourão - SP,SP,4808.0,0.7,17293.30366290308,2466.326870696995,14.26174500126117,105.319849426269,0.609020991473116,Mata Atlântica,ok,
3545159,Saltinho - SP,SP,8161.0,0.9,9973.399718224933,1142.051052655026,11.450970430555333,309.1586729248032,3.099832370699641,Mata Atlântica,ok,
3545209,Salto - SP,SP,134319.0,1.6,13306.70885792875,839.8961390197755,6.311824719298091,3343.201860699686,25.124182819312622,Mata Atlântica,ok,
3545308,Salto de Pirapora - SP,SP,43748.0,1.5,28042.840047106733,4891.253370092771,17.442075630985947,1524.436466815197,5.4360987127353315,Mata Atlântica,ok,
3545407,Salto Grande - SP,SP,9050.0,0.8,18845.97862298644,1484.8077913268858,7.878645206122996,367.3342934753388,1.9491388631169368,Mata Atlântica,ok,
3545506,Sandovalina - SP,SP,3645.0,0.2,45583.250651544564,3342.459496112043,7.332648392417326,89.23587171630848,0.1957646074837025,Cerrado | Mata Atlântica,ok,
3545605,Santa Adélia - SP,SP,14018.0,0.4,33026.59957494938,2032.8715126953052,6.155255275621032,453.9342691223135,1.374450518565108,Mata Atlântica,ok,
3545704,Santa Albertina - SP,SP,6393.0,0.8,27271.481459004317,1023.386696148671,3.752589303544329,243.4410623474134,0.8926580050789125,Mata Atlântica,ok,
3545803,Santa Bárbara d'Oeste - SP,SP,183347.0,0.9,27101.54226505027,1570.9765779174859,5.796631654957117,4048.129270934989,14.93689632621164,Mata Atlântica,ok,
3546009,Santa Branca - SP,SP,13975.0,0.9,27226.112387648314,7015.965772888721,25.769252961989746,298.0977382629437,1.094896450946048,Mata Atlântica,ok,
3546108,Santa Clara d'Oeste - SP,SP,2598.0,0.5,18344.2763953563,822.3993342101425,4.483138590401559,71.05640115356461,0.38734916342381287,Cerrado | Mata Atlântica,ok,
3546207,Santa Cruz da Conceição - SP,SP,4277.0,0.5,15013.197365417456,2434.121516693111,16.213211999064583,180.63044484252865,1.2031444098550692,Cerrado | Mata Atlântica,ok,
3546256,Santa Cruz da Esperança - SP,SP,2116.0,0.3,14805.326459936943,4230.478832501265,28.574032757392388,51.56761634521499,0.34830448679910175,Cerrado,ok,
3546306,Santa Cruz das Palmeiras - SP,SP,28864.0,0.8,29531.92657576905,5413.849788055581,18.33219303916882,651.3486352356017,2.2055744773862243,Cerrado,ok,
3546405,Santa Cruz do Rio Pardo - SP,SP,46442.0,1.1,111473.27877588253,9791.176097491307,8.783428822593892,1407.6885671203468,1.2628035907605357,Cerrado | Mata Atlântica,ok,
3546504,Santa Ernestina - SP,SP,6118.0,0.9,13442.389217523147,687.1696284790019,5.1119605105856145,153.02856052856444,1.138402988131607,Cerrado | Mata Atlântica,ok,
3546603,Santa Fé do Sul - SP,SP,34794.0,0.4,20654.920056652514,1173.2590406799236,5.680288461353989,1059.874064904793,5.131339467776976,Mata Atlântica,ok,
3546702,Santa Gertrudes - SP,SP,23611.0,1.2,9829.593673870893,662.5270566955592,6.7401265879045855,735.5770647644044,7.483290654421672,Mata Atlântica,ok,
3546801,Santa Isabel - SP,SP,53174.0,0.9,36333.09986118614,14978.34899988954,41.22507866687858,1113.233459478803,3.063964989863268,Mata Atlântica,ok,
3546900,Santa Lúcia - SP,SP,7149.0,0.4,15387.972743292941,1953.6732689270307,12.696105598306092,142.7244187377928,0.9275063136565614,Cerrado,ok,
3547007,Santa Maria da Serra - SP,SP,5243.0,0.7,25260.167057421986,4088.278329986522,16.184684450791455,182.5410014953614,0.7226436827611039,Cerrado,ok,
3547106,Santa Mercedes - SP,SP,2956.0,0.3,16675.347853717314,839.9073925415057,5.036820820228175,183.1025800659175,1.0980435411132954,Mata Atlântica,ok,
3547205,Santana da Ponte Pensa - SP,SP,1670.0,0.4,12989.655826123331,476.1892657226558,3.6659113381972572,50.4877738647462,0.3886767635768369,Mata Atlântica,ok,
3547304,Santana de Parnaíba - SP,SP,154105.0,1.0,17994.506184051446,7689.909327295019,42.73476164692197,3565.925278710829,19.81674430094288,Mata Atlântica,ok,
3547403,Santa Rita d'Oeste - SP,SP,2733.0,0.2,20978.875981537476,1056.9213069091602,5.038026383488357,59.68517708129887,0.28450131043162175,Mata Atlântica,ok,
3547502,Santa Rita do Passa Quatro - SP,SP,24833.0,1.2,75410.79339798701,18254.64741164022,24.20694251988536,1057.859166290272,1.4027954336819244,Cerrado,ok,
3547601,Santa Rosa de Viterbo - SP,SP,23411.0,0.8,28857.660748027763,6173.970428271291,21.394563066561943,783.2816587768579,2.7142936692482604,Cerrado,ok,
3547650,Santa Salete - SP,SP,1645.0,0.5,7918.62153115845,395.0823259643588,4.989281586571299,58.30448782958992,0.736295927266779,Mata Atlântica,ok,
3547700,Santo Anastácio - SP,SP,17963.0,0.9,55289.80505161828,2944.018832678199,5.32470467191859,501.1619011901814,0.9064273254758256,Mata Atlântica,ok,
3547809,Santo André - SP,SP,748919.0,1.5,17577.132019872726,9122.360726110968,51.899028327244835,6946.488200707565,39.520032010079106,Mata Atlântica,ok,
3547908,Santo Antônio da Alegria - SP,SP,6775.0,0.4,31035.436239624214,8986.116679315188,28.954375282285366,163.6806481811527,0.5273992184848844,Cerrado | Mata Atlântica,ok,
3548005,Santo Antônio de Posse - SP,SP,23244.0,1.1,15412.626270898554,1307.3836316650377,8.482549363657654,747.9548355468777,4.852870772316936,Mata Atlântica,ok,
3548054,Santo Antônio do Aracanguá - SP,SP,8379.0,0.7,130843.74399902488,10342.14571315311,7.9041957964992084,308.036007897948,0.23542280164364884,Mata Atlântica,ok,
3548104,Santo Antônio do Jardim - SP,SP,6126.0,0.7,10995.148530572511,1612.925872894287,14.669432326534501,151.8453908203134,1.3810217333408492,Mata Atlântica,ok,
3548203,Santo Antônio do Pinhal - SP,SP,7133.0,0.9,13300.315615258529,7361.068736022795,55.34506810934585,58.20987115478511,0.43765781834534034,Mata Atlântica,ok,
3548302,Santo Expedito - SP,SP,3000.0,0.7,9446.368398693725,267.18682545776363,2.828460781761498,87.61782631225593,0.9275292113779091,Mata Atlântica,ok,
3548401,Santópolis do Aguapeí - SP,SP,3899.0,0.8,12802.656259705167,896.7782463195833,7.0046264472638065,103.3126926330565,0.8069629500107792,Mata Atlântica,ok,
3548500,Santos - SP,SP,418608.0,1.3,28073.48522442647,20168.76409808973,71.84275104019177,3806.80331044314,13.560137902403643,Mata Atlântica,ok,
3548609,São Bento do Sapucaí - SP,SP,11674.0,0.7,25258.86847971086,11326.070764403672,44.839976792710715,139.1682439331055,0.5509678473716751,Mata Atlântica,ok,
3548708,São Bernardo do Campo - SP,SP,810729.0,1.6,40954.14771575839,21301.49496517247,52.01303446238257,8151.812300280403,19.90472944732711,Mata Atlântica,ok,
3548807,São Caetano do Sul - SP,SP,165655.0,1.3,1532.116884362824,0.0,0.0,1532.116884362824,100.0,Mata Atlântica,ok,
3548906,São Carlos - SP,SP,254857.0,1.2,113690.06051402242,24850.030102056702,21.857698016610453,6606.427620868402,5.810910462180264,Cerrado,ok,
3549003,São Francisco - SP,SP,2602.0,0.9,7556.841062280433,335.8442200683586,4.444240884523919,66.7391453735352,0.8831619564775559,Mata Atlântica,ok,
3549102,São João da Boa Vista - SP,SP,92547.0,0.8,51642.66111405217,8062.429033020041,15.611955036968888,2544.468106158483,4.92706621089695,Mata Atlântica,ok,
3549201,São João das Duas Pontes - SP,SP,2580.0,0.3,12947.755430419586,1046.7230546386759,8.084204712266144,58.33368811035113,0.450531278752002,Mata Atlântica,ok,
3549250,São João de Iracema - SP,SP,1846.0,0.3,17840.69862510287,2347.9384246765267,13.160574448429083,42.85556386718764,0.24021236369571003,Mata Atlântica,ok,
3549300,São João do Pau d'Alho - SP,SP,2242.0,0.3,11765.250645965552,906.9498313354495,7.708716614944821,60.58825788574216,0.5149763460969581,Mata Atlântica,ok,
3549409,São Joaquim da Barra - SP,SP,48558.0,1.0,41087.85305758387,2986.527805426025,7.268639228339484,1404.099380267371,3.417310167799597,Cerrado,ok,
3549508,São José da Bela Vista - SP,SP,7626.0,0.5,27696.918432423416,3578.1717609923016,12.919024799536949,155.9998492248533,0.5632390101645098,Cerrado,ok,
3549607,São José do Barreiro - SP,SP,3853.0,1.1,57067.08971942934,40042.39914519262,70.16723534012563,48.85787208251971,0.08561479536231777,Mata Atlântica,ok,
3549706,São José do Rio Pardo - SP,SP,52205.0,1.1,41969.04163822766,6529.098260302743,15.556939128092193,1391.447441448938,3.315413903045936,Mata Atlântica,ok,
3549805,São José do Rio Preto - SP,SP,480393.0,1.1,43195.57152214909,1898.5261292724613,4.395186965633659,11609.43523189667,26.876447799617104,Mata Atlântica,ok,
3549904,São José dos Campos - SP,SP,697054.0,1.5,109938.85702101173,36029.90966403689,32.772679869821445,13420.83426729644,12.207543930287928,Mata Atlântica,ok,
3549953,São Lourenço da Serra - SP,SP,16067.0,0.8,18644.03591322592,16018.411295745433,85.91708024109795,209.0345023498538,1.1211869754100106,Mata Atlântica,ok,
3550001,São Luiz do Paraitinga - SP,SP,10337.0,0.6,61730.70675368698,25372.34441385746,41.10165871759123,132.7077565063476,0.21497851472180238,Mata Atlântica,ok,
3550100,São Manuel - SP,SP,37289.0,1.1,65075.95380784711,5864.163827709978,9.011260664769319,1343.2752219116162,2.064165245857125,Cerrado | Mata Atlântica,ok,
3550209,São Miguel Arcanjo - SP,SP,32039.0,1.0,93034.67188676706,27348.979050641057,29.396544853651584,692.7530185119746,0.7446181132934263,Mata Atlântica,ok,
3550308,São Paulo - SP,SP,11451999.0,1.4,152113.5311261058,41526.897534868825,27.299936585156264,88991.8094353961,58.503545855903994,Mata Atlântica,ok,
3550407,São Pedro - SP,SP,38256.0,1.0,61129.44667620244,12555.439714837714,20.53910250708276,1550.4436202880884,2.5363285692747364,Cerrado | Mata Atlântica,ok,
3550506,São Pedro do Turvo - SP,SP,7217.0,0.7,73124.08177237523,11463.900415124406,15.677325632354444,141.505059472656,0.19351362238385564,Cerrado | Mata Atlântica,ok,
3550605,São Roque - SP,SP,79484.0,1.1,30688.683893939855,15133.919268537105,49.3143313699602,1913.941963812242,6.2366374863999665,Mata Atlântica,ok,
3550704,São Sebastião - SP,SP,81595.0,1.0,39860.72084883255,35278.570672544694,88.50459781280634,2180.170215246605,5.469470116997291,Mata Atlântica,ok,
3550803,São Sebastião da Grama - SP,SP,10441.0,0.8,25241.461279461597,5881.358885284417,23.300389863204728,264.59803463745,1.0482674980974553,Mata Atlântica,ok,
3550902,São Simão - SP,SP,13442.0,0.5,61725.56572443797,14351.537060998557,23.250555734180324,525.6285600219705,0.8515572985892736,Cerrado,ok,
3551009,São Vicente - SP,SP,329911.0,1.5,14800.256045941102,9764.757420587084,65.97694925193555,2713.980825457774,18.337391035894072,Mata Atlântica,ok,
3551108,Sarapuí - SP,SP,10369.0,0.8,35256.368148687485,7348.988174700821,20.844427717874304,322.6236688415532,0.9150791354371641,Cerrado | Mata Atlântica,ok,
3551207,Sarutaiá - SP,SP,3704.0,0.4,14160.857356897055,2472.5485644714267,17.46044396999148,153.3956235290555,1.0832368384414526,Mata Atlântica,ok,
3551306,Sebastianópolis do Sul - SP,SP,3130.0,0.9,16783.12222657483,1930.890417309579,11.504953555376945,189.7485337524422,1.1305913833600607,Mata Atlântica,ok,
3551405,Serra Azul - SP,SP,12746.0,0.3,28316.315607757504,5939.206951074296,20.974504710800716,284.7661746215817,1.00566111271753,Cerrado,ok,
3551504,Serrana - SP,SP,43909.0,0.9,12604.526283319039,1280.1761786376962,10.156479901445362,864.8729508300491,6.861606151550741,Cerrado,ok,
3551603,Serra Negra - SP,SP,29894.0,1.5,20373.015050787548,4008.467378674349,19.675376318535612,793.3947183044478,3.8943411975429623,Mata Atlântica,ok,
3551702,Sertãozinho - SP,SP,126887.0,1.1,40307.789419677334,2330.647614776609,5.782127098339062,3263.724898187219,8.09700791131439,Cerrado,ok,
3551801,Sete Barras - SP,SP,12730.0,0.7,106274.28427375075,85839.66853789295,80.77181523686342,171.6289569885244,0.16149622475596007,Mata Atlântica,ok,
3551900,Severínia - SP,SP,14576.0,0.5,14046.886082025523,538.9289605041512,3.8366436330238898,307.2943523132298,2.187633262765941,Mata Atlântica,ok,
3552007,Silveiras - SP,SP,6186.0,0.8,41479.078484094156,16821.138136791695,40.55330723714617,77.84289285888666,0.18766784534216885,Mata Atlântica,ok,
3552106,Socorro - SP,SP,40122.0,0.7,44902.1452787664,5521.552235931497,12.296856200638063,744.7222931640578,1.658545017260515,Mata Atlântica,ok,
3552205,Sorocaba - SP,SP,723682.0,1.2,44987.70626189124,5330.728276800669,11.849299997133418,14447.25000838657,32.11377331461047,Mata Atlântica,ok,
3552304,Sud Mennucci - SP,SP,7355.0,0.4,59472.283228950124,3053.363466943379,5.134094911387313,220.498106365966,0.370757762094177,Mata Atlântica,ok,
3552403,Sumaré - SP,SP,279545.0,1.1,15348.410131445384,572.5873668334958,3.7305972535904237,5125.540509271264,33.39460221205716,Mata Atlântica,ok,
3552502,Suzano - SP,SP,307429.0,1.1,20625.31056167621,6371.409175561422,30.891215705619995,5511.606875750845,26.722540052278944,Mata Atlântica,ok,
3552551,Suzanápolis - SP,SP,3408.0,1.3,33061.037871918066,2462.24097807617,7.44756104637474,154.6228247131344,0.46768896158722983,Mata Atlântica,ok,
3552601,Tabapuã - SP,SP,11323.0,0.6,34578.367861645136,2430.0953166992517,7.027790688162443,294.6074406616217,0.8519992668260229,Mata Atlântica,ok,
3552700,Tabatinga - SP,SP,14769.0,1.2,36859.4091989993,3171.086099829119,8.603192966845521,395.5004450256351,1.072997244449519,Cerrado | Mata Atlântica,ok,
3552809,Taboão da Serra - SP,SP,273542.0,1.5,2039.6246386657842,134.54501279907,6.596557535561167,1803.292220953385,88.41294553751833,Mata Atlântica,ok,
3552908,Taciba - SP,SP,6260.0,0.6,60673.805790198145,5387.6599273926695,8.879713176428181,120.0880515258782,0.19792404640171496,Cerrado | Mata Atlântica,ok,
3553005,Taguaí - SP,SP,12669.0,0.8,14534.388577685053,1312.7428311950516,9.031978360689576,244.3365375244089,1.6810926460267055,Mata Atlântica,ok,
3553104,Taiaçu - SP,SP,5677.0,1.0,10707.160357061808,449.50673475341824,4.1981881261071265,119.9411803649899,1.1201959844178835,Mata Atlântica,ok,
3553203,Taiúva - SP,SP,6548.0,1.0,13246.288036456415,363.75713693847695,2.7461061992412144,151.9499617675785,1.147113526063921,Cerrado | Mata Atlântica,ok,
3553302,Tambaú - SP,SP,21435.0,1.0,56178.62028216636,12869.42932957787,22.908055172838075,730.7652380126884,1.3007888665515455,Cerrado | Mata Atlântica,ok,
3553401,Tanabi - SP,SP,25265.0,1.0,74721.14021888867,5494.36023890988,7.353153636058897,804.3314300598206,1.0764442669151006,Mata Atlântica,ok,
3553500,Tapiraí - SP,SP,7996.0,1.0,75507.70643761898,68432.67904720752,90.63005920295497,147.5664944458015,0.19543236234796008,Mata Atlântica,ok,
3553609,Tapiratiba - SP,SP,11816.0,0.6,22188.577970672857,5195.809410595767,23.41659486905013,299.0280157836941,1.3476664262979186,Mata Atlântica,ok,
3553658,Taquaral - SP,SP,2619.0,0.5,5390.225422796669,110.64078079833999,2.052618807562505,69.10730518188475,1.2820856227944,Cerrado | Mata Atlântica,ok,
3553708,Taquaritinga - SP,SP,52260.0,1.2,59429.53581379685,2993.093635217289,5.03637390774038,1376.835775469946,2.316753372908403,Cerrado | Mata Atlântica,ok,
3553807,Taquarituba - SP,SP,24350.0,0.9,44851.71304869382,4906.679415100001,10.939781519098288,535.5393269042997,1.1940220127665688,Cerrado | Mata Atlântica,ok,
3553856,Taquarivaí - SP,SP,6876.0,0.9,23180.599654779024,3919.871847784474,16.91013997119067,208.23917091674895,0.8983338395813127,Cerrado | Mata Atlântica,ok,
3553906,Tarabai - SP,SP,6536.0,0.7,20138.698232507042,1109.2923700866675,5.508262536533241,151.400092376709,0.7517868862661904,Cerrado | Mata Atlântica,ok,
3553955,Tarumã - SP,SP,14882.0,0.7,30289.673332318012,1143.041672503656,3.773700891267358,468.61180993041967,1.5471009039586683,Cerrado | Mata Atlântica,ok,
3554003,Tatuí - SP,SP,123942.0,1.2,52371.941940561315,5697.333458844339,10.878598821694323,3405.471072405909,6.50247240453847,Mata Atlântica,ok,
3554102,Taubaté - SP,SP,310739.0,1.0,62499.7309951854,13795.944851531003,22.07360676895355,7440.932667205851,11.905543509905756,Mata Atlântica,ok,
3554201,Tejupá - SP,SP,4127.0,0.5,29619.84065723276,5276.368530431665,17.813629018099554,71.54521805419874,0.2415449120139962,Cerrado | Mata Atlântica,ok,
3554300,Teodoro Sampaio - SP,SP,22173.0,0.8,155580.91143242808,46020.961541430996,29.580082233557825,668.3978928955177,0.42961433169506547,Mata Atlântica,ok,
3554409,Terra Roxa - SP,SP,7904.0,0.6,22153.664776502326,1590.483368182367,7.1793239819595955,176.1431946838374,0.7950973189350902,Cerrado,ok,
3554508,Tietê - SP,SP,37663.0,0.9,40441.15372794685,3377.55504638673,8.351777175072707,1309.240948382577,3.2373976202311616,Mata Atlântica,ok,
3554607,Timburi - SP,SP,2464.0,0.8,19677.659282812372,5518.024583410692,28.042078095286772,87.19344742431646,0.4431088381557473,Mata Atlântica,ok,
3554656,Torre de Pedra - SP,SP,2046.0,0.8,7133.903963299575,1891.4281080139324,26.513226386903995,50.21089304199217,0.7038347207966705,Cerrado | Mata Atlântica,ok,
3554706,Torrinha - SP,SP,9335.0,0.5,31527.78770855139,4184.38956215831,13.272068439560583,256.5786456298812,0.8138174742920147,Cerrado,ok,
3554755,Trabiju - SP,SP,1682.0,1.8,6343.056709002697,1077.7542328491231,16.991086195390103,50.47661389770507,0.795777433710527,Cerrado,ok,
3554805,Tremembé - SP,SP,51173.0,1.0,19110.280594049098,4831.978745892362,25.284708521742118,1020.796747552504,5.341610462121514,Mata Atlântica,ok,
3554904,Três Fronteiras - SP,SP,6804.0,0.7,15159.585801611967,548.0929960815436,3.6154879378252085,187.8557861877441,1.239188119293924,Mata Atlântica,ok,
3554953,Tuiuti - SP,SP,6778.0,0.5,12674.321300335723,1728.7979877624525,13.640162236668715,159.1790080322262,1.2559174117513479,Mata Atlântica,ok,
3555000,Tupã - SP,SP,63928.0,1.1,62798.49447475529,4160.346230920458,6.624913966039263,1770.823280523747,2.8198498950251265,Mata Atlântica,ok,
3555109,Tupi Paulista - SP,SP,15854.0,0.6,24475.620247822164,1205.5408981445262,4.925476396259232,400.8544458740156,1.6377703274330038,Mata Atlântica,ok,
3555208,Turiúba - SP,SP,1818.0,1.0,15321.604667810041,1241.1627242492686,8.100735863893501,63.89448150024462,0.41702212585137294,Mata Atlântica,ok,
3555307,Turmalina - SP,SP,1669.0,1.8,14779.386077075424,1276.4031213256683,8.636374438485781,47.26810959472653,0.3198245809955866,Mata Atlântica,ok,
3555356,Ubarana - SP,SP,5365.0,0.5,20986.19253616962,1300.0478856933596,6.194777272974753,137.7930619628906,0.6565891441499204,Mata Atlântica,ok,
3555406,Ubatuba - SP,SP,92981.0,1.2,70674.36916077543,65113.93840303616,92.13232346638995,2298.68051690063,3.2524952740241897,Mata Atlântica,ok,
3555505,Ubirajara - SP,SP,5132.0,0.9,28218.692574707035,4167.832167431669,14.76975645274005,99.52665752563453,0.35269762148669576,Cerrado | Mata Atlântica,ok,
3555604,Uchoa - SP,SP,10394.0,0.7,25243.743663952722,1643.103041333004,6.508951537482548,301.136966638182,1.192917225935059,Mata Atlântica,ok,
3555703,União Paulista - SP,SP,1603.0,0.8,7906.254474340829,612.95295554199,7.752760267599331,39.48966574096702,0.49947375042288156,Mata Atlântica,ok,
3555802,Urânia - SP,SP,8833.0,1.2,20925.810983575684,888.8925094421402,4.247828244935486,267.9049317688001,1.2802606884821532,Mata Atlântica,ok,
3555901,Uru - SP,SP,1387.0,1.0,14690.230564495136,541.6517964416499,3.687156536200118,51.73732800903328,0.35218867247786695,Mata Atlântica,ok,
3556008,Urupês - SP,SP,13744.0,0.9,32391.8675409971,1822.4082113647491,5.626128870335122,359.2655433837875,1.1091226615108851,Mata Atlântica,ok,
3556107,Valentim Gentil - SP,SP,14098.0,0.7,14971.992258044502,1284.8917266540425,8.581968949146804,369.3203637145979,2.466741615606706,Mata Atlântica,ok,
3556206,Valinhos - SP,SP,126373.0,1.0,14853.427491436858,1976.580725366221,13.307236504879016,3436.685212634249,23.137321097204875,Mata Atlântica,ok,
3556305,Valparaíso - SP,SP,24241.0,1.1,85766.96919664108,7749.663181079145,9.03571999065422,638.3117257202131,0.7442395734618212,Mata Atlântica,ok,
3556354,Vargem - SP,SP,10512.0,1.1,14259.27764143056,3964.593984228439,27.80361028043417,317.6197799072251,2.2274605200502986,Mata Atlântica,ok,
3556404,Vargem Grande do Sul - SP,SP,40133.0,0.5,26716.330525505764,2853.1847287353617,10.679553189430187,1148.4460207519226,4.29866676359433,Cerrado | Mata Atlântica,ok,
3556453,Vargem Grande Paulista - SP,SP,50415.0,1.2,4249.397708447275,1136.1335686340367,26.73634351464783,1466.188651654037,34.503446188137104,Mata Atlântica,ok,
3556503,Várzea Paulista - SP,SP,115771.0,1.2,3512.92688012086,682.0239515380836,19.414692500363657,1770.801636059581,50.40815526449721,Mata Atlântica,ok,
3556602,Vera Cruz - SP,SP,10176.0,1.3,24771.789227124755,4318.728183978027,17.434058332972903,290.0331997375479,1.1708205534865672,Mata Atlântica,ok,
3556701,Vinhedo - SP,SP,76540.0,1.1,8094.28128421622,1414.326896752934,17.47316218811001,2597.950572888088,32.09612418528214,Mata Atlântica,ok,
3556800,Viradouro - SP,SP,17414.0,0.7,21773.792822339416,1018.5201459716768,4.677734165481259,434.5264276794421,1.9956395802279698,Cerrado,ok,
3556909,Vista Alegre do Alto - SP,SP,8109.0,1.1,9541.775204223733,246.75641560669,2.586064021896697,227.2224457336431,2.381343522252143,Mata Atlântica,ok,
3556958,Vitória Brasil - SP,SP,1794.0,0.8,4982.872050158823,231.435739904785,4.64462538020434,48.48763526000982,0.973086099179776,Mata Atlântica,ok,
3557006,Votorantim - SP,SP,127923.0,1.2,18419.904502868594,4907.093621637012,26.640168633191415,2494.147600836131,13.540502343254326,Mata Atlântica,ok,
3557105,Votuporanga - SP,SP,96634.0,1.2,42074.66995225159,3467.095713525401,8.24033965675793,2773.636668646269,6.592176888835796,Mata Atlântica,ok,
3557154,Zacarias - SP,SP,2692.0,0.5,31904.113080445102,2060.766743951407,6.459251002387234,79.22530802612309,0.24832317960495953,Mata Atlântica,ok,
3557204,Chavantes - SP,SP,12211.0,0.9,18872.216904876826,1544.283858905038,8.182842888510756,362.4600094970698,1.9206011213415284,Mata Atlântica,ok,
3557303,Estiva Gerbi - SP,SP,11295.0,0.8,7415.716231597875,848.2678366027811,11.43878500890269,342.1522031860352,4.613879394793282,Cerrado | Mata Atlântica,ok,
4100103,Abatiá - PR,PR,7241.0,0.6,22872.0503438963,1964.926032745324,8.5909483548758,149.5766347412118,0.6539712552754513,Mata Atlântica,ok,
4100202,Adrianópolis - PR,PR,6256.0,1.3,134933.13082464336,87851.83876278489,65.10768572987129,55.2903779846192,0.04097613213797994,Mata Atlântica,ok,
4100301,Agudos do Sul - PR,PR,10233.0,1.9,19227.66367855209,8149.223753429929,42.38280786302787,280.4384350830064,1.4585153962092,Mata Atlântica,ok,
4100400,Almirante Tamandaré - PR,PR,119825.0,1.3,19424.320607178794,10775.243966034957,55.472951584482544,2885.499529028351,14.85508598927231,Mata Atlântica,ok,
4100459,Altamira do Paraná - PR,PR,3590.0,0.9,38696.22352377806,7488.859481555305,19.352946617525994,66.29619890136725,0.17132472594032216,Mata Atlântica,ok,
4100509,Altônia - PR,PR,18742.0,0.8,66157.07456723595,19354.600561383406,29.255526620532734,539.7397461425649,0.8158458481927329,Mata Atlântica,ok,
4100608,Alto Paraná - PR,PR,13909.0,1.1,40773.115712837294,3007.585417816217,7.37639340343394,520.7376934143141,1.2771594329014238,Mata Atlântica,ok,
4100707,Alto Piquiri - PR,PR,9727.0,1.4,44765.33193200764,3066.507637597668,6.850184071583048,282.5226013854984,0.6311191924469838,Mata Atlântica,ok,
4100806,Alvorada do Sul - PR,PR,10326.0,0.5,42425.99249151816,2703.779048297116,6.372930577493638,508.6686774597196,1.1989552809198583,Mata Atlântica,ok,
4100905,Amaporã - PR,PR,4762.0,0.8,38472.706680974785,2628.212432861321,6.8313686756045255,194.6281353698738,0.5058862558950649,Mata Atlântica,ok,
4101002,Ampére - PR,PR,19620.0,1.1,29834.907548974068,6068.650021643116,20.34077032644198,614.3299887634166,2.059098013811481,Mata Atlântica,ok,
4101051,Anahy - PR,PR,2918.0,0.3,10289.667908825433,1119.036273187254,10.87533905955758,105.3048278198247,1.023403561251038,Mata Atlântica,ok,
4101101,Andirá - PR,PR,19878.0,1.1,23596.041562951512,990.1643064575226,4.196315317617485,639.4194097290178,2.709858804168999,Mata Atlântica,ok,
4101150,Ângulo - PR,PR,3235.0,0.3,10595.999632861265,574.3505125793437,5.420446701395839,141.1387866149891,1.3320006748327626,Mata Atlântica,ok,
4101200,Antonina - PR,PR,18091.0,1.6,89158.2652573066,79305.2713575446,88.94887213055713,410.3267357543963,0.4602228795840884,Mata Atlântica,ok,
4101309,Antônio Olinto - PR,PR,7018.0,0.7,46961.62318015765,19109.90584688834,40.69260079358311,113.4755070068356,0.2416345503465936,Mata Atlântica,ok,
4101408,Apucarana - PR,PR,130134.0,1.0,55695.984817219185,9237.790071252495,16.586097007834045,3564.736168981803,6.400346776666951,Mata Atlântica,ok,
4101507,Arapongas - PR,PR,119138.0,1.0,38220.974312756225,4670.136760730247,12.2187799884829,3416.552743738217,8.938947280048653,Mata Atlântica,ok,
4101606,Arapoti - PR,PR,25777.0,0.9,136074.83403072308,39764.36514004518,29.222424133963777,761.1091388488833,0.5593313005085419,Cerrado | Mata Atlântica,ok,
4101655,Arapuã - PR,PR,3527.0,0.4,21737.54668046303,1750.520356176778,8.052980319762057,100.0375273132327,0.4602061529010679,Mata Atlântica,ok,
4101705,Araruna - PR,PR,14485.0,0.4,49320.029673951045,5671.279062676891,11.498936842027579,431.7070424438493,0.875317888691094,Mata Atlântica,ok,
4101804,Araucária - PR,PR,151666.0,1.4,46920.51274918139,14703.094580950581,31.336176268037697,4561.012067486599,9.720720853729746,Mata Atlântica,ok,
4101853,Ariranha do Ivaí - PR,PR,2329.0,1.1,23407.53639572734,2758.922522692906,11.786471143526672,57.12669531860356,0.24405257500328437,Mata Atlântica,ok,
4101903,Assaí - PR,PR,13797.0,1.4,44032.71428435353,4285.922898584263,9.733496942538496,446.829002844237,1.014765975948505,Mata Atlântica,ok,
4102000,Assis Chateaubriand - PR,PR,36808.0,1.3,98068.73784707778,6634.6276390930125,6.765282988997609,1646.806706585783,1.6792371786753388,Mata Atlântica,ok,
4102109,Astorga - PR,PR,25475.0,1.5,43479.92041647996,3989.5806015930775,9.175685151624446,838.0893760681214,1.9275319918719651,Mata Atlântica,ok,
4102208,Atalaia - PR,PR,3980.0,0.4,13765.589136651217,847.1625810180676,6.154205044246719,120.5045706176757,0.8754043827795887,Mata Atlântica,ok,
4102307,Balsa Nova - PR,PR,13395.0,1.3,34893.469712944825,14251.291053741279,40.84228702671639,382.6285236389173,1.0965619836223086,Mata Atlântica,ok,
4102406,Bandeirantes - PR,PR,31273.0,1.7,44516.81494274202,3594.3544229186778,8.074150020709641,845.6002550415125,1.8995075369366208,Mata Atlântica,ok,
4102505,Barbosa Ferraz - PR,PR,10795.0,1.5,53863.01195274669,8718.94012640985,16.187249487753974,484.3708208129888,0.8992642692130194,Mata Atlântica,ok,
4102604,Barracão - PR,PR,9759.0,0.6,16119.910496679904,3703.6208670898627,22.97544311956738,272.8433139892586,1.6925857872812262,Mata Atlântica,ok,
4102703,Barra do Jacaré - PR,PR,2814.0,1.4,11582.82065415006,562.6818666198801,4.857900190471087,86.09779885253876,0.7433232493476483,Mata Atlântica,ok,
4102752,Bela Vista da Caroba - PR,PR,4031.0,0.2,14811.915406646795,3294.159482305923,22.23992908322769,74.02603219604565,0.49977352802613717,Mata Atlântica,ok,
4102802,Bela Vista do Paraíso - PR,PR,14833.0,1.1,24268.11195031682,2453.9644098328613,10.111888452042619,435.0891122619651,1.7928428596040207,Mata Atlântica,ok,
4102901,Bituruna - PR,PR,15533.0,1.0,127615.78517012029,75046.31691266898,58.806453145766625,388.892211273191,0.3047367618000954,Mata Atlântica,ok,
4103008,Boa Esperança - PR,PR,4558.0,0.4,30294.63727772881,1688.8245343566855,5.574664977415755,170.085722015381,0.5614383841473489,Mata Atlântica,ok,
4103024,Boa Esperança do Iguaçu - PR,PR,2455.0,0.5,15176.565234161611,2607.8958586487884,17.18370275758153,68.67920259399415,0.45253455926510333,Mata Atlântica,ok,
4103040,Boa Ventura de São Roque - PR,PR,6378.0,1.0,60816.58198320984,15207.818415003003,25.006039338418518,92.2587807495121,0.15170004255579964,Mata Atlântica,ok,
4103057,Boa Vista da Aparecida - PR,PR,7924.0,1.1,26617.55828899508,5074.869108496091,19.065870180114437,297.4669140624994,1.1175589843095635,Mata Atlântica,ok,
4103107,Bocaiúva do Sul - PR,PR,13299.0,1.1,82562.96435355177,58485.73680754916,70.8377385253527,320.7247234191918,0.38846076558707593,Mata Atlântica,ok,
4103156,Bom Jesus do Sul - PR,PR,3980.0,1.2,17614.268587450984,4595.791580877408,26.09129955104471,63.3764506713867,0.3598017729588743,Mata Atlântica,ok,
4103206,Bom Sucesso - PR,PR,6581.0,0.8,32273.875093194012,5318.566808355635,16.479480053131972,160.942467016599,0.4986772321323723,Mata Atlântica,ok,
4103222,Bom Sucesso do Sul - PR,PR,3202.0,1.1,19591.981951468686,2828.646213598612,14.437774700923336,111.3394705444335,0.5682910020039452,Mata Atlântica,ok,
4103305,Borrazópolis - PR,PR,7735.0,1.1,33439.304275521215,3944.6429516356475,11.796426501980992,212.0874264404302,0.6342459301573624,Mata Atlântica,ok,
4103354,Braganey - PR,PR,4854.0,0.4,34329.206980383846,5183.287423400815,15.098768306423777,162.1048399353018,0.4722067714175006,Mata Atlântica,ok,
4103370,Brasilândia do Sul - PR,PR,3708.0,0.8,29102.47762280043,2062.494058294677,7.087005048253381,155.0339767150876,0.5327174501239912,Mata Atlântica,ok,
4103404,Cafeara - PR,PR,2627.0,0.7,18574.967147723382,749.7976814269998,4.036603001577302,75.64712391967795,0.40725306977971987,Mata Atlântica,ok,
4103453,Cafelândia - PR,PR,18997.0,1.2,27491.3657573407,2645.103207855217,9.621578029999931,585.5062578369136,2.1297823578683888,Mata Atlântica,ok,
4103479,Cafezal do Sul - PR,PR,4473.0,1.5,33540.284118908916,2569.9744824340714,7.662351557079399,167.8874730773923,0.5005547134967256,Mata Atlântica,ok,
4103503,Califórnia - PR,PR,8710.0,0.7,14182.047698486364,1514.410479003887,10.67836261166657,276.6161597412115,1.9504669961780943,Mata Atlântica,ok,
4103602,Cambará - PR,PR,23212.0,0.9,36616.589569603224,1584.224623535164,4.326521508847145,682.8107248046847,1.8647578401772047,Mata Atlântica,ok,
4103701,Cambé - PR,PR,107208.0,1.0,49534.33498878176,3564.7302550781187,7.196483521754027,2678.721419335813,5.4078073722852515,Mata Atlântica,ok,
4103800,Cambira - PR,PR,9460.0,0.8,16478.850002966126,2096.70793287961,12.723630183551709,270.3358296875028,1.6405017925331162,Mata Atlântica,ok,
4103909,Campina da Lagoa - PR,PR,15723.0,1.5,79664.02308710043,11579.896141717434,14.535916832943006,528.5920515686024,0.6635266850516296,Mata Atlântica,ok,
4103958,Campina do Simão - PR,PR,3936.0,1.2,44841.46804805952,15197.522014417254,33.89166919809378,52.01419893798857,0.11599575393526715,Mata Atlântica,ok,
4104006,Campina Grande do Sul - PR,PR,47825.0,1.3,53923.797118181225,39919.218487663566,74.0289456993825,1427.593431451423,2.6474274953647283,Mata Atlântica,ok,
4104055,Campo Bonito - PR,PR,4027.0,0.9,43381.7855647211,12400.988392547302,28.585703034390598,121.5449942565913,0.2801751764580064,Mata Atlântica,ok,
4104105,Campo do Tenente - PR,PR,7508.0,1.3,30448.530375653438,10131.99065571342,33.27579535272064,226.6394408081057,0.7443362225105156,Mata Atlântica,ok,
4104204,Campo Largo - PR,PR,136327.0,1.5,124376.49697062178,81717.89422995967,65.702038745521,3587.416569085693,2.884320314900857,Mata Atlântica,ok,
4104253,Campo Magro - PR,PR,30160.0,0.9,27534.817748499307,17842.304722528832,64.79906598801173,921.4777018249508,3.346590888095393,Mata Atlântica,ok,
4104303,Campo Mourão - PR,PR,99432.0,1.2,74963.45681124818,11854.789739324615,15.814091616898086,2781.00397910769,3.7098128840429934,Mata Atlântica,ok,
4104402,Cândido de Abreu - PR,PR,15244.0,0.4,151017.87468948323,48312.35070135522,31.991147273588044,210.0385849548356,0.13908193674868513,Mata Atlântica,ok,
4104428,Candói - PR,PR,14973.0,0.9,151307.4132191997,37822.71990883168,24.997268213182487,355.1913665405266,0.23474815872105312,Mata Atlântica,ok,
4104451,Cantagalo - PR,PR,10933.0,0.8,56808.09530044949,16107.920625409573,28.35497395259813,309.5538179565414,0.5449114537626332,Mata Atlântica,ok,
4104501,Capanema - PR,PR,20481.0,0.9,41859.95404560676,7100.931830999599,16.963544258226072,671.9201841674706,1.6051622594602182,Mata Atlântica,ok,
4104600,Capitão Leônidas Marques - PR,PR,14648.0,0.8,28005.937583458985,4865.3176381407775,17.372450479980923,521.7117127075218,1.8628610849138572,Mata Atlântica,ok,
4104659,Carambeí - PR,PR,23283.0,1.2,64964.899178472355,18100.64711309812,27.862195342398365,709.7312614319037,1.0924842036345217,Mata Atlântica,ok,
4104709,Carlópolis - PR,PR,16905.0,0.6,45143.583569391914,2744.8675642700414,6.080304989635573,425.7396840759392,0.9430790611062558,Mata Atlântica,ok,
4104808,Cascavel - PR,PR,348051.0,1.3,209118.7907347599,46634.517430426626,22.300491154607176,8646.338024297691,4.134653798407074,Mata Atlântica,ok,
4104907,Castro - PR,PR,73075.0,1.1,253149.16920835435,113406.46278021978,44.79827571027129,1922.511458892843,0.7594381861512335,Cerrado | Mata Atlântica,ok,
4105003,Catanduvas - PR,PR,10446.0,0.6,58041.02626019186,16930.61358749956,29.170079646078946,245.5032748229949,0.4229823120673804,Mata Atlântica,ok,
4105102,Centenário do Sul - PR,PR,10832.0,1.1,37184.58995552983,3059.8843935302766,8.228904492935607,322.091537548826,0.8661962870480082,Mata Atlântica,ok,
4105201,Cerro Azul - PR,PR,16134.0,0.8,134118.00731257166,64760.56021401412,48.28625291388723,180.4402110778809,0.1345383924899451,Mata Atlântica,ok,
4105300,Céu Azul - PR,PR,11087.0,0.9,118035.60261334329,88951.78142024083,75.3601281738916,406.7411724975476,0.34459193962853346,Mata Atlântica,ok,
4105409,Chopinzinho - PR,PR,21085.0,1.3,95970.26437580508,25198.20053249144,26.25625832791195,545.7144897583041,0.5686287240195239,Mata Atlântica,ok,
4105508,Cianorte - PR,PR,79527.0,0.6,81169.39715594794,11284.911779174858,13.902914367459882,2319.722167541721,2.8578777825402835,Mata Atlântica,ok,
4105607,Cidade Gaúcha - PR,PR,11467.0,1.0,40303.23858332384,3158.211222619633,7.836122687982691,420.0239656677225,1.0421593411143757,Mata Atlântica,ok,
4105706,Clevelândia - PR,PR,15070.0,0.6,70368.07432766995,20735.728119794006,29.46752247793195,563.0122095642156,0.8000960875276211,Mata Atlântica,ok,
4105805,Colombo - PR,PR,232212.0,1.5,19758.80398468041,8460.258404235961,42.81766452461117,5296.397862091158,26.80525534945138,Mata Atlântica,ok,
4105904,Colorado - PR,PR,22896.0,0.8,40756.128720184955,1732.923851892095,4.2519343870700945,744.9746328430249,1.8278836980757385,Mata Atlântica,ok,
4106001,Congonhinhas - PR,PR,8320.0,1.0,53596.09381255666,11218.321525635132,20.931229736385877,165.9695187255841,0.30966719198983905,Mata Atlântica,ok,
4106100,Conselheiro Mairinck - PR,PR,3461.0,1.0,20469.38173620686,2029.754310186721,9.91605089173959,71.00023485107448,0.3468606710552822,Mata Atlântica,ok,
4106209,Contenda - PR,PR,19128.0,0.7,29903.570617474055,9420.51475357057,31.502976263529288,456.5885289733849,1.5268695996677362,Mata Atlântica,ok,
4106308,Corbélia - PR,PR,17470.0,1.2,52919.38122010142,7711.887419518986,14.572897947245131,706.8987341186635,1.3358030986389313,Mata Atlântica,ok,
4106407,Cornélio Procópio - PR,PR,45206.0,0.9,63509.60705490181,9237.842275879,14.545582478400807,1398.459635046413,2.2019654976569045,Mata Atlântica,ok,
4106456,Coronel Domingos Soares - PR,PR,5649.0,0.4,151372.5973316817,78152.21922859555,51.62904026635117,163.5259717956543,0.10802878108601295,Mata Atlântica,ok,
4106506,Coronel Vivida - PR,PR,23331.0,0.7,68429.67963644829,14899.03817865564,21.77277207464791,704.9628269104031,1.0302003906137136,Mata Atlântica,ok,
4106555,Corumbataí do Sul - PR,PR,3760.0,1.4,16435.33697448709,2911.6350255431926,17.71570020172378,114.2560361572267,0.6951852361444654,Mata Atlântica,ok,
4106571,Cruzeiro do Iguaçu - PR,PR,4133.0,0.5,16186.07311126688,2831.377295458974,17.492675808365743,159.874672351074,0.9877298295396162,Mata Atlântica,ok,
4106605,Cruzeiro do Oeste - PR,PR,23831.0,0.9,77595.82762397004,7954.777368762121,10.251552966624741,813.3092079467732,1.048135232074688,Mata Atlântica,ok,
4106704,Cruzeiro do Sul - PR,PR,4494.0,0.6,25909.88601005897,1329.3113658325324,5.13051800118478,132.629346557617,0.5118870322552805,Mata Atlântica,ok,
4106803,Cruz Machado - PR,PR,15978.0,0.8,147830.6681623924,88838.75424036464,60.09494196615213,239.967967834471,0.16232624178554447,Mata Atlântica,ok,
4106852,Cruzmaltina - PR,PR,2892.0,1.3,31232.437981694184,4763.226701782173,15.250896214294812,93.71713065185594,0.30006344911910177,Mata Atlântica,ok,
4106902,Curitiba - PR,PR,1773718.0,1.4,43530.228608868085,5676.1414391968365,13.039539695963093,32819.18189875449,75.39400308150113,Mata Atlântica,ok,
4107009,Curiúva - PR,PR,13647.0,0.7,57619.44427657593,14282.96190221597,24.788440918758447,367.7275790283217,0.6382004957618348,Mata Atlântica,ok,
4107108,Diamante do Norte - PR,PR,5142.0,0.6,24290.150826569552,3745.1082432984285,15.41821732618423,153.4192430725093,0.6316109116321053,Mata Atlântica,ok,
4107124,Diamante do Sul - PR,PR,3171.0,1.4,34723.54928522176,9951.07261681483,28.65799384468447,55.61398092651352,0.16016214376501733,Mata Atlântica,ok,
4107157,Diamante D'Oeste - PR,PR,4557.0,1.1,30910.42331682733,9075.995078534115,29.362247761884362,99.20747055664056,0.32095151056256477,Mata Atlântica,ok,
4107207,Dois Vizinhos - PR,PR,44869.0,0.8,41866.558374992506,8479.906380657823,20.25460584723628,1271.220927996852,3.036363573548884,Mata Atlântica,ok,
4107256,Douradina - PR,PR,9161.0,0.5,42061.247394500264,4985.528882269285,11.853021940859437,304.6578450317436,0.724319567069186,Mata Atlântica,ok,
4107306,Doutor Camargo - PR,PR,6327.0,0.3,11829.600823248018,536.8732069580119,4.538388192295775,234.0548561035137,1.9785524431520924,Mata Atlântica,ok,
4107405,Enéas Marques - PR,PR,5999.0,0.2,19220.592832873568,5215.18119100332,27.133300394791345,120.3321740478517,0.6260585981616753,Mata Atlântica,ok,
4107504,Engenheiro Beltrão - PR,PR,12454.0,0.8,46764.47805272129,4752.1395076721,10.161857259081641,651.1684422424299,1.3924424463977043,Mata Atlântica,ok,
4107520,Esperança Nova - PR,PR,1849.0,1.1,14128.09457670348,937.5530999694702,6.636090202251678,54.29567956542988,0.3843099950290589,Mata Atlântica,ok,
4107538,Entre Rios do Oeste - PR,PR,4575.0,0.4,12094.278793713453,2292.525974157666,18.95545830603235,190.3268982360844,1.5736936569960285,Mata Atlântica,ok,
4107546,Espigão Alto do Iguaçu - PR,PR,4797.0,0.5,32643.9024483334,12775.05873532672,39.134594142187,101.5806255859374,0.3111779473876093,Mata Atlântica,ok,
4107553,Farol - PR,PR,3039.0,1.2,28922.453412677874,2737.1079276733453,9.463609081218403,136.3435520263666,0.47141074127066185,Mata Atlântica,ok,
4107603,Faxinal - PR,PR,16389.0,1.0,71597.70191744607,18540.460962854173,25.895329691212414,505.6083751159616,0.7061796141151857,Mata Atlântica,ok,
4107652,Fazenda Rio Grande - PR,PR,148873.0,1.1,11667.5607826233,3301.630397833326,28.297520444466002,3081.180819561771,26.40809743327523,Mata Atlântica,ok,
4107702,Fênix - PR,PR,4492.0,0.6,23412.02930974024,3301.1033966125756,14.10003102652532,194.1109273620617,0.8291076557011853,Mata Atlântica,ok,
4107736,Fernandes Pinheiro - PR,PR,6255.0,0.6,40649.03124982277,15740.475448638928,38.72287964724265,114.1123523132326,0.2807258839993392,Mata Atlântica,ok,
4107751,Figueira - PR,PR,8062.0,0.6,12978.6553931886,3082.310494665581,23.749074162822946,256.4852473815923,1.9762081634142143,Mata Atlântica,ok,
4107801,Floraí - PR,PR,4792.0,1.2,19108.580355398863,988.7909395690829,5.174591315412471,220.3178277160621,1.152978523879794,Mata Atlântica,ok,
4107850,Flor da Serra do Sul - PR,PR,4364.0,0.8,25571.61923582808,6012.074560894954,23.510730804530013,104.1830367492677,0.40741665902524526,Mata Atlântica,ok,
4107900,Floresta - PR,PR,10458.0,1.1,15834.039635340761,680.4956583862338,4.297675603055852,380.9026590454113,2.4055936944559377,Mata Atlântica,ok,
4108007,Florestópolis - PR,PR,11446.0,0.7,24684.551390167442,3215.9277055298294,13.028098646389925,353.2638335937509,1.4311130391231899,Mata Atlântica,ok,
4108106,Flórida - PR,PR,2652.0,0.7,8303.386702905305,346.38401976318426,4.171599278183522,92.21401213989226,1.1105590458364072,Mata Atlântica,ok,
4108205,Formosa do Oeste - PR,PR,7635.0,0.8,27590.13225119655,2044.4934828186028,7.410234442533111,357.3679645446785,1.2952745615388628,Mata Atlântica,ok,
4108304,Foz do Iguaçu - PR,PR,285415.0,1.5,60601.61212294135,20301.3434556154,33.49967557699694,7463.552445818682,12.315765512438041,Mata Atlântica,ok,
4108320,Francisco Alves - PR,PR,8116.0,0.5,32190.80914364583,3040.716809808363,9.445916057094738,245.4835646850583,0.7625889849168781,Mata Atlântica,ok,
4108403,Francisco Beltrão - PR,PR,96666.0,0.9,73514.18798144137,19067.574716861873,25.93727175722253,2758.913958972219,3.7528999975742177,Mata Atlântica,ok,
4108452,Foz do Jordão - PR,PR,4926.0,0.9,23471.201404608502,6087.041093798595,25.934084024362818,209.5900029174795,0.8929666586062659,Mata Atlântica,ok,
4108502,General Carneiro - PR,PR,11062.0,1.1,107116.03357086863,68426.76813688898,63.88097641014443,376.5384304382305,0.3515238735843503,Mata Atlântica,ok,
4108551,Godoy Moreira - PR,PR,2977.0,0.9,13100.414813604539,1721.71785706174,13.142468246683059,63.09536629638678,0.4816287666773987,Mata Atlântica,ok,
4108601,Goioerê - PR,PR,28437.0,1.5,56445.97766312987,6574.650647997817,11.647686726652863,952.5240585388041,1.6874967853749947,Mata Atlântica,ok,
4108650,Goioxim - PR,PR,6566.0,0.7,70292.6992192413,20752.061838647034,29.52235732749689,76.62628361206059,0.10901030187084577,Mata Atlântica,ok,
4108700,Grandes Rios - PR,PR,5641.0,0.5,31188.95145268491,4767.02171536244,15.284328242307964,175.7602719543451,0.5635337636181248,Mata Atlântica,ok,
4108809,Guaíra - PR,PR,32097.0,0.8,56099.64277496086,10597.628399151585,18.890723496516916,1314.884830413812,2.3438381518548437,Mata Atlântica,ok,
4108908,Guairaçá - PR,PR,6587.0,1.1,49395.47806796956,3112.5922928466803,6.301370924204167,164.7449485839842,0.3335223284149422,Mata Atlântica,ok,
4108957,Guamiranga - PR,PR,7856.0,1.8,24477.254905047957,8399.977604022506,34.31748223649938,101.932641174317,0.41643820587616376,Mata Atlântica,ok,
4109005,Guapirama - PR,PR,4626.0,0.9,18908.71983002247,1364.377710717761,7.215600648709487,123.8811817749037,0.6551537221372881,Mata Atlântica,ok,
4109104,Guaporema - PR,PR,2191.0,0.7,20115.149705047275,1586.6670021911793,7.887920425434637,94.26529051513798,0.4686283318661308,Mata Atlântica,ok,
4109203,Guaraci - PR,PR,4748.0,0.5,21172.11254772954,1299.2024517395023,6.136385534559358,114.0710820068357,0.5387798773017031,Mata Atlântica,ok,
4109302,Guaraniaçu - PR,PR,13735.0,1.2,123831.23691383765,38115.11393847819,30.779886310106768,352.4145164123546,0.28459258358015616,Mata Atlântica,ok,
4109401,Guarapuava - PR,PR,182093.0,1.0,316781.4461751076,132632.71787417115,41.86884032370243,5869.329588854854,1.852800932542766,Mata Atlântica,ok,
4109500,Guaraqueçaba - PR,PR,7430.0,0.6,200918.37993528118,168986.43639719827,84.10700725918223,73.72998175048838,0.03669648430085785,Mata Atlântica,ok,
4109609,Guaratuba - PR,PR,42062.0,2.3,132663.2190293542,116413.19117626603,87.75091696705132,1895.014950378387,1.4284403501162442,Mata Atlântica,ok,
4109658,Honório Serpa - PR,PR,4941.0,0.3,50215.67383203497,13042.04192429096,25.972054000340467,161.5370565429685,0.32168652577139434,Mata Atlântica,ok,
4109708,Ibaiti - PR,PR,28830.0,1.4,89821.22959386521,16789.436899127097,18.69205863139711,767.7674708862513,0.8547728352837979,Mata Atlântica,ok,
4109757,Ibema - PR,PR,6218.0,0.3,14544.231959185729,3803.6340450744146,26.152182224185072,264.1114723205587,1.81591900529167,Mata Atlântica,ok,
4109807,Ibiporã - PR,PR,51603.0,1.0,29775.03955721307,2826.5392285704993,9.492982278459355,1595.10353513787,5.3571835969280945,Mata Atlântica,ok,
4109906,Icaraíma - PR,PR,8991.0,0.6,67523.2037127959,6758.194345239291,10.008699193220577,330.8871278076137,0.49003469861266274,Mata Atlântica,ok,
4110003,Iguaraçu - PR,PR,5338.0,1.1,16504.573400732614,1040.143038946535,6.302150402144684,269.5375838439945,1.6331084560600042,Mata Atlântica,ok,
4110052,Iguatu - PR,PR,2144.0,1.5,10694.848808117407,1737.9313828369254,16.25017252715001,81.07278991699192,0.7580545678725028,Mata Atlântica,ok,
4110078,Imbaú - PR,PR,14249.0,0.7,33073.45280466314,9885.975977478345,29.890970367885167,392.3444539245591,1.1862821104340249,Mata Atlântica,ok,
4110102,Imbituva - PR,PR,29924.0,1.0,75655.49949103793,27669.285302751374,36.57273494840788,707.7501971069253,0.9354907466981492,Mata Atlântica,ok,
4110201,Inácio Martins - PR,PR,9670.0,0.9,93667.13412483585,60674.251689161654,64.77645788574829,225.7876447814936,0.24105322201976712,Mata Atlântica,ok,
4110300,Inajá - PR,PR,2536.0,0.6,19469.72202375496,2046.3901020324674,10.510628243873601,101.3571622253417,0.5205886458043729,Mata Atlântica,ok,
4110409,Indianópolis - PR,PR,4448.0,0.6,12263.144433617988,1163.892217077621,9.490976995157501,205.656766149899,1.6770312643967138,Mata Atlântica,ok,
4110508,Ipiranga - PR,PR,14142.0,0.4,90072.29338031153,27958.006426763208,31.039518788220853,199.6879351684583,0.2216974029131439,Mata Atlântica,ok,
4110607,Iporã - PR,PR,15746.0,0.6,64789.48137673166,7276.166864294439,11.23047554893314,531.7275074340802,0.8207003608228349,Mata Atlântica,ok,
4110656,Iracema do Oeste - PR,PR,2343.0,0.9,8154.380715899524,580.5481291687018,7.119463137608244,118.37568571167,1.4516821060471146,Mata Atlântica,ok,
4110706,Irati - PR,PR,59250.0,0.8,99954.35258116161,32408.95100017402,32.42375160587267,2056.981436889655,2.0579208246278355,Mata Atlântica,ok,
4110805,Iretama - PR,PR,10684.0,1.3,57045.112897454754,11930.03561207254,20.913335088876362,299.2341180725097,0.5245569740749184,Mata Atlântica,ok,
4110904,Itaguajé - PR,PR,4481.0,1.1,19433.850733288567,903.5874188598655,4.649554178740786,144.4528436218262,0.7433053058002062,Mata Atlântica,ok,
4110953,Itaipulândia - PR,PR,11485.0,0.4,32787.659311041745,4865.658911169419,14.839909323843786,420.8437860839786,1.283543244400655,Mata Atlântica,ok,
4111001,Itambaracá - PR,PR,5908.0,1.1,20732.763778966822,1103.9264850463987,5.324550536606803,153.6895550781254,0.7412883140743729,Mata Atlântica,ok,
4111100,Itambé - PR,PR,6111.0,0.6,24383.303011372598,1428.6956642395298,5.859319648257552,225.0911079711914,0.9231362455948106,Mata Atlântica,ok,
4111209,Itapejara d'Oeste - PR,PR,12344.0,0.7,25401.26579781548,3915.834595117168,15.41590338956231,378.882346789549,1.4915884499824141,Mata Atlântica,ok,
4111258,Itaperuçu - PR,PR,31217.0,1.0,32298.604809264983,18934.500820587018,58.623277792963925,597.5908323791708,1.8502063352524425,Mata Atlântica,ok,
4111308,Itaúna do Sul - PR,PR,3572.0,0.4,12884.641441894506,609.7632614501983,4.732481413627458,106.4127975646973,0.8258886989178862,Mata Atlântica,ok,
4111407,Ivaí - PR,PR,13229.0,0.7,60785.01557270983,18295.283768877376,30.098345120917045,321.012592303466,0.5281113927156555,Mata Atlântica,ok,
4111506,Ivaiporã - PR,PR,32720.0,1.0,43725.37304307926,4230.6215859862805,9.675438518999423,1105.3560770996,2.5279511646717743,Mata Atlântica,ok,
4111555,Ivaté - PR,PR,6831.0,0.6,41017.36275558538,5509.846561248982,13.43296153407303,338.2740206420889,0.8247093375012896,Mata Atlântica,ok,
4111605,Ivatuba - PR,PR,2708.0,0.9,9641.47728323997,338.38976903686415,3.5097294646443427,140.612551013184,1.4584129265918038,Mata Atlântica,ok,
4111704,Jaboti - PR,PR,5427.0,0.8,13927.537265972689,1304.8455206848312,9.3688172988974,129.9850403198248,0.9332952254049972,Mata Atlântica,ok,
4111803,Jacarezinho - PR,PR,40375.0,1.3,60253.98263711874,9410.10021422121,15.617391253444268,982.7297214416614,1.6309788638539928,Mata Atlântica,ok,
4111902,Jaguapitã - PR,PR,15122.0,0.6,47502.408298388196,3153.9435416076976,6.639544508556451,420.6124147705011,0.88545492710266,Mata Atlântica,ok,
4112009,Jaguariaíva - PR,PR,35141.0,1.0,144776.51513127048,54721.79113220387,37.797422518829805,1173.224328967306,0.8103692286718813,Cerrado | Mata Atlântica,ok,
4112108,Jandaia do Sul - PR,PR,21408.0,0.9,18759.84841274411,2361.891438970978,12.590141386038473,705.7842088012749,3.762206353020502,Mata Atlântica,ok,
4112207,Janiópolis - PR,PR,5870.0,0.7,33681.24431075342,2513.7118204162457,7.46323917615387,215.0193081787116,0.6383947878970205,Mata Atlântica,ok,
4112306,Japira - PR,PR,4972.0,0.9,18780.573710473913,2658.5747705016875,14.155982727082517,97.13660921630876,0.5172185403587312,Mata Atlântica,ok,
4112405,Japurá - PR,PR,9144.0,0.5,16518.05101856667,1496.631913153039,9.060584154091728,304.3003624877842,1.8422292202981063,Mata Atlântica,ok,
4112504,Jardim Alegre - PR,PR,12004.0,0.8,41337.58628605322,5497.653880175626,13.299407087129481,340.2698466735865,0.8231488029294765,Mata Atlântica,ok,
4112603,Jardim Olinda - PR,PR,1343.0,0.3,12852.535613787984,1858.7852199768306,14.462400850947708,45.16585704345697,0.3514159260138816,Mata Atlântica,ok,
4112702,Jataizinho - PR,PR,11813.0,0.7,15915.096737902346,1805.3390398437762,11.343563093426253,328.3082733093247,2.062873249946683,Mata Atlântica,ok,
4112751,Jesuítas - PR,PR,10506.0,0.9,24750.987445435192,2201.642575061094,8.895170667088442,404.2323818115243,1.6331969894238567,Mata Atlântica,ok,
4112801,Joaquim Távora - PR,PR,11945.0,0.9,28918.471380165138,2857.422006659098,9.88095798389597,321.5657678283758,1.1119736019274318,Mata Atlântica,ok,
4112900,Jundiaí do Sul - PR,PR,3333.0,1.8,32083.860516290915,4366.008607580701,13.608114912991267,68.14039721069297,0.21238216384868638,Mata Atlântica,ok,
4112959,Juranda - PR,PR,7771.0,0.7,35428.17922825361,2724.9578224061306,7.691498354600748,360.301820007325,1.016992201845891,Mata Atlântica,ok,
4113007,Jussara - PR,PR,6690.0,0.6,21084.135773816157,2933.5058664734506,13.913332270021215,320.3100303466803,1.5191992395745482,Mata Atlântica,ok,
4113106,Kaloré - PR,PR,4582.0,0.7,19331.82070163575,1536.3850300964139,7.947440925553452,138.4970542236324,0.7164201259735126,Mata Atlântica,ok,
4113205,Lapa - PR,PR,45003.0,0.8,209382.03860246143,81419.45523503295,38.88559676774291,1059.590932342534,0.5060562689210907,Mata Atlântica,ok,
4113254,Laranjal - PR,PR,5600.0,0.4,55939.27600933744,11036.481707611092,19.729396758314984,73.72668549804683,0.13179771129991083,Mata Atlântica,ok,
4113304,Laranjeiras do Sul - PR,PR,32227.0,0.9,67457.93499220443,18035.96940565812,26.736616541467495,1108.671749560554,1.6435008716004635,Mata Atlântica,ok,
4113403,Leópolis - PR,PR,3752.0,0.4,34489.76240953894,3255.592187353567,9.43930012824083,132.0418240112308,0.3828435303303556,Mata Atlântica,ok,
4113429,Lidianópolis - PR,PR,3938.0,0.8,15144.149260333234,1475.702049560545,9.744370741417756,117.0415209533693,0.7728497582887262,Mata Atlântica,ok,
4113452,Lindoeste - PR,PR,5175.0,0.6,34709.19798735903,8742.44284885882,25.187683253421145,152.043320599366,0.43804907464223075,Mata Atlântica,ok,
4113502,Loanda - PR,PR,23225.0,0.7,72248.84330876594,5799.678905310076,8.027365753835399,797.0462213684169,1.103195822751271,Mata Atlântica,ok,
4113601,Lobato - PR,PR,4601.0,0.5,24089.369211236517,1856.5562453552277,7.706952511190019,136.8710338623046,0.5681802319608308,Mata Atlântica,ok,
4113700,Londrina - PR,PR,555965.0,1.3,165261.14332078255,28789.287250111483,17.42048171252792,11398.57482736752,6.8973108852588245,Mata Atlântica,ok,
4113734,Luiziana - PR,PR,6690.0,0.8,91684.04547046317,20195.686808753042,22.02748221364126,199.9383353027326,0.21807320376929104,Mata Atlântica,ok,
4113759,Lunardelli - PR,PR,4872.0,0.7,19920.81315291142,3472.279335900939,17.430409638642015,156.6446188415522,0.7863364694962696,Mata Atlântica,ok,
4113809,Lupionópolis - PR,PR,4813.0,0.6,12105.016486200007,844.3297951843263,6.975040440026508,178.266022186279,1.4726623659662612,Mata Atlântica,ok,
4113908,Mallet - PR,PR,13428.0,0.5,76023.22338761897,41416.390483530326,54.478603560863135,390.8011956115722,0.5140550192393152,Mata Atlântica,ok,
4114005,Mamborê - PR,PR,13452.0,1.1,78806.42938852063,9637.133087756243,12.228866556362519,562.8543040039041,0.7142238372823583,Mata Atlântica,ok,
4114104,Mandaguaçu - PR,PR,31457.0,1.3,29401.00901107095,2425.471921234085,8.249621366126494,951.2863532227083,3.2355568234563017,Mata Atlântica,ok,
4114203,Mandaguari - PR,PR,36716.0,1.0,33581.39963662843,4672.535773571946,13.914059044982285,1030.827759002692,3.069639056611361,Mata Atlântica,ok,
4114302,Mandirituba - PR,PR,27439.0,1.4,37917.09117680568,18545.50664889473,48.91067872906672,733.7870751281889,1.9352409490131322,Mata Atlântica,ok,
4114351,Manfrinópolis - PR,PR,2770.0,0.6,21575.462373737104,8277.400244647191,38.36487997922548,43.454100518799,0.20140518782899336,Mata Atlântica,ok,
4114401,Mangueirinha - PR,PR,16603.0,0.9,105542.28667298873,28651.427196221375,27.146869846580735,465.7176883422797,0.4412616999527925,Mata Atlântica,ok,
4114500,Manoel Ribas - PR,PR,14240.0,0.8,57111.564396202215,9428.738145226745,16.50933264551537,332.4616143371579,0.5821266110498382,Mata Atlântica,ok,
4114609,Marechal Cândido Rondon - PR,PR,55836.0,0.8,74562.57947904509,13694.895130627552,18.36698143534095,2012.820781097337,2.6995052949623557,Mata Atlântica,ok,
4114708,Maria Helena - PR,PR,5865.0,1.4,48623.654378719686,4424.606259985354,9.099699141333561,174.191286596679,0.3582439222686529,Mata Atlântica,ok,
4114807,Marialva - PR,PR,41851.0,0.9,47547.508526767226,4185.490181499881,8.80275394270896,1257.249834161339,2.6441970843825833,Mata Atlântica,ok,
4114906,Marilândia do Sul - PR,PR,8677.0,0.4,38442.965311486536,5804.809460278094,15.099796317074556,324.3130891296368,0.8436214181238874,Mata Atlântica,ok,
4115002,Marilena - PR,PR,7253.0,0.6,23236.611140948346,2775.853987268109,11.946036237514878,277.76952234497,1.1953960095991585,Mata Atlântica,ok,
4115101,Mariluz - PR,PR,9847.0,0.5,43318.03121431733,5288.605337707488,12.208785093537482,266.7386307556134,0.6157681299870615,Mata Atlântica,ok,
4115200,Maringá - PR,PR,409657.0,1.1,48701.9209385168,3344.7111278563007,6.867719103069454,10238.12869713839,21.02202233473173,Mata Atlântica,ok,
4115309,Mariópolis - PR,PR,6371.0,0.8,23037.01868056891,4012.3648746826834,17.417031823076144,227.0548471862808,0.9856086429178238,Mata Atlântica,ok,
4115358,Maripá - PR,PR,6555.0,0.7,28390.47456483302,2243.690952026389,7.902970930981285,281.5773891296406,0.9918023331615159,Mata Atlântica,ok,
4115408,Marmeleiro - PR,PR,15901.0,0.6,38758.92866656459,8427.017179284805,21.74213134676856,524.0507840820363,1.352077578279683,Mata Atlântica,ok,
4115457,Marquinho - PR,PR,4504.0,0.2,51864.42738950197,13099.590162975866,25.257369689243674,80.98057130126965,0.1561389479789401,Mata Atlântica,ok,
4115507,Marumbi - PR,PR,4699.0,1.2,20846.84840994239,3016.6613558166387,14.47058709544756,157.0865056152326,0.7535263965382607,Mata Atlântica,ok,
4115606,Matelândia - PR,PR,18450.0,1.2,63918.98498153544,35959.74317936839,56.25831384800032,489.8960841430736,0.7664328278751487,Mata Atlântica,ok,
4115705,Matinhos - PR,PR,39259.0,1.3,11727.263510070856,9179.220055975462,78.27248060123108,1859.816668206722,15.858914286436846,Mata Atlântica,ok,
4115739,Mato Rico - PR,PR,3267.0,1.0,39453.46923072972,13038.92709444526,33.04887339106147,43.38845379028331,0.109973735228558,Mata Atlântica,ok,
4115754,Mauá da Serra - PR,PR,9383.0,0.7,10831.698855951068,2813.263031146279,25.972500422688892,522.4304059448243,4.823162210217787,Mata Atlântica,ok,
4115804,Medianeira - PR,PR,54369.0,1.1,32872.641504448686,5644.569628075988,17.17102541732797,1543.07072214969,4.694088006103388,Mata Atlântica,ok,
4115853,Mercedes - PR,PR,5931.0,0.6,19715.05017694652,3811.9660086364506,19.335309697024826,237.210931249998,1.2031971976788414,Mata Atlântica,ok,
4115903,Mirador - PR,PR,2238.0,0.6,22169.243080401182,1531.5510375305269,6.908449837353722,110.403391717529,0.4980025313319408,Mata Atlântica,ok,
4116000,Miraselva - PR,PR,1966.0,0.8,9028.409525744872,660.3934965759254,7.314616098137627,58.72497532958991,0.6504465173199475,Mata Atlântica,ok,
4116059,Missal - PR,PR,11064.0,0.9,32439.21697831393,5892.841006927445,18.165792999463864,365.3570311523426,1.1262819056224105,Mata Atlântica,ok,
4116109,Moreira Sales - PR,PR,11175.0,1.7,35346.6916135563,2336.8656336304102,6.611271174058526,453.7920439514169,1.2838317342757386,Mata Atlântica,ok,
4116208,Morretes - PR,PR,18309.0,0.9,68458.25306186179,61404.40319784822,89.69612932185194,299.5490564392106,0.43756456386423603,Mata Atlântica,ok,
4116307,Munhoz de Melo - PR,PR,3951.0,1.0,13700.915519500568,700.6588131164559,5.113956159493177,112.5180532409666,0.8212447779918006,Mata Atlântica,ok,
4116406,Nossa Senhora das Graças - PR,PR,3669.0,0.6,18578.061242078536,859.7321759216296,4.627674355892272,113.2907219299315,0.6098091746695975,Mata Atlântica,ok,
4116505,Nova Aliança do Ivaí - PR,PR,1323.0,1.0,13129.873593773927,978.2574062317004,7.450623185706689,41.01167094726571,0.31235389019063436,Mata Atlântica,ok,
4116604,Nova América da Colina - PR,PR,3280.0,1.3,12949.937769835544,1924.6846010801178,14.862500772500315,75.68053605956969,0.5844084921848299,Mata Atlântica,ok,
4116703,Nova Aurora - PR,PR,13765.0,1.1,47062.3236716579,5265.204270861968,11.187726954571955,547.5439045166011,1.163444262413982,Mata Atlântica,ok,
4116802,Nova Cantu - PR,PR,6790.0,0.9,55545.68888934903,11674.161072522376,21.017222589098026,182.1470019226072,0.32792284255481463,Mata Atlântica,ok,
4116901,Nova Esperança - PR,PR,26585.0,1.0,40159.91586704081,2730.451860412623,6.798948158787109,919.4695623413054,2.2895206389013203,Mata Atlântica,ok,
4116950,Nova Esperança do Sudoeste - PR,PR,5597.0,0.9,20845.369183898987,4905.070393756095,23.53074368932157,110.856747283935,0.5318051520505619,Mata Atlântica,ok,
4117008,Nova Fátima - PR,PR,7225.0,0.4,28346.458645088107,4498.096528668338,15.868283883312426,207.0575924499502,0.7304531230599745,Mata Atlântica,ok,
4117057,Nova Laranjeiras - PR,PR,12074.0,0.7,120934.69588872409,36187.95924159073,29.92355417579124,180.2159476013197,0.14901922585321767,Mata Atlântica,ok,
4117107,Nova Londrina - PR,PR,12923.0,0.8,26938.61814868776,1872.1476183166606,6.949679482382273,498.1411311157272,1.8491710612854608,Mata Atlântica,ok,
4117206,Nova Olímpia - PR,PR,5833.0,0.8,13632.342081152861,866.21081950075,6.354086585740197,213.7340627624467,1.5678455065908352,Mata Atlântica,ok,
4117214,Nova Santa Bárbara - PR,PR,4184.0,0.8,7688.62807064772,785.454419049074,10.215794181118508,127.9137542175286,1.6636746249419327,Mata Atlântica,ok,
4117222,Nova Santa Rosa - PR,PR,8322.0,0.8,20463.891150128697,2251.2209071655675,11.000942541425752,391.5810133911156,1.9135217760804644,Mata Atlântica,ok,
4117255,Nova Prata do Iguaçu - PR,PR,12699.0,1.1,35258.08602813027,5455.497235943506,15.473038529632321,316.7484832214355,0.8983711792203392,Mata Atlântica,ok,
4117271,Nova Tebas - PR,PR,6848.0,0.9,54567.53687689891,9764.028164843749,17.893474259010098,157.913109838867,0.2893902105112597,Mata Atlântica,ok,
4117297,Novo Itacolomi - PR,PR,3125.0,0.9,16139.009732525485,2462.016862408493,15.255067709927136,79.70148671264651,0.4938437242033596,Mata Atlântica,ok,
4117305,Ortigueira - PR,PR,24192.0,0.7,242949.1910079086,78540.86940349311,32.32810493323948,1225.427585174561,0.5043966518639983,Mata Atlântica,ok,
4117404,Ourizona - PR,PR,3187.0,0.5,17645.99046138319,1104.0028654846233,6.256395003163147,130.22942373047,0.7380114140686319,Mata Atlântica,ok,
4117453,Ouro Verde do Oeste - PR,PR,6785.0,0.9,29303.523271618145,4753.6945686766685,16.222262847419604,180.534704156495,0.6160853167146336,Mata Atlântica,ok,
4117503,Paiçandu - PR,PR,45962.0,1.1,17137.265949701054,933.8836825683228,5.449432163271141,979.6036449462244,5.71621895710449,Mata Atlântica,ok,
4117602,Palmas - PR,PR,48247.0,1.6,155935.9078341717,67155.466865108,43.06606977048784,1236.138117810051,0.7927219169587343,Mata Atlântica,ok,
4117701,Palmeira - PR,PR,33855.0,0.5,147128.9699801749,40828.98278423299,27.750471433147766,1016.66849478149,0.6910049699379276,Mata Atlântica,ok,
4117800,Palmital - PR,PR,13033.0,1.0,81764.34565106983,17361.39491809664,21.233454239561297,275.0019273559555,0.33633477424197705,Mata Atlântica,ok,
4117909,Palotina - PR,PR,35011.0,1.4,65111.35820661356,5380.335782543861,8.263282982779744,1527.932896990975,2.3466457144734822,Mata Atlântica,ok,
4118006,Paraíso do Norte - PR,PR,13245.0,1.0,20461.92197744116,1397.0442959655811,6.82753212286604,408.1577893615703,1.9947187258926882,Mata Atlântica,ok,
4118105,Paranacity - PR,PR,9557.0,0.9,34863.23173479827,2000.827236138888,5.7390756294741,446.3662934448216,1.2803353884123343,Mata Atlântica,ok,
4118204,Paranaguá - PR,PR,145829.0,1.6,81190.74138524132,45773.464354695076,56.37768983720067,3156.43905414434,3.887683497268952,Mata Atlântica,ok,
4118303,Paranapoema - PR,PR,2398.0,0.5,17588.183346850456,2066.7015739562908,11.750511881753715,77.45536283569322,0.4403829622890716,Mata Atlântica,ok,
4118402,Paranavaí - PR,PR,92001.0,1.2,120223.08503334677,11324.958829626263,9.419953602492411,2998.471903692694,2.494089968545555,Mata Atlântica,ok,
4118451,Pato Bragado - PR,PR,5733.0,0.5,13558.664694659707,2484.3883389465223,18.323252288442813,203.88501381836,1.50372487564106,Mata Atlântica,ok,
4118501,Pato Branco - PR,PR,91836.0,0.8,53931.02830530638,11998.525967626138,22.24790875431088,2716.441500146552,5.036880596395518,Mata Atlântica,ok,
4118600,Paula Freitas - PR,PR,5666.0,0.8,42137.82983424035,16115.567838873249,38.244892777506216,138.3440235290524,0.3283131192879726,Mata Atlântica,ok,
4118709,Paulo Frontin - PR,PR,6343.0,0.6,36334.2345646756,13121.571085161317,36.11352005174261,142.6939420593269,0.3927258789649995,Mata Atlântica,ok,
4118808,Peabiru - PR,PR,13346.0,1.0,46858.77194960329,6632.699216015557,14.154658647796062,497.7907903137189,1.062321460001329,Mata Atlântica,ok,
4118857,Perobal - PR,PR,7189.0,0.9,40906.80603505239,2476.864632403544,6.054896171265873,250.9016256042487,0.6133493418900882,Mata Atlântica,ok,
4118907,Pérola - PR,PR,11878.0,1.1,23617.32235710394,1608.9403273437472,6.812543365483547,416.4238549804676,1.7632136644618812,Mata Atlântica,ok,
4119004,Pérola d'Oeste - PR,PR,6221.0,0.4,20521.448597294977,4373.3736637512275,21.311232698883163,228.7752247619623,1.114810310185014,Mata Atlântica,ok,
4119103,Piên - PR,PR,13655.0,1.6,25478.384340490284,10669.895315960428,41.87822576725878,459.489840277098,1.8034496777210325,Mata Atlântica,ok,
4119152,Pinhais - PR,PR,127019.0,1.2,6086.52599143064,707.1643814086935,11.61852232955756,2918.112647241203,47.94381312672748,Mata Atlântica,ok,
4119202,Pinhalão - PR,PR,6566.0,0.4,22062.547995959616,4675.40903559573,21.191609584042386,138.2903253356934,0.6268103093125007,Mata Atlântica,ok,
4119251,Pinhal de São Bento - PR,PR,2761.0,0.4,9746.42821447173,2132.6526296082293,21.88137626091182,54.6025367736817,0.5602312516148894,Mata Atlântica,ok,
4119301,Pinhão - PR,PR,29886.0,0.8,200266.82547828488,98792.50794695613,49.33044088106759,633.0445639648378,0.31610056356212596,Mata Atlântica,ok,
4119400,Piraí do Sul - PR,PR,23651.0,0.6,134612.24468760676,57375.36526411633,42.62269409240351,582.475145184321,0.43270591507931916,Cerrado | Mata Atlântica,ok,
4119509,Piraquara - PR,PR,118730.0,1.3,22705.424424296518,11146.895367833042,49.093534476743905,2503.878289520248,11.027665648218006,Mata Atlântica,ok,
4119608,Pitanga - PR,PR,33567.0,0.9,169341.72803903357,43137.942397729224,25.47389996385643,817.2233687316852,0.48258830129766583,Mata Atlântica,ok,
4119657,Pitangueiras - PR,PR,3046.0,0.2,12322.408471300972,648.6062778137191,5.263632343663419,79.68450522460991,0.6466633970964037,Mata Atlântica,ok,
4119707,Planaltina do Paraná - PR,PR,4070.0,0.3,35620.29026365825,2086.0013208495993,5.856216514265329,153.1754791687021,0.43002310771448155,Mata Atlântica,ok,
4119806,Planalto - PR,PR,14374.0,0.5,34619.066236942504,7573.377914538465,21.87632058792159,361.8702531555185,1.0452917784632838,Mata Atlântica,ok,
4119905,Ponta Grossa - PR,PR,358371.0,1.1,205327.883651929,71439.40568315882,34.792841777039214,11449.3527063172,5.576131455056585,Mata Atlântica,ok,
4119954,Pontal do Paraná - PR,PR,30425.0,1.3,20083.435046073126,16458.59734874649,81.951107024217,2198.831453668184,10.9484829095415,Mata Atlântica,ok,
4120002,Porecatu - PR,PR,11624.0,1.4,29167.601180205984,3798.603686029077,13.023366791667886,389.9057287170409,1.336776810366026,Mata Atlântica,ok,
4120101,Porto Amazonas - PR,PR,4098.0,1.3,18660.959295752284,5450.82280418109,29.209767396158664,143.7657775329595,0.7704093624258872,Mata Atlântica,ok,
4120150,Porto Barreiro - PR,PR,3110.0,0.2,36104.975457979526,7405.981749145507,20.512357798899203,64.84777028808578,0.17960895822670844,Mata Atlântica,ok,
4120200,Porto Rico - PR,PR,3182.0,0.5,21768.714551092413,3395.925799438508,15.600029075984606,309.4751024108905,1.4216507901030848,Mata Atlântica,ok,
4120309,Porto Vitória - PR,PR,3562.0,,21302.878243976982,12338.720424915722,57.92043818494002,87.27631763916033,0.4096926088559708,Mata Atlântica,ok,
4120333,Prado Ferreira - PR,PR,3709.0,0.8,15287.002821709872,1459.416811480719,9.54678185450535,163.0567433898929,1.0666364446425527,Mata Atlântica,ok,
4120358,Pranchita - PR,PR,5737.0,0.6,22608.325444920683,4268.118608624155,18.878526050159348,236.6363260192858,1.0466778116574305,Mata Atlântica,ok,
4120408,Presidente Castelo Branco - PR,PR,4336.0,0.8,15574.792283794743,1315.2524292602589,8.444751013653983,183.9256729614264,1.1809189465261591,Mata Atlântica,ok,
4120507,Primeiro de Maio - PR,PR,10082.0,1.4,41446.873548474585,1817.977167999271,4.386282998820257,374.8215954711953,0.9043422660887054,Mata Atlântica,ok,
4120606,Prudentópolis - PR,PR,49393.0,0.6,224586.9882233571,83306.46460804202,37.093183922655285,1123.43777526857,0.5002238928246744,Mata Atlântica,ok,
4120655,Quarto Centenário - PR,PR,4201.0,0.8,32076.33042695233,3314.920621765104,10.334475850703054,158.3577314392087,0.4936902985203933,Mata Atlântica,ok,
4120705,Quatiguá - PR,PR,8099.0,0.7,11268.476367456406,793.5166474243142,7.04191606343522,259.7363247985826,2.3049817591019357,Mata Atlântica,ok,
4120804,Quatro Barras - PR,PR,24191.0,1.3,18047.55471556247,13258.380107206765,73.46358172153936,1197.767007116692,6.636727390463891,Mata Atlântica,ok,
4120853,Quatro Pontes - PR,PR,4480.0,0.9,11437.572408343436,1317.884438391119,11.522413947121802,267.2803851501465,2.336862890198377,Mata Atlântica,ok,
4120903,Quedas do Iguaçu - PR,PR,30738.0,1.2,82149.88956712827,24208.48815751157,29.46868009813909,768.6712837341341,0.9356936300030193,Mata Atlântica,ok,
4121000,Querência do Norte - PR,PR,10685.0,1.1,91475.04494769644,18944.21478616986,20.709708092520508,314.9739996887225,0.3443277889273716,Mata Atlântica,ok,
4121109,Quinta do Sol - PR,PR,5001.0,1.5,32617.08992489614,4077.54112512207,12.5012413262832,170.5303200622561,0.5228250602825633,Mata Atlântica,ok,
4121208,Quitandinha - PR,PR,18398.0,1.3,44702.82981599665,16851.855459740684,37.69751384667452,235.6344181701671,0.5271129795139874,Mata Atlântica,ok,
4121257,Ramilândia - PR,PR,4221.0,0.7,23718.576285583662,6683.6632539244365,28.17902378899032,69.12970369873015,0.291458065890522,Mata Atlântica,ok,
4121307,Rancho Alegre - PR,PR,3512.0,0.6,16763.233846916966,821.2234406127953,4.898955941987481,103.2683333374024,0.6160406415638897,Mata Atlântica,ok,
4121356,Rancho Alegre D'Oeste - PR,PR,2618.0,0.5,24118.93105073641,1981.749412774655,8.216572320746144,100.6971433593753,0.41750251347188444,Mata Atlântica,ok,
4121406,Realeza - PR,PR,19247.0,0.9,35340.87275940062,6841.480088684054,19.35854876946759,714.6484529602087,2.0221584730674578,Mata Atlântica,ok,
4121505,Rebouças - PR,PR,14514.0,1.0,48182.909216595996,15683.962304425222,32.55088279107704,332.5276468444819,0.6901360923427741,Mata Atlântica,ok,
4121604,Renascença - PR,PR,6845.0,0.6,42526.631886188356,7974.3494093139125,18.751424826342273,205.6310921508809,0.48353486516684385,Mata Atlântica,ok,
4121703,Reserva - PR,PR,24573.0,1.8,163550.1185716562,51070.36391834599,31.226124667082118,611.2741513793947,0.37375341376568744,Mata Atlântica,ok,
4121752,Reserva do Iguaçu - PR,PR,6553.0,0.8,83421.72749637278,40074.97131028146,48.039009156246415,221.9480523132329,0.26605544979020396,Mata Atlântica,ok,
4121802,Ribeirão Claro - PR,PR,12364.0,0.5,62923.200396823864,7615.365802746643,12.102635839754646,308.8563294372559,0.4908465041343413,Mata Atlântica,ok,
4121901,Ribeirão do Pinhal - PR,PR,13060.0,0.9,37470.42800392767,4943.571740900233,13.19326200485899,352.0188223388673,0.9394577032906283,Mata Atlântica,ok,
4122008,Rio Azul - PR,PR,14025.0,0.4,59903.23099748981,26116.346287328965,43.59755868330933,289.0488175781236,0.48252625570436414,Mata Atlântica,ok,
4122107,Rio Bom - PR,PR,3197.0,0.4,17784.957232745255,2861.2106640502166,16.087813013023283,86.09353993530279,0.48408066889691104,Mata Atlântica,ok,
4122156,Rio Bonito do Iguaçu - PR,PR,13929.0,0.5,68138.9004665857,16029.4970558606,23.524736891992003,193.4193796691887,0.2838604355878015,Mata Atlântica,ok,
4122172,Rio Branco do Ivaí - PR,PR,3808.0,0.8,37804.745741962266,7450.595644769547,19.70809616238097,83.36578309326156,0.2205167141244062,Mata Atlântica,ok,
4122206,Rio Branco do Sul - PR,PR,37558.0,1.1,81145.45530656738,44332.771790380444,54.633708841599706,731.5427964294365,0.9015203546097181,Mata Atlântica,ok,
4122305,Rio Negro - PR,PR,31324.0,1.0,60410.8029870746,23259.57579291414,38.502345015825604,1103.50057996215,1.8266610033279198,Mata Atlântica,ok,
4122404,Rolândia - PR,PR,71670.0,1.3,45902.2088983627,3426.734767266794,7.465293826827193,2063.688527587954,4.495837078684821,Mata Atlântica,ok,
4122503,Roncador - PR,PR,11251.0,1.1,74216.1339973658,19206.75375310026,25.879485657097117,298.1314281982418,0.4017070307230279,Mata Atlântica,ok,
4122602,Rondon - PR,PR,9097.0,0.8,55513.396468538675,5536.851958849979,9.973902357042595,337.9586567626938,0.6087875688784894,Mata Atlântica,ok,
4122651,Rosário do Ivaí - PR,PR,5435.0,0.6,37758.60917010508,5257.294467468462,13.923432517823938,116.23509755249,0.3078373385758015,Mata Atlântica,ok,
4122701,Sabáudia - PR,PR,8822.0,0.9,19034.201573139893,1956.4970535030957,10.27885013188053,403.2651460021976,2.1186344194823756,Mata Atlântica,ok,
4122800,Salgado Filho - PR,PR,4075.0,0.8,18104.17890337387,5928.3440819576235,32.745721933032954,115.3510965209964,0.6371517710725877,Mata Atlântica,ok,
4122909,Salto do Itararé - PR,PR,5192.0,0.8,20052.98818239781,2059.0935562194613,10.268262951587936,118.9520451965333,0.5931886266254697,Mata Atlântica,ok,
4123006,Salto do Lontra - PR,PR,15223.0,0.6,31273.84847938794,7067.965520806932,22.600242261406706,248.2356965393067,0.793748478710302,Mata Atlântica,ok,
4123105,Santa Amélia - PR,PR,3394.0,1.7,7803.633545190261,997.4132515625002,12.781395304976256,72.75183584594704,0.9322815509550336,Mata Atlântica,ok,
4123204,Santa Cecília do Pavão - PR,PR,3365.0,0.7,10508.96477609858,1277.1171265014648,12.152644467951013,129.130858081054,1.2287685878893335,Mata Atlântica,ok,
4123303,Santa Cruz de Monte Castelo - PR,PR,8613.0,0.9,44199.4215188358,3496.6612312439297,7.911101799723353,266.067015820312,0.6019694527154077,Mata Atlântica,ok,
4123402,Santa Fé - PR,PR,11378.0,0.9,27624.164310089363,1803.6306675537403,6.529177307618996,398.5689454467758,1.4428271602091642,Mata Atlântica,ok,
4123501,Santa Helena - PR,PR,25492.0,1.1,74944.4574226893,14932.929124469203,19.925328220400573,1075.050456219474,1.4344629251982608,Mata Atlântica,ok,
4123600,Santa Inês - PR,PR,1748.0,0.7,15696.892921130422,475.68823178710954,3.0304610866444808,55.22224385375974,0.3518036603245356,Mata Atlântica,ok,
4123709,Santa Isabel do Ivaí - PR,PR,8912.0,1.2,34948.99641550484,1668.258580896002,4.773409116136716,315.8675933898907,0.9037958905445385,Mata Atlântica,ok,
4123808,Santa Izabel do Oeste - PR,PR,14070.0,0.8,32116.1032899035,6156.2584893068,19.168759154047724,369.9180950378404,1.1518149997796692,Mata Atlântica,ok,
4123824,Santa Lúcia - PR,PR,3644.0,1.2,12681.90831246974,2069.366484600851,16.317469213731066,139.3972145507811,1.099181693449999,Mata Atlântica,ok,
4123857,Santa Maria do Oeste - PR,PR,9934.0,0.8,81932.32274176073,20086.25779631316,24.515669914085368,160.9703344177252,0.19646743681987544,Mata Atlântica,ok,
4123907,Santa Mariana - PR,PR,11066.0,1.3,42721.97861180581,4520.982298419319,10.582333602802724,348.0717320129375,0.8147369183803467,Mata Atlântica,ok,
4123956,Santa Mônica - PR,PR,3356.0,0.8,25993.900962468688,1950.5783755065825,7.503984793674971,123.1528772338875,0.4737760500499785,Mata Atlântica,ok,
4124004,Santana do Itararé - PR,PR,5514.0,0.6,25129.647398913345,3676.3140732665956,14.62938979965778,97.00619913330128,0.3860229218237898,Mata Atlântica,ok,
4124020,Santa Tereza do Oeste - PR,PR,13174.0,1.2,32619.620078160875,5847.002315521306,17.924802010296638,442.8748796386725,1.3576947817831304,Mata Atlântica,ok,
4124053,Santa Terezinha de Itaipu - PR,PR,24262.0,1.0,26825.64160452921,4127.292254699723,15.385623634078808,751.7253191711342,2.8022640809613057,Mata Atlântica,ok,
4124103,Santo Antônio da Platina - PR,PR,44369.0,1.2,72145.56781584477,6115.89603378274,8.47716113260606,1014.450492272943,1.4061161662243473,Mata Atlântica,ok,
4124202,Santo Antônio do Caiuá - PR,PR,2493.0,0.4,21911.424220928875,1628.3047670898413,7.431305015465643,75.26286725463842,0.34348687924516785,Mata Atlântica,ok,
4124301,Santo Antônio do Paraíso - PR,PR,2125.0,0.7,16701.052414679,3104.3214459901333,18.587579805819075,63.42713706054639,0.3797792826804051,Mata Atlântica,ok,
4124400,Santo Antônio do Sudoeste - PR,PR,23673.0,1.1,32561.432110453923,6069.386974731433,18.63980353856378,571.0724307739274,1.7538308168902168,Mata Atlântica,ok,
4124509,Santo Inácio - PR,PR,6181.0,1.4,28010.778097228704,1069.1980486206057,3.817095137126479,322.6707375000009,1.1519520678075161,Mata Atlântica,ok,
4124608,São Carlos do Ivaí - PR,PR,6587.0,0.8,22525.054363464365,1157.4481934081987,5.138492341601535,340.3701639404278,1.5110736624569845,Mata Atlântica,ok,
4124707,São Jerônimo da Serra - PR,PR,10830.0,0.9,82378.20036518326,24184.530262676824,29.357924979505007,251.5129388427743,0.3053149227924564,Mata Atlântica,ok,
4124806,São João - PR,PR,11886.0,1.3,38804.87533461339,6062.297765753024,15.622515762460242,443.3200264221177,1.1424338374994922,Mata Atlântica,ok,
4124905,São João do Caiuá - PR,PR,5586.0,0.7,30439.299826223945,2088.6570254333,6.861711791523827,165.8344560791017,0.5448037800666908,Mata Atlântica,ok,
4125001,São João do Ivaí - PR,PR,10667.0,1.2,35331.485245365475,2225.6238725891117,6.299264967585966,356.552119787596,1.0091625566020208,Mata Atlântica,ok,
4125100,São João do Triunfo - PR,PR,13726.0,0.7,72041.54008652273,33398.33401804174,46.359827924180905,150.3073775268556,0.2086398726989105,Mata Atlântica,ok,
4125209,São Jorge d'Oeste - PR,PR,9378.0,0.7,37954.68291637509,7518.106345715145,19.80811264391185,414.2611733520501,1.091462611516963,Mata Atlântica,ok,
4125308,São Jorge do Ivaí - PR,PR,5168.0,0.9,31510.208310071288,1677.281812121483,5.3229791298631,246.1903898864796,0.7813035936287106,Mata Atlântica,ok,
4125357,São Jorge do Patrocínio - PR,PR,6504.0,0.8,40641.8093632568,19479.812159759567,47.93047471299533,168.749925323486,0.41521262947522314,Mata Atlântica,ok,
4125407,São José da Boa Vista - PR,PR,6040.0,1.1,39974.320615222074,7456.271891015492,18.652654444804178,88.8625416564943,0.2222990667229896,Cerrado | Mata Atlântica,ok,
4125456,São José das Palmeiras - PR,PR,3957.0,0.4,18241.80745513295,4219.56278845216,23.1312757731408,95.06610878295886,0.5211441301350256,Mata Atlântica,ok,
4125506,São José dos Pinhais - PR,PR,329628.0,1.5,94603.83808216198,52623.753515431876,55.625389605999864,8918.617319238403,9.427331385321514,Mata Atlântica,ok,
4125555,São Manoel do Paraná - PR,PR,2138.0,0.7,9536.909184979619,1724.3865707272626,18.081188960498086,79.50707528686578,0.83367759663778,Mata Atlântica,ok,
4125605,São Mateus do Sul - PR,PR,42366.0,1.1,134177.3329686805,54927.47176411828,40.93647604170175,1133.036150170909,0.8444318612558656,Mata Atlântica,ok,
4125704,São Miguel do Iguaçu - PR,PR,29122.0,0.8,85135.83827981033,19063.035339537728,22.39131689393192,938.1734365600623,1.101972395545845,Mata Atlântica,ok,
4125753,São Pedro do Iguaçu - PR,PR,5784.0,0.6,30833.777774981165,5894.999119140694,19.11864047980509,185.700862841797,0.6022643874422566,Mata Atlântica,ok,
4125803,São Pedro do Ivaí - PR,PR,8690.0,0.4,32268.94809885227,3259.8227407959303,10.102042157710974,293.1638904724119,0.9085015401628137,Mata Atlântica,ok,
4125902,São Pedro do Paraná - PR,PR,2661.0,0.3,25065.261654786427,2212.5654767700216,8.827218750966095,116.9568030456538,0.4666091447855279,Mata Atlântica,ok,
4126009,São Sebastião da Amoreira - PR,PR,8063.0,1.6,22686.72098744565,2517.2527702697453,11.095710004379828,256.2368388000431,1.1294573549956344,Mata Atlântica,ok,
4126108,São Tomé - PR,PR,5232.0,0.4,21861.059592565663,3764.29291121823,17.219169525059804,172.2363236938442,0.7878681404464812,Mata Atlântica,ok,
4126207,Sapopema - PR,PR,6695.0,0.6,67759.55005165277,21873.9798240337,32.28176664006664,151.35909033203,0.2233767641854908,Mata Atlântica,ok,
4126256,Sarandi - PR,PR,118455.0,1.3,10351.509036029,460.3504724609367,4.447182250033898,2124.452367132455,20.52311754487371,Mata Atlântica,ok,
4126272,Saudade do Iguaçu - PR,PR,6108.0,0.9,15206.469116094953,2724.257413940454,17.915121473248668,139.640785211182,0.9182985487629226,Mata Atlântica,ok,
4126306,Sengés - PR,PR,17270.0,0.8,144325.78870471194,43195.95826570432,29.92948013891163,487.5746940917977,0.33782922544034527,Cerrado | Mata Atlântica,ok,
4126355,Serranópolis do Iguaçu - PR,PR,5007.0,1.1,48198.30133218799,30573.82506470924,63.43340785807175,163.2905415100096,0.3387889967005128,Mata Atlântica,ok,
4126405,Sertaneja - PR,PR,5616.0,0.6,44449.59227748331,1728.0238523376456,3.887603381264321,293.8012747680652,0.66097630982522,Mata Atlântica,ok,
4126504,Sertanópolis - PR,PR,15930.0,1.1,50552.22655870606,4212.321056152419,8.332612315820889,669.3364200012217,1.32404933583672,Mata Atlântica,ok,
4126603,Siqueira Campos - PR,PR,22811.0,1.3,27799.21948458832,2864.9937984436883,10.306022440781186,645.2104838684057,2.320966184774021,Mata Atlântica,ok,
4126652,Sulina - PR,PR,3440.0,0.9,17079.55356710203,2816.1699203002618,16.488545261069696,88.59023577880839,0.5186917528655284,Mata Atlântica,ok,
4126678,Tamarana - PR,PR,10707.0,0.9,47214.526257074445,15321.415565411482,32.45063919944718,271.5711460388177,0.5751855786080804,Mata Atlântica,ok,
4126702,Tamboara - PR,PR,4880.0,0.7,19313.41081353782,1113.1730751953137,5.763731150041246,221.9062360534668,1.1489748661998154,Mata Atlântica,ok,
4126801,Tapejara - PR,PR,15869.0,0.5,59142.24922413531,4676.64103737182,7.907445352050178,520.4543716491607,0.8800043597881444,Mata Atlântica,ok,
4126900,Tapira - PR,PR,5745.0,0.8,43441.01951594142,3872.6500996154255,8.914731152187372,204.0931539489759,0.4698166760890141,Mata Atlântica,ok,
4127007,Teixeira Soares - PR,PR,9547.0,1.0,90277.78954515718,33673.5200544675,37.299894275350994,206.3310938476569,0.22855133570195532,Mata Atlântica,ok,
4127106,Telêmaco Borba - PR,PR,75042.0,1.0,138290.73971298043,48594.29770552215,35.139227547975096,2209.865444293185,1.5979851209702942,Cerrado | Mata Atlântica,ok,
4127205,Terra Boa - PR,PR,17568.0,1.3,32085.690448388414,6857.853447967407,21.373557346377318,591.5955640075659,1.8437987643095284,Mata Atlântica,ok,
4127304,Terra Rica - PR,PR,14842.0,0.8,70061.73579253937,4166.242009790044,5.946529817826312,563.4428095764143,0.8042090353639416,Mata Atlântica,ok,
4127403,Terra Roxa - PR,PR,18119.0,0.7,80087.64262982043,9131.410063842715,11.401771564247113,610.3493892334027,0.7621018289357673,Mata Atlântica,ok,
4127502,Tibagi - PR,PR,19961.0,1.1,297793.95814240316,103918.60773579321,34.896143757926744,628.782730249026,0.211146906462201,Cerrado | Mata Atlântica,ok,
4127601,Tijucas do Sul - PR,PR,17621.0,0.8,67190.39413287074,38600.7707325658,57.44983524911578,410.0090236450184,0.6102197031828909,Mata Atlântica,ok,
4127700,Toledo - PR,PR,150470.0,1.1,119801.85061497404,16363.398125231823,13.65871899410088,4604.876088195705,3.8437437022530783,Mata Atlântica,ok,
4127809,Tomazina - PR,PR,8426.0,0.8,59146.95661262192,8819.345233392185,14.910902840113573,137.0238501281744,0.23166678046615433,Mata Atlântica,ok,
4127858,Três Barras do Paraná - PR,PR,11135.0,1.3,50551.155877489255,12625.296209551592,24.975286895811053,277.6829336120596,0.5493107502527229,Mata Atlântica,ok,
4127882,Tunas do Paraná - PR,PR,6219.0,1.1,66847.31818376675,44737.16889859156,66.92440342274728,175.7879720031727,0.2629693707680575,Mata Atlântica,ok,
4127908,Tuneiras do Oeste - PR,PR,8067.0,0.9,69885.97477377775,13057.453312347398,18.683939595340306,245.7989697021483,0.3517143039040441,Mata Atlântica,ok,
4127957,Tupãssi - PR,PR,8077.0,0.7,29977.29920410774,1611.5289141479498,5.375830901828289,379.3622276794447,1.265498352925207,Mata Atlântica,ok,
4127965,Turvo - PR,PR,14231.0,0.7,93918.9002967654,42274.77850426852,45.01200330358264,339.1757257690422,0.36113681559016675,Mata Atlântica,ok,
4128005,Ubiratã - PR,PR,24749.0,1.0,65258.69820824104,7243.295261938598,11.099356041129083,947.5061937683064,1.451923222165429,Mata Atlântica,ok,
4128104,Umuarama - PR,PR,117095.0,1.4,123453.08037463321,10823.342484747136,8.767170857059542,3691.778908050509,2.9904307748720096,Mata Atlântica,ok,
4128203,União da Vitória - PR,PR,55033.0,1.1,72000.27806661867,46414.69251738757,64.46460175395727,1514.812889160186,2.1038986651670935,Mata Atlântica,ok,
4128302,Uniflor - PR,PR,2136.0,1.0,9482.167604162669,584.1071569397011,6.160059401220437,64.36171480102544,0.678765842240235,Mata Atlântica,ok,
4128401,Uraí - PR,PR,10406.0,1.1,23782.617814770652,1987.9321039733945,8.35876066905785,379.0750860595676,1.5939165697063666,Mata Atlântica,ok,
4128500,Wenceslau Braz - PR,PR,19188.0,0.9,39789.40371966002,7479.97775104401,18.798918937677218,515.4808750183051,1.2955229956452077,Cerrado | Mata Atlântica,ok,
4128534,Ventania - PR,PR,9681.0,0.9,81937.31397660187,29188.521432639616,35.6229903276726,288.7674375671384,0.3524248276549549,Cerrado | Mata Atlântica,ok,
4128559,Vera Cruz do Oeste - PR,PR,8215.0,1.6,32698.056380089336,4784.283459845,14.631705946773858,243.9455367126458,0.7460551596002212,Mata Atlântica,ok,
4128609,Verê - PR,PR,7932.0,1.0,31178.58353004282,4916.111415209875,15.767590629872094,209.981692236327,0.673480538440736,Mata Atlântica,ok,
4128625,Alto Paraíso - PR,PR,3055.0,0.9,96776.44262919964,32503.72165306109,33.58639847674457,117.751533636476,0.1216737569985319,Mata Atlântica,ok,
4128633,Doutor Ulysses - PR,PR,5697.0,0.6,77749.28948821228,42732.34193785994,54.96171375860441,72.11554963989248,0.09275396613216133,Mata Atlântica,ok,
4128658,Virmond - PR,PR,3811.0,0.6,24904.01886288443,5574.083576416124,22.38226531671733,99.50841929321284,0.3995677157212351,Mata Atlântica,ok,
4128708,Vitorino - PR,PR,9706.0,0.9,30822.514291185136,6354.856253851297,20.617579065146895,415.0573776367191,1.346604542756009,Mata Atlântica,ok,
4128807,Xambrê - PR,PR,5798.0,0.8,35971.445926446955,1861.3396828918417,5.17449225337741,188.7953179687498,0.5248477316002012,Mata Atlântica,ok,
4200051,Abdon Batista - SC,SC,2598.0,0.7,23752.113091301468,12037.12677435217,50.67813010186627,58.07345321655275,0.2444980494717352,Mata Atlântica,ok,
4200101,Abelardo Luz - SC,SC,17392.0,0.8,95400.11837500916,27668.889664560877,29.002993010760214,478.2149611755416,0.5012729222155912,Mata Atlântica,ok,
4200200,Agrolândia - SC,SC,10990.0,1.2,20681.538421171357,8638.919508171031,41.771164853614124,424.5334239501945,2.0527168497078847,Mata Atlântica,ok,
4200309,Agronômica - SC,SC,6055.0,0.9,12974.805593109171,4114.761573291021,31.71347380708611,241.9952559997559,1.8651166236223062,Mata Atlântica,ok,
4200408,Água Doce - SC,SC,6508.0,0.5,132794.3467441997,41859.6954867917,31.522196925615802,171.3269921569823,0.1290167814801692,Mata Atlântica,ok,
4200507,Águas de Chapecó - SC,SC,6036.0,0.6,13948.73220780619,3311.644904772721,23.741547657782196,122.6082441772456,0.8789920284556744,Mata Atlântica,ok,
4200556,Águas Frias - SC,SC,2839.0,0.5,7663.4652586301945,1943.944676946929,25.36639250445821,71.32294487304674,0.9306879129219847,Mata Atlântica,ok,
4200606,Águas Mornas - SC,SC,6743.0,1.9,32666.83098433307,25572.964078003715,78.28419013239589,173.5109654174799,0.5311533448123429,Mata Atlântica,ok,
4200705,Alfredo Wagner - SC,SC,10481.0,0.8,73348.39518873517,37926.53770951759,51.707385842495356,175.0525863159176,0.23865905431943538,Mata Atlântica,ok,
4200754,Alto Bela Vista - SC,SC,1856.0,0.2,10341.981605249177,3333.3215917908433,32.230975832513394,40.97870234985336,0.3962364652539529,Mata Atlântica,ok,
4200804,Anchieta - SC,SC,5943.0,0.9,23235.202240222596,5514.332583056855,23.732664454759774,112.5932126770017,0.4845802998094457,Mata Atlântica,ok,
4200903,Angelina - SC,SC,5358.0,1.2,50003.68468919622,34998.99818619324,69.99283833528195,51.57715422363263,0.10314670717611411,Mata Atlântica,ok,
4201000,Anita Garibaldi - SC,SC,8285.0,1.0,58983.07842139583,34318.93359787292,58.18437171536962,172.0331203857411,0.291665211430092,Mata Atlântica,ok,
4201109,Anitápolis - SC,SC,3593.0,0.9,54065.692714249286,40679.571850485874,75.24100738982035,47.06520846557613,0.08705189206458064,Mata Atlântica,ok,
4201208,Antônio Carlos - SC,SC,11224.0,1.0,23441.317421558375,16770.8098933845,71.54380272996438,557.4881598266637,2.378228790647902,Mata Atlântica,ok,
4201257,Apiúna - SC,SC,9811.0,1.4,49351.99512047234,37217.27849442279,75.41190260611006,274.4320589599593,0.5560708504084744,Mata Atlântica,ok,
4201273,Arabutã - SC,SC,4378.0,0.3,13259.1417297124,5544.132698157172,41.81366193358752,65.56662989501962,0.49450131261581887,Mata Atlântica,ok,
4201307,Araquari - SC,SC,45283.0,0.9,38668.22366000357,17519.26957800816,45.306631439936545,2424.51495612798,6.270044824003058,Mata Atlântica,ok,
4201406,Araranguá - SC,SC,71922.0,0.8,30178.258334814676,3227.573804113784,10.695030071998367,3269.595882568381,10.83427627364586,Mata Atlântica,ok,
4201505,Armazém - SC,SC,8834.0,0.3,17397.610250109778,6746.930402142281,38.78078831027789,266.4001977295,1.5312459234326108,Mata Atlântica,ok,
4201604,Arroio Trinta - SC,SC,3556.0,0.2,9353.634127673817,4041.369503643933,43.20640992025837,98.9447924987791,1.0578219240587934,Mata Atlântica,ok,
4201653,Arvoredo - SC,SC,2510.0,1.7,9048.92715012826,2957.804585113564,32.68679851259096,56.03300213623051,0.61922260182453,Mata Atlântica,ok,
4201703,Ascurra - SC,SC,8319.0,0.9,11289.027034837765,8059.694941978831,71.39406183638975,367.8704597351061,3.258655140074193,Mata Atlântica,ok,
4201802,Atalanta - SC,SC,3227.0,1.5,9438.558850207628,2784.618068090828,29.502576741676744,88.01512484741218,0.9325059709245341,Mata Atlântica,ok,
4201901,Aurora - SC,SC,6780.0,0.7,20704.45358345926,8543.510188720327,41.26411814869491,160.9524597961424,0.777380862273646,Mata Atlântica,ok,
4201950,Balneário Arroio do Silva - SC,SC,15820.0,1.1,9405.265978472858,3450.368712542715,36.68549853284377,1526.735585052494,16.232774155956314,Mata Atlântica,ok,
4202008,Balneário Camboriú - SC,SC,139155.0,1.4,4498.875918554692,2134.8453322265846,47.452860911808045,1664.972523773184,37.008634021364,Mata Atlântica,ok,
4202057,Balneário Barra do Sul - SC,SC,14912.0,1.3,10886.208808075024,6643.114933569418,61.02321800627028,710.6837248535228,6.528294077239832,Mata Atlântica,ok,
4202073,Balneário Gaivota - SC,SC,15669.0,1.2,14586.988164648375,2654.6988287170307,18.1990881102564,1850.607171112038,12.686698242458247,Mata Atlântica,ok,
4202081,Bandeirante - SC,SC,3144.0,0.3,14731.681035412657,5440.960145330369,36.9337357512096,75.15393037109354,0.5101517619777081,Mata Atlântica,ok,
4202099,Barra Bonita - SC,SC,1668.0,0.8,9293.72362143534,2962.548530541969,31.87687358927968,19.6279090148926,0.21119531647812473,Mata Atlântica,ok,
4202107,Barra Velha - SC,SC,45369.0,1.7,13889.722671295294,3772.06497177119,27.157237484421447,2003.835862908862,14.42675214135138,Mata Atlântica,ok,
4202131,Bela Vista do Toldo - SC,SC,5872.0,0.7,53571.47007667458,24320.26787428683,45.397798192728814,77.15784438476567,0.14402786459720612,Mata Atlântica,ok,
4202156,Belmonte - SC,SC,2658.0,0.4,9344.384152410683,2960.167389819275,31.678571230995516,69.50405123290963,0.7438055852506753,Mata Atlântica,ok,
4202206,Benedito Novo - SC,SC,10520.0,0.6,38828.63694946831,26518.19107347361,68.29544675488984,320.673886999512,0.8258695442151055,Mata Atlântica,ok,
4202305,Biguaçu - SC,SC,76773.0,1.2,31665.250970182646,17394.465848069776,54.932347968595444,1905.486109222436,6.0175935792099775,Mata Atlântica,ok,
4202404,Blumenau - SC,SC,361261.0,1.3,51859.24700810196,35448.07774490895,68.35440117240982,7833.223627506011,15.104777025170128,Mata Atlântica,ok,
4202438,Bocaina do Sul - SC,SC,3515.0,2.2,51065.055518389294,25758.949098222158,50.443397812318004,72.12956687622064,0.14125034457319977,Mata Atlântica,ok,
4202453,Bombinhas - SC,SC,25058.0,1.4,3447.337988134765,1997.2763804076912,57.93677287466519,958.7817981628641,27.812236614537113,Mata Atlântica,ok,
4202503,Bom Jardim da Serra - SC,SC,4026.0,1.0,93849.86598298601,90095.7386208644,95.99985857965723,108.8217098937996,0.11595297313853152,Mata Atlântica,ok,
4202537,Bom Jesus - SC,SC,2777.0,0.9,6388.837866870108,720.6553303588843,11.27991264414311,110.0756181091315,1.7229364776955525,Mata Atlântica,ok,
4202578,Bom Jesus do Oeste - SC,SC,2187.0,0.8,6776.944623022486,1272.45771418458,18.776274338465374,63.58948028564441,0.9383207894250699,Mata Atlântica,ok,
4202602,Bom Retiro - SC,SC,8418.0,0.8,105704.02865886263,61453.51003831737,58.1373395300245,283.8488866088875,0.26853175816500774,Mata Atlântica,ok,
4202701,Botuverá - SC,SC,5363.0,1.3,29626.89102702193,25132.31430170456,84.82940136642085,182.518151123047,0.6160557007367964,Mata Atlântica,ok,
4202800,Braço do Norte - SC,SC,33773.0,0.7,21204.963126501127,6455.492323651023,30.443308413883557,1196.516393334952,5.642624258278445,Mata Atlântica,ok,
4202859,Braço do Trombudo - SC,SC,4026.0,1.6,8942.562092883261,3026.591145910641,33.84478759526072,156.059071618652,1.7451270675866837,Mata Atlântica,ok,
4202875,Brunópolis - SC,SC,2489.0,1.0,33641.28886122487,10378.547808172923,30.850624811034788,57.98694890136728,0.17236839272291776,Mata Atlântica,ok,
4202909,Brusque - SC,SC,141385.0,1.6,28467.644498690086,17959.48799967271,63.087369242998314,4223.116087432906,14.834792838681224,Mata Atlântica,ok,
4203006,Caçador - SC,SC,73720.0,1.1,98341.54928710281,34548.63053130443,35.131265250297794,2148.256129315308,2.1844847319250493,Mata Atlântica,ok,
4203105,Caibi - SC,SC,6304.0,0.4,17307.45237798414,4843.851426994651,27.987085107662917,148.8677935119621,0.86013695291936,Mata Atlântica,ok,
4203154,Calmon - SC,SC,3443.0,0.8,63620.80768712278,25241.788328182793,39.675366041119716,85.2782599365234,0.1340414607056053,Mata Atlântica,ok,
4203204,Camboriú - SC,SC,103074.0,1.3,21057.416239219157,13297.743538547888,63.14992963752608,1782.482644311559,8.464868738224915,Mata Atlântica,ok,
4203253,Capão Alto - SC,SC,2625.0,1.3,133197.5823692955,97563.03038791163,73.2468477674124,72.71160261230501,0.054589281065709774,Mata Atlântica,ok,
4203303,Campo Alegre - SC,SC,12501.0,0.8,50016.914903095814,25929.762215462135,51.841986387403516,403.6081005310047,0.8069432137367258,Mata Atlântica,ok,
4203402,Campo Belo do Sul - SC,SC,7257.0,0.8,102561.42871492764,60472.7631463344,58.962481221298255,203.79517037964,0.1987054713776408,Mata Atlântica,ok,
4203501,Campo Erê - SC,SC,9623.0,0.6,47916.13347737173,10754.962234472549,22.44538833575032,339.5379099487268,0.7086087405384508,Mata Atlântica,ok,
4203600,Campos Novos - SC,SC,36932.0,1.3,171758.62500858237,65280.43459762735,38.00707801099679,1105.704246368411,0.6437547146835634,Mata Atlântica,ok,
4203709,Canelinha - SC,SC,12821.0,1.6,15088.114581243268,7685.291320104311,50.93606148549701,576.6542936584465,3.8219108859055995,Mata Atlântica,ok,
4203808,Canoinhas - SC,SC,55016.0,1.0,114802.79265740418,39107.72908088985,34.06513742012843,1805.240595916728,1.5724709775170258,Mata Atlântica,ok,
4203907,Capinzal - SC,SC,23314.0,0.8,24430.70295526684,10310.346360882222,42.202413822314874,550.9445198608406,2.255131671281143,Mata Atlântica,ok,
4203956,Capivari de Baixo - SC,SC,23975.0,1.3,5322.413795196653,248.14378496704197,4.66224150386401,880.0095506469951,16.53403107141316,Mata Atlântica,ok,
4204004,Catanduvas - SC,SC,10566.0,1.0,19918.038351391417,7988.413442547087,40.10642665515823,389.7744634582511,1.9568918212823032,Mata Atlântica,ok,
4204103,Caxambu do Sul - SC,SC,4614.0,1.1,14088.0117389035,3337.606806884556,23.691113187163833,128.7453715393075,0.9138647378024405,Mata Atlântica,ok,
4204152,Celso Ramos - SC,SC,2805.0,0.4,20839.057669744398,11078.037479687022,53.159973235118464,81.73378237304703,0.39221438736989467,Mata Atlântica,ok,
4204178,Cerro Negro - SC,SC,3317.0,1.0,41851.75605701929,27222.55332847313,65.04518780857087,46.00195426635727,0.10991642549880991,Mata Atlântica,ok,
4204194,Chapadão do Lageado - SC,SC,2950.0,0.2,12486.06536091334,4638.150887732094,37.146617078038574,82.32832875366162,0.6593616673782925,Mata Atlântica,ok,
4204202,Chapecó - SC,SC,254785.0,0.8,62470.394952369745,19800.647339969215,31.696049552857996,5858.325510607592,9.377762882841136,Mata Atlântica,ok,
4204251,Cocal do Sul - SC,SC,17240.0,1.1,7097.042143322884,2696.7701762452534,37.99850869960605,687.1493820922926,9.682193908609998,Mata Atlântica,ok,
4204301,Concórdia - SC,SC,81646.0,1.0,79922.50239623395,28493.409390778022,35.651297865419025,1980.74327199707,2.4783298978516535,Mata Atlântica,ok,
4204350,Cordilheira Alta - SC,SC,4781.0,0.7,8524.858452874825,3149.655723859022,36.94672165256737,182.4469127014164,2.140175273407503,Mata Atlântica,ok,
4204400,Coronel Freitas - SC,SC,10388.0,0.6,23250.11273976507,6815.145186745561,29.312310280068015,279.549794641114,1.2023588778689882,Mata Atlântica,ok,
4204459,Coronel Martins - SC,SC,2065.0,0.2,10749.725256402653,1993.43066499634,18.544015009211805,54.06000145874042,0.5028965873015377,Mata Atlântica,ok,
4204509,Corupá - SC,SC,15267.0,0.9,40574.33143926058,31703.41189817166,78.13662178422184,500.2165913757241,1.232840009020343,Mata Atlântica,ok,
4204558,Correia Pinto - SC,SC,15727.0,0.9,64739.49799425201,29179.954956365473,45.07287801174525,579.4279305114712,0.8950145559715594,Mata Atlântica,ok,
4204608,Criciúma - SC,SC,214493.0,1.2,23477.329230267762,5212.096411450208,22.20055083919255,6435.110146545901,27.409890126043557,Mata Atlântica,ok,
4204707,Cunha Porã - SC,SC,10953.0,0.5,22010.219513593525,6085.584810493608,27.648905576498894,335.0651636657686,1.5223163197388019,Mata Atlântica,ok,
4204756,Cunhataí - SC,SC,1968.0,0.7,5481.104457580567,1839.223304315172,33.555706127283514,54.80641976318362,0.9999156226147878,Mata Atlântica,ok,
4204806,Curitibanos - SC,SC,40045.0,1.1,95002.75091546238,28236.57444309057,29.721849284360946,1365.985607904035,1.4378379517868372,Mata Atlântica,ok,
4204905,Descanso - SC,SC,8530.0,0.5,28704.41568976993,7862.632096527824,27.39171624848652,248.9446417602551,0.8672694976647004,Mata Atlântica,ok,
4205001,Dionísio Cerqueira - SC,SC,15008.0,0.4,37861.54960529679,8046.986334783823,21.253716286504183,481.539371337894,1.271842743780691,Mata Atlântica,ok,
4205100,Dona Emma - SC,SC,4221.0,0.9,17816.212264605634,7931.078287206903,44.51607428905125,105.3636764221196,0.5913921256508551,Mata Atlântica,ok,
4205159,Doutor Pedrinho - SC,SC,3637.0,1.0,37422.27100613895,28086.143570524935,75.05194851995361,164.2741800231938,0.43897437436719267,Mata Atlântica,ok,
4205175,Entre Rios - SC,SC,3402.0,0.3,10386.621209953679,4775.963042253484,45.98187365951688,62.04993801269563,0.5974025311834045,Mata Atlântica,ok,
4205191,Ermo - SC,SC,2269.0,0.4,6531.838915814365,209.89276848144488,3.2133794355104093,55.6145087707522,0.8514372367037835,Mata Atlântica,ok,
4205209,Erval Velho - SC,SC,4885.0,1.1,20882.990997546916,11198.866778229249,53.62673756620763,126.1316921142579,0.6039924651074855,Mata Atlântica,ok,
4205308,Faxinal dos Guedes - SC,SC,11192.0,0.8,34006.57475835957,8966.900992875186,26.368139268924523,499.5588314453149,1.469006611206888,Mata Atlântica,ok,
4205357,Flor do Sertão - SC,SC,1783.0,0.7,5843.382098565716,2108.122419073523,36.07709342832417,33.5313267456055,0.5738342312722611,Mata Atlântica,ok,
4205407,Florianópolis - SC,SC,537211.0,1.3,43891.72075133157,20367.74572956587,46.404527735331406,10068.47034816315,22.939338389592976,Mata Atlântica,ok,
4205431,Formosa do Sul - SC,SC,2682.0,0.6,10039.39489963367,2721.141445330742,27.104636011778304,63.05290049438453,0.6280547894045416,Mata Atlântica,ok,
4205456,Forquilhinha - SC,SC,31431.0,2.0,18337.577511346608,849.4229279235866,4.632143626375924,1156.673640026847,6.307668716389285,Mata Atlântica,ok,
4205506,Fraiburgo - SC,SC,33481.0,0.7,54920.98066496303,12306.759634689264,22.40812069574058,908.9316029235869,1.6549806502334397,Mata Atlântica,ok,
4205555,Frei Rogério - SC,SC,2411.0,0.7,15878.83733179944,3279.370177789331,20.652457791868457,56.86838374023407,0.358139469231464,Mata Atlântica,ok,
4205605,Galvão - SC,SC,3210.0,0.2,13986.671504651016,2362.19301796876,16.88888608832527,109.9425514892578,0.7860522888000793,Mata Atlântica,ok,
4205704,Garopaba - SC,SC,29959.0,1.0,11448.017814801115,4594.540168451029,40.133936221786435,1167.259756304924,10.196173479008538,Mata Atlântica,ok,
4205803,Garuva - SC,SC,18545.0,1.1,50360.261382946934,38690.884162500704,76.82820362723984,599.7048803466851,1.190829562591901,Mata Atlântica,ok,
4205902,Gaspar - SC,SC,72570.0,1.7,38660.25885223476,22276.30595677239,57.62068495691075,2753.299261943627,7.121781756472828,Mata Atlântica,ok,
4206009,Governador Celso Ramos - SC,SC,16915.0,1.5,9374.098777038416,4652.100600598018,49.62717708920674,999.7754120605462,10.665296321705796,Mata Atlântica,ok,
4206108,Grão-Pará - SC,SC,6277.0,0.8,33436.75014018821,18723.034155935587,55.99537657648148,146.6120406433102,0.4384757490743535,Mata Atlântica,ok,
4206207,Gravatal - SC,SC,12435.0,0.8,16572.012803661783,4616.547188757044,27.857492288063906,517.0789981689278,3.1201942956179294,Mata Atlântica,ok,
4206306,Guabiruba - SC,SC,24543.0,1.6,17217.768248262175,13198.96881906291,76.65899917310776,1216.630184704625,7.0661317260291385,Mata Atlântica,ok,
4206405,Guaraciaba - SC,SC,10796.0,0.3,33134.16801103497,8726.339537517995,26.336377405377387,272.1953726928701,0.82149451467204,Mata Atlântica,ok,
4206504,Guaramirim - SC,SC,46711.0,1.1,26750.847468738935,10561.668017078788,39.48162027173592,1633.588531579493,6.106679549081599,Mata Atlântica,ok,
4206603,Guarujá do Sul - SC,SC,4829.0,0.9,10061.359102312974,2099.002695068315,20.862019471959627,186.3655400390611,1.8522899157452606,Mata Atlântica,ok,
4206652,Guatambú - SC,SC,8425.0,0.4,20617.918007922373,7606.788821655235,36.89406863841611,290.5340197265621,1.4091336458653356,Mata Atlântica,ok,
4206702,Herval d'Oeste - SC,SC,21724.0,0.8,21658.840390595135,9917.101778931432,45.78777810855336,345.9655324768083,1.5973409759602646,Mata Atlântica,ok,
4206751,Ibiam - SC,SC,2008.0,0.2,14600.46393963015,6000.956779168582,41.101137634949666,43.06405029907226,0.2949498760938903,Mata Atlântica,ok,
4206801,Ibicaré - SC,SC,3269.0,0.6,15622.001917571757,6272.398288848602,40.1510531233091,67.12440792236305,0.42967865627298996,Mata Atlântica,ok,
4206900,Ibirama - SC,SC,19862.0,1.4,24709.50446110101,16481.97134891837,66.70296191032543,576.9298598998998,2.3348499797239275,Mata Atlântica,ok,
4207007,Içara - SC,SC,59035.0,1.6,23049.279865741646,1738.4627618468853,7.542373436277193,2545.561076318335,11.043993960530738,Mata Atlântica,ok,
4207106,Ilhota - SC,SC,17046.0,1.0,25301.380378766244,11669.368371837556,46.12146925244789,827.3450035095102,3.26995994338651,Mata Atlântica,ok,
4207205,Imaruí - SC,SC,11881.0,1.3,54223.146048865536,23749.626162939916,43.79979380306873,218.9031803832958,0.40370800356368425,Mata Atlântica,ok,
4207304,Imbituba - SC,SC,52579.0,1.8,18133.349601995833,3601.811867492683,19.862915272400926,3506.450855816659,19.337027812173897,Mata Atlântica,ok,
4207403,Imbuia - SC,SC,5982.0,0.5,11910.704652685632,2204.0095820007355,18.504443240507808,351.6595181030271,2.9524661080714036,Mata Atlântica,ok,
4207502,Indaial - SC,SC,71549.0,1.3,43081.09746488066,33030.35517441723,76.67018046915656,2309.146860741326,5.360000085011118,Mata Atlântica,ok,
4207577,Iomerê - SC,SC,2877.0,0.7,11397.561539301274,3926.530595026011,34.450619823253234,127.3210753967277,1.1170904842908451,Mata Atlântica,ok,
4207601,Ipira - SC,SC,4578.0,0.5,15618.316907671922,7287.920680090197,46.662650804007406,97.4968111938477,0.6242465930881194,Mata Atlântica,ok,
4207650,Iporã do Oeste - SC,SC,9335.0,0.2,20110.19307295658,7111.026107894105,35.36030749230718,313.6043908874539,1.5594300350560888,Mata Atlântica,ok,
4207684,Ipuaçu - SC,SC,7730.0,1.0,26108.440717004465,5322.488601153784,20.38608379123629,122.0953796081539,0.4676471526261352,Mata Atlântica,ok,
4207700,Ipumirim - SC,SC,7816.0,0.7,24608.985557107906,8428.997510429192,34.25170651942868,133.3809737853995,0.5420011055550178,Mata Atlântica,ok,
4207759,Iraceminha - SC,SC,3986.0,0.5,16514.609693688737,5069.6481472166,30.697959208530545,81.42960444946297,0.4930761668595916,Mata Atlântica,ok,
4207809,Irani - SC,SC,10195.0,0.5,32583.186148716257,14662.823270836405,45.00119541383188,290.1351317260712,0.8904443242653918,Mata Atlântica,ok,
4207858,Irati - SC,SC,2069.0,1.0,7791.961106707711,1792.437670281998,23.003678351769207,53.35684157104473,0.6847678118556377,Mata Atlântica,ok,
4207908,Irineópolis - SC,SC,10285.0,0.7,58970.26333037829,19255.687157449025,32.65321548518427,208.3679386962874,0.35334408722056276,Mata Atlântica,ok,
4208005,Itá - SC,SC,7067.0,0.5,16625.385577271,4922.623528467231,29.60907887271546,156.8966549255372,0.9437173904708395,Mata Atlântica,ok,
4208104,Itaiópolis - SC,SC,22051.0,0.7,129754.85846911161,65973.19204310012,50.84448692054576,564.9672462890686,0.43541124621823707,Mata Atlântica,ok,
4208203,Itajaí - SC,SC,264054.0,1.9,28920.257648769824,10791.07382747104,37.313200866072016,5225.537484391553,18.068779150775757,Mata Atlântica,ok,
4208302,Itapema - SC,SC,75940.0,1.1,5816.105133740265,3434.5758589538905,59.052850317806374,1370.891989239499,23.57061912940173,Mata Atlântica,ok,
4208401,Itapiranga - SC,SC,16638.0,0.5,28073.56262153334,9758.50236744365,34.760470193970185,282.6703145751951,1.0068914956963022,Mata Atlântica,ok,
4208450,Itapoá - SC,SC,30750.0,1.2,24539.30743279372,17964.102774981133,73.20541879260354,1823.637491705335,7.431495353728977,Mata Atlântica,ok,
4208500,Ituporanga - SC,SC,26525.0,1.3,33661.36713316618,10310.397958740596,30.629765921128826,873.2801304931508,2.594309752893896,Mata Atlântica,ok,
4208609,Jaborá - SC,SC,4310.0,0.7,18248.93973032182,6871.00089944427,37.65150743540266,105.4348006896973,0.5777585013035601,Mata Atlântica,ok,
4208708,Jacinto Machado - SC,SC,10624.0,1.2,43070.449964970845,23303.699205399964,54.10600359260894,261.9726096557578,0.608242100718288,Mata Atlântica,ok,
4208807,Jaguaruna - SC,SC,20375.0,0.8,32632.502479009945,2839.2850862976084,8.700788694106155,2978.049617993183,9.126022804744258,Mata Atlântica,ok,
4208906,Jaraguá do Sul - SC,SC,182660.0,1.3,53081.57867927308,35325.72056831711,66.5498680469932,4958.826644995323,9.341897449880499,Mata Atlântica,ok,
4208955,Jardinópolis - SC,SC,1776.0,,6849.3180327208665,2064.599321807834,30.14313705313052,58.76945703125017,0.8580337013187898,Mata Atlântica,ok,
4209003,Joaçaba - SC,SC,30146.0,1.6,24163.541770258485,9475.570056897852,39.21432605778341,829.144210736078,3.431385260568978,Mata Atlântica,ok,
4209102,Joinville - SC,SC,616317.0,1.4,112787.2993278989,70737.61599009896,62.71771415010857,13070.59147227864,11.588708613617381,Mata Atlântica,ok,
4209151,José Boiteux - SC,SC,5985.0,1.4,40554.30123680676,31191.23761565887,76.91227974444782,126.5776206359864,0.3121188549073201,Mata Atlântica,ok,
4209177,Jupiá - SC,SC,2555.0,0.3,9144.155727502264,1570.152134924273,17.171100118098728,95.7037800659181,1.0466114414267491,Mata Atlântica,ok,
4209201,Lacerdópolis - SC,SC,2248.0,1.5,6902.955860223351,2802.55229117432,40.59930771574775,47.2567108337405,0.6845866001555378,Mata Atlântica,ok,
4209300,Lages - SC,SC,164981.0,1.4,263769.2366741476,186441.2904984646,70.68348562906463,4527.787310052774,1.716571411868725,Mata Atlântica,ok,
4209409,Laguna - SC,SC,42785.0,1.6,33293.32664548351,5580.797726025352,16.76251155509697,1926.377697619647,5.7860775468076415,Mata Atlântica,ok,
4209458,Lajeado Grande - SC,SC,1702.0,0.5,6535.844688439829,1009.801848718291,15.450211821960242,43.02449801025389,0.6582851958883416,Mata Atlântica,ok,
4209508,Laurentino - SC,SC,7932.0,1.2,7934.141479412836,2301.071944744874,29.002154180330603,316.728313098144,3.991967044197243,Mata Atlântica,ok,
4209607,Lauro Müller - SC,SC,14381.0,1.0,27187.204749273686,17175.539443725334,63.175084022509466,411.991193188471,1.5153863627686015,Mata Atlântica,ok,
4209706,Lebon Régis - SC,SC,11472.0,0.9,94163.67856626752,34314.23937900083,36.44105657453924,279.657793225097,0.2969911514536768,Mata Atlântica,ok,
4209805,Leoberto Leal - SC,SC,3330.0,0.4,29359.956442735627,18347.904117778337,62.49295414849997,84.85607464599609,0.28901975659092494,Mata Atlântica,ok,
4209854,Lindóia do Sul - SC,SC,4549.0,0.2,19020.045851491035,7469.3643802643655,39.27101142965342,76.00573616943358,0.399608585399258,Mata Atlântica,ok,
4209904,Lontras - SC,SC,12873.0,1.4,19758.1193055637,8473.686283877685,42.887109612156124,523.2240230957067,2.6481468959870673,Mata Atlântica,ok,
4210001,Luiz Alves - SC,SC,11684.0,1.1,26009.629411380683,15788.954688510998,60.70426624995447,348.8646320922855,1.3412902835887293,Mata Atlântica,ok,
4210035,Luzerna - SC,SC,5794.0,0.4,11707.883843261781,4176.789713165352,35.675018381474736,140.499806365967,1.2000444166246884,Mata Atlântica,ok,
4210050,Macieira - SC,SC,1778.0,0.5,26120.26838241339,12060.524667809312,46.173050334848725,38.31608203124995,0.14669099670142716,Mata Atlântica,ok,
4210100,Mafra - SC,SC,55286.0,1.2,140410.16933672794,49276.71062570353,35.094830280796415,2058.701548327605,1.4662054451273265,Mata Atlântica,ok,
4210209,Major Gercino - SC,SC,3214.0,0.8,30602.128953623494,23052.664853366754,75.33026505542246,81.25426168212891,0.2655183298040049,Mata Atlântica,ok,
4210308,Major Vieira - SC,SC,7425.0,0.6,52077.57693625671,19167.997220893783,36.806622635986955,218.4394930725097,0.41945018551819535,Mata Atlântica,ok,
4210407,Maracajá - SC,SC,7815.0,0.6,6292.01702072143,619.4593643310516,9.84516351896368,310.7839653564426,4.9393376453519,Mata Atlântica,ok,
4210506,Maravilha - SC,SC,28251.0,1.1,17034.310421258684,4393.220860242243,25.790423865703062,1022.491476464844,6.002541054956841,Mata Atlântica,ok,
4210555,Marema - SC,SC,2184.0,0.3,10417.803244470313,2022.799039672859,19.416752190501818,48.40683438720693,0.46465491093720634,Mata Atlântica,ok,
4210605,Massaranduba - SC,SC,17162.0,1.2,37446.33129312885,20420.76707447033,54.53342522293339,603.3315905517649,1.611190121213482,Mata Atlântica,ok,
4210704,Matos Costa - SC,SC,2761.0,1.0,43539.37740192216,21503.702627757717,49.389090774661334,70.92910225830057,0.16290793872300346,Mata Atlântica,ok,
4210803,Meleiro - SC,SC,7006.0,0.3,18643.63254086816,1898.94851980586,10.185507119619693,239.9748503662068,1.2871678834055809,Mata Atlântica,ok,
4210852,Mirim Doce - SC,SC,2511.0,1.3,33798.21900173201,22958.58167662206,67.92837715929805,54.37872445068361,0.1608922779271208,Mata Atlântica,ok,
4210902,Modelo - SC,SC,4080.0,0.2,9234.738928344666,2511.718927142316,27.19859160753279,143.969907281494,1.5590035451852313,Mata Atlântica,ok,
4211009,Mondaí - SC,SC,10066.0,0.7,20029.26229365304,7317.575414173146,36.534423020122766,257.6145578552231,1.2861909444206396,Mata Atlântica,ok,
4211058,Monte Carlo - SC,SC,9117.0,0.8,19129.03612823564,5042.275483984936,26.359276286494254,241.0756584045408,1.2602603538852553,Mata Atlântica,ok,
4211108,Monte Castelo - SC,SC,7736.0,1.8,56075.23588289719,29400.66037306565,52.43073864988017,304.3449447082498,0.5427439402017286,Mata Atlântica,ok,
4211207,Morro da Fumaça - SC,SC,18537.0,1.3,8287.601310211137,1183.5831542968665,14.28137177446719,1002.679331494143,12.098546901124982,Mata Atlântica,ok,
4211256,Morro Grande - SC,SC,3010.0,0.6,26016.66931446629,18531.46222072233,71.22918770550737,61.22377631225594,0.23532518929397744,Mata Atlântica,ok,
4211306,Navegantes - SC,SC,86401.0,1.5,11132.507906787132,2921.0573505127213,26.238987431860224,2134.388679290862,19.17257725898038,Mata Atlântica,ok,
4211405,Nova Erechim - SC,SC,5155.0,0.1,6506.053567023038,1784.875647979752,27.434075505106147,191.8622109191896,2.9489798837758356,Mata Atlântica,ok,
4211454,Nova Itaberaba - SC,SC,4536.0,0.3,13708.139516773856,5409.673742096988,39.46322355034017,79.19541840209962,0.5777255061140338,Mata Atlântica,ok,
4211504,Nova Trento - SC,SC,13727.0,1.0,40284.652295947526,31660.1794566897,78.5911697191801,485.0877501953145,1.2041502719985309,Mata Atlântica,ok,
4211603,Nova Veneza - SC,SC,13664.0,0.7,29503.63152834692,13259.461404065725,44.94179433920231,517.5699486206029,1.7542584482297532,Mata Atlântica,ok,
4211652,Novo Horizonte - SC,SC,2643.0,0.6,15172.064350006005,3460.266135131754,22.806824801862803,55.21538164062522,0.3639279426112068,Mata Atlântica,ok,
4211702,Orleans - SC,SC,23661.0,0.7,54985.35986252223,33045.83158035125,60.09932764462117,742.4077687988236,1.3501917067652862,Mata Atlântica,ok,
4211751,Otacílio Costa - SC,SC,17312.0,0.8,84724.0377967454,22294.619714849225,26.314397064425147,577.0297076477036,0.6810696499522474,Mata Atlântica,ok,
4211801,Ouro - SC,SC,7032.0,0.6,21354.518072931594,10036.544710065284,46.99963106536848,151.8179995239258,0.7109408838233917,Mata Atlântica,ok,
4211850,Ouro Verde - SC,SC,2181.0,0.7,18856.278259829243,2309.0678082154027,12.245618018559687,79.3641127319334,0.42088959251841307,Mata Atlântica,ok,
4211876,Paial - SC,SC,1927.0,0.1,8603.963926831038,3341.5879788147067,38.83777299895608,49.41484315185541,0.5743264798886203,Mata Atlântica,ok,
4211892,Painel - SC,SC,2215.0,0.5,73835.65880943554,61305.82387014106,83.03010341976757,42.86074278564456,0.05804883910667746,Mata Atlântica,ok,
4211900,Palhoça - SC,SC,222598.0,1.4,32767.95157953599,20250.65301058459,61.80017985387705,5493.068461889598,16.763539364236888,Mata Atlântica,ok,
4212007,Palma Sola - SC,SC,7605.0,0.4,33089.72277633604,9469.869948834172,28.618764843827897,269.5910943969728,0.8147275703070247,Mata Atlântica,ok,
4212056,Palmeira - SC,SC,2561.0,1.2,28908.43682758119,10770.479593633296,37.25721891457414,65.08271759033164,0.22513399108538795,Mata Atlântica,ok,
4212106,Palmitos - SC,SC,15626.0,0.8,35104.28120443792,8529.937482275858,24.298852418027845,467.2678738464371,1.3310851492021567,Mata Atlântica,ok,
4212205,Papanduva - SC,SC,19150.0,0.7,76473.37653122166,34246.749781910694,44.78257837605592,560.2907523498583,0.7326611923838741,Mata Atlântica,ok,
4212239,Paraíso - SC,SC,4267.0,0.2,17910.111274419425,5783.360902282293,32.29103836190301,121.1646925598138,0.6765155766110196,Mata Atlântica,ok,
4212254,Passo de Torres - SC,SC,12897.0,1.6,9209.165136486796,1001.1238369628992,10.870951081075065,1225.456356701665,13.306921295681798,Mata Atlântica,ok,
4212270,Passos Maia - SC,SC,4034.0,0.3,61708.08055247598,27829.1809555277,45.09811471426667,87.62735741577139,0.14200305151487236,Mata Atlântica,ok,
4212304,Paulo Lopes - SC,SC,9063.0,1.1,44608.11760248329,34266.36239272975,76.81642766925941,389.6257044128437,0.8734412599180236,Mata Atlântica,ok,
4212403,Pedras Grandes - SC,SC,4245.0,0.8,15991.925802020767,8134.1060347903895,50.86383050728356,86.57071386718721,0.5413401421375278,Mata Atlântica,ok,
4212502,Penha - SC,SC,33663.0,1.1,5743.55165888065,1969.1239805908513,34.28408235079076,1282.256925683593,22.32515700805048,Mata Atlântica,ok,
4212601,Peritiba - SC,SC,2992.0,0.3,9563.111335974072,4035.8893827696616,42.20268112520701,74.59835994262679,0.7800636981188969,Mata Atlântica,ok,
4212650,Pescaria Brava - SC,SC,10190.0,1.0,10684.201887829839,1560.7059390014772,14.607604343186797,457.8197143005289,4.285015568846768,Mata Atlântica,ok,
4212700,Petrolândia - SC,SC,6716.0,0.9,30675.813347058058,13796.555201458625,44.975352553388035,182.485900939943,0.5948852891864534,Mata Atlântica,ok,
4212809,Balneário Piçarras - SC,SC,27127.0,1.4,9935.028588543626,2197.6457584228847,22.120175486531107,1167.452177020266,11.750868823533024,Mata Atlântica,ok,
4212908,Pinhalzinho - SC,SC,21972.0,0.4,12872.757881646645,3078.09032391368,23.91166176054839,741.5790504089392,5.760840506961191,Mata Atlântica,ok,
4213005,Pinheiro Preto - SC,SC,3473.0,0.3,6101.903439562878,1838.571445568719,30.13111341041524,72.8148928771974,1.193314407518937,Mata Atlântica,ok,
4213104,Piratuba - SC,SC,5769.0,1.0,14609.10798101811,8004.901743341046,54.79391180996106,120.0006233459471,0.8214096541819402,Mata Atlântica,ok,
4213153,Planalto Alegre - SC,SC,2946.0,0.7,6310.543424566572,2552.20638892815,40.44352787420116,102.5765633300778,1.625479082051053,Mata Atlântica,ok,
4213203,Pomerode - SC,SC,34289.0,1.1,21431.24867631887,14867.33035045215,69.37220772805586,1071.247251464861,4.998529332770839,Mata Atlântica,ok,
4213302,Ponte Alta - SC,SC,4437.0,1.3,57518.89884506856,25128.765667682215,43.687842034960404,162.8927636901863,0.28319868245209306,Mata Atlântica,ok,
4213351,Ponte Alta do Norte - SC,SC,3210.0,1.4,39687.04849465336,14814.356353292133,37.327936733032494,143.0093773193356,0.3603426879643162,Mata Atlântica,ok,
4213401,Ponte Serrada - SC,SC,10649.0,0.9,56073.106489028716,26603.699928635964,47.44466927981109,324.8959015380847,0.5794148423035095,Mata Atlântica,ok,
4213500,Porto Belo - SC,SC,27688.0,1.3,9350.377109313955,4197.476003881838,44.890980917771884,977.7781929565512,10.457099018846861,Mata Atlântica,ok,
4213609,Porto União - SC,SC,32970.0,0.9,84881.48038438194,40931.19341657164,48.221582883824105,900.4875971801795,1.0608764044905463,Mata Atlântica,ok,
4213708,Pouso Redondo - SC,SC,17123.0,1.3,35655.02043897816,12579.1638102901,35.28020361625856,450.8236890686004,1.264404517282954,Mata Atlântica,ok,
4213807,Praia Grande - SC,SC,8270.0,1.4,28436.86139426841,18010.89969272448,63.33645419938878,251.0073137512202,0.8826829032609484,Mata Atlântica,ok,
4213906,Presidente Castello Branco - SC,SC,1689.0,1.1,6543.487919598471,2917.082116900659,44.579926680443236,30.05456865844731,0.45930502245492877,Mata Atlântica,ok,
4214003,Presidente Getúlio - SC,SC,20010.0,1.0,29714.16941493854,12256.58484725645,41.24828352460883,582.3555103881841,1.9598579460727243,Mata Atlântica,ok,
4214102,Presidente Nereu - SC,SC,2301.0,0.9,22474.660539429024,15529.20176583261,69.09649086173532,68.44185511474608,0.30452898273890844,Mata Atlântica,ok,
4214151,Princesa - SC,SC,2964.0,0.2,8552.646079473798,2025.770187884506,23.685888192501256,73.03314616699244,0.8539245689386203,Mata Atlântica,ok,
4214201,Quilombo - SC,SC,11022.0,0.4,27899.53757107632,7085.88187435935,25.39784702992835,282.6979042602544,1.0132709316061557,Mata Atlântica,ok,
4214300,Rancho Queimado - SC,SC,3279.0,0.4,28645.772567384935,18964.216336195943,66.202495644289,121.2411558593753,0.42324275099990216,Mata Atlântica,ok,
4214409,Rio das Antas - SC,SC,6253.0,1.0,31490.107449002153,9690.565686292302,30.773364943216073,124.1425826232908,0.3942272436648183,Mata Atlântica,ok,
4214508,Rio do Campo - SC,SC,6452.0,0.7,50210.11496410721,26835.348930576984,53.44610134782659,218.3791743408205,0.4349306399655313,Mata Atlântica,ok,
4214607,Rio do Oeste - SC,SC,7747.0,0.8,24505.07806604662,8167.100060040508,33.328194417615656,208.1967325805673,0.8496064857227998,Mata Atlântica,ok,
4214706,Rio dos Cedros - SC,SC,10865.0,1.3,55548.165999438796,39972.8716177434,71.9607405546877,381.9860411682119,0.6876663419852082,Mata Atlântica,ok,
4214805,Rio do Sul - SC,SC,72587.0,1.3,26081.331864229498,12846.32647118739,49.25487140787509,2323.044221508816,8.906923287513807,Mata Atlântica,ok,
4214904,Rio Fortuna - SC,SC,4847.0,0.5,30237.891376140687,13991.38433066327,46.27103178796131,133.2298445739751,0.44060560611412397,Mata Atlântica,ok,
4215000,Rio Negrinho - SC,SC,39261.0,1.8,90743.80227416464,38002.25656380834,41.87862488833337,1425.717638549778,1.5711460207962755,Mata Atlântica,ok,
4215059,Rio Rufino - SC,SC,2397.0,1.1,28259.320054352494,21216.20779429996,75.07685164927472,38.36420060424809,0.1357576917295264,Mata Atlântica,ok,
4215075,Riqueza - SC,SC,4768.0,0.3,19106.803690448687,6699.330251902225,35.06253772446073,128.2130354919436,0.6710334055299688,Mata Atlântica,ok,
4215109,Rodeio - SC,SC,12757.0,1.4,12899.736210595598,8397.350423058744,65.09707087003315,421.7007902465851,3.269065222436162,Mata Atlântica,ok,
4215208,Romelândia - SC,SC,4823.0,1.0,22332.195200243757,6093.389060406473,27.285222100960155,88.27002367553723,0.39525905484908963,Mata Atlântica,ok,
4215307,Salete - SC,SC,7489.0,1.5,17787.846861217542,7440.144282518955,41.82712129561077,256.0419048400891,1.43942044721743,Mata Atlântica,ok,
4215356,Saltinho - SC,SC,3632.0,0.4,15657.158872216847,3149.50718283087,20.115445008478357,102.7484358032228,0.656239338450776,Mata Atlântica,ok,
4215406,Salto Veloso - SC,SC,4390.0,0.6,10497.358850897115,4699.454470782193,44.76797009164427,129.422066546631,1.2329012314899614,Mata Atlântica,ok,
4215455,Sangão - SC,SC,12882.0,1.1,8300.396701251488,837.3090821044922,10.087579090987871,805.6096480773842,9.705676452258226,Mata Atlântica,ok,
4215505,Santa Cecília - SC,SC,15546.0,1.0,114571.49267759205,34027.77539752518,29.700036721421153,494.6496129516615,0.43173882210265146,Mata Atlântica,ok,
4215554,Santa Helena - SC,SC,2425.0,0.6,8072.587791485449,2974.314497375224,36.8446224953091,60.25590289916987,0.7464261084001427,Mata Atlântica,ok,
4215604,Santa Rosa de Lima - SC,SC,2088.0,0.6,20321.407375506624,11574.75676627197,56.95844068468907,47.79884832763683,0.23521426171126686,Mata Atlântica,ok,
4215653,Santa Rosa do Sul - SC,SC,9792.0,0.4,15031.030442681864,3628.6973263671675,24.14137434026598,366.3557888244649,2.4373298305894395,Mata Atlântica,ok,
4215679,Santa Terezinha - SC,SC,8066.0,0.5,71554.78511566164,43405.90880247188,60.66108469518884,104.3734622985841,0.14586510480029272,Mata Atlântica,ok,
4215687,Santa Terezinha do Progresso - SC,SC,2576.0,0.3,11965.396232867704,3307.236831072977,27.64001096752935,40.22850214843758,0.33620702035703626,Mata Atlântica,ok,
4215695,Santiago do Sul - SC,SC,1651.0,2.9,7332.6824796020355,1493.197441430633,20.363590617545366,41.18461658325195,0.5616582566859919,Mata Atlântica,ok,
4215703,Santo Amaro da Imperatriz - SC,SC,27272.0,2.2,34423.06696461587,26917.78666594049,78.19694478010864,956.1609740783571,2.777675141675241,Mata Atlântica,ok,
4215752,São Bernardino - SC,SC,2684.0,0.9,14989.528230346934,3427.934978125009,22.86886501994779,61.94324836425785,0.41324348179852066,Mata Atlântica,ok,
4215802,São Bento do Sul - SC,SC,83277.0,1.1,49499.537507475376,31818.812828855913,64.28103055316559,3031.295138360576,6.123885779544491,Mata Atlântica,ok,
4215901,São Bonifácio - SC,SC,2946.0,,46145.38648806603,32931.24676209556,71.36411517674064,41.67779863281251,0.09031845175593249,Mata Atlântica,ok,
4216008,São Carlos - SC,SC,10282.0,0.6,16213.12677974848,4388.970830969166,27.07047746306005,287.5862266052232,1.7737863307430737,Mata Atlântica,ok,
4216057,São Cristóvão do Sul - SC,SC,6084.0,1.0,34591.33083040685,13814.272463719934,39.935648996703996,213.5559665710434,0.6173684603753987,Mata Atlântica,ok,
4216107,São Domingos - SC,SC,9226.0,0.9,36750.36991860185,6220.375395489483,16.926021178200248,320.9664481933578,0.8733692991506324,Mata Atlântica,ok,
4216206,São Francisco do Sul - SC,SC,52674.0,1.1,49314.671984087945,26328.259300677244,53.38828839654944,2951.523580719024,5.9850820495599635,Mata Atlântica,ok,
4216255,São João do Oeste - SC,SC,6295.0,0.4,16359.735384784053,6183.792616491744,37.79885475557996,202.7482049926757,1.2393122518427089,Mata Atlântica,ok,
4216305,São João Batista - SC,SC,32687.0,1.0,20077.77805286902,12737.60059663107,63.441285998332496,967.9880273315573,4.821190994255644,Mata Atlântica,ok,
4216354,São João do Itaperiú - SC,SC,4463.0,0.8,15188.972305938456,4385.126581030016,28.87046267979273,190.1937324157714,1.2521830218981376,Mata Atlântica,ok,
4216404,São João do Sul - SC,SC,8668.0,1.3,18438.3407939944,2715.162293579088,14.72563244119802,281.3345223510759,1.5258125744302877,Mata Atlântica,ok,
4216503,São Joaquim - SC,SC,25939.0,1.2,188862.37700967648,165572.24971424165,87.66820175399913,612.3388703491095,0.3242249091875699,Mata Atlântica,ok,
4216602,São José - SC,SC,270299.0,1.6,11436.891336999035,4673.834557201772,40.86630203507867,4349.854483703572,38.03353862103708,Mata Atlântica,ok,
4216701,São José do Cedro - SC,SC,14167.0,0.6,28013.208011706283,6697.868970385744,23.909682059929764,454.5350886047271,1.6225742100468608,Mata Atlântica,ok,
4216800,São José do Cerrito - SC,SC,8708.0,0.5,94872.16324718694,46987.74983059508,49.527435890936445,131.2710257507322,0.13836621961355405,Mata Atlântica,ok,
4216909,São Lourenço do Oeste - SC,SC,24791.0,0.7,35618.896496569505,7431.805043713581,20.864781828458234,820.5077795532261,2.3035743952153322,Mata Atlântica,ok,
4217006,São Ludgero - SC,SC,13509.0,0.3,10677.241959503226,4280.587090032963,40.09075664172851,497.3160290771443,4.657719952056633,Mata Atlântica,ok,
4217105,São Martinho - SC,SC,3405.0,0.4,22455.243322784812,11076.53395521894,49.32716068135338,86.57001245727514,0.38552248672110606,Mata Atlântica,ok,
4217154,São Miguel da Boa Vista - SC,SC,1781.0,0.2,7277.010956335561,2211.066711328262,30.384270747912616,30.51312155761717,0.41930844601864486,Mata Atlântica,ok,
4217204,São Miguel do Oeste - SC,SC,44330.0,0.6,23384.393786908422,7396.68209399418,31.63084816906888,1458.637109668005,6.237652012534155,Mata Atlântica,ok,
4217253,São Pedro de Alcântara - SC,SC,5776.0,0.7,13920.10304108799,9641.866426000252,69.26576906464226,135.3447478332512,0.9722970256308728,Mata Atlântica,ok,
4217303,Saudades - SC,SC,10265.0,0.7,20579.048361850037,6382.233484928394,31.013258595377717,200.8752288635249,0.9761152475636945,Mata Atlântica,ok,
4217402,Schroeder - SC,SC,20061.0,0.7,16522.921531037213,12515.63202359702,75.74708867367816,703.5020548645047,4.257734042632974,Mata Atlântica,ok,
4217501,Seara - SC,SC,18620.0,0.5,30961.663579843676,11555.736821249255,37.32272586532509,318.9725239318888,1.030217653225658,Mata Atlântica,ok,
4217550,Serra Alta - SC,SC,3303.0,0.9,9056.106917706193,2680.244485510175,29.5959898648044,111.5296539245608,1.231540825854229,Mata Atlântica,ok,
4217600,Siderópolis - SC,SC,13714.0,0.7,26197.909687792282,18240.796644689155,69.6269162771754,477.0201221679615,1.8208327605245684,Mata Atlântica,ok,
4217709,Sombrio - SC,SC,29991.0,0.9,14343.422680816728,1664.92269182738,11.607569050127008,1001.689946801758,6.983618687758847,Mata Atlântica,ok,
4217758,Sul Brasil - SC,SC,2832.0,0.3,11314.84364605722,3535.935905584647,31.25041773614594,52.19593988647454,0.46130500357963666,Mata Atlântica,ok,
4217808,Taió - SC,SC,18310.0,0.9,69386.98503484965,35000.351672159566,50.44224310161426,483.1403077758787,0.6962981710953735,Mata Atlântica,ok,
4217907,Tangará - SC,SC,8143.0,0.7,39003.56913765146,13491.245233690257,34.58977096705415,159.3698076232904,0.408603138499562,Mata Atlântica,ok,
4217956,Tigrinhos - SC,SC,2329.0,0.4,5697.366168170158,1183.46888801269,20.772210405300118,52.85957551269526,0.927789683029489,Mata Atlântica,ok,
4218004,Tijucas - SC,SC,51592.0,1.0,27919.30824921839,11310.96258796357,40.51304741148171,1686.178624456776,6.039471355827669,Mata Atlântica,ok,
4218103,Timbé do Sul - SC,SC,5386.0,1.0,32849.90297741945,24545.672546065554,74.72068505936805,114.0723393249506,0.34725320011861915,Mata Atlântica,ok,
4218202,Timbó - SC,SC,46099.0,1.2,12830.707933537771,6210.05642523694,48.399951564673025,1707.446038128642,13.307496725614056,Mata Atlântica,ok,
4218251,Timbó Grande - SC,SC,7342.0,2.4,59633.41140282636,26674.08547497399,44.73010154456761,186.5693985656727,0.3128605159033886,Mata Atlântica,ok,
4218301,Três Barras - SC,SC,19746.0,1.0,43647.15233924466,17410.39307980817,39.88895528507111,669.0805945983902,1.5329306924722252,Mata Atlântica,ok,
4218350,Treviso - SC,SC,3782.0,0.7,15662.747866033687,11594.950268255376,74.02883815425672,96.75890499877934,0.617764557192491,Mata Atlântica,ok,
4218400,Treze de Maio - SC,SC,7362.0,0.6,15981.48081513057,4413.720484954834,27.617719133862213,201.7634345703109,1.2624827255011941,Mata Atlântica,ok,
4218509,Treze Tílias - SC,SC,8787.0,0.8,17692.565863624917,5134.290003457505,29.01947655887134,227.2373030944821,1.2843660147772646,Mata Atlântica,ok,
4218608,Trombudo Central - SC,SC,7274.0,1.5,10964.232419848526,3357.560098620426,30.622846817276894,268.2215388488762,2.4463321149897856,Mata Atlântica,ok,
4218707,Tubarão - SC,SC,110088.0,1.2,30149.83380755674,6797.220824670521,22.544803623318376,3346.610378583039,11.09992977057222,Mata Atlântica,ok,
4218756,Tunápolis - SC,SC,4916.0,0.4,13246.951081224608,4783.218290105016,36.10806940235816,89.95360373535178,0.6790513770587281,Mata Atlântica,ok,
4218806,Turvo - SC,SC,13043.0,0.8,23509.8921492985,4092.288026782264,17.40666439809411,451.1932626831052,1.9191634730513563,Mata Atlântica,ok,
4218855,União do Oeste - SC,SC,2774.0,0.1,9283.886252331766,2239.617399127224,24.123705722533124,82.75797319946231,0.891415199951169,Mata Atlântica,ok,
4218905,Urubici - SC,SC,10834.0,0.6,102135.15517240993,89589.11736024567,87.71623953477543,294.3348806640613,0.28818175305770805,Mata Atlântica,ok,
4218954,Urupema - SC,SC,2656.0,1.2,35047.49102655149,31464.737573908653,89.77743242753499,48.54755137329124,0.13851933462658508,Mata Atlântica,ok,
4219002,Urussanga - SC,SC,20919.0,1.5,25492.87453015202,12090.102219086028,47.42541765851593,561.9166817809979,2.2042107535436375,Mata Atlântica,ok,
4219101,Vargeão - SC,SC,3634.0,0.4,16670.632020806697,3834.6376376281596,23.00235307720865,177.7073591979976,1.065990533389497,Mata Atlântica,ok,
4219150,Vargem - SC,SC,2627.0,0.4,35058.421989198985,16354.81620240666,46.650177830152636,51.13824604492211,0.1458657952736067,Mata Atlântica,ok,
4219176,Vargem Bonita - SC,SC,4576.0,1.2,29977.780081862562,12556.362428940272,41.88556455698746,164.6295279113769,0.5491718448190985,Mata Atlântica,ok,
4219200,Vidal Ramos - SC,SC,6189.0,1.2,34692.834874786095,19044.06158735923,54.89335667175469,225.8133388183604,0.6508933029928782,Mata Atlântica,ok,
4219309,Videira - SC,SC,55466.0,1.0,38412.30298836798,12155.152337804799,31.64390414572546,1354.695734545934,3.5267235472868244,Mata Atlântica,ok,
4219358,Vitor Meireles - SC,SC,5370.0,0.8,37039.835886525725,23741.19671320428,64.09638742983958,129.6266310791018,0.3499654573962546,Mata Atlântica,ok,
4219408,Witmarsum - SC,SC,4255.0,1.0,15379.008875465966,6173.530224976168,40.142575343881624,149.6977471313481,0.9733900821798728,Mata Atlântica,ok,
4219507,Xanxerê - SC,SC,51607.0,0.7,37743.214784101874,6922.441113819314,18.340888960881973,1860.139623737096,4.9284080181760785,Mata Atlântica,ok,
4219606,Xavantina - SC,SC,3653.0,1.0,21805.48852850317,6079.904008013589,27.88244803626485,49.33870582275382,0.22626737189703613,Mata Atlântica,ok,
4219705,Xaxim - SC,SC,31918.0,0.7,29361.509908124055,7495.067279398823,25.526845529578875,905.6036702392416,3.0843225470113493,Mata Atlântica,ok,
4219853,Zortéa - SC,SC,3930.0,0.7,19004.240699217986,7249.9595377928545,38.149167086118766,159.8304575073238,0.8410252218806129,Mata Atlântica,ok,
4220000,Balneário Rincão - SC,SC,15981.0,1.6,6351.496164617921,999.1684370727551,15.731229480052136,1549.650661541775,24.398198808248754,Mata Atlântica,ok,
4300034,Aceguá - RS,RS,4170.0,2.8,155135.3766072381,65402.97627749178,42.15864731039064,81.6178873779299,0.052610751437156,Pampa,ok,
4300059,Água Santa - RS,RS,3912.0,0.4,29153.028246531558,5366.714793316514,18.40877300269831,84.01775499877972,0.28819563541833987,Mata Atlântica | Pampa,ok,
4300109,Agudo - RS,RS,16041.0,0.7,53466.67971441107,21670.7610482803,40.531338702970366,395.031357220462,0.7388365227287299,Mata Atlântica,ok,
4300208,Ajuricaba - RS,RS,6720.0,0.6,32268.226489195982,2732.035591552736,8.466643162020304,218.9008034423809,0.6783787869955389,Mata Atlântica | Pampa,ok,
4300307,Alecrim - RS,RS,6123.0,0.4,31435.46992833802,12201.914424157252,38.8157531984519,146.3559896545414,0.4655759560400476,Mata Atlântica,ok,
4300406,Alegrete - RS,RS,72409.0,1.1,780054.9261710875,477182.74800842645,61.172967697375604,1673.352504919437,0.2145172665126436,Pampa,ok,
4300455,Alegria - RS,RS,3651.0,0.9,17277.98069207166,4131.800388232457,23.9136763830765,105.2218218627928,0.6089937460751759,Mata Atlântica | Pampa,ok,
4300471,Almirante Tamandaré do Sul - RS,RS,1969.0,1.2,26503.624117417487,5863.592436962791,22.123738289471863,76.7930404357907,0.2897454329097745,Mata Atlântica | Pampa,ok,
4300505,Alpestre - RS,RS,7117.0,0.8,32597.286983979007,9627.42688984374,29.534442220837125,143.8652457031256,0.44134116367976517,Mata Atlântica,ok,
4300554,Alto Alegre - RS,RS,1800.0,0.4,11530.420281775261,1464.6211913573654,12.702235959883568,62.33128148193372,0.5405811753492908,Mata Atlântica,ok,
4300570,Alto Feliz - RS,RS,3072.0,0.4,7817.6532431946025,5134.500992376717,65.6782903084936,51.9700894287108,0.6647786466348022,Mata Atlântica,ok,
4300604,Alvorada - RS,RS,187315.0,1.6,7169.3916933592445,3186.1574346251764,44.44111259224966,2959.64379183343,41.28165845053275,Pampa,ok,
4300638,Amaral Ferrador - RS,RS,5310.0,0.4,50608.98003213349,31645.455538444927,62.52932882336706,63.60515087890632,0.12567957472867677,Pampa,ok,
4300646,Ametista do Sul - RS,RS,7650.0,0.7,9359.441518908754,3556.816290283209,38.00244152492882,167.7584713500978,1.7923983072192677,Mata Atlântica,ok,
4300661,André da Rocha - RS,RS,1135.0,0.3,33121.30686561105,16488.77046765599,49.78297062540075,38.88161759033195,0.11739155628155988,Mata Atlântica,ok,
4300703,Anta Gorda - RS,RS,5957.0,0.7,24208.56326330638,11285.199601990316,46.61656075681129,143.2583539001466,0.5917672698787848,Mata Atlântica,ok,
4300802,Antônio Prado - RS,RS,13045.0,0.6,34754.41819519408,22028.125477597714,63.38223058110009,330.9015686767631,0.9521136760750636,Mata Atlântica,ok,
4300851,Arambaré - RS,RS,4112.0,1.0,51818.43052730019,9537.014812707564,18.404677092030127,330.8171637878407,0.6384160238383753,Pampa,ok,
4300877,Araricá - RS,RS,8525.0,1.3,3519.691533953844,1369.2613639526126,38.90287971953194,269.9144757629387,7.6686969059396635,Mata Atlântica,ok,
4300901,Aratiba - RS,RS,6483.0,0.7,34228.318667840154,11479.7534769774,33.53875949438151,132.5326640380862,0.38720179429265894,Mata Atlântica,ok,
4301008,Arroio do Meio - RS,RS,21958.0,0.7,15710.64164437879,5371.561721252566,34.190594138938245,869.0584280090334,5.531654579620428,Mata Atlântica,ok,
4301057,Arroio do Sal - RS,RS,11057.0,0.9,11572.033035772754,2591.185598309361,22.391792265881026,1887.100646069337,16.307425326524058,Mata Atlântica,ok,
4301073,Arroio do Padre - RS,RS,2599.0,1.0,12468.331295147673,6688.147362609758,53.64107837921021,9.722782580566408,0.07797982224253412,Pampa,ok,
4301107,Arroio dos Ratos - RS,RS,14601.0,0.8,42581.63572934652,24280.867128998296,57.02192204012573,462.4761227905315,1.0860929010103786,Pampa,ok,
4301206,Arroio do Tigre - RS,RS,12058.0,1.1,31516.275191162542,8488.2494728701,26.93290822403494,301.4933706298839,0.9566275481514561,Mata Atlântica,ok,
4301305,Arroio Grande - RS,RS,17558.0,0.9,250848.2499763907,80660.27551618587,32.155008266462865,456.3729925231904,0.18193190208269072,Pampa,ok,
4301404,Arvorezinha - RS,RS,10322.0,1.4,26930.10869473212,13574.490994225527,50.406372837555146,290.2485578857418,1.0777845762743548,Mata Atlântica,ok,
4301503,Augusto Pestana - RS,RS,7149.0,1.1,34825.32994403791,5573.343915600572,16.003707429496234,218.8083492187572,0.628302300567915,Mata Atlântica | Pampa,ok,
4301552,Áurea - RS,RS,3396.0,0.4,15670.688662373255,3302.911268768436,21.077001400066262,122.1683453979495,0.7795978085588975,Mata Atlântica,ok,
4301602,Bagé - RS,RS,117938.0,1.3,409024.9312321255,254914.14035823863,62.32239672783477,3109.694914941486,0.7602702616620464,Pampa,ok,
4301636,Balneário Pinhal - RS,RS,14955.0,1.6,10234.35683923967,2695.3508456420836,26.336299270979165,1201.401495263674,11.738905669747277,Pampa,ok,
4301651,Barão - RS,RS,6461.0,0.6,12258.419329467712,6639.581484204106,54.16343906790152,107.6952705139157,0.878541250869349,Mata Atlântica,ok,
4301701,Barão de Cotegipe - RS,RS,7144.0,0.9,26045.857846611492,7886.781101824524,30.280366069227306,267.3876633789051,1.02660340447835,Mata Atlântica,ok,
4301750,Barão do Triunfo - RS,RS,5889.0,0.7,43610.99776130818,32645.175974601985,74.85537513559227,47.74247429199212,0.10947347399226301,Pampa,ok,
4301800,Barracão - RS,RS,4831.0,0.5,51549.88668578923,22270.290447754593,43.20143433776713,175.5536695800776,0.3405510290451764,Mata Atlântica,ok,
4301859,Barra do Guarita - RS,RS,3161.0,0.3,6279.277510144015,2097.277338549786,33.3999785032862,77.5007971557617,1.2342311202293752,Mata Atlântica,ok,
4301875,Barra do Quaraí - RS,RS,4241.0,0.9,105055.45509007653,30989.927513927734,29.498637160113567,83.72150762939475,0.07969267998278656,Pampa,ok,
4301909,Barra do Ribeiro - RS,RS,12225.0,1.0,72933.36207149083,25882.103358154494,35.487330657791844,417.6786535217292,0.5726853139065654,Pampa,ok,
4301925,Barra do Rio Azul - RS,RS,1696.0,0.8,14695.83705231311,5328.035308569278,36.25540545668101,24.98989807739253,0.17004746302259213,Mata Atlântica,ok,
4301958,Barra Funda - RS,RS,2498.0,0.2,6044.002286670041,688.6745882263203,11.39434691719396,118.3560477539069,1.9582396256688956,Mata Atlântica,ok,
4302006,Barros Cassal - RS,RS,9296.0,0.9,64798.150736704396,30067.979030991926,46.40252644426187,194.1038664611819,0.29955155240446285,Mata Atlântica,ok,
4302055,Benjamin Constant do Sul - RS,RS,2082.0,0.3,13236.310790258747,6162.995845837399,46.5612808847995,51.45846959838877,0.3887674625792225,Mata Atlântica,ok,
4302105,Bento Gonçalves - RS,RS,123151.0,0.8,27225.04541480985,14956.124015029593,54.935166451159624,2598.890905981441,9.545956182565995,Mata Atlântica,ok,
4302154,Boa Vista das Missões - RS,RS,1933.0,0.6,19607.885654243637,3586.9740282899,18.293527877206838,99.80608607788072,0.5090099352771378,Mata Atlântica | Pampa,ok,
4302204,Boa Vista do Buricá - RS,RS,6966.0,0.1,10954.892983563233,2929.6006590515717,26.742394137917703,263.2217969116223,2.402778350336798,Mata Atlântica,ok,
4302220,Boa Vista do Cadeado - RS,RS,2229.0,0.6,70124.12850447996,9827.39539172983,14.014285241494296,48.978306585693396,0.0698451554839136,Mata Atlântica | Pampa,ok,
4302238,Boa Vista do Incra - RS,RS,2271.0,0.4,50410.89151814262,6670.074291876323,13.231415059334543,58.21987974853545,0.11549067670739846,Pampa,ok,
4302253,Boa Vista do Sul - RS,RS,2779.0,0.3,9313.007189355409,5095.886500256299,54.71794874249427,29.00317551879889,0.31142653419132943,Mata Atlântica,ok,
4302303,Bom Jesus - RS,RS,11202.0,1.4,262284.7081458805,197318.80777441312,75.23077085556437,338.4973912109472,0.12905723463781882,Mata Atlântica,ok,
4302352,Bom Princípio - RS,RS,13142.0,0.8,9002.85036274434,4592.070867053431,51.0068554072205,499.2580614074701,5.545555477335305,Mata Atlântica,ok,
4302378,Bom Progresso - RS,RS,2096.0,1.4,8918.612577368402,1846.509217541514,20.70399629452634,69.7899007507324,0.7825197041054246,Mata Atlântica,ok,
4302402,Bom Retiro do Sul - RS,RS,12294.0,0.9,10254.177072692848,1879.3853058410862,18.32799738602077,333.7895808959969,3.255157176726425,Mata Atlântica,ok,
4302451,Boqueirão do Leão - RS,RS,6247.0,0.9,25779.46438123849,12416.250878302999,48.16333921716065,72.57849601440456,0.2815360898934153,Mata Atlântica,ok,
4302501,Bossoroca - RS,RS,5890.0,0.9,161000.69760253315,98999.97862789991,61.49040352129646,222.177697314455,0.13799797182429058,Pampa,ok,
4302584,Bozano - RS,RS,2151.0,0.6,20050.72918740946,1708.7029379760609,8.521899238702073,66.82892868042009,0.33329924341297407,Mata Atlântica,ok,
4302600,Braga - RS,RS,3268.0,0.8,13204.12963549337,2388.95952260143,18.092517936053774,130.0476987915029,0.984901711673052,Mata Atlântica,ok,
4302659,Brochier - RS,RS,4966.0,0.6,10538.414752880617,3969.6140525693936,37.668037799369415,104.3081696594236,0.989789945692843,Mata Atlântica,ok,
4302709,Butiá - RS,RS,19084.0,1.1,75221.24077200313,32141.452691229577,42.72922430068771,564.2121222595185,0.750070214834205,Pampa,ok,
4302808,Caçapava do Sul - RS,RS,32515.0,0.9,304812.4362445886,232678.1389075177,76.33485751900601,625.4047656066543,0.20517691906271665,Pampa,ok,
4302907,Cacequi - RS,RS,11157.0,0.7,237351.8709257898,125819.20943125185,53.0095713762418,464.1227265075705,0.19554205521838194,Pampa,ok,
4303004,Cachoeira do Sul - RS,RS,80070.0,0.9,373613.1355802702,133265.1551964842,35.6692906392346,1810.886561926274,0.4846956355305147,Pampa,ok,
4303103,Cachoeirinha - RS,RS,136258.0,1.5,4377.045246026602,1440.581282531733,32.91218622515874,2611.183934448238,59.65631579473894,Pampa,ok,
4303202,Cacique Doble - RS,RS,4603.0,0.8,20357.455389758703,6876.793602392603,33.780221892821324,109.7118333251955,0.5389270477310667,Mata Atlântica,ok,
4303301,Caibaté - RS,RS,4704.0,0.3,26128.952353057575,6988.013181280563,26.74432976438428,157.59689454345664,0.603150453236656,Mata Atlântica | Pampa,ok,
4303400,Caiçara - RS,RS,4836.0,0.5,18907.442172076895,6258.143537213205,33.098837379788094,112.6742726440426,0.5959255176802472,Mata Atlântica,ok,
4303509,Camaquã - RS,RS,62200.0,0.8,167926.5077057192,60960.774612308465,36.30205584882313,1581.53711969607,0.9418031383512219,Pampa,ok,
4303558,Camargo - RS,RS,2981.0,0.4,13807.042188573976,3615.3930311279437,26.185137857548256,116.6919360656751,0.8451624502331395,Mata Atlântica,ok,
4303608,Cambará do Sul - RS,RS,6361.0,0.9,118178.16245604664,82436.72059977139,69.75630597609911,245.6030178894057,0.20782436685859917,Mata Atlântica,ok,
4303673,Campestre da Serra - RS,RS,3242.0,0.5,53846.48762032635,35426.02177281662,65.79077547751463,65.30241078491211,0.1212751539995736,Mata Atlântica,ok,
4303707,Campina das Missões - RS,RS,5882.0,0.6,22481.955552875086,6095.48133646849,27.112771938956058,151.2199023559559,0.6726278859519286,Mata Atlântica | Pampa,ok,
4303806,Campinas do Sul - RS,RS,5284.0,0.4,27614.478194135852,2628.1579434143796,9.517318867797723,206.439822711182,0.7475782133555617,Mata Atlântica | Pampa,ok,
4303905,Campo Bom - RS,RS,62886.0,1.3,6055.946847955192,2386.651606701663,39.41004877722007,1910.517092303338,31.547785016449236,Mata Atlântica,ok,
4304002,Campo Novo - RS,RS,4975.0,0.7,22072.085168520964,2228.9043394836426,10.098295301354169,212.2257394042977,0.9615119631151678,Mata Atlântica,ok,
4304101,Campos Borges - RS,RS,3613.0,1.2,22621.748756450877,3497.294374237058,15.459876298200687,139.4515021362308,0.6164488149770669,Mata Atlântica | Pampa,ok,
4304200,Candelária - RS,RS,28906.0,1.5,94478.06441162858,35342.36115501809,37.40800721851798,577.9788170227006,0.6117597990836501,Mata Atlântica | Pampa,ok,
4304309,Cândido Godói - RS,RS,6294.0,0.3,24705.930723632875,5566.477121777351,22.53093471379584,120.5483986145014,0.4879330390868003,Mata Atlântica | Pampa,ok,
4304358,Candiota - RS,RS,10710.0,0.6,93360.71068205925,42028.30671608798,45.01712380833921,490.6358173156723,0.5255270806437379,Pampa,ok,
4304408,Canela - RS,RS,48946.0,1.0,25301.01794848698,15931.728526178462,62.96872544265039,1017.916607824683,4.023223926788902,Mata Atlântica,ok,
4304507,Canguçu - RS,RS,49680.0,1.2,352638.88223844854,210568.92180060904,59.712338147166044,563.2222759704581,0.1597164420427174,Pampa,ok,
4304606,Canoas - RS,RS,347657.0,1.3,13075.658195873688,3605.431892395036,27.57361685649453,7083.664834783584,54.17444176553185,Pampa,ok,
4304614,Canudos do Vale - RS,RS,1656.0,0.1,8289.58902152701,4655.733610400312,56.16362401453151,20.17407866821289,0.24336645177249883,Mata Atlântica,ok,
4304622,Capão Bonito do Sul - RS,RS,1733.0,0.6,52686.296897952874,14160.051378485161,26.876156063713314,45.53665253906254,0.08642978387200309,Mata Atlântica,ok,
4304630,Capão da Canoa - RS,RS,63594.0,1.2,9588.825229278444,1850.0050879760627,19.293344531166046,2469.533257147176,25.7542837427751,Mata Atlântica,ok,
4304655,Capão do Cipó - RS,RS,3119.0,0.5,100777.73225509615,33277.48603881206,33.020673609302484,120.7139509460456,0.11978236485862313,Pampa,ok,
4304663,Capão do Leão - RS,RS,26487.0,1.4,78319.04536215,35712.58638205369,45.5988530208935,729.9545056091107,0.9320268170197626,Pampa,ok,
4304671,Capivari do Sul - RS,RS,3991.0,0.9,41295.28233174439,9128.919952007982,22.106447605009894,209.6612181762695,0.5077122768939137,Pampa,ok,
4304689,Capela de Santana - RS,RS,11159.0,1.1,18276.557833703435,7208.962804437225,39.44376654526992,205.323272149658,1.1234241918958365,Mata Atlântica | Pampa,ok,
4304697,Capitão - RS,RS,2921.0,0.6,7398.73904327391,3418.7033365538905,46.20656731584263,73.5403361694336,0.9939576965657153,Mata Atlântica,ok,
4304705,Carazinho - RS,RS,61804.0,0.8,66666.50542076856,11466.12404901715,17.19922767309942,2163.4650794190043,3.2452054682695604,Mata Atlântica | Pampa,ok,
4304713,Caraá - RS,RS,7394.0,1.4,29461.11700634919,17878.023721424852,60.683455137060626,42.42799011840827,0.14401351486185868,Mata Atlântica,ok,
4304804,Carlos Barbosa - RS,RS,30420.0,1.0,23007.42306081598,12802.59823615775,55.64551146087238,846.987469140623,3.6813660830322634,Mata Atlântica,ok,
4304853,Carlos Gomes - RS,RS,1368.0,0.9,8320.04230970439,2747.247776849307,33.0196370954142,21.98569286499016,0.2642497723761132,Mata Atlântica,ok,
4304903,Casca - RS,RS,9465.0,0.5,27204.420416937406,6815.955566455184,25.054588416122208,382.2698701965313,1.405175571976277,Mata Atlântica,ok,
4304952,Caseiros - RS,RS,3000.0,1.2,23564.37271842541,7177.660670751811,30.459799446048773,114.7442101562491,0.4869393788977396,Mata Atlântica,ok,
4305009,Catuípe - RS,RS,8674.0,0.7,58317.44529101727,8037.59796491088,13.782493257037315,299.9079634704514,0.5142680067239618,Mata Atlântica | Pampa,ok,
4305108,Caxias do Sul - RS,RS,463501.0,1.2,165227.92078206886,118707.92219170611,71.84495309862226,9561.470274353047,5.786836891184007,Mata Atlântica,ok,
4305116,Centenário - RS,RS,2721.0,0.1,13478.345005951069,3793.5030479064917,28.145169501385762,84.25360510253921,0.6251034905645974,Mata Atlântica,ok,
4305124,Cerrito - RS,RS,5808.0,0.3,45168.30275600098,25932.706714240652,57.41350710990636,146.8252473266609,0.32506257345955725,Pampa,ok,
4305132,Cerro Branco - RS,RS,3802.0,0.7,15801.648019439319,8209.718855480633,51.95482677111253,71.7856391235353,0.45429210317318813,Mata Atlântica | Pampa,ok,
4305157,Cerro Grande - RS,RS,2379.0,0.6,7343.831851543922,1067.2579217651507,14.532711850432372,62.44356464233451,0.8502858712540751,Mata Atlântica,ok,
4305173,Cerro Grande do Sul - RS,RS,9178.0,1.5,32491.44399868811,21592.863924536785,66.4570769012563,135.2025599914546,0.4161174246269682,Pampa,ok,
4305207,Cerro Largo - RS,RS,13705.0,0.5,17675.415728289816,4756.578381604014,26.910701590973197,585.6292402770889,3.3132416757801,Mata Atlântica,ok,
4305306,Chapada - RS,RS,9540.0,0.4,68422.26391260664,9818.39739322514,14.349711383075302,280.0246599304219,0.40925956540708386,Mata Atlântica | Pampa,ok,
4305355,Charqueadas - RS,RS,35012.0,1.1,21735.960749872003,7216.532821380912,33.20089185118448,1204.421753375226,5.54114799541271,Pampa,ok,
4305371,Charrua - RS,RS,2768.0,1.2,19877.20465632935,7369.531735980186,37.07529234314927,39.12463762207055,0.1968316888542594,Mata Atlântica,ok,
4305405,Chiapetta - RS,RS,3913.0,0.6,39719.651383566415,8662.117022674416,21.808139600787825,141.3348711608874,0.35583109679397434,Mata Atlântica | Pampa,ok,
4305439,Chuí - RS,RS,6262.0,0.9,20239.65768804931,11043.606090826357,54.56419402462106,214.5916098693862,1.0602531583135113,Pampa,ok,
4305447,Chuvisca - RS,RS,4597.0,0.4,22046.114209069892,14509.906571472278,65.81616349199,68.14666734008806,0.30910965394551093,Pampa,ok,
4305454,Cidreira - RS,RS,17071.0,1.3,24318.580010150254,8031.4357014954785,33.025923792192074,1210.757468487553,4.9787342352316575,Pampa,ok,
4305504,Ciríaco - RS,RS,4149.0,0.8,27433.17957120368,6661.2853688109735,24.281856762251703,116.3212255004855,0.4240165643161053,Mata Atlântica,ok,
4305587,Colinas - RS,RS,2423.0,1.7,6073.4640490844795,2275.343531182867,37.463686502365235,49.5417342163087,0.8157080344252086,Mata Atlântica,ok,
4305603,Colorado - RS,RS,3258.0,0.2,28627.212720240273,3529.0907161560503,12.327748253538076,139.9334733276376,0.4888127764834771,Mata Atlântica | Pampa,ok,
4305702,Condor - RS,RS,6406.0,0.6,46356.29015912781,7337.099941290359,15.827625368864084,212.17196103515167,0.4576983194876603,Mata Atlântica | Pampa,ok,
4305801,Constantina - RS,RS,10385.0,0.8,20360.838988050185,3568.142712591542,17.5245367574769,319.4970594909682,1.569174333525655,Mata Atlântica,ok,
4305835,Coqueiro Baixo - RS,RS,1290.0,0.6,11265.617479614328,6023.686225329664,53.469649899171635,19.02756621093755,0.1688994522081798,Mata Atlântica,ok,
4305850,Coqueiros do Sul - RS,RS,2211.0,0.9,27715.830978175116,6630.255973736604,23.92227019625575,96.5498701660153,0.34835639689837794,Mata Atlântica | Pampa,ok,
4305871,Coronel Barros - RS,RS,2822.0,0.7,16371.14197201589,2525.697603735372,15.4277423532988,135.7674380065953,0.829309514502227,Mata Atlântica | Pampa,ok,
4305900,Coronel Bicaco - RS,RS,6144.0,1.4,49231.005793246426,6104.402991760351,12.399508995198634,215.3126608337412,0.43735174076674677,Mata Atlântica | Pampa,ok,
4305934,Coronel Pilar - RS,RS,1607.0,0.5,10566.079306884783,6031.992850781261,57.08827915810603,19.63613635864264,0.1858412736486643,Mata Atlântica,ok,
4305959,Cotiporã - RS,RS,3846.0,0.8,17318.585855780348,10386.859711639763,59.97521852035619,122.5281473144523,0.7074951057482365,Mata Atlântica,ok,
4305975,Coxilha - RS,RS,2667.0,2.6,42212.209368239535,7385.145758392347,17.495283636939718,97.41770673217805,0.2307808764103097,Mata Atlântica | Pampa,ok,
4306007,Crissiumal - RS,RS,12886.0,1.2,36182.29928101202,8358.859926837158,23.102069500662648,336.1603454467744,0.9290740282588585,Mata Atlântica,ok,
4306056,Cristal - RS,RS,7299.0,0.5,67973.50377240538,31929.759037786163,46.973831369199495,208.9495890563973,0.3073985854194304,Pampa,ok,
4306072,Cristal do Sul - RS,RS,2692.0,0.5,9707.91698255611,2188.207776690817,22.540445912575763,83.77102974243174,0.8629145664611432,Mata Atlântica,ok,
4306106,Cruz Alta - RS,RS,58913.0,0.8,136055.91685397795,18827.37395516372,13.83796779332295,2121.855413030965,1.5595465909125046,Mata Atlântica | Pampa,ok,
4306130,Cruzaltense - RS,RS,1635.0,,16690.56936603406,2641.046462414552,15.823585190503936,40.81373053588877,0.24453168517394175,Mata Atlântica | Pampa,ok,
4306205,Cruzeiro do Sul - RS,RS,11600.0,0.8,15551.745556384125,2681.7818626281887,17.244249868319727,273.0388824340822,1.7556799745993619,Mata Atlântica,ok,
4306304,David Canabarro - RS,RS,4321.0,0.1,17417.13911166494,4441.567244287207,25.501129753924488,111.9371742797842,0.6426840456525693,Mata Atlântica,ok,
4306320,Derrubadas - RS,RS,2751.0,1.6,35973.702344662335,21350.31150061871,59.349775277680315,75.78379541015583,0.21066443115605643,Mata Atlântica,ok,
4306353,Dezesseis de Novembro - RS,RS,2507.0,0.4,21634.105822961163,17652.368865319542,81.59509345925618,46.53383395996099,0.21509478755795272,Mata Atlântica | Pampa,ok,
4306379,Dilermando de Aguiar - RS,RS,2806.0,0.3,60048.80207949871,28284.397191754422,47.10235044207653,56.01261702880873,0.09327849197499981,Pampa,ok,
4306403,Dois Irmãos - RS,RS,30709.0,1.7,6751.555706677246,3773.8665124267563,55.896250825486426,809.2770710021948,11.986527345124692,Mata Atlântica,ok,
4306429,Dois Irmãos das Missões - RS,RS,2090.0,0.6,22607.90077241544,4839.281633868413,21.405267488492175,55.271142498779305,0.2444771102596896,Mata Atlântica | Pampa,ok,
4306452,Dois Lajeados - RS,RS,3097.0,0.7,13353.84478133566,6412.619367157208,48.02077208595362,94.6095290710454,0.7084815693176156,Mata Atlântica,ok,
4306502,Dom Feliciano - RS,RS,13051.0,1.3,135518.9064858101,89319.314639792,65.90911700512021,124.4990489562989,0.0918683984284768,Pampa,ok,
4306551,Dom Pedro de Alcântara - RS,RS,2562.0,0.2,7820.596218402081,1974.8022674743638,25.251300697862384,56.81578775634774,0.7264892109204999,Mata Atlântica,ok,
4306601,Dom Pedrito - RS,RS,36981.0,1.1,519411.7619169053,247330.68268856747,47.617458983944815,1210.637280371109,0.23307852635127368,Pampa,ok,
4306700,Dona Francisca - RS,RS,3079.0,0.1,11415.007961798045,4243.98092094717,37.17895716893285,122.4913907104493,1.0730731955718669,Mata Atlântica,ok,
4306734,Doutor Maurício Cardoso - RS,RS,4470.0,0.3,25432.427975523617,3507.159230419899,13.790107785993607,135.344101593017,0.5321713747632484,Mata Atlântica,ok,
4306759,Doutor Ricardo - RS,RS,1888.0,0.4,10796.937808056693,5336.545606823727,49.426473521423716,77.34844324340803,0.7163924125384004,Mata Atlântica,ok,
4306767,Eldorado do Sul - RS,RS,39559.0,1.3,50961.66713927658,19568.16550429704,38.397812714442566,1058.001656311011,2.0760734797382647,Pampa,ok,
4306809,Encantado - RS,RS,22962.0,0.9,14000.320124261398,7161.8803795592385,51.15511871152354,720.4021131408591,5.145611719923902,Mata Atlântica,ok,
4306908,Encruzilhada do Sul - RS,RS,23819.0,1.0,334785.4324570563,197423.5813726078,58.97018275964913,514.3053525085477,0.15362238097815645,Pampa,ok,
4306924,Engenho Velho - RS,RS,1296.0,0.3,7118.9482914307355,1342.700680346692,18.860941607947005,48.02168132324224,0.6745614570771247,Mata Atlântica | Pampa,ok,
4306932,Entre-Ijuís - RS,RS,9158.0,0.6,55392.48683770844,13083.063495513921,23.6188411866131,285.0682109496962,0.5146333505208075,Mata Atlântica | Pampa,ok,
4306957,Entre Rios do Sul - RS,RS,2685.0,0.7,11990.09678983138,4076.786464892571,34.00128069316365,100.6473468322754,0.8394206368511795,Mata Atlântica | Pampa,ok,
4306973,Erebango - RS,RS,3054.0,0.9,15280.224167681863,2484.8591181274724,16.261928430232224,143.32508098144476,0.9379776069292337,Mata Atlântica | Pampa,ok,
4307005,Erechim - RS,RS,105705.0,0.8,42914.92277105755,10847.94382523178,25.2777894605645,3201.632735266131,7.460418261373078,Mata Atlântica | Pampa,ok,
4307054,Ernestina - RS,RS,3034.0,0.6,23857.728855487883,3585.235340234378,15.027563444747937,107.0182755859393,0.4485685801619058,Mata Atlântica | Pampa,ok,
4307104,Herval - RS,RS,6191.0,0.6,175968.1817226236,136504.4829877356,77.57338949089437,118.834436358643,0.06753177488982652,Pampa,ok,
4307203,Erval Grande - RS,RS,4930.0,0.8,28569.162934062897,10422.105868907402,36.480263327845584,160.4759866699215,0.5617104954747787,Mata Atlântica,ok,
4307302,Erval Seco - RS,RS,6787.0,0.9,35718.6121073502,14875.610712262194,41.64666495874592,167.4016182250977,0.4686677570841273,Mata Atlântica | Pampa,ok,
4307401,Esmeralda - RS,RS,3195.0,1.4,82959.10554058159,38611.46438790476,46.54276843548773,104.5238839599612,0.1259944683333533,Mata Atlântica,ok,
4307450,Esperança do Sul - RS,RS,3226.0,0.5,14862.534344696147,4323.799517297527,29.091939618228846,63.13811670532212,0.4248139330816997,Mata Atlântica,ok,
4307500,Espumoso - RS,RS,15173.0,1.2,78367.82195405704,15179.8301981329,19.369978416692557,419.5655967834464,0.5353799382473788,Mata Atlântica,ok,
4307559,Estação - RS,RS,5582.0,0.4,9974.587264300555,1355.5619289550837,13.590155592770175,214.63014268798582,2.1517696622511453,Mata Atlântica | Pampa,ok,
4307609,Estância Velha - RS,RS,47924.0,1.0,5177.302837072804,1880.1004226622988,36.314283360045614,1344.554968219065,25.970181975664826,Mata Atlântica,ok,
4307708,Esteio - RS,RS,76137.0,1.5,2766.5793528747768,324.779350744629,11.739383163079996,1623.172680828882,58.670743679997074,Pampa,ok,
4307807,Estrela - RS,RS,32183.0,1.0,18502.425311480893,3164.623015216086,17.103828076270702,1043.991627465829,5.6424582717705904,Mata Atlântica,ok,
4307815,Estrela Velha - RS,RS,3070.0,0.4,28160.70229069873,8041.561136346393,28.555968005820866,84.47313875122063,0.29996815377406794,Mata Atlântica | Pampa,ok,
4307831,Eugênio de Castro - RS,RS,2633.0,0.5,41777.40640070837,8581.971130127029,20.54213477929428,116.3631753417969,0.27853135310913857,Mata Atlântica | Pampa,ok,
4307864,Fagundes Varela - RS,RS,2566.0,0.1,13428.499278436177,6038.361093249375,44.96676038063261,81.50618135986295,0.6069641861674568,Mata Atlântica,ok,
4307906,Farroupilha - RS,RS,70286.0,0.9,36131.1079482916,18509.385313764054,51.2283911698845,2053.698312902872,5.684016985701037,Mata Atlântica,ok,
4308003,Faxinal do Soturno - RS,RS,6702.0,0.4,16949.671874242395,6466.416606127244,38.150689016900365,265.9099468933115,1.5688206170964412,Mata Atlântica,ok,
4308052,Faxinalzinho - RS,RS,2520.0,1.3,14329.734193005284,4731.748605596803,33.0204911121554,105.5253612548826,0.7364083648278157,Mata Atlântica,ok,
4308078,Fazenda Vilanova - RS,RS,4291.0,0.7,8479.05688008425,1556.0343568115195,18.35150275340597,148.267054656983,1.7486267252816186,Mata Atlântica,ok,
4308102,Feliz - RS,RS,13764.0,0.6,9464.609692932234,5508.752616381949,58.20369561034989,328.9357200134253,3.4754282604919293,Mata Atlântica,ok,
4308201,Flores da Cunha - RS,RS,30892.0,1.0,27623.99358063302,15161.005761803583,54.8834683064539,1158.124778594975,4.192459628309962,Mata Atlântica,ok,
4308250,Floriano Peixoto - RS,RS,1668.0,0.1,16854.919537958605,6634.213340246968,39.36069421931204,33.52981686401381,0.19893193075470947,Mata Atlântica,ok,
4308300,Fontoura Xavier - RS,RS,9550.0,0.6,58322.102901651095,33050.5757039941,56.669039797360334,179.0992590820318,0.3070864220792037,Mata Atlântica,ok,
4308409,Formigueiro - RS,RS,6413.0,1.0,57887.6044116885,21362.68533684739,36.90373017497662,135.4787609436035,0.23403760152190373,Pampa,ok,
4308433,Forquetinha - RS,RS,2393.0,0.2,9327.841673974432,4350.16869690533,46.63639080670415,71.65992363281244,0.7682369205810007,Mata Atlântica,ok,
4308458,Fortaleza dos Valos - RS,RS,4477.0,0.4,65053.75176326755,8763.434064807243,13.471066352479758,184.3480524719199,0.2833780488829725,Mata Atlântica | Pampa,ok,
4308508,Frederico Westphalen - RS,RS,32627.0,1.2,26488.164107330602,8073.819942096103,30.480858957913483,985.7376524414115,3.721426854829129,Mata Atlântica,ok,
4308607,Garibaldi - RS,RS,34335.0,0.9,16849.719010150708,8638.703593664999,51.26912554720242,1287.462712341302,7.640855681722057,Mata Atlântica,ok,
4308656,Garruchos - RS,RS,2688.0,0.2,80002.18469804162,46472.71479185924,58.08930714487956,68.18887015380862,0.08523376006690206,Pampa,ok,
4308706,Gaurama - RS,RS,5665.0,0.6,20446.79260825711,6035.145556475662,29.51634357575703,136.6723665710434,0.6684293678209973,Mata Atlântica,ok,
4308805,General Câmara - RS,RS,7612.0,1.4,51000.57724130323,20867.734085791424,40.91666254493198,173.685625622558,0.3405561956696782,Mata Atlântica | Pampa,ok,
4308854,Gentil - RS,RS,1744.0,0.2,18470.873315973287,3901.2198435973614,21.120927943475497,56.85852890624962,0.3078280486991341,Mata Atlântica,ok,
4308904,Getúlio Vargas - RS,RS,16602.0,0.9,28746.15282156702,4945.638397491449,17.204522734537704,629.2284313110301,2.188913539897926,Mata Atlântica,ok,
4309001,Giruá - RS,RS,16013.0,0.5,85558.55565037808,14195.885102672948,16.59201116096706,548.6281665832566,0.6412312157595805,Mata Atlântica | Pampa,ok,
4309050,Glorinha - RS,RS,7658.0,1.4,32395.636876409233,21919.39663508236,67.66157034882757,202.3487256957995,0.6246172176449831,Mata Atlântica | Pampa,ok,
4309100,Gramado - RS,RS,40134.0,0.7,23936.18289606362,17476.993358081432,73.0149557845983,826.094142834483,3.4512359235454237,Mata Atlântica,ok,
4309126,Gramado dos Loureiros - RS,RS,2014.0,0.5,13138.9910083619,4654.123122912472,35.4222262573321,40.17886962890632,0.3057987451497283,Mata Atlântica | Pampa,ok,
4309159,Gramado Xavier - RS,RS,3304.0,0.6,21679.316297669055,10747.095378436912,49.57303648728273,29.41588167724608,0.13568639007498987,Mata Atlântica,ok,
4309209,Gravataí - RS,RS,265074.0,1.6,46835.39185036065,30834.127532892293,65.83510100952611,5735.635779529003,12.246370859572165,Mata Atlântica | Pampa,ok,
4309258,Guabiju - RS,RS,1417.0,0.1,14694.316364422912,4675.393977777095,31.81770326584847,51.202977850342,0.3484543042390995,Mata Atlântica,ok,
4309308,Guaíba - RS,RS,92924.0,1.2,37767.38675468086,21990.54113699329,58.226271464937405,2085.168016516111,5.521081005843427,Pampa,ok,
4309407,Guaporé - RS,RS,25268.0,1.7,29755.444886455454,14872.017374132462,49.98082680626341,725.6990935730007,2.4388783173708677,Mata Atlântica,ok,
4309506,Guarani das Missões - RS,RS,7415.0,0.6,28946.523204859306,5777.8455399657805,19.960412858825972,236.0803686828564,0.8155741779835761,Mata Atlântica | Pampa,ok,
4309555,Harmonia - RS,RS,5378.0,0.4,4854.173938128685,1921.4682060851967,39.58383507835187,149.1769915649425,3.0731694716001705,Mata Atlântica,ok,
4309571,Herveiras - RS,RS,2565.0,1.2,11799.369291174336,6375.357929589899,54.03134500043595,34.51681524047843,0.29253101914774576,Mata Atlântica,ok,
4309605,Horizontina - RS,RS,18851.0,0.5,22969.100784990165,3625.7342024841755,15.785268376085138,735.7348995971777,3.2031506434852046,Mata Atlântica,ok,
4309654,Hulha Negra - RS,RS,5976.0,1.0,82261.61263118905,37791.41193746982,45.940519190771866,124.0559161254881,0.15080656962279507,Pampa,ok,
4309704,Humaitá - RS,RS,4681.0,0.8,13504.956830640636,1647.522739117431,12.199392858327835,152.9130809387187,1.132273748493463,Mata Atlântica,ok,
4309753,Ibarama - RS,RS,3732.0,0.5,19541.713022333086,10018.845918359793,51.269025939076265,59.1365786071775,0.30261716841094605,Mata Atlântica,ok,
4309803,Ibiaçá - RS,RS,4527.0,0.3,34878.10394746537,6309.438966686974,18.089971221458807,147.3264044250522,0.4224037082031764,Mata Atlântica,ok,
4309902,Ibiraiaras - RS,RS,6776.0,0.5,28080.982392412814,7410.210096203669,26.38871387279467,143.2006199096624,0.5099558765734411,Mata Atlântica,ok,
4309951,Ibirapuitã - RS,RS,3723.0,1.4,30717.495714533954,6816.761606665031,22.19178825648761,110.516724261474,0.35978429129944706,Mata Atlântica,ok,
4310009,Ibirubá - RS,RS,21583.0,0.8,60718.94574535308,7015.601422522103,11.55422139894288,637.2292836608949,1.0494735635453012,Mata Atlântica | Pampa,ok,
4310108,Igrejinha - RS,RS,32808.0,1.0,13811.716884783864,9073.043811737032,65.6909194376309,832.4584051269553,6.027189900222041,Mata Atlântica,ok,
4310207,Ijuí - RS,RS,84780.0,1.0,68897.50069690566,8469.922698529212,12.293512265111259,2415.294591094827,3.5056345537412263,Mata Atlântica | Pampa,ok,
4310306,Ilópolis - RS,RS,4157.0,0.8,12360.39109433014,6306.944248620991,51.02544248388761,129.1935867675802,1.0452224835089794,Mata Atlântica,ok,
4310330,Imbé - RS,RS,26824.0,1.6,3916.444880712886,1320.584238177501,33.718953755251704,1874.993559234602,47.87488695342773,Pampa,ok,
4310363,Imigrante - RS,RS,3080.0,0.4,7173.358113360778,4157.929475195505,57.96350062951869,84.74008265991252,1.1813167741072261,Mata Atlântica,ok,
4310405,Independência - RS,RS,6427.0,0.6,35828.661917864214,7263.952861187801,20.27413939666551,240.1473668701165,0.6702660775349211,Mata Atlântica | Pampa,ok,
4310413,Inhacorá - RS,RS,2014.0,0.4,11374.03918670076,1661.0190370483442,14.60359868454218,69.58225025024413,0.6117637640250445,Mata Atlântica | Pampa,ok,
4310439,Ipê - RS,RS,5399.0,0.2,59902.68625257255,37243.78980808295,62.173822474419495,142.0718671691879,0.2371711121103297,Mata Atlântica,ok,
4310462,Ipiranga do Sul - RS,RS,1720.0,0.3,15870.334334662157,2471.4142129455627,15.572540318497161,58.14141166381835,0.3663527839916553,Mata Atlântica | Pampa,ok,
4310504,Iraí - RS,RS,7482.0,0.3,18186.322440918288,4713.332753661991,25.916909638956113,184.2767352478043,1.0132710219257477,Mata Atlântica,ok,
4310538,Itaara - RS,RS,5572.0,0.5,17281.87762028165,7955.833186431634,46.03569913661947,160.6673052429203,0.9296866276518733,Mata Atlântica | Pampa,ok,
4310553,Itacurubi - RS,RS,2995.0,0.7,112028.87610394394,82501.3896385319,73.64296823078408,89.03514517211953,0.0794751748553738,Pampa,ok,
4310579,Itapuca - RS,RS,1937.0,0.5,18468.84294026453,7951.637759942456,43.05433635264085,38.51311055908196,0.208530175299278,Mata Atlântica,ok,
4310603,Itaqui - RS,RS,35768.0,0.9,339303.63766243734,97771.1695233273,28.815243537293522,984.232227154541,0.29007417484092024,Pampa,ok,
4310652,Itati - RS,RS,2638.0,1.0,20507.657062793747,16936.158096533956,82.58455875615638,24.82379992675782,0.12104649424723747,Mata Atlântica,ok,
4310702,Itatiba do Sul - RS,RS,3208.0,1.0,21271.206949817028,8273.636921618721,38.89594483819307,83.26540506591769,0.3914465467914313,Mata Atlântica,ok,
4310751,Ivorá - RS,RS,1929.0,0.6,12293.591714868113,5486.121014306579,44.62585989147139,55.25556219482417,0.449466384409017,Mata Atlântica | Pampa,ok,
4310801,Ivoti - RS,RS,22983.0,1.0,6309.330750994794,3294.4216048400167,52.21507216626081,769.0224207519461,12.188652823925805,Mata Atlântica,ok,
4310850,Jaboticaba - RS,RS,3779.0,0.6,12756.786805523976,2283.672585376006,17.901628522843417,109.52297705688463,0.8585467385051752,Mata Atlântica | Pampa,ok,
4310876,Jacuizinho - RS,RS,2040.0,1.3,33941.12347473098,8262.343925988704,24.34316569438246,51.04528252563479,0.1503936148832486,Mata Atlântica | Pampa,ok,
4310900,Jacutinga - RS,RS,3338.0,0.8,17800.435576165994,2423.7599302001327,13.616295622818587,120.7855048339839,0.6785536472810273,Mata Atlântica | Pampa,ok,
4311007,Jaguarão - RS,RS,26603.0,0.7,205186.62651446025,84831.3090053397,41.34348833858396,695.2362809692237,0.3388311864078665,Pampa,ok,
4311106,Jaguari - RS,RS,10579.0,0.3,67513.95526718767,34264.77566531446,50.75213787980722,271.2782196838377,0.4018105865820619,Mata Atlântica | Pampa,ok,
4311122,Jaquirana - RS,RS,3690.0,1.7,90888.40770558687,72455.14331427241,79.71879488633469,77.26557981567386,0.08501147920421141,Mata Atlântica,ok,
4311130,Jari - RS,RS,3349.0,0.1,85306.04637696853,37023.46573638945,43.40075212580158,62.26271389770518,0.07298745697645562,Mata Atlântica | Pampa,ok,
4311155,Jóia - RS,RS,7184.0,0.9,123871.54837257002,32236.342287316606,26.02400850787701,121.9708594726586,0.09846559688251036,Pampa,ok,
4311205,Júlio de Castilhos - RS,RS,18226.0,0.7,192949.8095380164,51202.68991582029,26.536792152537448,663.6151838867164,0.34393150502486813,Mata Atlântica | Pampa,ok,
4311239,Lagoa Bonita do Sul - RS,RS,2251.0,0.6,10975.399883789061,4410.143938580305,40.18207979004207,45.12408067626954,0.41113837449256796,Mata Atlântica,ok,
4311254,Lagoão - RS,RS,5341.0,1.0,38745.26772627587,16344.760304229849,42.185178380236934,92.2780448669432,0.23816597556858024,Mata Atlântica,ok,
4311270,Lagoa dos Três Cantos - RS,RS,1738.0,0.9,13860.53562123424,1507.8706012145979,10.878876851660415,78.67511326293948,0.5676195741123437,Mata Atlântica,ok,
4311304,Lagoa Vermelha - RS,RS,27659.0,1.1,127271.01136882669,41812.15489292066,32.85285034134803,929.0865484741108,0.7300064158221014,Mata Atlântica,ok,
4311403,Lajeado - RS,RS,93646.0,0.9,9079.00089643542,1614.7901024779953,17.785989019033924,3094.348304882735,34.08247603651666,Mata Atlântica,ok,
4311429,Lajeado do Bugre - RS,RS,2601.0,0.5,6795.8056729003765,633.4624348144447,9.321373584010823,51.6002036193846,0.7592948666138388,Mata Atlântica,ok,
4311502,Lavras do Sul - RS,RS,7157.0,1.4,260097.00198956247,192161.6992980473,73.88078210365478,184.614071270752,0.07097893088293283,Pampa,ok,
4311601,Liberato Salzano - RS,RS,4781.0,1.5,24562.840222840117,9754.341504840524,39.71178176606102,96.30682930297883,0.3920834416104148,Mata Atlântica,ok,
4311627,Lindolfo Collor - RS,RS,6248.0,1.4,3335.679058392363,1773.1992012939697,53.158567423706714,142.4817899353023,4.2714478054124205,Mata Atlântica,ok,
4311643,Linha Nova - RS,RS,1683.0,0.3,6350.616553967591,4526.005584924632,71.26875865457471,35.45121229858386,0.558232606193732,Mata Atlântica,ok,
4311700,Machadinho - RS,RS,5735.0,0.3,33531.582859350594,12127.032498480434,36.16600072041842,200.5922720397937,0.5982189176132395,Mata Atlântica,ok,
4311718,Maçambará - RS,RS,4425.0,0.8,168265.92714080805,57131.05326188384,33.95283539137161,131.5906707214361,0.0782039911213389,Pampa,ok,
4311734,Mampituba - RS,RS,3131.0,0.6,15664.275796857117,10209.800255682765,65.17888466782014,31.30889619750973,0.199874520875019,Mata Atlântica,ok,
4311759,Manoel Viana - RS,RS,6801.0,1.0,136512.71430207216,59349.16962652884,43.47519564749287,243.3898087524418,0.17829094527699046,Pampa,ok,
4311775,Maquiné - RS,RS,7418.0,1.0,61355.10431865558,41619.73449084228,67.83418421829236,127.39849080810563,0.2076412259792523,Mata Atlântica | Pampa,ok,
4311791,Maratá - RS,RS,2470.0,0.6,8206.765567071365,3968.562082501019,48.357200532501935,31.44325010986332,0.3831381541593619,Mata Atlântica,ok,
4311809,Marau - RS,RS,45124.0,1.1,64976.643023761426,12945.750037763159,19.923697863290666,1182.846671173106,1.820418255126767,Mata Atlântica,ok,
4311908,Marcelino Ramos - RS,RS,4320.0,0.7,22954.838610138035,7918.013375683509,34.49387517011994,98.79469965209937,0.43038725442603004,Mata Atlântica,ok,
4311981,Mariana Pimentel - RS,RS,3916.0,0.8,33843.07973110945,21794.097822375188,64.39750163263504,39.16800885009767,0.11573417419837653,Pampa,ok,
4312005,Mariano Moro - RS,RS,1858.0,,9870.218460693328,2190.2198430969042,22.19018608168733,47.37760804443341,0.4800056678898006,Mata Atlântica,ok,
4312054,Marques de Souza - RS,RS,3969.0,0.8,12569.698183532742,6352.567375073233,50.538742317580684,108.3092801086429,0.8616696958606075,Mata Atlântica,ok,
4312104,Mata - RS,RS,4698.0,0.6,31611.028379418764,15577.994758093027,49.280252989920164,121.77747068481503,0.38523729510837945,Mata Atlântica | Pampa,ok,
4312138,Mato Castelhano - RS,RS,2553.0,0.4,23825.254747357307,4965.025434863194,20.839338288350994,81.09618223876983,0.34037907715452653,Mata Atlântica | Pampa,ok,
4312153,Mato Leitão - RS,RS,4859.0,0.9,4681.355345184369,701.6962731811607,14.989169192272142,113.7797468078612,2.4304872930636314,Mata Atlântica,ok,
4312179,Mato Queimado - RS,RS,1795.0,0.3,11463.207851470888,1742.2278666442949,15.19843214236705,73.37533984985339,0.6400942982154714,Mata Atlântica | Pampa,ok,
4312203,Maximiliano de Almeida - RS,RS,4191.0,0.1,20895.11774459821,8551.24419468387,40.924604011358255,149.9632475280756,0.7176951542512556,Mata Atlântica,ok,
4312252,Minas do Leão - RS,RS,7505.0,1.1,42432.924272474214,11927.474741760734,28.109009563354466,261.1856116455082,0.6155258354770908,Pampa,ok,
4312302,Miraguaí - RS,RS,4427.0,0.8,13123.352539068634,3058.337521063277,23.30454441392556,157.6965135437015,1.2016480779148013,Mata Atlântica,ok,
4312351,Montauri - RS,RS,1499.0,,8225.395942822413,2649.519886450249,32.21145711243547,61.06477709350558,0.7423931628092808,Mata Atlântica,ok,
4312377,Monte Alegre dos Campos - RS,RS,3180.0,0.7,54947.356511299855,42952.677004219964,78.17059769815641,43.04907620849609,0.07834603690105292,Mata Atlântica,ok,
4312385,Monte Belo do Sul - RS,RS,2557.0,1.6,6982.0240496887045,3857.701368933097,55.25190605874658,59.67603049316392,0.8547096095411557,Mata Atlântica,ok,
4312401,Montenegro - RS,RS,64322.0,1.4,42498.368098301966,21692.3528178336,51.04279008468639,1604.486739764422,3.7754078840230334,Mata Atlântica | Pampa,ok,
4312427,Mormaço - RS,RS,2756.0,0.6,14620.342988496077,2890.6623342165162,19.771508346220163,78.89802863769529,0.5396455384102528,Mata Atlântica,ok,
4312443,Morrinhos do Sul - RS,RS,3071.0,0.7,16623.694187103258,7852.909829480061,47.23925826049174,42.99469877929693,0.2586350440244048,Mata Atlântica,ok,
4312450,Morro Redondo - RS,RS,6046.0,1.0,24463.40327960813,17713.096286663844,72.40650895629426,99.51220444335911,0.40677988792470726,Pampa,ok,
4312476,Morro Reuter - RS,RS,6029.0,0.6,8704.390903862557,6722.835207671144,77.23498728311822,134.3742197265629,1.54375212706652,Mata Atlântica,ok,
4312500,Mostardas - RS,RS,12090.0,0.8,197554.26161655804,45885.8517233265,23.226961214528703,789.6932258056646,0.39973484719778696,Pampa,ok,
4312609,Muçum - RS,RS,4601.0,0.6,11125.644595940976,6726.693432104316,60.46115687138208,145.2739149902347,1.3057572865776756,Mata Atlântica,ok,
4312617,Muitos Capões - RS,RS,2879.0,0.5,119324.98790582249,44327.07793973932,37.14819395139982,70.4915456604007,0.05907525900278013,Mata Atlântica,ok,
4312625,Muliterno - RS,RS,1721.0,0.4,11098.232316460915,3127.0617744568253,28.176214781688813,51.53979541626017,0.4643964367173704,Mata Atlântica,ok,
4312658,Não-Me-Toque - RS,RS,17898.0,0.9,36167.89788367957,4797.8363364563775,13.265455326949915,765.4608624755888,2.1164095987480542,Mata Atlântica | Pampa,ok,
4312674,Nicolau Vergueiro - RS,RS,1932.0,0.8,15499.27111676087,2162.1001409423684,13.949689147667591,61.84040119628828,0.39898909265103594,Mata Atlântica,ok,
4312708,Nonoai - RS,RS,13719.0,0.9,46897.483485245626,21442.873663399867,45.72286628161187,402.2363447875979,0.8576928118416952,Mata Atlântica | Pampa,ok,
4312757,Nova Alvorada - RS,RS,3163.0,0.2,14885.888865454592,5776.882063458636,38.8077736954287,88.03539787597559,0.5914016870049172,Mata Atlântica,ok,
4312807,Nova Araçá - RS,RS,4954.0,0.8,7551.480603888162,2533.6758665832463,33.55204097695343,220.4778385375968,2.919663707062633,Mata Atlântica,ok,
4312906,Nova Bassano - RS,RS,9649.0,0.9,21164.84038042707,7645.596570074696,36.12404550494616,310.1456644592276,1.4653815426174708,Mata Atlântica,ok,
4312955,Nova Boa Vista - RS,RS,2042.0,0.3,9372.505513165299,1537.655138738997,16.40602010400629,67.53588264770504,0.7205744776873084,Mata Atlântica | Pampa,ok,
4313003,Nova Bréscia - RS,RS,3044.0,0.5,10296.39146620489,4487.755523309296,43.58571192673798,63.7160229003904,0.6188189630272017,Mata Atlântica,ok,
4313011,Nova Candelária - RS,RS,3061.0,0.6,9757.027458904971,2136.2479329894995,21.894454453336653,110.5068956176759,1.132587728005411,Mata Atlântica,ok,
4313037,Nova Esperança do Sul - RS,RS,4865.0,0.5,19177.58557865598,9683.1553099122,50.4920458844894,145.5552641845699,0.7589863884980813,Mata Atlântica | Pampa,ok,
4313060,Nova Hartz - RS,RS,20088.0,0.9,6208.732432653665,3391.258047796456,54.62077943576325,494.6872594848619,7.967604738177264,Mata Atlântica,ok,
4313086,Nova Pádua - RS,RS,2343.0,0.3,10264.04362651372,6005.722964050347,58.51225094695207,50.89105310058586,0.49581875284635246,Mata Atlântica,ok,
4313102,Nova Palma - RS,RS,5586.0,0.5,31462.301285907008,13363.222846673614,42.47376161469612,163.98065494384647,0.521197268609524,Mata Atlântica | Pampa,ok,
4313201,Nova Petrópolis - RS,RS,23300.0,0.9,29015.63912364357,21943.939665013208,75.62797280288773,591.8104560180662,2.0396257807598177,Mata Atlântica,ok,
4313300,Nova Prata - RS,RS,25692.0,0.6,25995.843870264103,12136.215894000485,46.68521612365411,763.3355270935108,2.9363752563796104,Mata Atlântica,ok,
4313334,Nova Ramada - RS,RS,2163.0,0.6,25525.444222876456,4286.710033642673,16.79387044634009,54.11083806762692,0.21198784081936412,Mata Atlântica | Pampa,ok,
4313359,Nova Roma do Sul - RS,RS,3466.0,0.6,14975.996941351623,8694.764922992257,58.05800413182731,109.899374786376,0.7338367870717346,Mata Atlântica,ok,
4313375,Nova Santa Rita - RS,RS,29024.0,1.0,21810.9060589233,12299.338809203975,56.39077430335387,1044.735467413331,4.789968214025238,Mata Atlântica | Pampa,ok,
4313391,Novo Cabrais - RS,RS,3568.0,0.6,19299.3431240422,5909.382183624148,30.61960267581606,46.7293015991211,0.2421289745395944,Mata Atlântica | Pampa,ok,
4313409,Novo Hamburgo - RS,RS,227646.0,1.1,22256.129612329074,9359.215881097252,42.05230668639076,4817.992983813505,21.647937299684465,Mata Atlântica,ok,
4313425,Novo Machado - RS,RS,3198.0,0.8,21768.418973174867,3320.169431262194,15.252230469073686,141.9743945800786,0.6522035190292554,Mata Atlântica,ok,
4313441,Novo Tiradentes - RS,RS,2146.0,0.7,7542.855584277412,1369.938548449672,18.162067842120948,47.13082236328117,0.6248405771087846,Mata Atlântica,ok,
4313466,Novo Xingu - RS,RS,1646.0,1.0,7985.934577209574,1386.790033209187,17.365406888842255,48.79867185058612,0.611057746326257,Mata Atlântica,ok,
4313490,Novo Barreiro - RS,RS,4272.0,0.6,12332.580655237067,1594.4451268676773,12.928722474566518,104.9826866943362,0.8512629240316785,Mata Atlântica | Pampa,ok,
4313508,Osório - RS,RS,47396.0,0.8,66387.63867611768,31942.465613965513,48.115080233237016,2014.2397886169458,3.0340584915871536,Mata Atlântica | Pampa,ok,
4313607,Paim Filho - RS,RS,3629.0,0.7,18200.541165289196,7413.640806848385,40.73307897562499,122.3960031127935,0.6724855156846579,Mata Atlântica,ok,
4313656,Palmares do Sul - RS,RS,12844.0,1.2,94908.78347385129,26681.909436132686,28.113214035120286,1194.257168218993,1.2583210157235105,Pampa,ok,
4313706,Palmeira das Missões - RS,RS,33216.0,1.8,142110.73453357868,23115.194803009224,16.265621931288692,1132.8191405334635,0.7971383331818575,Mata Atlântica | Pampa,ok,
4313805,Palmitinho - RS,RS,7839.0,0.7,14416.507333581681,6146.619269689988,42.63598059824177,193.2588196899407,1.340538420424241,Mata Atlântica,ok,
4313904,Panambi - RS,RS,43515.0,1.0,49155.71288165999,7633.67363895287,15.529575692108406,1520.076656060794,3.092370279971944,Mata Atlântica | Pampa,ok,
4313953,Pantano Grande - RS,RS,10212.0,1.4,84118.73709669922,26666.97137246134,31.701583134571028,423.7167766540532,0.5037127176160134,Pampa,ok,
4314001,Paraí - RS,RS,7194.0,0.5,12173.643450073743,4503.8036619327895,36.996349370701395,275.9447593566919,2.2667392920483502,Mata Atlântica,ok,
4314027,Paraíso do Sul - RS,RS,6519.0,1.1,33749.89768248214,13641.53363179884,40.41948144595256,212.2484564025887,0.6288862218173661,Mata Atlântica | Pampa,ok,
4314035,Pareci Novo - RS,RS,4319.0,0.7,5749.125496710226,2596.9561828186243,45.17132534860578,153.5033721252446,2.6700299413029436,Mata Atlântica,ok,
4314050,Parobé - RS,RS,52058.0,0.9,10856.762832952796,4610.757852831946,42.46899304862058,1258.713698620623,11.593821454772272,Mata Atlântica,ok,
4314068,Passa Sete - RS,RS,3983.0,0.6,30429.763639971396,14726.505218352768,48.39506935574282,44.59381624145507,0.14654670594574815,Mata Atlântica,ok,
4314076,Passo do Sobrado - RS,RS,6025.0,0.5,26513.383678942577,9877.563023937862,37.255007295741,98.66576622924796,0.372135701063347,Mata Atlântica | Pampa,ok,
4314100,Passo Fundo - RS,RS,206215.0,1.4,78439.1957087204,16703.04616343362,21.294259856334392,5025.4683169614555,6.40683305272947,Mata Atlântica | Pampa,ok,
4314134,Paulo Bento - RS,RS,2144.0,0.2,14965.765330139355,3625.2655747985145,24.22372324319185,75.65156719360384,0.5054974839225239,Mata Atlântica | Pampa,ok,
4314159,Paverama - RS,RS,7978.0,0.4,17187.606276378934,4434.701706805387,25.80174129832165,154.1743593139655,0.8970089076676637,Mata Atlântica,ok,
4314175,Pedras Altas - RS,RS,2061.0,0.6,137397.7409373528,75452.0568080615,54.915063590793864,31.06042855834972,0.02260621488129989,Pampa,ok,
4314209,Pedro Osório - RS,RS,7484.0,1.8,60382.005777347935,23666.02228901838,39.19383263994949,295.0516639648365,0.48864170735368967,Pampa,ok,
4314308,Pejuçara - RS,RS,3745.0,0.4,41408.13627335315,4992.325938879483,12.056388884355878,151.8872477783153,0.36680532245074104,Mata Atlântica | Pampa,ok,
4314407,Pelotas - RS,RS,325685.0,1.2,160878.3735265819,75478.00951014124,46.9161938025623,6836.895394578925,4.249729310850638,Pampa,ok,
4314423,Picada Café - RS,RS,5351.0,0.5,8427.917812628368,6263.461591980176,74.31801936410703,143.1425902770995,1.6984336280856351,Mata Atlântica,ok,
4314456,Pinhal - RS,RS,2959.0,0.4,6823.257486383151,1672.82984509891,24.51658681263746,75.6984114746089,1.1094174831548802,Mata Atlântica,ok,
4314464,Pinhal da Serra - RS,RS,2248.0,1.1,43810.3443847494,26851.60427092451,61.290557396923106,57.69789859008785,0.1316992582468098,Mata Atlântica,ok,
4314472,Pinhal Grande - RS,RS,3805.0,1.0,47811.70407334745,16092.608354266285,33.65830326728948,101.95022713623017,0.21323278287640482,Mata Atlântica | Pampa,ok,
4314498,Pinheirinho do Vale - RS,RS,4540.0,0.6,10537.616332086236,3627.144661956879,34.42092165485757,84.75253815917954,0.8042856703855742,Mata Atlântica,ok,
4314506,Pinheiro Machado - RS,RS,11214.0,1.1,224919.00043544182,193843.34350899557,86.1836230526172,294.0377100891118,0.1307304894294642,Pampa,ok,
4314548,Pinto Bandeira - RS,RS,2723.0,0.7,10482.189922051879,5792.649116863884,55.26182181337522,61.66593549804696,0.588292484267218,Mata Atlântica,ok,
4314555,Pirapó - RS,RS,2260.0,0.5,28071.839274042086,19015.766593066735,67.73965327826073,65.44369080810554,0.23312932996385835,Mata Atlântica | Pampa,ok,
4314605,Piratini - RS,RS,17504.0,1.1,353831.8029416649,243680.21628166785,68.86894119063757,259.5087496154782,0.07334240377998542,Pampa,ok,
4314704,Planalto - RS,RS,10406.0,0.7,22854.96000217271,9459.211510723926,41.38800290976088,300.4071903808616,1.3144069836582666,Mata Atlântica,ok,
4314753,Poço das Antas - RS,RS,2171.0,0.9,6762.0301145202875,2336.734471136475,34.55670015604844,54.35576840820312,0.8038380114794746,Mata Atlântica,ok,
4314779,Pontão - RS,RS,3296.0,0.5,50272.876041418494,8302.86259762603,16.515591013304114,86.0074397338873,0.17108120025404563,Mata Atlântica | Pampa,ok,
4314787,Ponte Preta - RS,RS,1575.0,,9957.038785241612,1475.81560283203,14.821832420894992,48.12444975585943,0.48332090286913215,Mata Atlântica | Pampa,ok,
4314803,Portão - RS,RS,34071.0,1.5,15930.035129393982,6339.433571984436,39.79547766524984,1006.890121154857,6.320702452795919,Mata Atlântica | Pampa,ok,
4314902,Porto Alegre - RS,RS,1332845.0,1.5,49599.17570523139,25665.16998224519,51.74515426379999,18909.89542812525,38.12542277014245,Pampa,ok,
4315008,Porto Lucena - RS,RS,4360.0,0.7,24944.8046215087,8892.337666021602,35.648054979569444,107.1743838867186,0.4296461147436982,Mata Atlântica,ok,
4315057,Porto Mauá - RS,RS,2142.0,0.7,10495.450293640168,2377.811536444107,22.655640967448225,62.29678171997038,0.5935598757274835,Mata Atlântica,ok,
4315073,Porto Vera Cruz - RS,RS,1560.0,0.4,11340.508647528368,4945.769440905951,43.61153096941439,21.18812606811514,0.1868357648378764,Mata Atlântica,ok,
4315107,Porto Xavier - RS,RS,9938.0,0.8,28015.952782769786,19257.229981921362,68.73665918570806,251.4807231018059,0.8976340196306661,Mata Atlântica | Pampa,ok,
4315131,Pouso Novo - RS,RS,1739.0,0.4,10533.96792019031,6514.7044929564245,61.844734503793006,32.18507078247067,0.30553606225420515,Mata Atlântica,ok,
4315149,Presidente Lucena - RS,RS,3077.0,1.8,4963.191274774237,2452.0973824036264,49.405659517225956,132.4411078063968,2.668466727839765,Mata Atlântica,ok,
4315156,Progresso - RS,RS,5340.0,0.5,25604.32889113456,14922.362173843161,58.28062214514825,85.6081611206053,0.3343503416340154,Mata Atlântica,ok,
4315172,Protásio Alves - RS,RS,2025.0,0.3,17198.92300944879,10909.959911316759,63.43397144881116,34.66897930908202,0.2015764550491649,Mata Atlântica,ok,
4315206,Putinga - RS,RS,3747.0,0.5,21614.999732134784,11290.410873754741,52.234147645948894,84.39329754638631,0.3904385778035413,Mata Atlântica,ok,
4315305,Quaraí - RS,RS,23500.0,1.2,313998.4770242313,273370.1796024666,87.0609890191826,540.9351436950712,0.17227317432285738,Pampa,ok,
4315313,Quatro Irmãos - RS,RS,1552.0,0.2,26897.56953997727,5660.588069494673,21.044979774404762,56.61589096679715,0.210487014013107,Mata Atlântica | Pampa,ok,
4315321,Quevedos - RS,RS,2507.0,0.8,54334.31786937998,21102.475477380605,38.838208161757144,43.5415509033202,0.08013637165372048,Mata Atlântica | Pampa,ok,
4315354,Quinze de Novembro - RS,RS,3910.0,1.2,22305.78125372968,2828.3097603027277,12.679716205097344,158.8983825012209,0.7123641207350763,Mata Atlântica | Pampa,ok,
4315404,Redentora - RS,RS,9738.0,1.6,30371.498234473696,7539.876942322069,24.825502133983633,146.7742264221183,0.4832630425045007,Mata Atlântica | Pampa,ok,
4315453,Relvado - RS,RS,1796.0,0.3,10821.292418170271,5590.308130084408,51.66026306338048,43.71967819824216,0.4040153108221295,Mata Atlântica,ok,
4315503,Restinga Sêca - RS,RS,14939.0,0.8,96860.74170484047,26730.04996088826,27.596371337256098,426.7428626464867,0.440573606122986,Mata Atlântica | Pampa,ok,
4315552,Rio dos Índios - RS,RS,2835.0,1.1,23587.0214864794,6344.920453332736,26.900049491071957,39.19506053466802,0.16617214919287496,Mata Atlântica,ok,
4315602,Rio Grande - RS,RS,191900.0,1.4,267861.54745855654,171341.54103493714,63.96645679852464,5673.581935217268,2.11810242606587,Pampa,ok,
4315701,Rio Pardo - RS,RS,34654.0,1.6,205115.88761134158,79652.39372138257,38.83287377148951,669.9501441284189,0.3266203081244765,Mata Atlântica | Pampa,ok,
4315750,Riozinho - RS,RS,4473.0,0.3,23910.63672968625,18055.533354149346,75.5125576883216,75.53835479736321,0.3159194614988173,Mata Atlântica,ok,
4315800,Roca Sales - RS,RS,10418.0,0.5,20808.313311065926,11030.964433404752,53.01229498278677,215.4178140808104,1.035248801094563,Mata Atlântica,ok,
4315909,Rodeio Bonito - RS,RS,6654.0,0.5,8328.1724528015,1748.778883599912,20.998351000904684,192.3384983459474,2.3094922617896434,Mata Atlântica,ok,
4315958,Rolador - RS,RS,2291.0,1.0,29520.68106478849,11171.201281671287,37.8419497068989,103.7491620849608,0.35144569279165494,Mata Atlântica | Pampa,ok,
4316006,Rolante - RS,RS,21253.0,0.8,29603.78158477723,18250.695238860655,61.64987802857414,457.2401421936048,1.5445328863955865,Mata Atlântica,ok,
4316105,Ronda Alta - RS,RS,9777.0,0.4,41871.55174789107,4690.718286407458,11.202637806810479,283.9089675292981,0.6780473989564947,Mata Atlântica | Pampa,ok,
4316204,Rondinha - RS,RS,4991.0,0.4,25244.871558863626,4324.357717297499,17.12964832169721,111.6393108276371,0.44222570341594736,Mata Atlântica | Pampa,ok,
4316303,Roque Gonzales - RS,RS,6576.0,0.5,34882.72499627691,17897.434694811993,51.30744429147154,216.85256938476624,0.6216617807465192,Mata Atlântica | Pampa,ok,
4316402,Rosário do Sul - RS,RS,36630.0,0.8,434363.5051407013,285986.6109234722,65.84038657456591,1064.257211041224,0.24501533817775145,Pampa,ok,
4316428,Sagrada Família - RS,RS,2480.0,0.7,7786.370256708014,1233.3990150328784,15.840487600371898,72.2321697143553,0.9276744790311862,Mata Atlântica,ok,
4316436,Saldanha Marinho - RS,RS,2575.0,0.7,22158.251824091953,2415.218860424814,10.899861954808296,123.7581032959009,0.5585192562950417,Mata Atlântica | Pampa,ok,
4316451,Salto do Jacuí - RS,RS,10203.0,0.9,50766.83868875864,12161.197567187448,23.95500267752602,370.12876978760573,0.7290758679239245,Mata Atlântica | Pampa,ok,
4316477,Salvador das Missões - RS,RS,2877.0,0.3,9593.883476043686,1512.0795098998747,15.760870075977035,172.5741895385732,1.798793887475264,Mata Atlântica,ok,
4316501,Salvador do Sul - RS,RS,6879.0,2.3,9903.482660852142,4266.039350177154,43.076153069268706,151.5998861267097,1.530773479575773,Mata Atlântica,ok,
4316600,Sananduva - RS,RS,16399.0,1.8,50449.94927646092,13279.508647851979,26.322144696482326,503.4923965392978,0.9980037715800414,Mata Atlântica,ok,
4316709,Santa Bárbara do Sul - RS,RS,8122.0,0.6,97582.77528592026,10516.170594445808,10.77666684887075,368.9045012390155,0.3780426413966143,Mata Atlântica | Pampa,ok,
4316733,Santa Cecília do Sul - RS,RS,1674.0,0.5,20004.306574805014,4631.356772564735,23.15179861519333,42.05401968383801,0.21022483097116762,Mata Atlântica,ok,
4316758,Santa Clara do Sul - RS,RS,6887.0,1.0,8645.630777697654,3547.330532812536,41.03032646227805,192.8724636230475,2.2308663020931108,Mata Atlântica,ok,
4316808,Santa Cruz do Sul - RS,RS,133230.0,1.0,73451.96898198777,33537.22990766547,45.65872143725599,3917.8367136473303,5.333875684950094,Mata Atlântica | Pampa,ok,
4316907,Santa Maria - RS,RS,271735.0,1.2,178020.47093747952,84888.22127514517,47.684527980469035,6483.714525475552,3.6421173875855106,Mata Atlântica | Pampa,ok,
4316956,Santa Maria do Herval - RS,RS,6340.0,0.7,14041.815012304733,10029.699295153794,71.42737093719613,97.97675535278294,0.6977499366494052,Mata Atlântica,ok,
4316972,Santa Margarida do Sul - RS,RS,2596.0,2.3,95530.46434285819,45772.296253636865,47.913821594502465,68.35685519409176,0.07155503290422568,Pampa,ok,
4317004,Santana da Boa Vista - RS,RS,7024.0,0.8,141881.17927736224,118547.88762021564,83.55434330614594,112.4216157104493,0.07923645425210153,Pampa,ok,
4317103,Sant'Ana do Livramento - RS,RS,84421.0,0.9,694636.721057249,576039.503469458,82.92672788629946,1985.902103393525,0.2858907459385314,Pampa,ok,
4317202,Santa Rosa - RS,RS,76963.0,0.9,48937.606124752056,7948.786269513109,16.242695339960058,2270.8939755736683,4.640386311060437,Mata Atlântica | Pampa,ok,
4317251,Santa Tereza - RS,RS,1505.0,0.5,7360.446216027897,5226.645221673649,71.00989625183668,23.02240129394535,0.3127854021107094,Mata Atlântica,ok,
4317301,Santa Vitória do Palmar - RS,RS,30983.0,0.9,520148.9574471061,139870.10611847634,26.890394398742927,1116.024724987793,0.214558677665192,Pampa,ok,
4317400,Santiago - RS,RS,48938.0,0.9,241341.65020151445,153352.4973981594,63.54166273004008,1510.1153361023078,0.6257168353831168,Mata Atlântica | Pampa,ok,
4317509,Santo Ângelo - RS,RS,76917.0,1.0,67857.02597132477,14955.098398700016,22.039130340047304,2373.649160302678,3.498015314295887,Mata Atlântica | Pampa,ok,
4317558,Santo Antônio do Palma - RS,RS,2091.0,0.2,12610.508800872774,3549.007322064169,28.143252410390783,59.8939487854001,0.47495267424304743,Mata Atlântica,ok,
4317608,Santo Antônio da Patrulha - RS,RS,42947.0,0.7,104955.81060161721,53422.67007668469,50.90015480844805,1126.1060601257284,1.0729335076074165,Mata Atlântica | Pampa,ok,
4317707,Santo Antônio das Missões - RS,RS,10300.0,1.3,171042.90940063546,93082.01276641405,54.42026979814004,305.7232177429311,0.17874065567186576,Pampa,ok,
4317756,Santo Antônio do Planalto - RS,RS,2089.0,0.5,20342.094182263852,3614.689974908557,17.76950761569172,116.7434964721676,0.5739010714735338,Mata Atlântica | Pampa,ok,
4317806,Santo Augusto - RS,RS,13902.0,0.6,46776.515401703444,6336.234195025601,13.545759320915248,456.0563796447704,0.9749686904385407,Mata Atlântica | Pampa,ok,
4317905,Santo Cristo - RS,RS,15320.0,0.4,36721.60133504731,10217.878071008752,27.8252518940582,442.2335406005847,1.2042871893457283,Mata Atlântica,ok,
4317954,Santo Expedito do Sul - RS,RS,2349.0,0.7,12533.436494372687,2736.8591483398386,21.836462406528685,63.70240758667012,0.508259706867079,Mata Atlântica,ok,
4318002,São Borja - RS,RS,59676.0,0.9,361459.76466622617,109680.28308297988,30.343704557064388,1842.597417791714,0.5097655667134011,Pampa,ok,
4318051,São Domingos do Sul - RS,RS,2754.0,0.9,7867.12744647813,3021.377049517734,38.4050858470624,105.5564507812482,1.3417406988684613,Mata Atlântica,ok,
4318101,São Francisco de Assis - RS,RS,17618.0,0.6,253479.55999958242,135699.56591511023,53.5347173221122,601.5164789733893,0.23730374116728792,Mata Atlântica | Pampa,ok,
4318200,São Francisco de Paula - RS,RS,21893.0,1.2,331786.63974226033,244202.72274456217,73.602337615,588.8031651550289,0.17746439869080471,Mata Atlântica,ok,
4318309,São Gabriel - RS,RS,58487.0,1.1,505349.74134150223,235006.9432834985,46.50382182043839,1697.907894433549,0.3359866950611828,Pampa,ok,
4318408,São Jerônimo - RS,RS,21028.0,0.7,93555.81213596872,59273.641518048295,63.35645019242988,489.0054589965852,0.5226884870454573,Pampa,ok,
4318424,São João da Urtiga - RS,RS,4461.0,0.3,17149.694355035783,6281.1245053282555,36.62528541497817,132.2661612548825,0.7712450059848691,Mata Atlântica,ok,
4318432,São João do Polêsine - RS,RS,2649.0,1.0,7834.7742313049475,2271.399727209478,28.991259481782887,127.1652019958501,1.6230869995939838,Mata Atlântica,ok,
4318440,São Jorge - RS,RS,2912.0,0.2,12574.02226769429,4496.414688140884,35.75955722373153,84.16174347534329,0.6693303199531879,Mata Atlântica,ok,
4318457,São José das Missões - RS,RS,2362.0,0.6,9811.597294543955,1329.677681036377,13.552102080012862,44.58138947753896,0.4543744320033379,Mata Atlântica,ok,
4318465,São José do Herval - RS,RS,1902.0,0.8,10292.772216656436,6175.720549224831,60.0005559166157,61.07561377563472,0.5933835169965015,Mata Atlântica,ok,
4318481,São José do Hortêncio - RS,RS,4447.0,0.3,6370.928162646403,2927.518514562906,45.95120898909732,164.1946470275876,2.577248445372255,Mata Atlântica,ok,
4318499,São José do Inhacorá - RS,RS,2406.0,0.1,7772.4978990114505,2433.6847996582983,31.311488678148475,84.91950206909202,1.0925638472014583,Mata Atlântica | Pampa,ok,
4318507,São José do Norte - RS,RS,25443.0,1.3,106212.13593138393,64253.35947166069,60.49530866526419,644.1819953308083,0.6065050756035715,Pampa,ok,
4318606,São José do Ouro - RS,RS,6834.0,0.9,33521.21564316098,7643.793865558194,22.802854010211547,185.7900646484362,0.5542462022445813,Mata Atlântica,ok,
4318614,São José do Sul - RS,RS,2380.0,0.6,5476.699957751419,2720.244243475268,49.66940428469492,44.7897234985352,0.8178232118621416,Mata Atlântica,ok,
4318622,São José dos Ausentes - RS,RS,4172.0,0.6,117389.58548403156,91786.19094141139,78.18938159032601,97.82811870727525,0.08333628430827261,Mata Atlântica,ok,
4318705,São Leopoldo - RS,RS,217409.0,1.4,10301.370051086344,3358.7602237242627,32.60498561907366,4544.00889373166,44.11072382796758,Mata Atlântica,ok,
4318804,São Lourenço do Sul - RS,RS,41989.0,0.9,203925.83453216136,84729.04679751048,41.548951849034985,916.5055095031628,0.4494307999796954,Pampa,ok,
4318903,São Luiz Gonzaga - RS,RS,34752.0,0.7,129676.33054549365,45773.73121969048,35.298447316591776,1299.0735126586958,1.0017815180257192,Mata Atlântica | Pampa,ok,
4319000,São Marcos - RS,RS,21084.0,0.7,25616.411061279414,19315.0489160646,75.40107343631887,708.3196497863668,2.7651010443731914,Mata Atlântica,ok,
4319109,São Martinho - RS,RS,5481.0,0.7,17124.464870307314,2245.486325586115,13.112738661280094,226.616283526609,1.3233481176953248,Mata Atlântica,ok,
4319125,São Martinho da Serra - RS,RS,2860.0,2.0,66954.23525380084,30111.25810426017,44.97289527707782,66.72044807128893,0.0996508254009239,Mata Atlântica | Pampa,ok,
4319158,São Miguel das Missões - RS,RS,7056.0,0.5,122891.49793542028,41474.77419039418,33.7490997238794,288.6068122192503,0.23484685032557234,Mata Atlântica | Pampa,ok,
4319208,São Nicolau - RS,RS,5118.0,1.6,49725.417670952804,24846.467928033257,49.967338821464274,273.9383730346734,0.5509021057347397,Mata Atlântica | Pampa,ok,
4319307,São Paulo das Missões - RS,RS,5846.0,0.2,22244.930070325026,11060.40625458397,49.72102056341669,183.4678963378898,0.8247627470973169,Mata Atlântica,ok,
4319356,São Pedro da Serra - RS,RS,3548.0,0.7,3763.14729863891,1733.209704357929,46.057450501201814,104.0568677062983,2.7651553194299505,Mata Atlântica,ok,
4319364,São Pedro das Missões - RS,RS,1757.0,0.1,7989.734412945454,981.5391649414029,12.28500365858286,42.282881683349416,0.5292151090133874,Mata Atlântica | Pampa,ok,
4319372,São Pedro do Butiá - RS,RS,3070.0,0.7,10752.701044079578,1993.3975803039539,18.538575304309383,162.0329793762248,1.5069049042839326,Mata Atlântica,ok,
4319406,São Pedro do Sul - RS,RS,15577.0,0.6,87340.66602917005,49007.19051176321,56.11039248933112,432.7249276733373,0.49544495977259406,Mata Atlântica | Pampa,ok,
4319505,São Sebastião do Caí - RS,RS,24428.0,1.3,11308.15305140379,4649.872984680088,41.11965025184068,705.0392576599176,6.234787011238712,Mata Atlântica,ok,
4319604,São Sepé - RS,RS,21219.0,1.9,220476.40519722112,82296.39798842903,37.32662364247686,608.9251754882902,0.27618609571559044,Pampa,ok,
4319703,São Valentim - RS,RS,3264.0,0.5,15444.236204876308,5359.443480798352,34.70190049998186,92.91808639526336,0.6016360094643317,Mata Atlântica | Pampa,ok,
4319711,São Valentim do Sul - RS,RS,2207.0,0.6,9190.58190271612,4178.642390643413,45.46657039646735,88.66253082275387,0.9647107415097533,Mata Atlântica,ok,
4319737,São Valério do Sul - RS,RS,2543.0,0.3,10738.774341266306,2438.7579215881487,22.709834885128732,69.54812524414066,0.6476355963350993,Mata Atlântica | Pampa,ok,
4319752,São Vendelino - RS,RS,2251.0,0.6,3187.562281555186,2064.0167305664163,64.7522008435675,69.86927780761735,2.1919345140929667,Mata Atlântica,ok,
4319802,São Vicente do Sul - RS,RS,8097.0,0.7,117420.44139116436,52714.592530062975,44.89388040575841,236.2214352722164,0.20117573437259412,Mata Atlântica | Pampa,ok,
4319901,Sapiranga - RS,RS,75648.0,1.1,13773.506538036972,7348.801617468275,53.354616685110614,2015.234326116807,14.63123657400915,Mata Atlântica,ok,
4320008,Sapucaia do Sul - RS,RS,132107.0,1.3,5824.483890667773,2243.8765421203807,38.524899102487204,2480.356302178985,42.58499720727382,Mata Atlântica | Pampa,ok,
4320107,Sarandi - RS,RS,22851.0,0.6,35174.997402214525,7978.0907040100155,22.681140847810653,691.1716924804631,1.9649516518143333,Mata Atlântica | Pampa,ok,
4320206,Seberi - RS,RS,11950.0,0.7,30102.028581616574,8016.391378869888,26.63073472651451,308.1154224487299,1.023570293986423,Mata Atlântica | Pampa,ok,
4320230,Sede Nova - RS,RS,2704.0,0.6,11930.894473510827,1145.597339703374,9.60194009130538,105.0041039245606,0.8801025284205847,Mata Atlântica,ok,
4320263,Segredo - RS,RS,6009.0,0.6,24516.79405822149,6942.844009900004,28.318727128075633,91.33186879272463,0.372527780654491,Mata Atlântica,ok,
4320305,Selbach - RS,RS,5107.0,0.3,17648.25370692199,1249.4293723266621,7.079620415002371,223.5152058105513,1.2665004114423188,Mata Atlântica,ok,
4320321,Senador Salgado Filho - RS,RS,2673.0,0.3,14712.127354365239,2478.810345770279,16.84875535715636,111.7517502929696,0.7595893347117588,Mata Atlântica | Pampa,ok,
4320354,Sentinela do Sul - RS,RS,5306.0,1.3,28214.299488225643,17938.921589165966,63.58095687136311,84.77866107177702,0.30048118368898985,Pampa,ok,
4320404,Serafina Corrêa - RS,RS,16961.0,0.5,16330.046397632264,5615.096349914777,34.38506060049483,508.3061576233018,3.112704919791302,Mata Atlântica,ok,
4320453,Sério - RS,RS,1941.0,1.0,10548.724947466819,5707.657078582545,54.10755429691233,53.8424953430177,0.5104170941147489,Mata Atlântica,ok,
4320503,Sertão - RS,RS,5541.0,0.8,44061.29064697171,7461.385580383288,16.934105812209342,155.49469912109458,0.35290545700749143,Mata Atlântica | Pampa,ok,
4320552,Sertão Santana - RS,RS,5863.0,0.8,25199.011429712442,16068.670650238715,63.76706758937362,99.59096355590856,0.3952177403216688,Pampa,ok,
4320578,Sete de Setembro - RS,RS,1830.0,0.3,13160.106586914157,2017.24533836669,15.328487843499323,55.50714107055651,0.4217833700963366,Mata Atlântica | Pampa,ok,
4320602,Severiano de Almeida - RS,RS,3406.0,1.9,16762.908052764655,6489.691318114834,38.7145911537975,72.09217216186481,0.4300696032868525,Mata Atlântica,ok,
4320651,Silveira Martins - RS,RS,2028.0,0.4,11926.304636449819,6244.900696484059,52.36241138263444,78.81024162597635,0.6608102344217522,Mata Atlântica,ok,
4320677,Sinimbu - RS,RS,8578.0,0.7,50974.5555205335,33628.23701953239,65.97063314458194,72.29314890747072,0.1418220289892468,Mata Atlântica,ok,
4320701,Sobradinho - RS,RS,14226.0,1.5,12882.64518716427,3695.645153424058,28.687005655532953,388.0470003540004,3.0121686557092655,Mata Atlântica,ok,
4320800,Soledade - RS,RS,29991.0,0.6,121501.18363088393,38412.75142520238,31.615125282975754,958.3567662048242,0.7887633170029655,Mata Atlântica,ok,
4320859,Tabaí - RS,RS,4461.0,1.0,9474.244088964731,2479.1145550537008,26.166884996569667,110.33185953979502,1.1645452502992373,Mata Atlântica | Pampa,ok,
4320909,Tapejara - RS,RS,24557.0,0.9,23806.928238816858,3674.956418804978,15.436499753097142,643.2297167114019,2.7018593506012465,Mata Atlântica,ok,
4321006,Tapera - RS,RS,10592.0,0.7,17993.543928361847,1524.8904821410727,8.474653399086684,326.6332181823867,1.8152800775812692,Mata Atlântica,ok,
4321105,Tapes - RS,RS,14695.0,1.2,80544.67027424376,23641.48596720077,29.35201781409582,615.9913871826138,0.7647823066197255,Pampa,ok,
4321204,Taquara - RS,RS,53242.0,1.1,45010.82043657045,26939.392661369522,59.85092562205724,1220.986269763191,2.7126505536236847,Mata Atlântica,ok,
4321303,Taquari - RS,RS,25198.0,1.2,34996.59284756899,10629.799366582838,30.37381213903293,800.1658317748924,2.286410666489996,Mata Atlântica | Pampa,ok,
4321329,Taquaruçu do Sul - RS,RS,3119.0,0.3,7691.231784216159,2167.217233935516,28.17776521028855,89.14619733276369,1.1590626811651719,Mata Atlântica,ok,
4321352,Tavares - RS,RS,5212.0,0.7,60647.104473340165,30218.267415130747,49.826397612130656,238.7908099182117,0.39373818748953077,Pampa,ok,
4321402,Tenente Portela - RS,RS,14497.0,0.7,33750.62596595616,11851.640438159238,35.11532037987634,393.1396883850102,1.1648367315662984,Mata Atlântica,ok,
4321436,Terra de Areia - RS,RS,10334.0,1.0,14194.446137713585,3687.5570929870405,25.97887270282055,607.4851703613306,4.279738458743295,Mata Atlântica,ok,
4321451,Teutônia - RS,RS,32797.0,1.3,17587.359153607224,5884.003073364225,33.45586464672496,1184.351402532954,6.734105968888682,Mata Atlântica,ok,
4321469,Tio Hugo - RS,RS,3267.0,0.4,11394.891177954843,2121.631687609852,18.619148304939255,169.3882962097179,1.486528423697678,Mata Atlântica,ok,
4321477,Tiradentes do Sul - RS,RS,5129.0,0.4,23553.970852557468,5803.25301998294,24.638109031848565,100.4619462646483,0.42651808857842854,Mata Atlântica,ok,
4321493,Toropi - RS,RS,2554.0,0.6,19830.779508789743,8590.831572839672,43.320695331375624,57.23200032348633,0.28860186912026814,Mata Atlântica | Pampa,ok,
4321501,Torres - RS,RS,41751.0,1.2,15947.610676519796,1963.0389056335416,12.309297897043535,2143.571425903315,13.441332807674863,Mata Atlântica,ok,
4321600,Tramandaí - RS,RS,54387.0,2.0,14253.544692822248,4652.384995861786,32.64019649936355,2381.175273547396,16.705846334115755,Pampa,ok,
4321626,Travesseiro - RS,RS,2152.0,0.8,8065.952960900803,3907.8343759887016,48.44851432845792,35.89377614135738,0.44500353913976676,Mata Atlântica,ok,
4321634,Três Arroios - RS,RS,2591.0,,14856.824733252053,5773.480522058496,38.86079714689292,60.43806276245138,0.4068033637576737,Mata Atlântica,ok,
4321667,Três Cachoeiras - RS,RS,10962.0,1.0,25150.61860197093,7112.350850232093,28.27902948548046,466.299678320315,1.8540286650594489,Mata Atlântica,ok,
4321709,Três Coroas - RS,RS,24425.0,0.8,16813.407235967745,13177.97444093598,78.37777468891173,498.7668829589932,2.9664830926834163,Mata Atlântica,ok,
4321808,Três de Maio - RS,RS,24916.0,0.6,42146.098415584755,7867.757381769064,18.66781903318417,816.1415071288916,1.936458030067854,Mata Atlântica | Pampa,ok,
4321832,Três Forquilhas - RS,RS,2760.0,0.7,21737.697407818283,16487.474557134694,75.84738276467465,28.95058127441399,0.13318145308252147,Mata Atlântica,ok,
4321857,Três Palmeiras - RS,RS,4716.0,0.4,18059.102436352656,3667.6108858520206,20.308932289288002,153.0161751831038,0.8473077536516151,Mata Atlântica | Pampa,ok,
4321907,Três Passos - RS,RS,25436.0,0.8,26888.21458605135,8154.009056652755,30.325587556426175,978.2392679687966,3.638171157992292,Mata Atlântica,ok,
4321956,Trindade do Sul - RS,RS,7556.0,0.6,26841.823139967048,7641.020518633934,28.46684623018984,230.33720187988092,0.858128006725864,Mata Atlântica | Pampa,ok,
4322004,Triunfo - RS,RS,27498.0,1.4,81783.97078312286,44481.70806672275,54.38927413377941,1172.341768347163,1.4334615415727532,Mata Atlântica | Pampa,ok,
4322103,Tucunduva - RS,RS,5542.0,0.3,18120.95793192777,2589.279158544924,14.288864685143428,183.7598022033695,1.0140733337259094,Mata Atlântica | Pampa,ok,
4322152,Tunas - RS,RS,3681.0,0.6,21727.764434991397,6340.70564034415,29.182503608759603,69.03086002197253,0.31770806531205775,Mata Atlântica,ok,
4322186,Tupanci do Sul - RS,RS,1374.0,,13566.610269446039,3437.89098747562,25.340825152309755,31.76781445922853,0.2341617679603742,Mata Atlântica,ok,
4322202,Tupanciretã - RS,RS,20005.0,1.1,225327.80170940908,46581.81701436924,20.67291149205052,677.1137175109786,0.3005016302356729,Pampa,ok,
4322251,Tupandi - RS,RS,5029.0,0.6,5941.920327301086,2977.666291143889,50.11286128261487,178.6982183410646,3.007415254627491,Mata Atlântica,ok,
4322301,Tuparendi - RS,RS,8363.0,0.3,30771.294923458532,5802.066075860638,18.85544982846148,291.3509523925771,0.9468270773696474,Mata Atlântica,ok,
4322327,Turuçu - RS,RS,3419.0,0.7,25362.70274440929,9212.270912878466,36.32211837087879,97.30929301757821,0.3836708334999043,Pampa,ok,
4322343,Ubiretama - RS,RS,1994.0,0.5,12589.712730840982,2601.5951472229017,20.66445202399084,43.04891235961935,0.3419372092117921,Mata Atlântica | Pampa,ok,
4322350,União da Serra - RS,RS,1170.0,0.4,13114.827601190575,5585.409585174684,42.58850939578982,31.91473862304689,0.24334851813187117,Mata Atlântica,ok,
4322376,Unistalda - RS,RS,1995.0,0.3,60225.59323579682,44060.02447953491,73.15830714531936,62.56289534912112,0.10388091173161754,Pampa,ok,
4322400,Uruguaiana - RS,RS,117210.0,1.4,569606.3770752554,278697.56460714445,48.92809768706705,2595.613972692917,0.45568555359589824,Pampa,ok,
4322509,Vacaria - RS,RS,64197.0,1.3,212444.93779210933,106886.31271227123,50.312478058133905,1875.936433148248,0.8830224210773943,Mata Atlântica,ok,
4322525,Vale Verde - RS,RS,3150.0,0.9,32971.862526886696,14023.920878753972,42.53299572421259,43.27783828735357,0.1312568807784605,Mata Atlântica | Pampa,ok,
4322533,Vale do Sol - RS,RS,9897.0,0.2,32937.35918469774,13484.868700609664,40.940952870546326,94.58126751708957,0.2871549810254089,Mata Atlântica,ok,
4322541,Vale Real - RS,RS,6058.0,0.6,4508.122663867152,2972.66449678341,65.94018660160863,193.7957388305651,4.298812460979566,Mata Atlântica,ok,
4322558,Vanini - RS,RS,2004.0,1.0,6489.3924059634255,1800.2268879822445,27.741069970247544,74.25104919433541,1.1441910821435675,Mata Atlântica,ok,
4322608,Venâncio Aires - RS,RS,68763.0,1.2,77268.0582386416,25736.236379627455,33.307730213876155,1708.357679467721,2.2109494122286284,Mata Atlântica | Pampa,ok,
4322707,Vera Cruz - RS,RS,26710.0,0.8,30997.26144949243,10110.928296746428,32.61877928545843,771.1020946777708,2.4876458713432483,Mata Atlântica,ok,
4322806,Veranópolis - RS,RS,24021.0,0.9,28942.26892436632,17259.206719135454,59.63321937280816,659.8075523315492,2.279736789315993,Mata Atlântica,ok,
4322855,Vespasiano Corrêa - RS,RS,1818.0,0.3,11361.702093927222,4271.684028247227,37.59721908683403,35.42972885131834,0.31183469306289385,Mata Atlântica,ok,
4322905,Viadutos - RS,RS,4769.0,0.6,26668.19245308802,8727.824044726622,32.7274676005122,113.7258154235826,0.42644740780102564,Mata Atlântica,ok,
4323002,Viamão - RS,RS,224112.0,1.5,149598.98673179164,87551.61532556008,58.5242034309543,4805.046987164411,3.211951559390662,Pampa,ok,
4323101,Vicente Dutra - RS,RS,4665.0,0.2,19299.76558460174,3803.041189520326,19.70511596552536,145.3061647033695,0.7528908269191703,Mata Atlântica,ok,
4323200,Victor Graeff - RS,RS,2780.0,0.1,23814.678232023052,2569.8833054137826,10.791173747450088,105.4574812438943,0.44282555580401683,Mata Atlântica | Pampa,ok,
4323309,Vila Flores - RS,RS,3646.0,0.1,10769.421997851441,3876.7052072448423,35.997337721729785,188.9676658019995,1.7546685963248498,Mata Atlântica,ok,
4323358,Vila Lângaro - RS,RS,2079.0,0.5,15167.723356256061,2209.3779733398546,14.566312434941512,55.98892847900396,0.36913205208157246,Mata Atlântica | Pampa,ok,
4323408,Vila Maria - RS,RS,4413.0,0.5,18104.96541843282,4651.719598370406,25.693059836692374,147.7924298278778,0.8163088214319871,Mata Atlântica,ok,
4323457,Vila Nova do Sul - RS,RS,3863.0,2.4,50826.41929014905,28320.38111511218,55.71980381588894,118.1381278686523,0.2324344888319711,Pampa,ok,
4323507,Vista Alegre - RS,RS,2660.0,0.4,7767.803911218384,2395.359962902894,30.83702923349388,69.42431651611369,0.8937444522234914,Mata Atlântica,ok,
4323606,Vista Alegre do Prata - RS,RS,1590.0,0.5,11928.393425585968,6092.495968573077,51.07557867352779,41.01758046264648,0.3438650872687119,Mata Atlântica,ok,
4323705,Vista Gaúcha - RS,RS,2783.0,0.5,9003.196228314395,2841.704543286172,31.563285651258145,74.01585322875978,0.8221064092325937,Mata Atlântica,ok,
4323754,Vitória das Missões - RS,RS,3260.0,0.5,25844.37834402532,8236.324992865077,31.86892283972906,95.7980286376958,0.3706725979727127,Mata Atlântica | Pampa,ok,
4323770,Westfália - RS,RS,3098.0,2.6,6684.862129595948,2878.8217759094346,43.06478907267215,119.5985856689453,1.789095771166999,Mata Atlântica,ok,
4323804,Xangri-lá - RS,RS,16463.0,1.2,6008.104389849878,1726.6214650940026,28.738206812966926,2144.0665087585653,35.686239280075796,Mata Atlântica | Pampa,ok,
5000203,Água Clara - MS,MS,16741.0,1.2,778152.6547102007,151988.4539147971,19.531958542427716,470.7164833740235,0.0604915347296897,Cerrado,ok,
5000252,Alcinópolis - MS,MS,4537.0,1.1,439755.8562441133,146486.1451287422,33.3107889409041,138.679967663575,0.031535672736235774,Cerrado,ok,
5000609,Amambai - MS,MS,39325.0,0.6,419372.68605440855,49356.419044342045,11.769106736230944,1223.5029387206944,0.29174597664711993,Cerrado | Mata Atlântica,ok,
5000708,Anastácio - MS,MS,24114.0,0.6,291314.9092705169,81300.84664000366,27.90823402880049,729.5767392639101,0.2504426364894426,Cerrado,ok,
5000807,Anaurilândia - MS,MS,7653.0,0.7,341571.3121151045,46061.12905494846,13.485069565627494,177.4299563781747,0.05194521614812411,Cerrado | Mata Atlântica,ok,
5000856,Angélica - MS,MS,10729.0,1.1,128364.5786239546,17138.704043231683,13.351583612049007,422.2686683410644,0.32896042885639426,Mata Atlântica,ok,
5000906,Antônio João - MS,MS,9303.0,1.2,109545.64045567374,20245.722077756287,18.481540656059668,276.581898638918,0.2524809727602381,Cerrado,ok,
5001003,Aparecida do Taboado - MS,MS,27674.0,0.6,275151.41762086994,28908.60270612242,10.506434223048586,919.0697005859081,0.3340232474659791,Cerrado | Mata Atlântica,ok,
5001102,Aquidauana - MS,MS,46803.0,0.8,1708867.356966478,1317385.1184305097,77.0911278198377,1338.867707788097,0.07834825226955054,Cerrado | Pantanal,ok,
5001243,Aral Moreira - MS,MS,10748.0,0.6,165363.4141405162,26588.75462005619,16.078982620341048,285.7662747558584,0.17281106358449447,Cerrado | Mata Atlântica,ok,
5001508,Bandeirantes - MS,MS,7940.0,1.4,336347.4581886334,71789.56501517489,21.343870235199823,314.1900026916505,0.09341233151684579,Cerrado,ok,
5001904,Bataguassu - MS,MS,23031.0,0.9,239246.98007555766,32722.564383569417,13.677315539462676,757.8991499450814,0.31678525250589407,Cerrado | Mata Atlântica,ok,
5002001,Batayporã - MS,MS,10712.0,1.0,182653.88491800652,51828.650063153895,28.375334084144892,332.3591152404789,0.18196115313379466,Cerrado | Mata Atlântica,ok,
5002100,Bela Vista - MS,MS,21613.0,1.7,495514.7963722384,142954.85576713225,28.849765297370123,713.6763093139618,0.14402724490548557,Cerrado,ok,
5002159,Bodoquena - MS,MS,8567.0,1.1,258912.03251771835,138412.69574134602,53.45935235044509,209.4506983337403,0.0808964713987971,Cerrado | Pantanal,ok,
5002209,Bonito - MS,MS,23659.0,1.1,537879.3019648723,229926.7386184493,42.74690209839406,589.9424582580559,0.10967933811600428,Cerrado,ok,
5002308,Brasilândia - MS,MS,11579.0,1.1,580355.6441675037,101155.37067192986,17.429893495226203,450.4034410644524,0.07760817794932237,Cerrado | Mata Atlântica,ok,
5002407,Caarapó - MS,MS,30612.0,1.0,211569.54518636595,23468.041550238453,11.092353358119707,1170.8362689330988,0.5534049184166561,Cerrado | Mata Atlântica,ok,
5002605,Camapuã - MS,MS,13583.0,0.7,623817.8214540201,153914.6259017024,24.673008786916654,444.3148839660613,0.07122510269591753,Cerrado,ok,
5002704,Campo Grande - MS,MS,898100.0,1.2,808216.2038403319,149349.39010091545,18.47889084520512,24184.1203705677,2.992283532012113,Cerrado,ok,
5002803,Caracol - MS,MS,5036.0,0.8,292642.4681520542,75797.48581406946,25.901054721383026,174.2207449218745,0.0595336507452333,Cerrado,ok,
5002902,Cassilândia - MS,MS,20988.0,1.5,371169.5036651039,62046.003902978766,16.716352849656843,653.548908221443,0.1760782881589114,Cerrado,ok,
5002951,Chapadão do Sul - MS,MS,30993.0,0.8,325229.6682490987,47961.0054262819,14.746811287077225,1152.008521325728,0.35421384756429597,Cerrado,ok,
5003108,Corguinho - MS,MS,4783.0,2.0,263887.793723633,92078.48489814738,34.89304434997105,178.0567395935058,0.06747441292414715,Cerrado,ok,
5003157,Coronel Sapucaia - MS,MS,14289.0,1.2,102375.27866630552,12104.117726111004,11.823281835026446,389.4226063354498,0.3803873468367118,Cerrado | Mata Atlântica,ok,
5003207,Corumbá - MS,MS,96268.0,1.0,6441035.5880859,5613787.407541161,87.15659664922649,2225.146898803669,0.03454641522117287,Cerrado | Pantanal,ok,
5003256,Costa Rica - MS,MS,26037.0,1.4,415938.5840694303,109042.03961815652,26.21589912417328,1039.763710174534,0.24998010523615477,Cerrado,ok,
5003306,Coxim - MS,MS,32151.0,0.8,639062.9043130332,250139.6605640069,39.14163361318819,1076.558736645531,0.16845896223671256,Cerrado | Pantanal,ok,
5003454,Deodápolis - MS,MS,13663.0,0.6,82844.31715106667,10429.996577001919,12.589875727966726,449.7617156982432,0.54289990088047,Mata Atlântica,ok,
5003488,Dois Irmãos do Buriti - MS,MS,11100.0,0.8,243028.93276622664,67813.46547314858,27.903453593477867,317.82500449829,0.13077661201928203,Cerrado,ok,
5003504,Douradina - MS,MS,5578.0,0.6,28022.86833565815,3875.8499866700968,13.831025219278532,176.9145713195809,0.6313221373361808,Mata Atlântica,ok,
5003702,Dourados - MS,MS,243367.0,1.1,406291.2558285358,59221.45229793641,14.576108013244868,8434.424758367042,2.075955275278324,Cerrado | Mata Atlântica,ok,
5003751,Eldorado - MS,MS,11386.0,0.7,101277.56119320451,23364.165160730052,23.069438961073377,415.8213394409195,0.4105759800511667,Mata Atlântica,ok,
5003801,Fátima do Sul - MS,MS,20609.0,0.7,32563.68933736507,3729.841951269608,11.453990709184836,761.3738673461929,2.338106900167966,Mata Atlântica,ok,
5003900,Figueirão - MS,MS,3539.0,0.9,488076.587713681,135951.9351592897,27.854631543818854,109.2283356994622,0.022379343416394012,Cerrado,ok,
5004007,Glória de Dourados - MS,MS,10444.0,0.7,49309.47972485492,2333.68876041871,4.732738559483099,322.596291851805,0.6542277340014139,Mata Atlântica,ok,
5004106,Guia Lopes da Laguna - MS,MS,9940.0,1.3,122545.25428920977,27738.563388398066,22.635363196468123,417.1741716125472,0.3404245835811855,Cerrado,ok,
5004304,Iguatemi - MS,MS,13808.0,0.5,295742.8868024842,44918.205707215486,15.188262410251882,583.6399543334929,0.19734708098771095,Cerrado | Mata Atlântica,ok,
5004403,Inocência - MS,MS,8404.0,0.7,576117.2072792051,107486.83951480828,18.657113197925483,188.8515772338866,0.03278006191236065,Cerrado,ok,
5004502,Itaporã - MS,MS,24137.0,1.6,134237.99296763338,19003.77388175043,14.156777423164021,648.8715831237786,0.4833740201108567,Cerrado | Mata Atlântica,ok,
5004601,Itaquiraí - MS,MS,19423.0,0.7,206374.25155252335,43563.37042420152,21.108917462561656,342.8942722961353,0.16615167333937822,Mata Atlântica,ok,
5004700,Ivinhema - MS,MS,27821.0,0.6,200343.22580971694,28954.213574523717,14.452304767231814,1092.143073278763,0.5451360128922276,Mata Atlântica,ok,
5004809,Japorã - MS,MS,8148.0,0.5,41653.21136959822,6805.023263238441,16.337331599371666,91.52146927490229,0.21972248060974675,Mata Atlântica,ok,
5004908,Jaraguari - MS,MS,7139.0,0.6,291354.66636386374,58936.81976546646,20.228548422101504,173.6654967224124,0.059606217703589814,Cerrado,ok,
5005004,Jardim - MS,MS,23981.0,0.7,213002.50484678167,58480.96467723249,27.455529088401754,880.0337636962824,0.41315653275031394,Cerrado,ok,
5005103,Jateí - MS,MS,3586.0,0.5,193332.19508007096,57926.18952809446,29.96199857147621,107.2536138305654,0.05547633377159194,Mata Atlântica,ok,
5005152,Juti - MS,MS,6729.0,0.7,156918.68998503048,20969.6848211243,13.36340803197168,274.1210307067871,0.1746898541741187,Mata Atlântica,ok,
5005202,Ladário - MS,MS,21522.0,0.9,35425.5678489447,25830.377518219437,72.91450521939595,582.1388282470956,1.643273103565613,Pantanal,ok,
5005251,Laguna Carapã - MS,MS,6799.0,1.1,172580.71781292485,30200.622040045007,17.499418488212612,252.1308232727039,0.1460944342264298,Cerrado | Mata Atlântica,ok,
5005400,Maracaju - MS,MS,45047.0,0.6,539690.6930378396,105408.44606114637,19.531269933119972,1489.472721667481,0.27598636420492223,Cerrado | Mata Atlântica,ok,
5005608,Miranda - MS,MS,25536.0,0.9,547093.2865719378,332529.4346440654,60.78112139296755,439.1957784240702,0.0802780420092616,Cerrado | Pantanal,ok,
5005681,Mundo Novo - MS,MS,19193.0,0.9,46882.093523015865,15168.400871301295,32.35435905577609,703.5931347900395,1.500771578053834,Mata Atlântica,ok,
5005707,Naviraí - MS,MS,50457.0,0.9,318968.5572653727,85670.93733638033,26.85874058272915,1650.479987335191,0.5174428481243808,Mata Atlântica,ok,
5005806,Nioaque - MS,MS,13220.0,0.8,390968.4761646376,100544.89021284124,25.716879068915414,221.6490154479968,0.056692298474381335,Cerrado,ok,
5006002,Nova Alvorada do Sul - MS,MS,21822.0,0.7,402760.1784967203,65470.32379557482,16.25541135668852,967.4867143615813,0.24021409414720962,Cerrado | Mata Atlântica,ok,
5006200,Nova Andradina - MS,MS,48563.0,1.0,476819.0503350679,89650.62049026397,18.80181180413516,1423.5863256958173,0.2985590287752643,Cerrado | Mata Atlântica,ok,
5006259,Novo Horizonte do Sul - MS,MS,4721.0,0.3,84916.70659435308,18790.77711499019,22.12848080031376,110.934576092529,0.13063928235283928,Mata Atlântica,ok,
5006275,Paraíso das Águas - MS,MS,5510.0,1.2,506145.12353465764,90917.66250207511,17.962765672254797,357.1734123046937,0.07056739178091413,Cerrado,ok,
5006309,Paranaíba - MS,MS,40957.0,1.2,535204.3458118603,79043.7593976866,14.768893417295374,1485.975888989232,0.27764645422210293,Cerrado | Mata Atlântica,ok,
5006358,Paranhos - MS,MS,12921.0,0.6,130676.89133301574,16391.052979858443,12.543191694151679,278.7642267761231,0.21332327692562186,Cerrado | Mata Atlântica,ok,
5006408,Pedro Gomes - MS,MS,6941.0,1.0,355378.42996744433,113041.53824418342,31.808778674197807,191.4429887512208,0.05387017686153845,Cerrado,ok,
5006606,Ponta Porã - MS,MS,92017.0,1.3,535913.2593953726,98011.31049174054,18.288651899062685,3270.178866418439,0.6102067469104825,Cerrado,ok,
5006903,Porto Murtinho - MS,MS,12859.0,0.6,1749241.0069243624,1188849.6096691117,67.96373998568842,396.3285109924295,0.022657170133993255,Cerrado | Pantanal,ok,
5007109,Ribas do Rio Pardo - MS,MS,23150.0,0.9,1731520.8307133506,349867.9808449861,20.205819915019315,577.5530876770101,0.033355249179362764,Cerrado,ok,
5007208,Rio Brilhante - MS,MS,37601.0,0.7,398348.3034824082,82829.81489860319,20.793314336849207,1132.8852080993825,0.28439564024637864,Cerrado | Mata Atlântica,ok,
5007307,Rio Negro - MS,MS,4841.0,0.4,182879.0789865559,71195.15641422437,38.93018097464182,123.0902963256836,0.06730693144770945,Cerrado,ok,
5007406,Rio Verde de Mato Grosso - MS,MS,19818.0,1.1,817472.3176400295,395623.7585437122,48.39598234786018,668.6702230651778,0.08179729253653135,Cerrado | Pantanal,ok,
5007505,Rochedo - MS,MS,5199.0,1.1,130480.20177356647,32187.86333437267,24.6687718878846,123.6329965637199,0.09475230332512123,Cerrado,ok,
5007554,Santa Rita do Pardo - MS,MS,7027.0,0.6,614200.2544360042,106095.28838224658,17.273729148756164,158.8652204589858,0.025865378483905944,Cerrado | Mata Atlântica,ok,
5007695,São Gabriel do Oeste - MS,MS,29579.0,1.1,385060.394141065,97616.89166443699,25.351060028436866,1232.456561291506,0.3200683788943512,Cerrado,ok,
5007703,Sete Quedas - MS,MS,10994.0,0.4,83889.69521167543,18215.134912359994,21.713197152997747,299.8757979797346,0.3574644027768492,Cerrado | Mata Atlântica,ok,
5007802,Selvíria - MS,MS,8142.0,0.5,325493.07377730333,56483.15386311712,17.3531046936384,430.64022674560607,0.1323039601881798,Cerrado | Mata Atlântica,ok,
5007901,Sidrolândia - MS,MS,47118.0,1.2,526568.3103509358,89903.91893261202,17.073552882947858,1070.120949755863,0.20322547497069696,Cerrado,ok,
5007935,Sonora - MS,MS,14516.0,1.1,418561.21382131305,174114.11441612395,41.598243856979686,552.2672210998469,0.13194419426918375,Cerrado | Pantanal,ok,
5007950,Tacuru - MS,MS,10808.0,1.1,178416.68653437044,29917.132417450233,16.768124662872804,155.120789678955,0.08694298313239457,Cerrado | Mata Atlântica,ok,
5007976,Taquarussu - MS,MS,3625.0,0.7,105218.69217112706,48730.16308301094,46.31321876131714,106.6805575195316,0.10138935898008215,Mata Atlântica,ok,
5008008,Terenos - MS,MS,17652.0,1.3,284587.19448098994,66690.63679113952,23.43416642929602,492.5927327209488,0.17309026627825075,Cerrado,ok,
5008305,Três Lagoas - MS,MS,132152.0,1.2,1021704.0122376698,181771.1424377753,17.790978625959582,5773.020506750496,0.5650384492576085,Cerrado | Mata Atlântica,ok,
5008404,Vicentina - MS,MS,6336.0,0.9,30255.444629455462,1315.345637145995,4.347467549247082,221.8575795715333,0.7332815044983403,Mata Atlântica,ok,
5100102,Acorizal - MT,MT,5014.0,0.9,85076.37836978177,53342.17524619919,62.699160763930415,207.0727607360839,0.24339630424328684,Cerrado,ok,
5100201,Água Boa - MT,MT,29219.0,1.2,754933.2201596653,311285.9599063371,41.233575579109015,1579.457802362107,0.20921821429822074,Amazônia | Cerrado,ok,
5100250,Alta Floresta - MT,MT,58613.0,1.2,895550.1953587369,430056.79290051473,48.021517401181946,2986.00522042854,0.333426896214613,Amazônia,ok,
5100300,Alto Araguaia - MT,MT,17193.0,0.6,531742.7601392913,266837.2112877733,50.181635048096304,702.1289679504415,0.13204297652619043,Cerrado,ok,
5100359,Alto Boa Vista - MT,MT,5715.0,0.1,224846.64018294806,90868.9825974558,40.41376047403671,373.85346899413713,0.16627042711865678,Amazônia | Cerrado,ok,
5100409,Alto Garças - MT,MT,13052.0,1.7,385761.28433739004,170759.11370842636,44.26548765818579,444.8422225402881,0.11531541411792516,Cerrado,ok,
5100508,Alto Paraguai - MT,MT,8009.0,1.4,184737.70908740594,113824.20929369233,61.61395518867134,342.424666137694,0.18535721149149945,Amazônia | Cerrado,ok,
5100607,Alto Taquari - MT,MT,10904.0,1.1,152136.4870467206,38996.35869716177,25.632482683254093,374.1591527282734,0.2459365008299228,Cerrado,ok,
5100805,Apiacás - MT,MT,8590.0,0.9,2048900.7027772176,1796332.4846341882,87.67298884710803,376.4733726623557,0.018374407903323887,Amazônia,ok,
5101001,Araguaiana - MT,MT,3795.0,0.8,638083.5577337389,358531.52669437556,56.18880511006436,129.636538995361,0.020316545916930846,Cerrado,ok,
5101209,Araguainha - MT,MT,1010.0,1.3,67523.99555699805,41804.559354016346,61.91067191622046,81.02703846435544,0.11999739914081249,Cerrado,ok,
5101258,Araputanga - MT,MT,14786.0,1.1,163965.38223986904,60039.97523707777,36.61747035678775,511.3407450622586,0.3118589656408116,Amazônia | Cerrado,ok,
5101308,Arenápolis - MT,MT,10576.0,1.2,41731.13227317474,11099.244761266982,26.597037167864496,438.2973876769996,1.0502887503935336,Amazônia,ok,
5101407,Aripuanã - MT,MT,24626.0,1.0,2467803.9849930434,2036438.9832484694,82.52028911665,1149.116174896257,0.04656432122989283,Amazônia,ok,
5101605,Barão de Melgaço - MT,MT,7253.0,0.3,1137490.4142974298,985356.5168714232,86.62547872810234,75.36569745483416,0.006625611654176773,Cerrado | Pantanal,ok,
5101704,Barra do Bugres - MT,MT,29403.0,1.0,597657.7723662719,329617.19600593025,55.15149492675313,986.6310379394495,0.16508294270701745,Amazônia | Cerrado,ok,
5101803,Barra do Garças - MT,MT,69210.0,0.9,836295.288230545,488587.38203718455,58.422830896363195,2790.47280022567,0.33367075475575425,Cerrado,ok,
5101852,Bom Jesus do Araguaia - MT,MT,7280.0,0.3,426663.65765042615,179893.4881048817,42.1628336229827,505.0195850830067,0.11836480000759265,Amazônia | Cerrado,ok,
5101902,Brasnorte - MT,MT,17004.0,0.8,1596835.0255616806,990268.2939690248,62.014439695841574,635.0655919677718,0.039770269426823844,Amazônia | Cerrado,ok,
5102504,Cáceres - MT,MT,89681.0,0.8,2446926.8940052027,1673388.7695257298,68.38736268032419,2954.9636245970723,0.12076223575933238,Amazônia | Cerrado | Pantanal,ok,
5102603,Campinápolis - MT,MT,15347.0,0.8,597895.7374979525,386295.97976134834,64.60925468007224,452.9146562011703,0.07575144423951029,Amazônia | Cerrado,ok,
5102637,Campo Novo do Parecis - MT,MT,45899.0,0.9,942857.2760586133,489482.66738935764,51.914821025248,2119.468311511185,0.22479206188778747,Amazônia | Cerrado,ok,
5102678,Campo Verde - MT,MT,44585.0,1.4,477114.8454656863,124858.90967901995,26.169571302513518,1673.419275238023,0.35073720533778147,Cerrado,ok,
5102686,Campos de Júlio - MT,MT,8822.0,0.9,679284.4244872441,384645.39813752385,56.62508726412685,440.2074474853538,0.06480458429731303,Cerrado,ok,
5102694,Canabrava do Norte - MT,MT,4485.0,0.1,344907.40661360044,152029.2238769464,44.078271722145026,222.33435750122,0.06446204205475385,Amazônia | Cerrado,ok,
5102702,Canarana - MT,MT,25858.0,0.9,1085517.1775917092,586876.1857533947,54.064200720933584,1437.0667204223894,0.13238544263395408,Amazônia | Cerrado,ok,
5102793,Carlinda - MT,MT,10332.0,1.1,242175.24706523435,75303.86923208555,31.094783692654214,368.0787643249515,0.15198859866376135,Amazônia,ok,
5102850,Castanheira - MT,MT,7506.0,0.4,371346.19454996975,152166.8944403981,40.977098102434425,264.1570260192875,0.07113497590554722,Amazônia,ok,
5103007,Chapada dos Guimarães - MT,MT,18990.0,0.7,660327.027822637,411360.9691419447,62.29655183104753,1388.191015112313,0.21022780480298306,Cerrado,ok,
5103056,Cláudia - MT,MT,9593.0,0.9,384354.948162713,216006.35087737735,56.199706003507245,656.7476063599142,0.17087007972690038,Amazônia,ok,
5103106,Cocalinho - MT,MT,6220.0,0.7,1656307.4997331386,1254041.2477743435,75.71306946182351,278.8853786926271,0.01683777793299618,Cerrado,ok,
5103205,Colíder - MT,MT,31370.0,1.6,311205.4356609431,74778.92289270663,24.02879716219929,1028.745940985071,0.3305681145318699,Amazônia,ok,
5103254,Colniza - MT,MT,25766.0,0.5,2796127.4370856425,2222180.741794884,79.4735144157459,1252.243184320076,0.04478491100624757,Amazônia,ok,
5103304,Comodoro - MT,MT,18238.0,0.7,2147980.148583393,1815712.1282850087,84.53114101089263,899.793993096916,0.041890237844625144,Amazônia | Cerrado,ok,
5103353,Confresa - MT,MT,35075.0,0.9,580228.6518001637,198310.29240835333,34.177955844320024,1918.15002758787,0.33058519630783406,Amazônia | Cerrado,ok,
5103361,Conquista D'Oeste - MT,MT,3760.0,0.8,268473.0888440553,218863.99620541552,81.52176337217337,135.6277821533209,0.050518203793640325,Amazônia | Cerrado,ok,
5103379,Cotriguaçu - MT,MT,11011.0,1.2,947011.764890017,708493.9081882266,74.81363320449445,488.5479034790045,0.0515883668600192,Amazônia,ok,
5103403,Cuiabá - MT,MT,650877.0,1.6,432720.7972468491,250538.74537336922,57.8984756377326,18395.28602253416,4.251075090352179,Cerrado,ok,
5103437,Curvelândia - MT,MT,4903.0,1.0,35723.360968049165,9545.205804309046,26.719786564445158,136.5141896728506,0.38214262592746623,Amazônia | Pantanal,ok,
5103452,Denise - MT,MT,7014.0,0.6,127316.18035288998,33663.93527606865,26.441207380523263,236.24002744751,0.18555381318596675,Amazônia | Cerrado,ok,
5103502,Diamantino - MT,MT,21941.0,1.1,826340.2429369416,339609.4059385672,41.098011241899904,1244.354467242439,0.1505862116577803,Amazônia | Cerrado,ok,
5103601,Dom Aquino - MT,MT,7872.0,0.6,218355.35335788463,91859.32273389433,42.068729399703244,239.7867235656735,0.10981490486869944,Cerrado,ok,
5103700,Feliz Natal - MT,MT,10521.0,0.7,1166152.1005048393,929451.9259568006,79.70246124450071,585.4016973022353,0.05019942913525679,Amazônia,ok,
5103809,Figueirópolis D'Oeste - MT,MT,3187.0,0.7,89144.13839910523,15515.39024054545,17.404835044881857,117.8085604248045,0.13215513946342317,Amazônia,ok,
5103858,Gaúcha do Norte - MT,MT,8642.0,0.2,1690842.910922354,1250947.3019977617,73.98365004324206,367.214613726804,0.021717843293111633,Amazônia | Cerrado,ok,
5103908,General Carneiro - MT,MT,6037.0,0.2,451492.45221051085,237605.64335414604,52.626714398175835,202.1620026428228,0.04477638588486606,Cerrado,ok,
5103957,Glória D'Oeste - MT,MT,2905.0,0.6,83311.29449497165,32830.748759307324,39.40732040994617,104.6294845336914,0.1255885953614686,Amazônia | Pantanal,ok,
5104104,Guarantã do Norte - MT,MT,31024.0,1.3,472535.265691762,250966.2721325477,53.11059096618933,1228.910546911525,0.26006747773893174,Amazônia,ok,
5104203,Guiratinga - MT,MT,10966.0,0.4,504449.30338305037,283964.0727966285,56.291895120529524,416.9169152160628,0.08264793159987369,Cerrado,ok,
5104500,Indiavaí - MT,MT,2213.0,0.7,59250.02086930658,14654.193922625484,24.732808035544217,88.04155830688471,0.14859329501518045,Amazônia | Cerrado,ok,
5104526,Ipiranga do Norte - MT,MT,7815.0,0.7,342199.73948546726,117243.0468253596,34.261582724068305,368.817849609373,0.10777853021277246,Amazônia | Cerrado,ok,
5104542,Itanhangá - MT,MT,7539.0,0.8,290972.6894790265,128278.42640035268,44.086070974574774,652.2065938293314,0.2241470135898589,Amazônia,ok,
5104559,Itaúba - MT,MT,5020.0,1.3,452182.59758637135,277058.32151715463,61.27133662286368,381.2148650634758,0.08430551443118287,Amazônia,ok,
5104609,Itiquira - MT,MT,12236.0,1.0,869881.5126560281,358311.4654618873,41.190835791859406,464.4380340087903,0.05339095350937066,Cerrado | Pantanal,ok,
5104807,Jaciara - MT,MT,28569.0,0.8,242970.56640567226,90695.16060993653,37.327632705316525,970.3452030822802,0.39936738734936206,Cerrado,ok,
5104906,Jangada - MT,MT,7426.0,0.9,111427.73083122127,73398.42347810944,65.87087696265257,200.2215661437984,0.17968737642793112,Cerrado,ok,
5105002,Jauru - MT,MT,8367.0,1.2,134535.29062425595,29602.73050150753,22.003691644139,252.6719653320312,0.18781091872594197,Amazônia | Cerrado,ok,
5105101,Juara - MT,MT,34906.0,1.0,2263274.7232311387,1505415.4050535979,66.51492148087125,1346.49850755004,0.05949337452184004,Amazônia,ok,
5105150,Juína - MT,MT,45869.0,1.3,2639722.425273599,2219558.622155157,84.08303088629125,2083.859206567373,0.07894236100795285,Amazônia | Cerrado,ok,
5105176,Juruena - MT,MT,10213.0,0.8,320785.0845903578,185856.9093368074,57.93813935399973,554.837754949944,0.17296245417971076,Amazônia,ok,
5105200,Juscimeira - MT,MT,11480.0,1.0,229131.29373281993,82664.7679840653,36.07746748048178,418.2999841247557,0.18255908100118232,Cerrado | Pantanal,ok,
5105234,Lambari D'Oeste - MT,MT,4790.0,0.6,181044.01870093617,78562.95617381544,43.394394765171654,120.5592099548337,0.06659110354481448,Amazônia | Pantanal,ok,
5105259,Lucas do Rio Verde - MT,MT,83798.0,1.2,367460.5059254353,102554.65858574826,27.909028843104718,3325.913144366422,0.9051076485050377,Amazônia | Cerrado,ok,
5105309,Luciara - MT,MT,2509.0,0.6,428265.3718958249,390385.94675733015,91.15515107588271,94.92572037963882,0.02216516361325832,Amazônia | Cerrado,ok,
5105507,Vila Bela da Santíssima Trindade - MT,MT,16774.0,1.0,1347459.0211679246,754567.4421024044,55.99928682420152,379.6638510742187,0.028176281809679155,Amazônia,ok,
5105580,Marcelândia - MT,MT,11396.0,0.8,1228545.7970710965,893819.8866909664,72.75429933681508,798.8384217895518,0.06502308857301171,Amazônia,ok,
5105606,Matupá - MT,MT,20091.0,1.1,522832.54814888816,322882.8542819064,61.75645633101601,946.4954537048669,0.18103223624006884,Amazônia,ok,
5105622,Mirassol d'Oeste - MT,MT,26785.0,1.1,108548.9517231455,28576.90870914879,26.326287131758125,850.8403086791778,0.7838309768750684,Amazônia | Pantanal,ok,
5105903,Nobres - MT,MT,15492.0,0.6,390867.53232554736,248365.7396777245,63.542177115612816,692.9889362976194,0.17729508822964601,Cerrado,ok,
5106000,Nortelândia - MT,MT,5956.0,0.7,133678.1812899106,71814.70371020281,53.722083153163794,239.6488166748039,0.17927294818222625,Amazônia | Cerrado,ok,
5106109,Nossa Senhora do Livramento - MT,MT,12940.0,1.1,541009.2912021243,357911.9998121554,66.15634992457778,183.0817175781248,0.03384077141657154,Cerrado | Pantanal,ok,
5106158,Nova Bandeirantes - MT,MT,13635.0,0.7,955665.5442448363,545585.5167145074,57.08958746081269,466.2205287414549,0.04878490509039549,Amazônia,ok,
5106174,Nova Nazaré - MT,MT,4200.0,0.8,403456.84110358317,317061.13979678747,78.5861354908555,88.72667221679697,0.021991614263895294,Cerrado,ok,
5106182,Nova Lacerda - MT,MT,6670.0,0.6,478035.513669706,286564.6058421075,59.94630056713872,176.3837449462889,0.03689762369164889,Amazônia | Cerrado,ok,
5106190,Nova Santa Helena - MT,MT,4239.0,1.5,238558.01962615212,117283.31975615831,49.16343619047256,266.2047096984861,0.1115890843307886,Amazônia,ok,
5106208,Nova Brasilândia - MT,MT,3932.0,0.3,328951.6304287878,195028.90907453664,59.288020193217115,212.392297497559,0.06456642188418586,Cerrado,ok,
5106216,Nova Canaã do Norte - MT,MT,11707.0,0.8,595309.8138039925,286388.85988916183,48.10753211998219,488.959684802247,0.08213533079151261,Amazônia,ok,
5106224,Nova Mutum - MT,MT,55839.0,0.6,953679.3513144791,428577.97788003867,44.939420916403336,2289.020533905036,0.24001993235462463,Amazônia | Cerrado,ok,
5106232,Nova Olímpia - MT,MT,16352.0,0.6,132725.79285010934,56141.0800074445,42.298545596820105,576.8041275329555,0.4345832977500878,Amazônia,ok,
5106240,Nova Ubiratã - MT,MT,11530.0,0.9,,,,,,Amazônia | Cerrado,na_incompatibilidade_territorial,Nova Ubiratã: a planilha MapBiomas atual usa limites posteriores ao Censo 2022 após a criação de Boa Esperança do Norte; valor não forçado.
5106257,Nova Xavantina - MT,MT,24345.0,1.3,549211.5967859937,227646.85727601117,41.44975426742788,1258.822540447987,0.2292053823725978,Cerrado,ok,
5106265,Novo Mundo - MT,MT,6520.0,0.8,580083.9279455978,312517.95559027523,53.87461029942278,248.5009412963856,0.04283879096193316,Amazônia,ok,
5106273,Novo Horizonte do Norte - MT,MT,3349.0,0.8,92004.14160556445,29273.77539899925,31.817888725597065,106.9721328857417,0.11626882335835194,Amazônia,ok,
5106281,Novo São Joaquim - MT,MT,6919.0,0.6,522559.663211954,201585.66664638568,38.57658385021981,387.3056022277844,0.0741170108399068,Cerrado,ok,
5106299,Paranaíta - MT,MT,11671.0,0.5,481435.29446145997,232142.12676432575,48.218759495812016,457.2846507690419,0.09498361587315003,Amazônia,ok,
5106307,Paranatinga - MT,MT,26423.0,0.9,2412736.5868455716,1562872.0799425945,64.77590999628782,1510.280046069342,0.06259614308099387,Amazônia | Cerrado,ok,
5106315,Novo Santo Antônio - MT,MT,2015.0,0.8,439478.59919138334,380533.9237408272,86.58758912060537,90.0232496521001,0.020484103166283404,Amazônia | Cerrado,ok,
5106372,Pedra Preta - MT,MT,18066.0,0.7,384167.85596959497,141986.39296471063,36.95946726369219,698.260180694586,0.18175913727405915,Cerrado,ok,
5106422,Peixoto de Azevedo - MT,MT,32714.0,0.7,1443397.9210313337,1062443.4537166096,73.60710710719846,1089.95495872802,0.07551313070682739,Amazônia,ok,
5106455,Planalto da Serra - MT,MT,3166.0,0.6,243767.10452530257,132330.28180246215,54.28553703345421,279.4181992492658,0.11462506386716455,Cerrado,ok,
5106505,Poconé - MT,MT,31217.0,1.1,1701365.258235535,1355107.4020800432,79.64823517587331,1023.809457495131,0.06017575899938801,Cerrado | Pantanal,ok,
5106653,Pontal do Araguaia - MT,MT,6932.0,0.7,274245.60954770516,132277.6216842584,48.23326867562802,224.0109888610824,0.08168261626157979,Cerrado,ok,
5106703,Ponte Branca - MT,MT,2008.0,0.7,70114.49535724081,41352.410684654766,58.978404499611436,115.9439210754394,0.1653636961725144,Cerrado,ok,
5106752,Pontes e Lacerda - MT,MT,52018.0,0.8,854524.3010809588,440466.8354778041,51.545267340041825,1482.562729248045,0.17349567793129209,Amazônia | Cerrado,ok,
5106778,Porto Alegre do Norte - MT,MT,12127.0,0.4,397178.6119231505,224033.0123120761,56.406111907008714,578.1538521789473,0.14556520286414956,Amazônia | Cerrado,ok,
5106802,Porto dos Gaúchos - MT,MT,5593.0,1.1,684668.524733442,392508.2190132086,57.32821136564172,462.3821525390582,0.06753372410672373,Amazônia,ok,
5106828,Porto Esperidião - MT,MT,10204.0,0.5,583499.9291905202,288157.45080739784,49.384316328393375,276.7138265563968,0.04742311227702758,Amazônia | Pantanal,ok,
5106851,Porto Estrela - MT,MT,3224.0,0.7,204546.09436605728,122479.82468375076,59.878838099230535,96.47965697631842,0.04716768475845727,Amazônia | Cerrado,ok,
5107008,Poxoréu - MT,MT,23283.0,1.0,691532.3802677693,350410.88271147263,50.67165221906015,817.9030357482919,0.11827400409386332,Cerrado,ok,
5107040,Primavera do Leste - MT,MT,85146.0,1.3,547029.3822004201,135985.44475077273,24.85889225982207,3040.923520642093,0.5558976573452068,Cerrado,ok,
5107065,Querência - MT,MT,26769.0,0.7,1779990.6623977164,1251969.9449260912,70.33575913480576,1377.114475305213,0.0773663876107185,Amazônia | Cerrado,ok,
5107107,São José dos Quatro Marcos - MT,MT,17849.0,0.9,128275.02311747656,24829.36179901143,19.356349502484406,516.2881176696785,0.4024853047166108,Amazônia,ok,
5107156,Reserva do Cabaçal - MT,MT,2122.0,1.9,133182.76300808162,101576.04403229406,76.2681609377111,79.64287233276401,0.05979968468436958,Amazônia | Cerrado,ok,
5107180,Ribeirão Cascalheira - MT,MT,10089.0,0.6,1135456.2596978175,796824.8802176788,70.1766248952417,387.5401523437501,0.03413078654803377,Amazônia | Cerrado,ok,
5107198,Ribeirãozinho - MT,MT,2593.0,0.6,62499.60273143486,18675.50478378272,29.88099758654893,141.2371516601558,0.22598087905784242,Cerrado,ok,
5107206,Rio Branco - MT,MT,4535.0,1.1,53927.989602886926,26301.018411498782,48.77062654323537,180.0038954162599,0.3337856588791208,Amazônia | Cerrado,ok,
5107248,Santa Carmem - MT,MT,5374.0,0.5,381204.6478209886,238518.37003416114,62.56963848619388,345.8097036804191,0.09071497571110655,Amazônia,ok,
5107263,Santo Afonso - MT,MT,2519.0,0.7,116638.31700691712,31601.18401541755,27.09331275205512,113.3936533508296,0.09721818375011781,Amazônia | Cerrado,ok,
5107297,São José do Povo - MT,MT,2875.0,1.6,48974.56782306679,7534.925178155055,15.385383706451291,67.20043934326178,0.13721497162780613,Cerrado,ok,
5107305,São José do Rio Claro - MT,MT,14911.0,1.6,452531.87404619023,218556.19556411286,48.29630974056088,632.8005613830576,0.13983557792847698,Amazônia | Cerrado,ok,
5107354,São José do Xingu - MT,MT,5964.0,2.5,746555.2384437767,375241.3512419309,50.26303907854642,338.0157008850092,0.04527671677578956,Amazônia,ok,
5107404,São Pedro da Cipa - MT,MT,4191.0,0.6,34432.10772016066,12791.165838964982,37.148948135624906,121.9765718200684,0.35425241118378814,Cerrado,ok,
5107578,Rondolândia - MT,MT,3505.0,0.4,1265818.2321385518,1073023.3858952592,84.76915236735269,99.4405041809085,0.007855828084645893,Amazônia,ok,
5107602,Rondonópolis - MT,MT,244911.0,1.1,482448.4656164114,127943.46475872718,26.519612741488825,8471.235238037962,1.7558839631118928,Cerrado | Pantanal,ok,
5107701,Rosário Oeste - MT,MT,15453.0,0.8,733950.6889642888,483478.9400205481,65.87349086119222,468.7789228210447,0.06387062916754803,Cerrado,ok,
5107743,Santa Cruz do Xingu - MT,MT,2661.0,0.3,562345.6765681792,413870.89029626397,73.59723876993051,208.214758740235,0.037026115326591454,Amazônia,ok,
5107750,Salto do Céu - MT,MT,3679.0,0.5,175372.10381734683,74011.61415511102,42.202615207373825,99.07502604980468,0.05649417660689815,Amazônia | Cerrado,ok,
5107768,Santa Rita do Trivelato - MT,MT,3276.0,1.0,474022.4221287695,250679.7117785717,52.88351353777815,179.9806195373525,0.037968798760422404,Cerrado,ok,
5107776,Santa Terezinha - MT,MT,7596.0,0.2,646620.2416190945,398925.95674029953,61.694010033062874,212.48707967529327,0.03286118590151765,Amazônia | Cerrado,ok,
5107792,Santo Antônio do Leste - MT,MT,4099.0,0.4,340366.83939940645,152275.01938427365,44.73850027604634,254.0690813537571,0.07464566225137387,Cerrado,ok,
5107800,Santo Antônio de Leverger - MT,MT,15246.0,1.1,951914.7366422657,606039.4072690055,63.66530361812838,689.722324340821,0.07245631334311636,Cerrado | Pantanal,ok,
5107859,São Félix do Araguaia - MT,MT,13621.0,0.9,1668252.8380179903,1148950.5221895475,68.87148614442563,691.642681665039,0.04145910415394602,Amazônia | Cerrado,ok,
5107875,Sapezal - MT,MT,28944.0,0.8,1361418.9205941372,873376.8242720448,64.15195286773995,1183.657730450495,0.08694294699047775,Amazônia | Cerrado,ok,
5107883,Serra Nova Dourada - MT,MT,1800.0,1.3,149077.28721725536,72638.40389231376,48.725332509207355,109.4201227783198,0.07339825188719604,Amazônia | Cerrado,ok,
5107909,Sinop - MT,MT,196312.0,1.4,399092.30857966386,148850.828291062,37.29734326898197,8868.108639605785,2.2220695435516262,Amazônia,ok,
5107925,Sorriso - MT,MT,110635.0,1.2,,,,,,Amazônia | Cerrado,na_incompatibilidade_territorial,Sorriso: a planilha MapBiomas atual usa limites posteriores ao Censo 2022 após a criação de Boa Esperança do Norte; valor não forçado.
5107941,Tabaporã - MT,MT,9818.0,0.7,843907.1259172845,493776.456080956,58.510757987052884,770.4078604919438,0.09129059784328154,Amazônia,ok,
5107958,Tangará da Serra - MT,MT,106434.0,0.8,1163657.1187847783,848130.2178447791,72.8848905879158,3506.9438205749602,0.3013726091614775,Amazônia | Cerrado,ok,
5108006,Tapurah - MT,MT,14370.0,0.7,449257.1188529587,203299.48125571484,45.25236723566633,803.9932319763278,0.17896059922858423,Amazônia | Cerrado,ok,
5108055,Terra Nova do Norte - MT,MT,10616.0,1.1,239975.47302783505,47340.60078372384,19.727266368689584,408.9961976135262,0.1704324998105478,Amazônia,ok,
5108105,Tesouro - MT,MT,3025.0,0.4,424409.3651066341,227531.292408066,53.61127984319999,84.96804007568369,0.020020302816441203,Cerrado,ok,
5108204,Torixoréu - MT,MT,4164.0,0.9,239838.8396498645,99225.71311480626,41.37182837427988,179.5228290588385,0.07485144162676904,Cerrado,ok,
5108303,União do Sul - MT,MT,3838.0,0.7,459073.9297257467,318710.64212911966,69.4246877228509,371.2412681823693,0.0808674255155702,Amazônia,ok,
5108352,Vale de São Domingos - MT,MT,2904.0,0.5,190216.7455945893,122488.32682502226,64.39408183656067,100.9515044128418,0.05307182819119441,Amazônia | Cerrado,ok,
5108402,Várzea Grande - MT,MT,300078.0,1.3,93987.63713339601,43515.24846597576,46.29890674261218,9529.966497179888,10.139595789235633,Cerrado,ok,
5108501,Vera - MT,MT,12800.0,1.1,297865.5185155833,124336.97166220998,41.742653624979795,430.6289657531765,0.14457160664289764,Amazônia | Cerrado,ok,
5108600,Vila Rica - MT,MT,19888.0,0.9,743659.0768108921,332726.39436074154,44.74179159993657,642.1162973205548,0.08634552005661071,Amazônia | Cerrado,ok,
5108808,Nova Guarita - MT,MT,4590.0,1.5,112197.09663413076,19615.41604735737,17.48299789906532,232.5607337402338,0.2072787449202923,Amazônia,ok,
5108857,Nova Marilândia - MT,MT,3529.0,1.6,190573.37531183564,89907.9806816632,47.17761887490662,122.3834066284176,0.06421852288031388,Amazônia | Cerrado,ok,
5108907,Nova Maringá - MT,MT,5846.0,0.6,1155346.3450190383,826647.0887059736,71.54972119571225,495.8660335083012,0.04291925409606329,Amazônia | Cerrado,ok,
5108956,Nova Monte Verde - MT,MT,8313.0,1.4,513928.35627346206,278977.15378516674,54.28327711046218,401.5967674804687,0.07814255870068755,Amazônia,ok,
5200050,Abadia de Goiás - GO,GO,19128.0,1.2,14335.809718420385,2420.992750854512,16.887729388202796,1429.499629199207,9.971530435162045,Cerrado,ok,
5200100,Abadiânia - GO,GO,17232.0,0.7,104456.70985190272,32158.414458857143,30.78635590231676,1522.74829712526,1.457779303296257,Cerrado,ok,
5200134,Acreúna - GO,GO,21568.0,1.5,156676.21796996216,26745.549004077235,17.07058630251393,910.7733712829546,0.5813092651097611,Cerrado,ok,
5200159,Adelândia - GO,GO,2297.0,0.7,11535.294334827462,1195.7844290832634,10.366310510802837,73.13945578613308,0.634049324301243,Cerrado,ok,
5200175,Água Fria de Goiás - GO,GO,4954.0,1.2,202360.97077527962,116396.25526573288,57.51912279319418,170.9731415771481,0.08448918826694725,Cerrado,ok,
5200209,Água Limpa - GO,GO,1858.0,0.8,45885.35300377451,7718.356737371951,16.82095970088111,53.09942037963859,0.11572193936324443,Cerrado | Mata Atlântica,ok,
5200258,Águas Lindas de Goiás - GO,GO,225693.0,1.1,19182.14610194664,8421.621233788912,43.903435981724016,5980.35937156355,31.176695974370936,Cerrado,ok,
5200308,Alexânia - GO,GO,27008.0,0.9,84685.2640893711,29543.701794971093,34.88647300407857,2396.782932360846,2.830224311317543,Cerrado,ok,
5200506,Aloândia - GO,GO,1973.0,0.5,10208.481380963209,1034.904020513919,10.137688279902331,79.886831829834,0.7825535341506042,Cerrado,ok,
5200555,Alto Horizonte - GO,GO,6072.0,0.5,50034.32284627601,12272.845962359534,24.528853923068503,182.9296762451177,0.3656083780870693,Cerrado,ok,
5200605,Alto Paraíso de Goiás - GO,GO,10306.0,0.7,259505.6095305418,219776.08446029053,84.69030201615915,364.8172978881828,0.1405816616250242,Cerrado,ok,
5200803,Alvorada do Norte - GO,GO,8446.0,1.2,126833.59336564348,58535.2800255628,46.15124311491656,366.263810913084,0.28877508016129194,Cerrado,ok,
5200829,Amaralina - GO,GO,3268.0,1.4,134373.11369954242,39234.284583856475,29.198017001811934,84.05980311279271,0.06255701069839759,Cerrado,ok,
5200852,Americano do Brasil - GO,GO,5259.0,0.4,13385.85669370721,2043.6188168457054,15.267000563411273,190.5544860290518,1.423550919371734,Cerrado,ok,
5200902,Amorinópolis - GO,GO,3007.0,0.5,40692.322893676086,6295.6531113648125,15.471353473269541,133.6232300537106,0.3283745447583597,Cerrado,ok,
5201108,Anápolis - GO,GO,398869.0,1.0,93565.50578853137,20003.482177490165,21.379120444985674,11849.75398285499,12.664660852298255,Cerrado,ok,
5201207,Anhanguera - GO,GO,924.0,1.2,5557.600350616475,1421.755596307439,25.582184874983522,42.82550949096683,0.7705755504030876,Cerrado,ok,
5201306,Anicuns - GO,GO,18503.0,0.9,97605.24786403075,13836.926658514598,14.17641670024768,597.3651227905449,0.6120215212431056,Cerrado,ok,
5201405,Aparecida de Goiânia - GO,GO,527796.0,1.2,27993.856891834497,5363.603844390915,19.159931641843247,14048.65808854473,50.18478926582842,Cerrado,ok,
5201454,Aparecida do Rio Doce - GO,GO,2907.0,0.3,60326.15079562567,10771.782911486553,17.855909534124674,107.3425528686531,0.1779370164562806,Cerrado,ok,
5201504,Aporé - GO,GO,4325.0,0.9,289920.8307269718,59873.417605333554,20.651643917824714,166.6518370300292,0.05748184309908068,Cerrado,ok,
5201603,Araçu - GO,GO,3799.0,0.4,14976.830195513985,2226.7354123168266,14.867868455795147,125.1969366271976,0.8359374780432369,Cerrado,ok,
5201702,Aragarças - GO,GO,18390.0,1.5,66163.0294688297,29328.339247205266,44.32738265260699,561.2980406860233,0.848356015726968,Cerrado,ok,
5201801,Aragoiânia - GO,GO,11890.0,2.2,21813.532896161025,4451.010900543317,20.404814395409797,732.7830267150844,3.3593046582749886,Cerrado,ok,
5202155,Araguapaz - GO,GO,7153.0,1.4,218808.5713409673,72230.64339873557,33.0108838772039,212.6063544250499,0.09716545979990311,Cerrado,ok,
5202353,Arenópolis - GO,GO,2946.0,0.7,107553.66037855337,25974.58943234287,24.150353731263905,86.81473663330041,0.08071760303437485,Cerrado,ok,
5202502,Aruanã - GO,GO,8300.0,0.8,305471.2291222742,108682.49799894383,35.57863642714461,858.6337966552722,0.28108499747175136,Cerrado,ok,
5202601,Aurilândia - GO,GO,3284.0,2.1,56552.3436363885,9013.393133239735,15.938142530736933,100.1338387207033,0.17706399466753908,Cerrado,ok,
5202809,Avelinópolis - GO,GO,2868.0,1.3,17022.3159482473,2381.206961364697,13.98873671834224,98.18046057128903,0.5767749868454192,Cerrado,ok,
5203104,Baliza - GO,GO,3351.0,0.9,178014.78102523528,93431.34100141557,52.485159076858224,71.93033056640598,0.04040694270000488,Cerrado,ok,
5203203,Barro Alto - GO,GO,10371.0,0.7,108024.89401990041,52283.71253571947,48.39968880329355,403.7093789489742,0.37371883824723084,Cerrado,ok,
5203302,Bela Vista de Goiás - GO,GO,34445.0,0.7,127403.26386614934,27638.235126085747,21.69350634150366,1267.929318969696,0.9952094479320328,Cerrado,ok,
5203401,Bom Jardim de Goiás - GO,GO,7826.0,0.7,190118.94005770702,67769.94822795976,35.64607934769122,304.0467466064457,0.15992449069732773,Cerrado,ok,
5203500,Bom Jesus de Goiás - GO,GO,23958.0,1.1,140556.99711855192,15123.225502441397,10.759496725506883,621.3952865234351,0.44209487913242984,Cerrado,ok,
5203559,Bonfinópolis - GO,GO,10296.0,0.9,12191.263328094748,3230.030151696854,26.49463033296356,362.6718954895005,2.974850806919441,Cerrado,ok,
5203575,Bonópolis - GO,GO,3299.0,0.2,163530.8487938885,46138.68778618218,28.214057547230492,109.0397451904293,0.066678394929547,Cerrado,ok,
5203609,Brazabrantes - GO,GO,3992.0,0.7,12530.34790912475,2018.6534883056268,16.110115241378246,162.3292094055181,1.2954884459936507,Cerrado,ok,
5203807,Britânia - GO,GO,5695.0,1.0,145848.0672213404,37255.117886102475,25.5437858011267,315.1645997009282,0.21609103617577008,Cerrado,ok,
5203906,Buriti Alegre - GO,GO,10495.0,0.6,90192.60627590222,18375.771541931495,20.373922320993135,414.8384424743739,0.45994728348947933,Cerrado | Mata Atlântica,ok,
5203939,Buriti de Goiás - GO,GO,2732.0,0.5,20254.878184094043,4786.81629775997,23.632905881996418,116.9725586547846,0.5775031456207029,Cerrado,ok,
5203962,Buritinópolis - GO,GO,3145.0,0.6,24608.12498511334,9041.48753666969,36.741879123823246,111.8578738281251,0.4545566714074859,Cerrado,ok,
5204003,Cabeceiras - GO,GO,7560.0,0.9,112642.42801539785,38479.04263258609,34.160345538118314,348.3628140014642,0.30926429777760484,Cerrado,ok,
5204102,Cachoeira Alta - GO,GO,11513.0,0.9,165720.91197879703,30269.911947919372,18.265595805912668,306.4545960571206,0.1849221033108541,Cerrado | Mata Atlântica,ok,
5204201,Cachoeira de Goiás - GO,GO,1405.0,1.1,42447.70360159735,12125.21099917607,28.56505763652144,92.84798233032204,0.21873499495230192,Cerrado,ok,
5204250,Cachoeira Dourada - GO,GO,7782.0,0.6,52830.88826412234,6374.201283349604,12.065292658874995,394.51023480221664,0.7467416274167211,Cerrado | Mata Atlântica,ok,
5204300,Caçu - GO,GO,13774.0,1.2,225436.80029384632,33739.45906393995,14.966260619367441,413.4359329345841,0.18339327580753884,Cerrado | Mata Atlântica,ok,
5204409,Caiapônia - GO,GO,16513.0,0.8,862793.0185556129,340397.50755841954,39.452974263546224,627.8894002197314,0.07277404739213936,Cerrado,ok,
5204508,Caldas Novas - GO,GO,98622.0,1.1,160852.38917183114,54790.5531809462,34.062629385265765,5033.027848528961,3.128973013358484,Cerrado | Mata Atlântica,ok,
5204557,Caldazinha - GO,GO,4507.0,0.1,25170.995541631473,6850.233645300349,27.214790269103307,124.2812613586426,0.4937478978655734,Cerrado,ok,
5204607,Campestre de Goiás - GO,GO,3755.0,1.0,27273.254803043343,7742.3952107418645,28.38823333208442,80.46640932006852,0.295037793989625,Cerrado,ok,
5204656,Campinaçu - GO,GO,3708.0,0.1,197836.06915502364,125083.64879272485,63.2259068464961,149.1841116760265,0.07540794371481692,Cerrado,ok,
5204706,Campinorte - GO,GO,12510.0,0.3,106451.21116373138,44647.93532858257,41.94215814032412,561.2452903747576,0.527232414022526,Cerrado,ok,
5204805,Campo Alegre de Goiás - GO,GO,7422.0,0.7,245015.76559447823,84990.19514354823,34.68764344095889,398.0909591369638,0.16247565056521218,Cerrado,ok,
5204854,Campo Limpo de Goiás - GO,GO,8081.0,0.3,15610.862097582249,2959.6349746705073,18.95881826493672,227.7995521484386,1.459237489412704,Cerrado,ok,
5204904,Campos Belos - GO,GO,18108.0,0.9,73507.79452695635,41561.97486951931,56.54090853491455,706.2938088195841,0.9608420622122953,Cerrado,ok,
5204953,Campos Verdes - GO,GO,4005.0,0.5,44313.62535910253,8316.185163085798,18.766654941215634,195.3554754455574,0.44084742302725893,Cerrado,ok,
5205000,Carmo do Rio Verde - GO,GO,9710.0,0.4,41983.287340820905,6237.7619700376845,14.85772640765228,330.2091161987284,0.7865251558747323,Cerrado,ok,
5205059,Castelândia - GO,GO,2985.0,0.7,29919.448000616067,3028.682365026815,10.122788244503884,127.9741085571314,0.42772884230516656,Cerrado,ok,
5205109,Catalão - GO,GO,114427.0,1.2,382631.5061426661,107664.68439095674,28.137955882496886,3640.327708062303,0.9513925669009043,Cerrado,ok,
5205208,Caturaí - GO,GO,5184.0,0.3,20503.175081867306,3005.494412627927,14.658677988298214,152.5251970581055,0.7439101331822331,Cerrado,ok,
5205307,Cavalcante - GO,GO,9583.0,1.7,694875.5752579194,652167.9532728118,93.8539180961634,275.1074764648396,0.03959089745854529,Cerrado,ok,
5205406,Ceres - GO,GO,22046.0,0.4,21308.696730474578,2051.2264192016546,9.626240615025969,737.7422230895984,3.462164919896383,Cerrado,ok,
5205455,Cezarina - GO,GO,8090.0,3.0,41705.10567977414,8884.223830993682,21.30248487849365,265.7789811218223,0.6372816392375622,Cerrado,ok,
5205471,Chapadão do Céu - GO,GO,12870.0,0.6,218395.46371781605,54166.4419507135,24.801999560165207,749.6880570617396,0.34327089230680863,Cerrado,ok,
5205497,Cidade Ocidental - GO,GO,91767.0,1.3,38990.04571378191,17001.582750701946,43.60493156511574,2565.541311816397,6.579990520271559,Cerrado,ok,
5205513,Cocalzinho de Goiás - GO,GO,25016.0,0.7,178533.1623670378,94979.38497546702,53.19985582297784,942.4901339355525,0.5279076007167409,Cerrado,ok,
5205521,Colinas do Sul - GO,GO,4030.0,1.6,170752.03529205712,144035.29979734894,84.35348928695848,138.130726281738,0.08089550794839832,Cerrado,ok,
5205703,Córrego do Ouro - GO,GO,2454.0,0.7,45806.79330995969,10299.184870117037,22.48396826301679,63.30525195922827,0.1382005754711145,Cerrado,ok,
5205802,Corumbá de Goiás - GO,GO,10562.0,0.8,106484.24013303976,39237.91385754479,36.84856445284443,283.8041932006842,0.2665222504720921,Cerrado,ok,
5205901,Corumbaíba - GO,GO,9164.0,1.2,186428.12562806427,45114.32874927958,24.199314667404572,249.56218193359763,0.13386509202559368,Cerrado | Mata Atlântica,ok,
5206206,Cristalina - GO,GO,62337.0,1.2,615401.7765024669,194152.24321528905,31.548859725222258,3140.391411047292,0.5102993736701869,Cerrado,ok,
5206305,Cristianópolis - GO,GO,3504.0,0.6,22163.982713556277,6374.231699908472,28.759414687730136,161.9379467895507,0.7306355941637859,Cerrado,ok,
5206404,Crixás - GO,GO,17065.0,0.7,467298.2645066989,168647.64553065406,36.08993620138652,453.8007990112266,0.09711159520146714,Cerrado,ok,
5206503,Cromínia - GO,GO,3883.0,0.6,36494.84884125274,8393.143036261039,22.99815810381894,118.6228625976563,0.32504001623256046,Cerrado,ok,
5206602,Cumari - GO,GO,2927.0,0.2,56835.43976979375,12161.566950433109,21.397858448341943,92.48574045410176,0.16272547697124537,Cerrado | Mata Atlântica,ok,
5206701,Damianópolis - GO,GO,3770.0,0.8,41762.77740791503,21498.248803412316,51.47705717325661,181.5184345947263,0.43464167342549465,Cerrado,ok,
5206800,Damolândia - GO,GO,2724.0,1.4,8605.805636242676,1515.0087468078698,17.60449643932846,90.98270359497097,1.0572247090011473,Cerrado,ok,
5206909,Davinópolis - GO,GO,1902.0,1.0,48286.202033787675,18780.295912390273,38.89371108385992,70.59949364624019,0.14621049217505047,Cerrado,ok,
5207105,Diorama - GO,GO,2062.0,0.6,68538.74360365374,14164.384672192438,20.666244998744546,92.19448950195319,0.13451441426340702,Cerrado,ok,
5207253,Doverlândia - GO,GO,6956.0,0.7,322755.4624271833,106560.01730047629,33.015713041422885,194.4814081054685,0.06025658145114906,Cerrado,ok,
5207352,Edealina - GO,GO,4001.0,0.7,59819.09578598619,8878.96942153931,14.843035162727059,128.1866701904293,0.2142905513801825,Cerrado,ok,
5207402,Edéia - GO,GO,11747.0,0.7,146906.7872424312,22682.053157922877,15.439758491547492,346.3603874206572,0.2357688122667063,Cerrado,ok,
5207501,Estrela do Norte - GO,GO,3205.0,0.1,30112.600685405694,8773.646173559644,29.136128975442034,164.5087702392572,0.5463120637035765,Cerrado,ok,
5207535,Faina - GO,GO,7070.0,0.6,194971.36373164284,61610.21535378458,31.599622721306105,152.2278142150876,0.07807701156802331,Cerrado,ok,
5207600,Fazenda Nova - GO,GO,5877.0,0.7,127908.49095358238,32085.080726921507,25.084402519114303,211.9383576538094,0.16569529987709825,Cerrado,ok,
5207808,Firminópolis - GO,GO,10419.0,0.4,42235.11858531518,3965.096549298088,9.388150624671672,341.799960534667,0.8092790359857263,Cerrado,ok,
5207907,Flores de Goiás - GO,GO,13744.0,0.4,369514.8320288677,139527.3671200653,37.75961207131328,146.3655891845704,0.03961020681657939,Cerrado,ok,
5208004,Formosa - GO,GO,115901.0,0.9,580428.6561614805,370235.77472892334,63.78661198042579,3801.639027465809,0.6549709403748251,Cerrado,ok,
5208103,Formoso - GO,GO,4660.0,1.0,84344.4166930828,39589.87496593796,46.938346980334,204.8210061340315,0.24283884359452704,Cerrado,ok,
5208152,Gameleira de Goiás - GO,GO,3456.0,0.9,58833.25581799981,14503.214915368293,24.65138927587803,119.5593769104007,0.20321733898300076,Cerrado,ok,
5208301,Divinópolis de Goiás - GO,GO,4457.0,0.6,82885.51132922676,39430.278843194705,47.57197996471906,161.244957769776,0.194539377490597,Cerrado,ok,
5208400,Goianápolis - GO,GO,13967.0,0.8,16664.16515027346,4875.286516534326,29.256110177558597,555.3965283019985,3.3328794049600763,Cerrado,ok,
5208509,Goiandira - GO,GO,4973.0,0.6,56991.692173791875,15832.28528583366,27.77998806835617,133.725454211425,0.23464025915152562,Cerrado,ok,
5208608,Goianésia - GO,GO,73707.0,0.9,154732.02130437337,40743.54295159187,26.33168145037364,2694.822144470289,1.7416059854665145,Cerrado,ok,
5208707,Goiânia - GO,GO,1437366.0,1.2,72931.16124796843,11792.616977398311,16.16951763225463,31516.01279179202,43.2133703241561,Cerrado,ok,
5208806,Goianira - GO,GO,71916.0,1.0,21379.98601852314,3208.4417864078114,15.006753435797805,2767.893151012731,12.946187844158038,Cerrado,ok,
5208905,Goiás - GO,GO,24071.0,0.9,310841.2355880815,99914.76731622961,32.14334389296856,718.7934348815959,0.23124133885316353,Cerrado,ok,
5209101,Goiatuba - GO,GO,35664.0,1.7,247960.57786409144,33780.54300427915,13.623352266421337,1273.720993170136,0.5136788291678646,Cerrado,ok,
5209150,Gouvelândia - GO,GO,4390.0,0.9,82738.42855319368,6723.507828845084,8.126221329575348,160.8389460815416,0.19439448983266103,Cerrado | Mata Atlântica,ok,
5209200,Guapó - GO,GO,19545.0,1.8,51417.830401841115,8956.489180517498,17.41903365140197,642.7704231872566,1.250092464353068,Cerrado,ok,
5209291,Guaraíta - GO,GO,2188.0,0.3,20552.18016177882,5076.070798626673,24.698454172111212,46.18963923950206,0.22474325777564746,Cerrado,ok,
5209408,Guarani de Goiás - GO,GO,4085.0,0.6,122101.55454566497,59106.621329684844,48.40775496234936,78.75515789794896,0.0644997176252127,Cerrado,ok,
5209457,Guarinos - GO,GO,2161.0,0.9,59318.93363232476,18783.669443231367,31.66555481198932,49.76644330444338,0.08389638898923846,Cerrado,ok,
5209606,Heitoraí - GO,GO,3354.0,1.0,22860.955920489472,5214.50801339701,22.809667415190756,134.459311688232,0.5881613706613241,Cerrado,ok,
5209705,Hidrolândia - GO,GO,27742.0,1.0,95211.4942124682,23644.857514136933,24.834036803762896,1736.904776342775,1.8242595504979722,Cerrado,ok,
5209804,Hidrolina - GO,GO,3545.0,1.2,58379.333701103424,19092.86546933011,32.70483621324585,114.314485729981,0.1958132758336369,Cerrado,ok,
5209903,Iaciara - GO,GO,10584.0,0.6,154717.7705849791,31969.666927160128,20.663215871250365,408.1140356445285,0.26377967708652506,Cerrado,ok,
5209937,Inaciolândia - GO,GO,5954.0,0.6,68920.30958072293,6029.339986596618,8.74827757344118,197.3028655273509,0.28627681263715143,Cerrado | Mata Atlântica,ok,
5209952,Indiara - GO,GO,17061.0,1.3,95542.70878123747,15762.412728027362,16.49776621271885,482.9561845764172,0.5054872221408687,Cerrado,ok,
5210000,Inhumas - GO,GO,52204.0,0.9,61489.270041294825,10131.095016216876,16.476199846596092,1604.958724816822,2.61014437761087,Cerrado,ok,
5210109,Ipameri - GO,GO,25548.0,0.7,438281.3906531125,159356.9847027049,36.35951425298628,966.0598475036558,0.22042000142056345,Cerrado,ok,
5210158,Ipiranga de Goiás - GO,GO,2919.0,0.4,24417.525549755668,2707.078923974559,11.086622673777226,96.55540888671872,0.39543486374148545,Cerrado,ok,
5210208,Iporá - GO,GO,35684.0,0.8,102726.1483112302,17572.663136785974,17.1063194967127,1637.463605694561,1.594008568036178,Cerrado,ok,
5210307,Israelândia - GO,GO,2560.0,1.0,57917.9521903077,14803.38834538587,25.55923989982358,102.4619890808112,0.1769088602168461,Cerrado,ok,
5210406,Itaberaí - GO,GO,44734.0,0.9,146194.65097442502,24818.88212129576,16.976600686736152,1245.870277801503,0.8521996321325417,Cerrado,ok,
5210562,Itaguari - GO,GO,4963.0,1.1,14265.538735108003,2014.8432439025707,14.123849658365648,206.6177946105954,1.4483700787415872,Cerrado,ok,
5210604,Itaguaru - GO,GO,4904.0,0.6,24101.052438637875,3010.437187994397,12.490895141027869,144.4239463684083,0.5992433182580584,Cerrado,ok,
5210802,Itajá - GO,GO,4380.0,1.2,208277.78967071098,40582.620835777045,19.484852849619024,142.8279819458,0.0685757142764057,Cerrado | Mata Atlântica,ok,
5210901,Itapaci - GO,GO,21087.0,1.0,95301.94147153903,27840.96608786623,29.21343013371942,704.1730063476562,0.7388863180273724,Cerrado,ok,
5211008,Itapirapuã - GO,GO,8007.0,1.0,204792.22324707403,32550.25418734738,15.894282346882251,338.1190649780267,0.16510346907562937,Cerrado,ok,
5211206,Itapuranga - GO,GO,26113.0,0.7,128138.81940244322,33738.3482300722,26.329529480142,692.081020306394,0.5401025415512749,Cerrado,ok,
5211305,Itarumã - GO,GO,6101.0,0.8,343733.5725031365,58564.38396085753,17.037725914981188,157.3207632873479,0.04576822745061144,Cerrado | Mata Atlântica,ok,
5211404,Itauçu - GO,GO,7736.0,0.9,38306.09556378497,7711.307332958917,20.130757832310316,205.1348929199235,0.5355150137354652,Cerrado,ok,
5211503,Itumbiara - GO,GO,107970.0,0.9,244700.41635461454,31558.835792767222,12.896927705685975,3689.5216367431426,1.5077708864198938,Cerrado | Mata Atlântica,ok,
5211602,Ivolândia - GO,GO,2693.0,0.6,126085.06852492201,34922.74704946901,27.69776584811561,81.6462777893068,0.06475491407863934,Cerrado,ok,
5211701,Jandaia - GO,GO,6272.0,0.8,86306.63027642513,15481.023230878147,17.937235159448495,230.1347892395017,0.26664786761158443,Cerrado,ok,
5211800,Jaraguá - GO,GO,45223.0,1.0,184897.3027868889,54373.03975039253,29.407156800476663,1355.676417730727,0.7332050804944777,Cerrado,ok,
5211909,Jataí - GO,GO,105729.0,1.2,717880.2831909553,145063.4007381841,20.207185534248392,3632.718979626434,0.5060340929659068,Cerrado,ok,
5212006,Jaupaci - GO,GO,2924.0,0.5,52879.40886466478,13508.297482922415,25.545477479701866,125.9944317199708,0.23826747390923111,Cerrado,ok,
5212055,Jesúpolis - GO,GO,2123.0,0.5,11521.906069244127,2047.9762504760843,17.774630674544614,109.0992734191891,0.9468856347511116,Cerrado,ok,
5212105,Joviânia - GO,GO,7159.0,0.7,44624.75619050749,5904.147668920785,13.230655297511085,265.3823166259817,0.5946975160895857,Cerrado,ok,
5212204,Jussara - GO,GO,19620.0,0.8,409234.867671655,106286.6756529911,25.972047850592496,646.8662033508465,0.15806722604825849,Cerrado,ok,
5212253,Lagoa Santa - GO,GO,1390.0,0.9,46329.6213689878,7385.124550842327,15.940394789813228,95.632156768799,0.2064168753013238,Cerrado,ok,
5212303,Leopoldo de Bulhões - GO,GO,8745.0,1.2,47612.19534189864,12458.327975322803,26.16625401509159,323.2410128601069,0.6789038197859686,Cerrado,ok,
5212501,Luziânia - GO,GO,209129.0,1.1,396214.25721055357,154189.5529018945,38.91570030503877,9101.86462009261,2.297207749204178,Cerrado,ok,
5212600,Mairipotaba - GO,GO,2561.0,0.5,46801.73518818935,13355.224242394823,28.535745926285827,65.96949298095711,0.1409552289369067,Cerrado,ok,
5212709,Mambaí - GO,GO,8124.0,0.8,85825.77387301176,75638.83338802034,88.13067447540402,289.5942648620611,0.33742109368049067,Cerrado,ok,
5212808,Mara Rosa - GO,GO,10700.0,0.8,169546.51249974428,45109.20790828121,26.605801112157497,404.586307763675,0.23862850482653558,Cerrado,ok,
5212907,Marzagão - GO,GO,2758.0,0.3,22551.43689970767,5516.4488175537,24.46162895112554,88.88608640747051,0.39414821681993456,Cerrado | Mata Atlântica,ok,
5212956,Matrinchã - GO,GO,4042.0,0.4,115048.40356579334,28749.226042626316,24.98880918950374,127.9064207275384,0.11117618042773786,Cerrado,ok,
5213004,Maurilândia - GO,GO,10304.0,1.1,38994.70461184811,3796.3724105773535,9.73561012544218,294.1625370971656,0.7543653427439673,Cerrado,ok,
5213053,Mimoso de Goiás - GO,GO,2614.0,0.6,138070.4208782989,83129.11109879876,60.20776250988057,54.00316189575154,0.039112766914321355,Cerrado,ok,
5213087,Minaçu - GO,GO,27075.0,1.0,285419.3862137528,201918.77537481714,70.74459028637901,898.7509404174837,0.31488784007979126,Cerrado,ok,
5213103,Mineiros - GO,GO,70081.0,0.9,904291.5373634044,395837.2672553612,43.77319159808608,2651.152591961531,0.2931745440957413,Cerrado,ok,
5213400,Moiporá - GO,GO,1685.0,0.8,45233.28876608639,10749.830272282881,23.76530773137715,52.84977568359393,0.1168382337992147,Cerrado,ok,
5213509,Monte Alegre de Goiás - GO,GO,6692.0,0.5,311990.54439771926,206897.70446342623,66.31537659669493,190.2492022277825,0.060979156466119254,Cerrado,ok,
5213707,Montes Claros de Goiás - GO,GO,8756.0,0.8,290038.95493123983,62840.357847169034,21.666178552486766,437.3894439575204,0.15080368913245232,Cerrado,ok,
5213756,Montividiu - GO,GO,12521.0,0.7,186962.7715122947,27859.610629669485,14.901154066298933,502.15711804199,0.2685866892002978,Cerrado,ok,
5213772,Montividiu do Norte - GO,GO,3779.0,0.8,133721.1146022058,58229.93051979343,43.545801044970425,85.32133241577145,0.06380543018175233,Cerrado,ok,
5213806,Morrinhos - GO,GO,51351.0,0.9,284627.0222909728,58088.11192404343,20.408502136055176,1702.854214343278,0.5982756663920893,Cerrado | Mata Atlântica,ok,
5213855,Morro Agudo de Goiás - GO,GO,2456.0,0.9,28235.175128612318,6366.001083636538,22.546348852589567,73.44394978027353,0.26011508498082087,Cerrado,ok,
5213905,Mossâmedes - GO,GO,4654.0,0.7,68488.45747015947,14673.314176965378,21.424506725616595,125.6874219177247,0.18351621070234633,Cerrado,ok,
5214002,Mozarlândia - GO,GO,14750.0,0.9,173851.3284234084,40670.51020449841,23.393844944024185,470.9599430419933,0.2708980985724699,Cerrado,ok,
5214051,Mundo Novo - GO,GO,6189.0,0.8,214153.75712377054,55294.545443644805,25.820021178375697,169.35369324341,0.07908042124403716,Cerrado,ok,
5214101,Mutunópolis - GO,GO,3564.0,0.6,95512.11096263691,22458.74242816703,23.514025814959314,131.8406711120614,0.1380355535892571,Cerrado,ok,
5214408,Nazário - GO,GO,8189.0,1.2,28114.4497760726,4879.460889684959,17.355704730304655,295.228590155029,1.0500955647593344,Cerrado,ok,
5214507,Nerópolis - GO,GO,31932.0,1.1,20470.685051605196,5056.629431353786,24.70180855504527,844.907000823975,4.127399736227792,Cerrado,ok,
5214606,Niquelândia - GO,GO,34964.0,0.6,984628.2776982106,633772.1603740614,64.36664218659716,1412.485384265126,0.14345366838002332,Cerrado,ok,
5214705,Nova América - GO,GO,2337.0,0.6,20943.960207294633,4518.639229888975,21.574903624555038,66.0238882080078,0.31524070688891087,Cerrado,ok,
5214804,Nova Aurora - GO,GO,2101.0,0.5,30733.33324129489,6435.526902148693,20.93989236905025,55.65700454711909,0.18109654462190083,Cerrado,ok,
5214838,Nova Crixás - GO,GO,12815.0,0.3,730870.5766113778,197039.0325978975,26.959497194626852,519.4063438903793,0.07106680177201342,Cerrado,ok,
5214861,Nova Glória - GO,GO,8310.0,0.4,41178.727081834295,4894.274570520034,11.885444056572377,455.986196215822,1.1073343654106713,Cerrado,ok,
5214879,Nova Iguaçu de Goiás - GO,GO,3010.0,1.3,62564.11059387934,16481.50934772918,26.343392707546247,103.8704111938478,0.1660223572394386,Cerrado,ok,
5214903,Nova Roma - GO,GO,3076.0,1.3,213673.01719689794,149442.05701255935,69.93960162730782,84.03393291015537,0.039328284877785384,Cerrado,ok,
5215009,Nova Veneza - GO,GO,9481.0,1.1,12236.687514129548,2408.5971898680823,19.683408496677764,281.1171918029804,2.2973308052393913,Cerrado,ok,
5215207,Novo Brasil - GO,GO,3527.0,1.2,64934.33737457322,11231.738395355485,17.297070932695117,125.0498480529789,0.19257892373896085,Cerrado,ok,
5215231,Novo Gama - GO,GO,103804.0,1.1,19223.66407798492,8778.701312713732,45.666118993242115,2906.578279699773,15.119793333407275,Cerrado,ok,
5215256,Novo Planalto - GO,GO,3716.0,0.3,125450.42692883298,35136.5523203362,28.008316257280562,160.6640000244143,0.12806971164439138,Cerrado,ok,
5215306,Orizona - GO,GO,16399.0,0.7,197128.18028077701,55768.38780444719,28.290418815318137,466.1285906494156,0.23645964264748515,Cerrado,ok,
5215405,Ouro Verde de Goiás - GO,GO,4057.0,0.3,20881.794600914087,3762.9909421448506,18.020438444405194,101.2214893615721,0.4847355856911896,Cerrado,ok,
5215504,Ouvidor - GO,GO,7200.0,1.4,41131.429261406935,12058.212363286953,29.316297974116377,353.565337817384,0.8595989591568352,Cerrado,ok,
5215603,Padre Bernardo - GO,GO,34967.0,1.1,314251.0342063769,173834.94093044533,55.31722158670236,2382.498559094249,0.7581513820984276,Cerrado,ok,
5215652,Palestina de Goiás - GO,GO,3132.0,1.2,131802.24445833912,33547.93396465373,25.453234201377935,103.5280499206541,0.078548017407532,Cerrado,ok,
5215702,Palmeiras de Goiás - GO,GO,31858.0,0.9,153719.42466096216,23483.110131829264,15.276605532204362,1053.577602490252,0.6853900245944737,Cerrado,ok,
5215801,Palmelo - GO,GO,2259.0,1.0,5981.0046885619995,1310.3380527465927,21.908326794200097,83.22091879272433,1.391420390488491,Cerrado,ok,
5215900,Palminópolis - GO,GO,3851.0,0.8,39331.88945560549,3714.998047399874,9.445257013632792,123.5522492126465,0.3141274190554762,Cerrado,ok,
5216007,Panamá - GO,GO,2455.0,0.5,43219.18141002072,7345.8009759518745,16.996622185557385,108.7715167053224,0.2516741714133966,Cerrado,ok,
5216304,Paranaiguara - GO,GO,7607.0,0.7,115344.16265458439,13805.870007055926,11.969283654518089,227.5660954589931,0.19729311845669584,Cerrado | Mata Atlântica,ok,
5216403,Paraúna - GO,GO,10659.0,1.0,378661.5175330195,85652.51899467142,22.619810841275275,495.9888150390583,0.13098474285700495,Cerrado,ok,
5216452,Perolândia - GO,GO,2964.0,0.7,103372.88741202225,19524.696716674873,18.887637953705987,109.4218068786625,0.10585155316648026,Cerrado,ok,
5216809,Petrolina de Goiás - GO,GO,9573.0,0.6,53050.39967356849,10995.139396240393,20.725837060410583,265.0687416931141,0.499654561179829,Cerrado,ok,
5216908,Pilar de Goiás - GO,GO,2328.0,0.7,90606.84695427836,26959.270103448544,29.75412014618787,72.0886466613769,0.07956202989576931,Cerrado,ok,
5217104,Piracanjuba - GO,GO,24883.0,1.4,237423.4606638105,47663.0534502387,20.07512371228097,713.550765063477,0.30053928245695083,Cerrado,ok,
5217203,Piranhas - GO,GO,11712.0,0.6,204506.8312452984,53413.29650679274,26.1180989317298,336.7364215759262,0.1646577865029962,Cerrado,ok,
5217302,Pirenópolis - GO,GO,26690.0,1.8,220035.69720396312,118609.25712295042,53.90455213864913,863.8080033996498,0.39257630210744343,Cerrado,ok,
5217401,Pires do Rio - GO,GO,32373.0,0.7,107759.80763135878,34166.695280090375,31.706343980283474,930.3148524047916,0.8633226736886492,Cerrado,ok,
5217609,Planaltina - GO,GO,105031.0,1.0,255885.0536230117,179740.7190084674,70.2427580132423,4637.465206378429,1.812323596363966,Cerrado,ok,
5217708,Pontalina - GO,GO,18309.0,0.5,143431.1009557478,26644.173001306823,18.57628702824169,566.3440796935928,0.3948544464344066,Cerrado,ok,
5218003,Porangatu - GO,GO,44317.0,1.2,482524.1567573401,141646.48443115244,29.35531464021313,1772.088781072996,0.36725389936574176,Cerrado,ok,
5218052,Porteirão - GO,GO,4070.0,0.4,60628.8148615126,8347.072934026952,13.76750139862243,167.7111207946776,0.2766194938458896,Cerrado,ok,
5218102,Portelândia - GO,GO,3280.0,1.1,55341.98130461133,16171.149091253697,29.220401420478687,204.1680073242202,0.3689206683809278,Cerrado,ok,
5218300,Posse - GO,GO,34914.0,0.9,207700.8224777014,86411.22368909304,41.60369836685171,1450.842172753877,0.6985250012236415,Cerrado,ok,
5218391,Professor Jamil - GO,GO,3649.0,0.4,35628.8324697219,9415.94163558373,26.42787030303501,146.8586306579587,0.41219041006399,Cerrado,ok,
5218508,Quirinópolis - GO,GO,48447.0,1.2,378603.682829228,52616.37504081993,13.897481040762335,1761.8445956360424,0.4653532639910255,Cerrado | Mata Atlântica,ok,
5218607,Rialma - GO,GO,12165.0,1.1,26830.822907780694,4573.241276959157,17.04472983433154,403.2062479614257,1.5027725737196809,Cerrado,ok,
5218706,Rianápolis - GO,GO,3980.0,1.3,15737.972877935996,3934.296090936289,24.998747433680062,151.4520613342284,0.962335254412327,Cerrado,ok,
5218789,Rio Quente - GO,GO,3864.0,0.7,24466.567531178116,9668.955944934272,39.51905363354699,197.4738536132802,0.8071171134309555,Cerrado | Mata Atlântica,ok,
5218805,Rio Verde - GO,GO,225696.0,1.1,837420.7877683721,157237.00306147742,18.776343429507588,5507.140110113574,0.6576311682910876,Cerrado,ok,
5218904,Rubiataba - GO,GO,19788.0,1.7,75063.51940624173,14308.758528112961,19.062200442100707,679.9217468200752,0.9057951881264148,Cerrado,ok,
5219001,Sanclerlândia - GO,GO,7918.0,1.1,50941.71868468307,6164.854569140863,12.10177969710803,276.5274777343776,0.542831072202365,Cerrado,ok,
5219100,Santa Bárbara de Goiás - GO,GO,6149.0,1.0,14095.081637530484,2561.957563525373,18.17625203889375,194.2795126953126,1.3783496803453148,Cerrado,ok,
5219209,Santa Cruz de Goiás - GO,GO,3002.0,0.3,110902.1860092113,39869.25383750847,35.949926031392216,53.57842202148434,0.0483114210364025,Cerrado,ok,
5219258,Santa Fé de Goiás - GO,GO,4951.0,0.9,116415.80729379362,23350.429604314893,20.057782656084157,143.5575226928709,0.1233144587749848,Cerrado,ok,
5219308,Santa Helena de Goiás - GO,GO,38492.0,1.6,114237.58007287317,10325.764611718656,9.038850967546546,1219.981795196539,1.0679338571583028,Cerrado,ok,
5219357,Santa Isabel - GO,GO,3538.0,0.3,81271.82640693127,15399.462036065208,18.94809396673269,145.3320106506345,0.17882212948304044,Cerrado,ok,
5219407,Santa Rita do Araguaia - GO,GO,5924.0,1.3,135718.64382797157,50618.03693176397,37.2963032226613,265.5565473571791,0.1956669620820717,Cerrado,ok,
5219456,Santa Rita do Novo Destino - GO,GO,2689.0,0.4,97040.3416383911,39295.87342345717,40.494368383294045,100.5112055969236,0.10357672273193994,Cerrado,ok,
5219506,Santa Rosa de Goiás - GO,GO,2820.0,0.8,16644.014990393556,2844.322651702888,17.089161799869494,92.00481088867215,0.5527801491513596,Cerrado,ok,
5219605,Santa Tereza de Goiás - GO,GO,3293.0,0.8,78956.16456770056,25083.42028309413,31.768792747761292,208.6915137023925,0.2643131348198291,Cerrado,ok,
5219704,Santa Terezinha de Goiás - GO,GO,10645.0,0.7,120658.38983854529,24629.265842120258,20.41239392890708,354.183035089113,0.2935419870620272,Cerrado,ok,
5219712,Santo Antônio da Barra - GO,GO,4267.0,0.5,45031.217659350616,8104.189060198811,17.99682416208436,172.6249939208974,0.38334516118742407,Cerrado,ok,
5219738,Santo Antônio de Goiás - GO,GO,7386.0,0.5,13501.95637691052,2794.7660517883996,20.698971125159936,385.7315046203601,2.856856398084602,Cerrado,ok,
5219753,Santo Antônio do Descoberto - GO,GO,72127.0,0.8,94407.76292326595,51302.22962862966,54.34111352720835,2004.034024725313,2.1227428366819576,Cerrado,ok,
5219803,São Domingos - GO,GO,9711.0,0.8,333611.7094901312,166721.9482274739,49.97484904899774,336.2183836181615,0.10078134971102008,Cerrado,ok,
5219902,São Francisco de Goiás - GO,GO,6378.0,1.5,41651.8151604505,9758.149988757146,23.427910527229,265.8992492736838,0.6383857420124205,Cerrado,ok,
5220009,São João d'Aliança - GO,GO,14041.0,0.6,333443.59590069327,223926.63536611517,67.15577630490927,435.9321681396475,0.130736404447089,Cerrado,ok,
5220058,São João da Paraúna - GO,GO,1774.0,0.2,28697.134085362,2109.9259769226187,7.352392648849426,83.27135313720711,0.29017306358714984,Cerrado,ok,
5220108,São Luís de Montes Belos - GO,GO,33852.0,1.3,82964.22954807783,8606.104160637695,10.373270754778058,1042.153950525033,1.2561485307606022,Cerrado,ok,
5220157,São Luiz do Norte - GO,GO,4837.0,0.2,58380.10424754154,15418.143262292531,26.409927596081346,247.6887973449734,0.42426919331067126,Cerrado,ok,
5220207,São Miguel do Araguaia - GO,GO,21900.0,1.2,615020.2877937742,202779.72547317107,32.97122542096794,928.7163634338365,0.15100580937994187,Cerrado,ok,
5220264,São Miguel do Passa Quatro - GO,GO,4464.0,0.8,53733.45739907816,15831.207692504482,29.462477307064333,119.3606904479976,0.22213476709958616,Cerrado,ok,
5220280,São Patrício - GO,GO,2143.0,0.6,17276.721802906104,2178.1048155639573,12.607164949530993,50.22015758056635,0.2906810571674474,Cerrado,ok,
5220405,São Simão - GO,GO,17020.0,0.9,41501.97743431048,3751.9604662230995,9.040437825310178,845.1519296631137,2.0364136407736813,Cerrado | Mata Atlântica,ok,
5220454,Senador Canedo - GO,GO,155635.0,1.2,24699.43544935924,5965.96457308981,24.15425480198407,4969.582231549315,20.12022599357929,Cerrado,ok,
5220504,Serranópolis - GO,GO,8027.0,0.7,552176.7314834773,185920.63149600057,33.67049368351804,242.1237343871958,0.04384895642681402,Cerrado,ok,
5220603,Silvânia - GO,GO,22245.0,0.7,234998.80999951574,65129.993394097204,27.715031150256213,850.4487068664538,0.3618948993265993,Cerrado,ok,
5220686,Simolândia - GO,GO,5742.0,0.5,34681.10070180574,9763.865876007187,28.15327564127401,182.9707769531247,0.5275806512784583,Cerrado,ok,
5220702,Sítio d'Abadia - GO,GO,2927.0,1.2,161184.97405282353,94090.04907367792,58.37395801102573,91.79667956542997,0.0569511395865885,Cerrado,ok,
5221007,Taquaral de Goiás - GO,GO,4026.0,0.6,20567.119091546967,4537.004467315834,22.05950404196634,120.6566435729987,0.5866482468251388,Cerrado,ok,
5221080,Teresina de Goiás - GO,GO,2701.0,0.9,78478.37598043172,71229.55457405343,90.76328821051833,170.9168996032744,0.2177885276905983,Cerrado,ok,
5221197,Terezópolis de Goiás - GO,GO,7944.0,0.8,10741.90746835347,2369.749515234492,22.060788758569796,298.3982456359869,2.777888810856845,Cerrado,ok,
5221304,Três Ranchos - GO,GO,2921.0,1.1,28404.384491846147,5551.415299328593,19.544219664123332,150.2948725708008,0.5291256095126614,Cerrado,ok,
5221403,Trindade - GO,GO,142431.0,1.2,71268.90556154875,11688.636450024589,16.400751994051785,4261.671625128085,5.979706846273443,Cerrado,ok,
5221452,Trombas - GO,GO,3120.0,1.1,80288.59139527351,36121.43084512578,44.98949379656473,116.2150473205555,0.14474665117539592,Cerrado,ok,
5221502,Turvânia - GO,GO,4480.0,1.1,48230.08556317063,5512.736087902282,11.430077354272635,142.1066988891607,0.2946432651524798,Cerrado,ok,
5221551,Turvelândia - GO,GO,4985.0,0.9,93565.3697212844,12371.283673254418,13.222075336319843,149.9372763183597,0.1602486868432175,Cerrado,ok,
5221577,Uirapuru - GO,GO,2798.0,0.9,115432.1734025799,34369.65461133431,29.774761748154134,108.1412425354005,0.09368379659477463,Cerrado,ok,
5221601,Uruaçu - GO,GO,42546.0,1.0,214250.2287144049,82588.43949672832,38.547655231126285,1953.912259960988,0.9119767440554516,Cerrado,ok,
5221700,Uruana - GO,GO,13729.0,0.6,52292.11445597153,8284.143047045942,15.842050246449594,407.200364019776,0.7787031912098851,Cerrado,ok,
5221809,Urutaí - GO,GO,3553.0,0.8,62382.882339786054,18168.028967499158,29.12342021733115,87.1719643127443,0.13973699361619343,Cerrado,ok,
5221858,Valparaíso de Goiás - GO,GO,198861.0,1.1,6151.799858483865,2091.8288750732377,34.00352617435082,3492.423573254379,56.77076064882092,Cerrado,ok,
5221908,Varjão - GO,GO,3716.0,0.1,51742.79476117366,15841.005136804266,30.61490050918338,77.52314101562501,0.14982403129449087,Cerrado,ok,
5222005,Vianópolis - GO,GO,14956.0,1.1,95409.30341648789,22189.806789147766,23.257487471932528,635.0877144653408,0.6656454787150138,Cerrado,ok,
5222054,Vicentinópolis - GO,GO,8768.0,1.1,73381.61763428792,9285.977057519669,12.654364072209756,452.2182362670858,0.6162554749348897,Cerrado,ok,
5222203,Vila Boa - GO,GO,4215.0,0.5,105259.59460510747,51335.394851862526,48.77027604414847,168.7031740539551,0.16027344080780753,Cerrado,ok,
5222302,Vila Propício - GO,GO,5815.0,0.9,218160.00880673566,96113.26979057332,44.056319174298565,252.4868932434084,0.115734728204509,Cerrado,ok,
5300108,Brasília - DF,DF,2817381.0,1.2,576091.0560469467,281823.3281840342,48.919927713834866,70186.8206436033,12.183285941846606,Cerrado,ok,
