codigo_ibge,municipio,uf,populacao_2022,pessoas_com_tea_2022,percentual_tea_2022,renda_domiciliar_per_capita_media_2022,agua_rede_geral_principal_pct_2022,esgoto_rede_ou_fossa_ligada_pct_2022,lixo_coletado_servico_limpeza_pct_2022
1100015,Alta Floresta D'Oeste - RO,RO,21494.0,165.0,0.8,1210.6,26.48473,0.46784,61.481480000000005
1100023,Ariquemes - RO,RO,96833.0,1037.0,1.1,1458.57,54.33732,1.99321,90.41647
1100031,Cabixi - RO,RO,5351.0,36.0,0.7,1323.79,39.29842,1.576,61.05745
1100049,Cacoal - RO,RO,86887.0,862.0,1.0,1625.88,80.06705,67.1899,85.65655
1100056,Cerejeiras - RO,RO,15890.0,132.0,0.8,1554.33,49.48067,57.99421,87.0424
1100064,Colorado do Oeste - RO,RO,15663.0,92.0,0.6,1666.54,70.80621,2.6206,77.24920999999999
1100072,Corumbiara - RO,RO,7519.0,41.0,0.5,1234.62,20.98592,0.70423,47.88733
1100080,Costa Marques - RO,RO,12627.0,129.0,1.0,1088.06,19.34631,0.04807,63.56645
1100098,Espigão D'Oeste - RO,RO,29414.0,288.0,1.0,1371.66,44.87106,6.59981,74.28845000000001
1100106,Guajará-Mirim - RO,RO,39387.0,351.0,0.9,1035.94,40.46429,9.01466,78.14115
1100114,Jaru - RO,RO,50591.0,675.0,1.3,1406.29,46.11812,1.78392,80.50350999999999
1100122,Ji-Paraná - RO,RO,124333.0,1447.0,1.2,1437.55,59.95424,7.5662,93.1691
1100130,Machadinho D'Oeste - RO,RO,30707.0,331.0,1.1,1047.39,40.39295,3.12702,56.70141
1100148,Nova Brasilândia D'Oeste - RO,RO,15679.0,158.0,1.0,981.78,36.1159,7.00241,49.49983
1100155,Ouro Preto do Oeste - RO,RO,35044.0,365.0,1.0,1389.04,56.66141,2.22923,80.19966
1100189,Pimenta Bueno - RO,RO,35079.0,706.0,2.0,1389.7,76.35819,9.44053,85.76634
1100205,Porto Velho - RO,RO,460434.0,8369.0,1.8,1459.81,36.72229,22.98871,91.90152
1100254,Presidente Médici - RO,RO,19327.0,239.0,1.2,1164.63,50.09682,5.21438,67.15075999999999
1100262,Rio Crespo - RO,RO,3471.0,48.0,1.4,1244.38,9.92,1.28,43.6
1100288,Rolim de Moura - RO,RO,56406.0,546.0,1.0,1446.88,66.36177,3.6206,87.06112
1100296,Santa Luzia D'Oeste - RO,RO,7419.0,61.0,0.8,1110.56,33.61131,2.86439,50.72516
1100304,Vilhena - RO,RO,95832.0,784.0,0.8,1650.51,92.88349,4.91208,94.78199
1100320,São Miguel do Guaporé - RO,RO,21635.0,284.0,1.3,1303.07,15.69001,1.8138,55.72045
1100338,Nova Mamoré - RO,RO,25444.0,223.0,0.9,1152.19,9.26956,0.81686,49.224579999999996
1100346,Alvorada D'Oeste - RO,RO,13117.0,142.0,1.1,1223.18,52.86664,42.52181,60.38637
1100379,Alto Alegre dos Parecis - RO,RO,11479.0,103.0,0.9,1173.26,19.79683,0.61943,44.82161000000001
1100403,Alto Paraíso - RO,RO,16320.0,173.0,1.1,1185.26,8.79903,0.13884,54.23464
1100452,Buritis - RO,RO,27992.0,475.0,1.7,1219.49,15.75972,0.45432,69.58102000000001
1100502,Novo Horizonte do Oeste - RO,RO,7667.0,56.0,0.7,1102.33,27.198,0.32166,46.068619999999996
1100601,Cacaulândia - RO,RO,4150.0,48.0,1.2,1187.1,13.95819,32.9737,47.066759999999995
1100700,Campo Novo de Rondônia - RO,RO,8844.0,100.0,1.1,1004.63,19.015,0.26093,31.996090000000002
1100809,Candeias do Jamari - RO,RO,22310.0,203.0,0.9,927.05,53.46521,1.19769,69.29081000000001
1100908,Castanheiras - RO,RO,3233.0,20.0,0.6,1163.49,30.3005,,37.89649
1100924,Chupinguaia - RO,RO,9324.0,38.0,0.4,1275.25,61.69682,0.87336,66.71865
1100940,Cujubim - RO,RO,14863.0,255.0,1.7,1152.39,10.72458,0.11532,63.42495
1101005,Governador Jorge Teixeira - RO,RO,8001.0,85.0,1.1,943.98,2.00692,0.0346,33.91004
1101104,Itapuã do Oeste - RO,RO,8548.0,138.0,1.6,1014.42,7.76632,0.54983,69.89690999999999
1101203,Ministro Andreazza - RO,RO,6466.0,47.0,0.7,1209.48,28.24171,5.5812,48.76206
1101302,Mirante da Serra - RO,RO,9235.0,76.0,0.8,1199.72,26.33979,7.78221,57.41163
1101401,Monte Negro - RO,RO,11548.0,143.0,1.2,1241.8,33.90954,0.16576,47.83329
1101435,Nova União - RO,RO,6200.0,25.0,0.4,920.17,17.75785,0.89686,31.07623
1101450,Parecis - RO,RO,4125.0,31.0,0.8,1014.39,30.36437,4.11606,39.27125
1101468,Pimenteiras do Oeste - RO,RO,2156.0,4.0,0.2,911.62,47.56757,5.27027,62.56757
1101476,Primavera de Rondônia - RO,RO,3076.0,26.0,0.8,919.32,58.69373,0.26478,65.93116
1101484,São Felipe D'Oeste - RO,RO,5258.0,62.0,1.2,1362.82,32.4159,,42.45668
1101492,São Francisco do Guaporé - RO,RO,16286.0,128.0,0.8,1172.03,4.82842,0.25867,60.976029999999994
1101500,Seringueiras - RO,RO,11171.0,97.0,0.9,1027.63,21.38699,14.52797,49.00025
1101559,Teixeirópolis - RO,RO,4256.0,42.0,1.0,1179.05,10.30341,0.31606,50.82175
1101609,Theobroma - RO,RO,8113.0,80.0,1.0,1102.84,11.90555,0.23279,36.08248
1101708,Urupá - RO,RO,10725.0,83.0,0.8,1121.21,30.86076,3.59494,52.25317
1101757,Vale do Anari - RO,RO,7788.0,63.0,0.8,1095.38,11.57143,0.07143,46.0
1101807,Vale do Paraíso - RO,RO,6479.0,95.0,1.5,1218.98,,0.04088,44.9305
1200013,Acrelândia - AC,AC,14021.0,134.0,1.0,880.5,27.14638,0.85183,55.458420000000004
1200054,Assis Brasil - AC,AC,8100.0,75.0,0.9,775.86,56.554,6.59522,62.98433
1200104,Brasiléia - AC,AC,26000.0,384.0,1.5,914.18,61.3041,33.49106,66.99365999999999
1200138,Bujari - AC,AC,12917.0,222.0,1.7,709.71,40.20987,3.74434,47.69855
1200179,Capixaba - AC,AC,10392.0,134.0,1.3,806.69,39.12918,1.12457,44.14648
1200203,Cruzeiro do Sul - AC,AC,91888.0,1157.0,1.3,905.21,66.57815,8.59109,82.97864
1200252,Epitaciolândia - AC,AC,18757.0,318.0,1.7,1026.76,61.94226,4.66265,70.95877999999999
1200302,Feijó - AC,AC,35426.0,352.0,1.0,610.92,17.28593,3.39526,54.91138
1200328,Jordão - AC,AC,9222.0,69.0,0.7,542.04,46.28058,3.44483,47.728410000000004
1200336,Mâncio Lima - AC,AC,19294.0,105.0,0.5,695.9,59.65129,1.28566,65.3399
1200344,Manoel Urbano - AC,AC,11996.0,198.0,1.7,622.38,49.84577,15.45342,52.745219999999996
1200351,Marechal Thaumaturgo - AC,AC,17093.0,244.0,1.4,516.91,37.09789,1.71257,41.88846
1200385,Plácido de Castro - AC,AC,16560.0,312.0,1.9,992.54,40.7781,5.85375,63.544669999999996
1200393,Porto Walter - AC,AC,10735.0,114.0,1.1,603.27,51.97242,5.17043,50.363839999999996
1200401,Rio Branco - AC,AC,364756.0,7308.0,2.0,1436.01,58.98871,68.19096,94.65772
1200427,Rodrigues Alves - AC,AC,14938.0,163.0,1.1,633.26,58.13676,1.92995,55.08697
1200435,Santa Rosa do Purus - AC,AC,6723.0,25.0,0.4,449.8,47.54464,4.24107,47.916669999999996
1200450,Senador Guiomard - AC,AC,21454.0,411.0,1.9,974.21,29.73711,0.589,68.03620000000001
1200500,Sena Madureira - AC,AC,41343.0,550.0,1.3,794.44,41.20535,17.24083,63.403819999999996
1200609,Tarauacá - AC,AC,43467.0,340.0,0.8,604.36,39.13776,2.52816,59.51389
1200708,Xapuri - AC,AC,18243.0,290.0,1.6,898.65,47.22496,21.37931,58.86699
1200807,Porto Acre - AC,AC,16693.0,322.0,1.9,733.17,17.54772,1.39501,54.9743
1300029,Alvarães - AM,AM,15866.0,90.0,0.6,494.91,63.5668,3.88464,58.59329
1300060,Amaturá - AM,AM,10819.0,65.0,0.6,556.4,66.23377,1.85529,49.48979
1300086,Anamã - AM,AM,9962.0,154.0,1.5,559.76,43.73921,3.3247,61.44214
1300102,Anori - AM,AM,17194.0,85.0,0.5,624.85,66.79527,3.95467,68.26621
1300144,Apuí - AM,AM,20647.0,260.0,1.3,1009.03,30.67887,1.03645,53.06616
1300201,Atalaia do Norte - AM,AM,15314.0,124.0,0.8,556.2,43.62832,1.9469,46.43067
1300300,Autazes - AM,AM,41564.0,434.0,1.0,649.03,25.45653,7.25902,49.650220000000004
1300409,Barcelos - AM,AM,18834.0,185.0,1.0,595.57,54.97296,9.75782,63.978370000000005
1300508,Barreirinha - AM,AM,31051.0,197.0,0.6,521.15,60.92821,3.1327,35.300940000000004
1300607,Benjamin Constant - AM,AM,37648.0,195.0,0.5,576.24,62.43865,2.69956,61.10824
1300631,Beruri - AM,AM,20718.0,264.0,1.3,608.58,53.55575,2.89728,44.0518
1300680,Boa Vista do Ramos - AM,AM,23785.0,293.0,1.2,497.38,56.59556,4.00522,50.69656
1300706,Boca do Acre - AM,AM,35447.0,314.0,0.9,669.72,46.40819,7.48868,40.454629999999995
1300805,Borba - AM,AM,33080.0,248.0,0.8,567.31,61.34485,1.47759,63.010270000000006
1300839,Caapiranga - AM,AM,13469.0,110.0,0.8,488.73,30.46849,0.47186,60.16178
1300904,Canutama - AM,AM,16869.0,272.0,1.6,601.49,50.43937,4.32777,48.725840000000005
1301001,Carauari - AM,AM,28742.0,244.0,0.9,579.82,73.91244,15.30175,70.73608
1301100,Careiro - AM,AM,30792.0,215.0,0.7,698.24,42.84769,6.13213,52.487049999999996
1301159,Careiro da Várzea - AM,AM,19637.0,222.0,1.1,638.54,19.25606,0.70934,21.989620000000002
1301209,Coari - AM,AM,70616.0,468.0,0.7,580.54,18.43544,33.28399,75.5238
1301308,Codajás - AM,AM,23549.0,304.0,1.3,586.95,57.81727,36.5105,73.46974999999999
1301407,Eirunepé - AM,AM,33170.0,159.0,0.5,588.49,40.83641,0.54121,58.20418
1301506,Envira - AM,AM,17186.0,133.0,0.8,579.21,16.77419,0.908,75.17323
1301605,Fonte Boa - AM,AM,25871.0,195.0,0.8,638.8,70.88868,1.47802,58.52198
1301654,Guajará - AM,AM,13815.0,148.0,1.1,596.23,37.635,2.99086,65.10661
1301704,Humaitá - AM,AM,57473.0,492.0,0.9,871.32,73.6404,11.54273,71.36515
1301803,Ipixuna - AM,AM,24311.0,161.0,0.7,508.99,63.29588,2.58011,51.91427
1301852,Iranduba - AM,AM,61163.0,763.0,1.2,805.81,50.63355,4.22932,81.59599
1301902,Itacoatiara - AM,AM,103598.0,1002.0,1.0,734.27,70.4092,8.17308,73.88302
1301951,Itamarati - AM,AM,10937.0,25.0,0.2,525.38,36.1766,0.98586,55.46506
1302009,Itapiranga - AM,AM,10162.0,43.0,0.4,687.95,65.56368,8.73413,79.99231
1302108,Japurá - AM,AM,8858.0,51.0,0.6,823.6,58.84726,1.95965,46.512969999999996
1302207,Juruá - AM,AM,10742.0,133.0,1.2,516.57,61.724,22.61764,50.45473
1302306,Jutaí - AM,AM,25172.0,195.0,0.8,566.68,72.09494,1.27967,57.02787
1302405,Lábrea - AM,AM,45448.0,368.0,0.8,618.0,14.63306,28.70707,61.27428999999999
1302504,Manacapuru - AM,AM,101883.0,973.0,1.0,680.39,52.41231,13.17189,71.06349999999999
1302553,Manaquiri - AM,AM,17107.0,131.0,0.8,568.36,38.88216,1.53349,40.98063
1302603,Manaus - AM,AM,2063689.0,27636.0,1.3,1284.7,76.24027,50.60216,97.34438999999999
1302702,Manicoré - AM,AM,53914.0,357.0,0.7,701.45,45.66968,1.21611,55.66968
1302801,Maraã - AM,AM,15529.0,101.0,0.7,518.13,50.34757,7.41476,47.103609999999996
1302900,Maués - AM,AM,61204.0,642.0,1.0,488.47,54.51737,17.73039,49.27285
1303007,Nhamundá - AM,AM,20136.0,194.0,1.0,539.62,63.50109,4.59519,39.01532
1303106,Nova Olinda do Norte - AM,AM,27062.0,213.0,0.8,537.7,52.94753,6.26543,62.90123
1303205,Novo Airão - AM,AM,15761.0,248.0,1.6,700.88,69.26771,10.18007,75.4862
1303304,Novo Aripuanã - AM,AM,23818.0,104.0,0.4,630.53,39.51933,14.90073,64.6186
1303403,Parintins - AM,AM,96372.0,852.0,0.9,796.66,82.57322,9.99582,72.15063
1303502,Pauini - AM,AM,19373.0,180.0,0.9,454.55,1.0101,5.68182,45.30303
1303536,Presidente Figueiredo - AM,AM,30668.0,432.0,1.4,976.41,56.91767,31.25999,73.30919
1303569,Rio Preto da Eva - AM,AM,24936.0,229.0,0.9,801.1,47.00231,8.48066,55.82885
1303601,Santa Isabel do Rio Negro - AM,AM,14164.0,60.0,0.4,448.85,43.35766,3.90511,53.13869
1303700,Santo Antônio do Içá - AM,AM,28211.0,131.0,0.5,489.41,18.46564,1.67523,45.269369999999995
1303809,São Gabriel da Cachoeira - AM,AM,51795.0,586.0,1.1,577.82,23.77629,3.31982,53.73008
1303908,São Paulo de Olivença - AM,AM,32967.0,123.0,0.4,396.95,42.89517,5.44093,36.33943
1303957,São Sebastião do Uatumã - AM,AM,11670.0,62.0,0.5,657.76,80.82552,0.75047,79.96247
1304005,Silves - AM,AM,11559.0,155.0,1.3,559.89,54.72566,4.10619,45.80531
1304062,Tabatinga - AM,AM,66764.0,419.0,0.6,669.6,45.92817,10.66551,74.13108
1304104,Tapauá - AM,AM,19599.0,124.0,0.6,541.23,53.58932,5.59265,66.19366
1304203,Tefé - AM,AM,73669.0,762.0,1.0,767.14,72.25659,13.9748,81.00802
1304237,Tonantins - AM,AM,19247.0,141.0,0.7,432.01,20.50296,5.02959,50.591719999999995
1304260,Uarini - AM,AM,14431.0,80.0,0.6,516.14,68.79293,1.76644,60.22244
1304302,Urucará - AM,AM,18631.0,270.0,1.5,690.49,75.43819,0.81795,72.86749
1304401,Urucurituba - AM,AM,23945.0,168.0,0.7,629.39,65.47482,3.13341,67.62783
1400027,Amajari - RR,RR,13927.0,71.0,0.5,493.7,47.93057,6.24166,38.01735
1400050,Alto Alegre - RR,RR,21096.0,253.0,1.2,467.63,38.67589,9.78261,31.32411
1400100,Boa Vista - RR,RR,413486.0,5054.0,1.2,1399.0,93.71739,61.28677,96.23984
1400159,Bonfim - RR,RR,13923.0,123.0,0.9,583.73,60.23442,6.14637,43.91081
1400175,Cantá - RR,RR,18682.0,269.0,1.4,787.97,50.15657,1.47357,31.71855
1400209,Caracaraí - RR,RR,20957.0,280.0,1.3,714.44,62.13241,34.68047,52.965340000000005
1400233,Caroebe - RR,RR,10656.0,45.0,0.4,917.6,60.51118,11.3099,57.69968
1400282,Iracema - RR,RR,10023.0,73.0,0.7,781.65,53.47009,31.76068,44.752140000000004
1400308,Mucajaí - RR,RR,18095.0,94.0,0.5,809.57,64.97471,29.05038,66.49185
1400407,Normandia - RR,RR,13986.0,96.0,0.7,486.61,59.36006,0.44134,26.848110000000002
1400456,Pacaraima - RR,RR,19305.0,325.0,1.7,578.04,71.37443,6.39212,52.65286
1400472,Rorainópolis - RR,RR,32647.0,338.0,1.0,831.4,48.25119,4.39189,57.65103
1400506,São João da Baliza - RR,RR,8858.0,32.0,0.4,895.8,64.46408,4.9174,67.23012
1400605,São Luiz do Anauá - RR,RR,7315.0,46.0,0.6,827.26,69.20354,4.42478,
1400704,Uiramutã - RR,RR,13751.0,274.0,2.0,288.65,54.29671,0.21377,13.59555
1500107,Abaetetuba - PA,PA,158188.0,1876.0,1.2,771.33,17.35645,4.4919,71.60087
1500131,Abel Figueiredo - PA,PA,6136.0,28.0,0.4,923.2,81.25,2.5,85.85000000000001
1500206,Acará - PA,PA,59023.0,554.0,0.9,505.33,24.56469,2.20437,26.73976
1500305,Afuá - PA,PA,37765.0,203.0,0.5,476.09,17.82474,2.43417,32.18633
1500347,Água Azul do Norte - PA,PA,18080.0,196.0,1.1,936.7,19.15272,0.1958,56.95977
1500404,Alenquer - PA,PA,69377.0,692.0,1.0,562.3,19.68055,5.94214,49.24606
1500503,Almeirim - PA,PA,34280.0,301.0,0.9,773.03,60.15796,17.56253,68.97762
1500602,Altamira - PA,PA,126279.0,1346.0,1.1,1245.26,43.97943,49.08654,82.74013000000001
1500701,Anajás - PA,PA,28011.0,181.0,0.6,524.25,6.72005,0.28262,40.90124
1500800,Ananindeua - PA,PA,478778.0,7394.0,1.5,1219.88,37.33206,31.48408,98.16838999999999
1500859,Anapu - PA,PA,31850.0,234.0,0.7,765.01,7.02732,1.97108,50.38029
1500909,Augusto Corrêa - PA,PA,44573.0,363.0,0.8,479.94,50.82895,3.93854,58.68177
1500958,Aurora do Pará - PA,PA,23774.0,256.0,1.1,574.32,65.33373,0.87192,60.643409999999996
1501006,Aveiro - PA,PA,18290.0,167.0,0.9,477.87,27.88896,5.68108,24.66108
1501105,Bagre - PA,PA,31892.0,115.0,0.4,358.65,43.68476,0.19137,42.93667
1501204,Baião - PA,PA,51641.0,358.0,0.7,460.65,58.50116,2.7897,54.267089999999996
1501253,Bannach - PA,PA,4031.0,28.0,0.7,995.23,45.04913,0.22676,47.99698
1501303,Barcarena - PA,PA,126650.0,1269.0,1.0,975.54,31.06635,15.14745,85.54502000000001
1501402,Belém - PA,PA,1303403.0,19009.0,1.5,1668.52,67.13494,59.91182,97.28045
1501451,Belterra - PA,PA,18099.0,188.0,1.0,741.15,69.79439,1.1215,62.747659999999996
1501501,Benevides - PA,PA,63567.0,997.0,1.6,818.99,70.65424,7.17178,91.95491999999999
1501576,Bom Jesus do Tocantins - PA,PA,18005.0,148.0,0.8,947.99,48.39468,1.95771,67.93266
1501600,Bonito - PA,PA,12622.0,159.0,1.3,739.25,73.61177,0.5458,62.93308
1501709,Bragança - PA,PA,123082.0,1210.0,1.0,810.48,31.17917,4.60065,73.28926000000001
1501725,Brasil Novo - PA,PA,24718.0,281.0,1.1,763.34,63.8082,5.754,54.12091
1501758,Brejo Grande do Araguaia - PA,PA,6783.0,42.0,0.6,766.2,69.48357,1.5493,60.42254
1501782,Breu Branco - PA,PA,45712.0,659.0,1.4,725.32,28.13331,11.48389,73.25599
1501808,Breves - PA,PA,106968.0,903.0,0.8,606.08,20.06898,0.75135,54.16324
1501907,Bujaru - PA,PA,24383.0,191.0,0.8,526.09,42.40034,3.4371,33.65263
1501956,Cachoeira do Piriá - PA,PA,19630.0,172.0,0.9,564.23,32.5089,0.2669,41.88612
1502004,Cachoeira do Arari - PA,PA,23981.0,560.0,2.3,488.54,40.99237,5.52672,40.45802
1502103,Cametá - PA,PA,134184.0,1161.0,0.9,597.9,45.54595,3.97383,55.4295
1502152,Canaã dos Carajás - PA,PA,77079.0,770.0,1.0,1364.4,66.82803,59.78011,92.86594
1502202,Capanema - PA,PA,70394.0,727.0,1.0,966.47,32.30269,5.18647,86.20988999999999
1502301,Capitão Poço - PA,PA,56506.0,508.0,0.9,704.58,67.49574,1.9821,71.62467
1502400,Castanhal - PA,PA,192256.0,2267.0,1.2,1055.05,43.21684,17.1864,94.71646
1502509,Chaves - PA,PA,20757.0,129.0,0.6,584.29,20.36647,0.98989,22.00927
1502608,Colares - PA,PA,12868.0,115.0,0.9,655.87,84.15519,3.02879,65.43178999999999
1502707,Conceição do Araguaia - PA,PA,44617.0,349.0,0.8,1032.8,32.85658,2.2937,76.64777
1502756,Concórdia do Pará - PA,PA,26881.0,506.0,1.9,699.98,23.02962,2.40964,70.23093
1502764,Cumaru do Norte - PA,PA,14036.0,57.0,0.4,1007.72,45.3668,3.03365,55.43298
1502772,Curionópolis - PA,PA,19950.0,188.0,0.9,1036.35,64.26122,2.2288,79.8005
1502806,Curralinho - PA,PA,33903.0,327.0,1.0,472.98,12.43263,0.44096,33.72121
1502855,Curuá - PA,PA,14117.0,54.0,0.4,556.04,70.22803,4.84243,44.8373
1502905,Curuçá - PA,PA,41262.0,475.0,1.2,614.45,87.77512,6.17426,77.65229000000001
1502939,Dom Eliseu - PA,PA,58484.0,862.0,1.5,782.32,79.74197,3.3557,87.17665
1502954,Eldorado do Carajás - PA,PA,28192.0,207.0,0.7,879.96,42.47052,2.4256,59.3936
1503002,Faro - PA,PA,8728.0,54.0,0.6,594.92,78.67366,2.29008,77.9103
1503044,Floresta do Araguaia - PA,PA,17898.0,133.0,0.7,831.86,12.51253,0.36752,53.05714
1503077,Garrafão do Norte - PA,PA,24703.0,78.0,0.3,620.45,40.06485,0.92088,62.69779
1503093,Goianésia do Pará - PA,PA,26362.0,280.0,1.1,829.0,14.87514,2.09917,68.62106999999999
1503101,Gurupá - PA,PA,31786.0,281.0,0.9,634.91,35.5661,0.3661,40.94915
1503200,Igarapé-Açu - PA,PA,35797.0,381.0,1.1,718.26,72.03574,0.98881,80.04163
1503309,Igarapé-Miri - PA,PA,64831.0,1030.0,1.6,617.29,17.613,4.79764,45.93206
1503408,Inhangapi - PA,PA,10325.0,43.0,0.4,631.7,65.23498,0.62247,60.81544
1503457,Ipixuna do Pará - PA,PA,30329.0,244.0,0.8,594.25,77.10665,12.90249,69.99315
1503507,Irituia - PA,PA,30955.0,301.0,1.0,616.62,61.78624,9.42271,43.170880000000004
1503606,Itaituba - PA,PA,123314.0,1615.0,1.3,1074.37,25.52355,4.43852,85.38449
1503705,Itupiranga - PA,PA,49754.0,422.0,0.8,636.27,17.64407,5.4362,61.15546
1503754,Jacareacanga - PA,PA,24042.0,460.0,1.9,787.87,39.83484,1.06174,51.41565
1503804,Jacundá - PA,PA,37707.0,358.0,0.9,905.18,30.98279,10.40692,87.88768
1503903,Juruti - PA,PA,50881.0,400.0,0.8,713.05,79.42653,4.04989,64.60392
1504000,Limoeiro do Ajuru - PA,PA,29569.0,266.0,0.9,463.89,26.79393,0.64094,23.82611
1504059,Mãe do Rio - PA,PA,34353.0,257.0,0.7,786.61,25.03539,5.32861,92.87158
1504109,Magalhães Barata - PA,PA,8115.0,49.0,0.6,619.04,92.90581,0.52104,82.24449
1504208,Marabá - PA,PA,266533.0,3069.0,1.2,1137.5,39.95257,22.20117,89.54166
1504307,Maracanã - PA,PA,25971.0,222.0,0.9,634.79,60.00518,4.22499,43.06635
1504406,Marapanim - PA,PA,26573.0,265.0,1.0,576.69,68.34627,5.51642,65.52836
1504422,Marituba - PA,PA,111785.0,1505.0,1.3,883.71,51.07011,22.19652,97.66190999999999
1504455,Medicilândia - PA,PA,27094.0,183.0,0.7,763.1,27.07984,5.65047,43.48409
1504505,Melgaço - PA,PA,27881.0,300.0,1.1,476.85,8.64392,4.05949,30.53369
1504604,Mocajuba - PA,PA,27198.0,302.0,1.1,694.48,40.5019,6.71141,72.29355000000001
1504703,Moju - PA,PA,84094.0,972.0,1.2,626.33,36.24081,1.81484,43.35225
1504752,Mojuí dos Campos - PA,PA,23501.0,248.0,1.1,705.92,45.62717,1.01631,43.541050000000006
1504802,Monte Alegre - PA,PA,60012.0,423.0,0.7,687.01,30.60333,0.74802,46.59569
1504901,Muaná - PA,PA,45368.0,257.0,0.6,505.26,44.47161,1.3915,45.51523
1504950,Nova Esperança do Piriá - PA,PA,20478.0,75.0,0.4,535.3,13.90871,0.43154,62.24066
1504976,Nova Ipixuna - PA,PA,13955.0,176.0,1.3,824.87,17.32662,8.22577,52.61431
1505007,Nova Timboteua - PA,PA,12806.0,74.0,0.6,709.95,79.71491,7.03947,78.31141
1505031,Novo Progresso - PA,PA,33638.0,303.0,0.9,1274.42,51.7987,18.29315,85.62955
1505064,Novo Repartimento - PA,PA,60732.0,498.0,0.8,721.31,10.47491,8.26228,56.32488
1505106,Óbidos - PA,PA,52229.0,491.0,0.9,652.59,36.28672,1.01809,48.75146
1505205,Oeiras do Pará - PA,PA,33844.0,138.0,0.4,460.54,43.29668,0.2842,44.44582
1505304,Oriximiná - PA,PA,68294.0,1157.0,1.7,727.72,49.82179,13.96191,67.03052
1505403,Ourém - PA,PA,17855.0,149.0,0.8,694.89,57.90205,1.14623,86.24521999999999
1505437,Ourilândia do Norte - PA,PA,32467.0,487.0,1.5,935.72,69.25152,5.87612,82.25605
1505486,Pacajá - PA,PA,41097.0,242.0,0.6,689.59,3.0784,0.41687,46.27224
1505494,Palestina do Pará - PA,PA,6885.0,36.0,0.5,856.12,67.13636,0.18182,73.18181
1505502,Paragominas - PA,PA,105550.0,1315.0,1.2,992.06,80.76713,21.34157,91.44095
1505536,Parauapebas - PA,PA,267836.0,3072.0,1.1,1321.92,70.83395,28.33677,95.36883999999999
1505551,Pau D'Arco - PA,PA,6931.0,44.0,0.6,882.09,62.47191,1.25843,60.58427
1505601,Peixe-Boi - PA,PA,8285.0,122.0,1.5,756.62,69.4944,0.71259,78.31693
1505635,Piçarra - PA,PA,12832.0,112.0,0.9,864.32,6.80255,0.41749,50.95776
1505650,Placas - PA,PA,18668.0,202.0,1.1,793.04,16.02859,0.18717,45.431349999999995
1505700,Ponta de Pedras - PA,PA,24984.0,209.0,0.8,574.17,52.7668,9.33089,59.21796
1505809,Portel - PA,PA,62503.0,390.0,0.6,508.31,7.47403,0.41397,50.61719
1505908,Porto de Moz - PA,PA,40597.0,334.0,0.8,484.97,54.21953,4.85383,48.659679999999994
1506005,Prainha - PA,PA,35577.0,176.0,0.5,451.71,39.19609,0.66268,39.60891
1506104,Primavera - PA,PA,10851.0,96.0,0.9,716.9,78.9966,1.47392,82.11451000000001
1506112,Quatipuru - PA,PA,11524.0,95.0,0.8,649.32,45.71115,3.39819,85.00959
1506138,Redenção - PA,PA,85597.0,1017.0,1.2,1295.2,38.30205,10.10991,94.01898999999999
1506161,Rio Maria - PA,PA,18384.0,186.0,1.0,1039.0,24.61941,1.52237,77.68722
1506187,Rondon do Pará - PA,PA,53143.0,627.0,1.2,946.14,75.62316,3.4282,75.68204
1506195,Rurópolis - PA,PA,35769.0,292.0,0.8,731.95,35.90704,0.46261,64.51151
1506203,Salinópolis - PA,PA,44772.0,482.0,1.1,875.11,75.17431,10.39905,88.88148
1506302,Salvaterra - PA,PA,24129.0,177.0,0.7,723.4,84.39995,5.52023,59.4101
1506351,Santa Bárbara do Pará - PA,PA,21087.0,111.0,0.5,762.45,80.28231,2.92604,79.09131
1506401,Santa Cruz do Arari - PA,PA,7445.0,60.0,0.8,520.36,84.18972,15.64088,75.49407000000001
1506500,Santa Izabel do Pará - PA,PA,73019.0,752.0,1.0,914.02,73.9705,8.09176,88.24624
1506559,Santa Luzia do Pará - PA,PA,20370.0,144.0,0.7,685.08,12.11977,0.80798,66.28644
1506583,Santa Maria das Barreiras - PA,PA,16548.0,192.0,1.2,1175.42,16.12963,1.84128,54.57558
1506609,Santa Maria do Pará - PA,PA,24624.0,163.0,0.7,793.59,80.1773,7.82506,77.73049999999999
1506708,Santana do Araguaia - PA,PA,32413.0,292.0,0.9,1137.95,21.99241,7.57116,81.86907
1506807,Santarém - PA,PA,331942.0,3612.0,1.1,1024.3,49.96653,11.1196,82.23333000000001
1506906,Santarém Novo - PA,PA,6116.0,41.0,0.7,743.73,86.69046,1.01989,90.77001
1507003,Santo Antônio do Tauá - PA,PA,27461.0,295.0,1.1,697.67,84.08084,1.95299,79.89099
1507102,São Caetano de Odivelas - PA,PA,16666.0,170.0,1.0,611.22,61.96639,6.97315,72.24262
1507151,São Domingos do Araguaia - PA,PA,21092.0,260.0,1.2,922.63,77.69118,1.36765,75.25
1507201,São Domingos do Capim - PA,PA,30599.0,235.0,0.8,520.37,43.64882,1.028,40.10398
1507300,São Félix do Xingu - PA,PA,65418.0,495.0,0.8,980.71,13.78384,2.81244,57.8326
1507409,São Francisco do Pará - PA,PA,14894.0,138.0,0.9,681.98,59.46656,13.15417,61.44675
1507458,São Geraldo do Araguaia - PA,PA,24255.0,514.0,2.1,852.58,60.71845,23.2914,74.49099000000001
1507466,São João da Ponta - PA,PA,4430.0,32.0,0.7,566.06,85.50824,11.46978,89.07967000000001
1507474,São João de Pirabas - PA,PA,20689.0,317.0,1.5,624.11,78.69678,2.79261,74.63757
1507508,São João do Araguaia - PA,PA,13664.0,185.0,1.4,684.94,27.94989,14.12301,39.72665000000001
1507607,São Miguel do Guamá - PA,PA,52894.0,449.0,0.8,739.47,49.02391,5.07565,67.60003999999999
1507706,São Sebastião da Boa Vista - PA,PA,25643.0,235.0,0.9,541.45,26.29573,2.13415,38.00305
1507755,Sapucaia - PA,PA,5847.0,46.0,0.8,780.97,80.06757,1.57658,91.72297
1507805,Senador José Porfírio - PA,PA,22576.0,130.0,0.6,627.7,41.79748,0.35396,35.65712
1507904,Soure - PA,PA,24204.0,218.0,0.9,728.05,78.34251,1.25653,87.06763
1507953,Tailândia - PA,PA,72493.0,1100.0,1.5,829.7,37.70788,5.17904,85.77385000000001
1507961,Terra Alta - PA,PA,10400.0,53.0,0.5,729.04,78.00298,0.35768,85.06706
1507979,Terra Santa - PA,PA,18782.0,111.0,0.6,692.2,85.31413,12.90516,83.63345
1508001,Tomé-Açu - PA,PA,67585.0,649.0,1.0,710.04,68.67999,3.73398,69.86073
1508035,Tracuateua - PA,PA,28595.0,295.0,1.0,536.71,31.34158,0.61813,41.95284
1508050,Trairão - PA,PA,15242.0,63.0,0.4,964.72,8.83106,0.06399,65.97695999999999
1508084,Tucumã - PA,PA,39550.0,497.0,1.3,1120.97,71.75049,2.26121,83.94542
1508100,Tucuruí - PA,PA,91306.0,972.0,1.1,1124.55,84.70073,14.64234,91.56934
1508126,Ulianópolis - PA,PA,37972.0,248.0,0.7,718.62,73.04124,10.98969,76.58763
1508159,Uruará - PA,PA,43558.0,366.0,0.8,840.09,3.69252,7.62373,56.089850000000006
1508209,Vigia - PA,PA,50832.0,641.0,1.3,699.55,45.36761,6.28206,87.84751
1508308,Viseu - PA,PA,58692.0,493.0,0.8,515.8,31.86942,4.2008,46.75085
1508357,Vitória do Xingu - PA,PA,15607.0,189.0,1.2,838.42,48.20628,7.54179,72.11577
1508407,Xinguara - PA,PA,52893.0,513.0,1.0,1187.19,36.17877,4.91061,89.63129
1600055,Serra do Navio - AP,AP,4673.0,40.0,0.9,1096.98,74.19355,38.12317,94.50147
1600105,Amapá - AP,AP,7943.0,163.0,2.1,841.51,31.82482,8.27251,84.62287
1600154,Pedra Branca do Amapari - AP,AP,12847.0,132.0,1.0,885.6,40.39514,2.85714,83.52583
1600204,Calçoene - AP,AP,10612.0,90.0,0.8,827.69,20.73434,0.25198,84.26926
1600212,Cutias - AP,AP,4461.0,40.0,0.9,642.81,84.9481,1.03806,88.75431999999999
1600238,Ferreira Gomes - AP,AP,6666.0,81.0,1.2,758.6,61.74833,1.05791,75.16704
1600253,Itaubal - AP,AP,5599.0,36.0,0.6,628.24,64.43791,0.8817,
1600279,Laranjal do Jari - AP,AP,35114.0,461.0,1.3,867.35,65.6858,3.74601,90.85278
1600303,Macapá - AP,AP,442933.0,7586.0,1.7,1313.17,44.05986,16.90611,94.75956
1600402,Mazagão - AP,AP,21924.0,181.0,0.8,650.57,23.81131,4.52922,72.54276
1600501,Oiapoque - AP,AP,27482.0,183.0,0.7,846.41,7.39952,2.14458,80.65616
1600535,Porto Grande - AP,AP,17848.0,183.0,1.0,889.05,8.67917,1.59617,68.71508
1600550,Pracuúba - AP,AP,3803.0,31.0,0.8,639.24,15.22453,0.10953,84.77547
1600600,Santana - AP,AP,107618.0,1576.0,1.5,1029.14,48.49621,5.04272,91.73438999999999
1600709,Tartarugalzinho - AP,AP,12945.0,167.0,1.3,669.0,32.4601,1.44535,60.82505
1600808,Vitória do Jari - AP,AP,11291.0,130.0,1.2,656.35,68.96208,5.62209,85.06321
1700251,Abreulândia - TO,TO,2576.0,10.0,0.4,1103.87,58.81081,1.08108,60.32432
1700301,Aguiarnópolis - TO,TO,4497.0,34.0,0.8,969.45,86.25,31.80556,86.25
1700350,Aliança do Tocantins - TO,TO,5147.0,82.0,1.6,962.77,67.38661,1.67387,85.58315
1700400,Almas - TO,TO,6499.0,34.0,0.5,901.21,77.00818,0.4329,77.15248
1700707,Alvorada - TO,TO,8802.0,78.0,0.9,1420.73,79.57093,1.76113,93.98015
1701002,Ananás - TO,TO,10325.0,82.0,0.8,905.85,80.82967,43.21182,81.89817000000001
1701051,Angico - TO,TO,2876.0,23.0,0.8,864.48,79.86577,1.23043,72.48323
1701101,Aparecida do Rio Negro - TO,TO,4856.0,17.0,0.4,1086.79,72.45329,1.20555,78.54128999999999
1701309,Aragominas - TO,TO,5290.0,35.0,0.7,948.87,54.85278,0.70883,53.76227
1701903,Araguacema - TO,TO,5927.0,10.0,0.2,1126.54,61.57205,32.79961,68.60747
1702000,Araguaçu - TO,TO,8133.0,70.0,0.9,1309.8,63.04063,0.49148,74.37746
1702109,Araguaína - TO,TO,171301.0,2482.0,1.4,1450.2,94.99419,28.36396,95.29957
1702158,Araguanã - TO,TO,4310.0,25.0,0.6,882.97,70.23161,13.76022,86.17166
1702208,Araguatins - TO,TO,31918.0,302.0,0.9,968.04,75.43585,0.90108,72.02743
1702307,Arapoema - TO,TO,5550.0,49.0,0.9,1063.76,80.22426,4.94393,87.00306
1702406,Arraias - TO,TO,10287.0,50.0,0.5,1165.13,66.00483,1.01959,67.34639
1702554,Augustinópolis - TO,TO,17484.0,166.0,1.0,995.19,90.77113,11.7699,89.92412
1702703,Aurora do Tocantins - TO,TO,3342.0,20.0,0.6,988.14,69.91359,1.80676,68.73527
1702901,Axixá do Tocantins - TO,TO,10262.0,125.0,1.2,729.12,93.68782,43.80789,77.80445999999999
1703008,Babaçulândia - TO,TO,7880.0,66.0,0.8,877.11,53.69128,2.64728,56.26399
1703057,Bandeirantes do Tocantins - TO,TO,3407.0,27.0,0.8,1113.71,68.30319,0.68906,70.28423000000001
1703073,Barra do Ouro - TO,TO,4476.0,51.0,1.1,750.89,69.40572,1.54072,72.63389000000001
1703107,Barrolândia - TO,TO,4846.0,50.0,1.0,1073.11,80.60468,0.68454,85.22533
1703206,Bernardo Sayão - TO,TO,4229.0,39.0,0.9,1113.41,65.39474,0.19737,68.81579
1703305,Bom Jesus do Tocantins - TO,TO,4038.0,40.0,1.0,1047.77,77.71129,1.12191,79.05759
1703602,Brasilândia do Tocantins - TO,TO,1974.0,18.0,0.9,945.34,74.89115,6.67634,80.98694
1703701,Brejinho de Nazaré - TO,TO,4725.0,23.0,0.5,889.67,61.84903,15.79871,79.98828999999999
1703800,Buriti do Tocantins - TO,TO,10307.0,43.0,0.4,665.2,94.66854,2.91126,90.70501
1703826,Cachoeirinha - TO,TO,1961.0,8.0,0.4,763.82,86.67712,10.81505,77.42947
1703842,Campos Lindos - TO,TO,8653.0,42.0,0.5,912.29,72.55064,0.41339,68.91278
1703867,Cariri do Tocantins - TO,TO,4007.0,18.0,0.5,1174.15,60.15625,3.51562,74.14062
1703883,Carmolândia - TO,TO,2201.0,22.0,1.0,982.1,62.6506,0.66934,87.41634
1703891,Carrasco Bonito - TO,TO,3318.0,23.0,0.7,590.1,82.11462,2.27273,78.16205
1703909,Caseara - TO,TO,4847.0,36.0,0.8,1047.86,60.65071,0.4911,65.68446
1704105,Centenário - TO,TO,2131.0,15.0,0.7,860.47,65.93264,0.64767,
1704600,Chapada de Areia - TO,TO,1501.0,11.0,0.7,927.68,51.50977,0.71048,63.94316
1705102,Chapada da Natividade - TO,TO,3117.0,13.0,0.4,809.82,53.98833,0.58366,55.7393
1705508,Colinas do Tocantins - TO,TO,34233.0,303.0,0.9,1378.65,91.82534,76.60151,96.28501
1705557,Combinado - TO,TO,4756.0,67.0,1.4,1156.96,90.46525,0.28719,87.30615
1705607,Conceição do Tocantins - TO,TO,3887.0,23.0,0.6,966.54,70.65637,10.03861,70.65637
1706001,Couto Magalhães - TO,TO,5331.0,47.0,0.9,878.4,56.69377,1.08401,66.77507
1706100,Cristalândia - TO,TO,6371.0,26.0,0.4,1299.17,76.04433,0.93777,80.98892000000001
1706258,Crixás do Tocantins - TO,TO,1470.0,12.0,0.8,1034.63,48.8189,0.59055,
1706506,Darcinópolis - TO,TO,5827.0,51.0,0.9,865.8,75.9799,29.09548,69.64824
1707009,Dianópolis - TO,TO,17739.0,127.0,0.7,1143.3,85.85181,4.09146,86.29878000000001
1707108,Divinópolis do Tocantins - TO,TO,7024.0,32.0,0.5,1231.09,59.92894,1.46072,74.10186
1707207,Dois Irmãos do Tocantins - TO,TO,6327.0,65.0,1.0,1097.58,46.76856,0.91703,54.19214
1707306,Dueré - TO,TO,4248.0,24.0,0.6,1188.81,63.03813,0.92251,69.4342
1707405,Esperantina - TO,TO,7530.0,96.0,1.3,723.55,62.49461,34.78636,69.78852
1707553,Fátima - TO,TO,3467.0,33.0,1.0,1181.37,70.18425,23.03183,85.67839
1707652,Figueirópolis - TO,TO,5211.0,27.0,0.5,1201.32,63.44969,2.25873,80.23613999999999
1707702,Filadélfia - TO,TO,7712.0,93.0,1.2,922.76,63.65415,2.1518,62.48044
1708205,Formoso do Araguaia - TO,TO,18881.0,138.0,0.7,1174.54,64.20939,2.86511,73.73392999999999
1708254,Tabocão - TO,TO,3455.0,,,1092.33,79.12664,0.17467,82.35807
1708304,Goianorte - TO,TO,4738.0,56.0,1.2,1104.48,38.32052,0.53223,70.07688
1709005,Goiatins - TO,TO,12433.0,49.0,0.4,803.98,73.32251,3.84199,52.21862
1709302,Guaraí - TO,TO,24775.0,207.0,0.8,1406.97,88.2686,51.39848,91.00895
1709500,Gurupi - TO,TO,85125.0,759.0,0.9,1665.16,89.87317,41.43894,97.92757
1709807,Ipueiras - TO,TO,1590.0,6.0,0.4,1060.8,57.01599,0.17762,64.47601999999999
1710508,Itacajá - TO,TO,6819.0,18.0,0.3,951.97,75.15039,34.93753,72.04998
1710706,Itaguatins - TO,TO,5172.0,70.0,1.3,850.59,57.74971,35.8209,58.15155
1710904,Itapiratins - TO,TO,3577.0,35.0,1.0,933.46,24.4898,0.31397,66.40502
1711100,Itaporã do Tocantins - TO,TO,2404.0,,,1076.92,62.2871,0.24331,67.76155
1711506,Jaú do Tocantins - TO,TO,3334.0,3.0,0.1,1033.94,52.70816,0.56589,56.42684
1711803,Juarina - TO,TO,2243.0,40.0,1.8,791.63,48.71099,,59.837180000000004
1711902,Lagoa da Confusão - TO,TO,15288.0,70.0,0.5,1229.28,67.33333,1.625,83.54167
1711951,Lagoa do Tocantins - TO,TO,3516.0,27.0,0.8,777.8,70.59925,7.1161,71.16104
1712009,Lajeado - TO,TO,3357.0,25.0,0.7,1306.33,69.15808,4.29553,89.94845
1712157,Lavandeira - TO,TO,1626.0,10.0,0.6,904.21,64.67577,0.85324,66.04096
1712405,Lizarda - TO,TO,2999.0,87.0,2.9,912.48,71.22594,0.81054,57.446799999999996
1712454,Luzinópolis - TO,TO,2717.0,4.0,0.1,658.43,76.55172,0.68966,80.11494
1712504,Marianópolis do Tocantins - TO,TO,4615.0,38.0,0.8,1221.45,64.99373,0.94103,62.60979
1712702,Mateiros - TO,TO,2748.0,18.0,0.7,775.8,57.21332,2.09618,66.70777
1712801,Maurilândia do Tocantins - TO,TO,3095.0,16.0,0.5,810.37,68.33667,0.7014,70.54108
1713205,Miracema do Tocantins - TO,TO,18566.0,203.0,1.1,1345.89,81.71249,3.40927,83.40926999999999
1713304,Miranorte - TO,TO,12701.0,52.0,0.4,1172.19,89.31332,1.13688,89.83628999999999
1713601,Monte do Carmo - TO,TO,5694.0,42.0,0.7,1018.53,50.23328,0.46656,52.30689
1713700,Monte Santo do Tocantins - TO,TO,2396.0,28.0,1.2,969.74,50.68027,1.24717,56.3492
1713809,Palmeiras do Tocantins - TO,TO,4872.0,54.0,1.1,812.99,73.98583,0.64392,65.03541000000001
1713957,Muricilândia - TO,TO,3367.0,22.0,0.7,925.82,57.55518,0.42445,62.73345
1714203,Natividade - TO,TO,8754.0,33.0,0.4,1184.27,81.3133,0.9474,81.70533
1714302,Nazaré - TO,TO,4521.0,33.0,0.7,810.68,83.73612,0.52253,79.35990000000001
1714880,Nova Olinda - TO,TO,10367.0,85.0,0.8,916.26,74.21098,0.88143,73.18737999999999
1715002,Nova Rosalândia - TO,TO,3362.0,46.0,1.4,1068.55,60.66838,0.77121,83.37617999999999
1715101,Novo Acordo - TO,TO,3969.0,35.0,0.9,1024.13,82.33083,0.67669,77.96993
1715150,Novo Alegre - TO,TO,1846.0,14.0,0.8,1123.63,76.4624,22.00557,76.04457
1715259,Novo Jardim - TO,TO,2230.0,12.0,0.5,876.15,81.39205,0.14205,82.52841000000001
1715507,Oliveira de Fátima - TO,TO,1164.0,,,925.74,82.91457,1.75879,
1715705,Palmeirante - TO,TO,4798.0,23.0,0.5,862.06,48.10583,0.12026,48.46662
1715754,Palmeirópolis - TO,TO,6975.0,57.0,0.8,1242.87,81.09177,0.5538,83.90032
1716109,Paraíso do Tocantins - TO,TO,52360.0,648.0,1.2,1526.29,91.43201,19.73864,96.25458
1716208,Paranã - TO,TO,10542.0,76.0,0.7,977.59,55.3951,0.79019,55.31336
1716307,Pau D'Arco - TO,TO,4043.0,29.0,0.7,933.91,73.54227,1.6035,70.99125
1716505,Pedro Afonso - TO,TO,14055.0,181.0,1.3,1441.4,91.47499,1.85693,90.23001
1716604,Peixe - TO,TO,9317.0,78.0,0.8,1080.34,58.54301,23.55178,63.63371
1716653,Pequizeiro - TO,TO,4921.0,16.0,0.3,1002.46,51.4068,,55.04104
1716703,Colméia - TO,TO,8941.0,53.0,0.6,1172.54,69.05578,1.55812,80.33655
1717008,Pindorama do Tocantins - TO,TO,4478.0,15.0,0.3,787.79,63.75839,1.81208,66.24161
1717206,Piraquê - TO,TO,2282.0,36.0,1.6,857.47,44.89281,0.37831,47.91930000000001
1717503,Pium - TO,TO,7128.0,49.0,0.7,1037.53,60.65712,0.25274,62.763259999999995
1717800,Ponte Alta do Bom Jesus - TO,TO,4220.0,26.0,0.6,817.92,58.35443,2.02532,62.65823
1717909,Ponte Alta do Tocantins - TO,TO,7586.0,88.0,1.2,906.89,66.49319,0.48038,66.33307
1718006,Porto Alegre do Tocantins - TO,TO,2866.0,5.0,0.2,881.18,73.96963,,74.07809
1718204,Porto Nacional - TO,TO,64418.0,808.0,1.3,1349.96,85.84601,48.77136,91.15374999999999
1718303,Praia Norte - TO,TO,9044.0,30.0,0.3,721.44,84.55583,25.91687,57.253460000000004
1718402,Presidente Kennedy - TO,TO,3047.0,16.0,0.5,1017.64,70.16886,1.03189,86.11632
1718451,Pugmil - TO,TO,2193.0,10.0,0.4,912.8,69.04459,1.01911,82.54777
1718501,Recursolândia - TO,TO,3421.0,28.0,0.8,723.11,54.93768,0.28763,
1718550,Riachinho - TO,TO,3960.0,59.0,1.5,708.06,63.46307,0.63542,64.17791
1718659,Rio da Conceição - TO,TO,1768.0,6.0,0.3,913.38,81.69014,0.52817,91.9014
1718709,Rio dos Bois - TO,TO,2738.0,23.0,0.9,916.21,56.08741,0.41623,58.584810000000004
1718758,Rio Sono - TO,TO,4841.0,12.0,0.3,987.98,60.27644,1.08173,57.8726
1718808,Sampaio - TO,TO,4215.0,44.0,1.0,832.94,82.69537,20.97289,79.1866
1718840,Sandolândia - TO,TO,3723.0,26.0,0.7,1043.85,46.22426,8.46682,68.5736
1718865,Santa Fé do Araguaia - TO,TO,7216.0,61.0,0.8,1011.88,76.12193,0.38103,81.62574000000001
1718881,Santa Maria do Tocantins - TO,TO,2680.0,21.0,0.8,915.7,66.05206,0.65076,69.19739999999999
1718899,Santa Rita do Tocantins - TO,TO,2219.0,14.0,0.6,1145.36,35.12821,0.76923,47.82052
1718907,Santa Rosa do Tocantins - TO,TO,4653.0,36.0,0.8,848.41,46.36015,0.95785,66.09195
1719004,Santa Tereza do Tocantins - TO,TO,2781.0,39.0,1.4,942.39,73.85698,1.4068,78.66354
1720002,Santa Terezinha do Tocantins - TO,TO,2406.0,1.0,0.1,793.1,79.14033,,64.34892
1720101,São Bento do Tocantins - TO,TO,5654.0,26.0,0.5,750.11,68.26979,2.05279,66.68621999999999
1720150,São Félix do Tocantins - TO,TO,1783.0,8.0,0.5,1195.77,67.87659,,77.13248999999999
1720200,São Miguel do Tocantins - TO,TO,13241.0,103.0,0.8,820.57,69.73879,0.69,77.74766
1720259,São Salvador do Tocantins - TO,TO,2385.0,4.0,0.1,815.37,61.77156,3.14685,64.33566
1720309,São Sebastião do Tocantins - TO,TO,4100.0,10.0,0.2,868.76,91.82186,0.5668,
1720499,São Valério - TO,TO,4422.0,58.0,1.3,1074.49,56.10619,0.47198,66.37168
1720655,Silvanópolis - TO,TO,5108.0,22.0,0.4,1231.48,56.19213,1.73611,82.98611
1720804,Sítio Novo do Tocantins - TO,TO,10830.0,199.0,1.8,803.3,78.34356,17.79141,60.460119999999996
1720853,Sucupira - TO,TO,1577.0,5.0,0.3,1087.47,59.72927,0.67682,
1720903,Taguatinga - TO,TO,14011.0,147.0,1.1,1004.29,73.35861,24.38635,72.83976000000001
1720937,Taipas do Tocantins - TO,TO,2021.0,14.0,0.7,1041.52,80.73529,0.44118,
1720978,Talismã - TO,TO,2456.0,15.0,0.6,1136.59,62.1179,33.95197,65.0655
1721000,Palmas - TO,TO,302692.0,3394.0,1.1,2260.06,94.32437,73.26434,98.75845000000001
1721109,Tocantínia - TO,TO,7459.0,38.0,0.5,755.36,66.65,4.8,50.3
1721208,Tocantinópolis - TO,TO,22615.0,290.0,1.3,1055.63,87.22914,31.63597,95.05688
1721257,Tupirama - TO,TO,1909.0,4.0,0.2,1308.74,65.50152,2.58359,69.90881999999999
1721307,Tupiratins - TO,TO,1874.0,18.0,1.0,1052.03,58.25959,0.14749,59.58703
1722081,Wanderlândia - TO,TO,10522.0,91.0,0.9,870.86,80.77467,0.42409,83.46055
1722107,Xambioá - TO,TO,10517.0,75.0,0.7,1051.05,81.22507,1.90883,83.58973999999999
2100055,Açailândia - MA,MA,106550.0,1276.0,1.2,1007.41,91.9943,10.31174,90.49087
2100105,Afonso Cunha - MA,MA,6144.0,87.0,1.4,605.56,61.15362,5.94467,41.78928
2100154,Água Doce do Maranhão - MA,MA,12142.0,52.0,0.4,597.92,76.4324,7.11262,45.413489999999996
2100204,Alcântara - MA,MA,18467.0,105.0,0.6,681.48,45.84924,5.43893,29.118949999999998
2100303,Aldeias Altas - MA,MA,23286.0,119.0,0.5,533.46,40.32113,7.44298,59.994
2100402,Altamira do Maranhão - MA,MA,6447.0,79.0,1.2,798.15,68.46154,17.69231,73.94872000000001
2100436,Alto Alegre do Maranhão - MA,MA,24048.0,258.0,1.1,671.08,78.96552,4.31034,73.26259999999999
2100477,Alto Alegre do Pindaré - MA,MA,25710.0,294.0,1.1,616.57,78.3165,1.10438,69.6431
2100501,Alto Parnaíba - MA,MA,11109.0,58.0,0.5,803.48,73.12775,27.63583,71.04259
2100550,Amapá do Maranhão - MA,MA,7170.0,49.0,0.7,546.81,75.40741,1.48148,68.34568
2100600,Amarante do Maranhão - MA,MA,37085.0,192.0,0.5,602.61,70.85446,1.41027,49.47922
2100709,Anajatuba - MA,MA,25322.0,104.0,0.4,647.55,53.16828,0.49026,37.95809
2100808,Anapurus - MA,MA,13793.0,93.0,0.7,647.27,58.68368,0.17518,38.96397
2100832,Apicum-Açu - MA,MA,17519.0,217.0,1.2,594.97,90.82078,0.09913,47.70024
2100873,Araguanã - MA,MA,11181.0,60.0,0.5,601.3,47.28972,0.56075,49.563860000000005
2100907,Araioses - MA,MA,39052.0,696.0,1.8,495.55,42.8297,0.17539,34.7532
2100956,Arame - MA,MA,25517.0,440.0,1.7,570.78,56.29019,0.62902,43.10875
2101004,Arari - MA,MA,29472.0,428.0,1.5,723.36,62.39126,4.4613,58.84452
2101103,Axixá - MA,MA,11790.0,105.0,0.9,692.03,53.08014,0.62799,31.99761
2101202,Bacabal - MA,MA,103711.0,1372.0,1.3,894.93,81.40942,22.73432,79.9319
2101251,Bacabeira - MA,MA,16966.0,177.0,1.0,704.29,85.95463,2.51418,80.49149999999999
2101301,Bacuri - MA,MA,16290.0,95.0,0.6,639.65,83.37885,0.81935,29.028480000000002
2101350,Bacurituba - MA,MA,5252.0,15.0,0.3,624.92,76.1194,0.40184,12.39954
2101400,Balsas - MA,MA,101767.0,1231.0,1.2,1166.62,79.30039,11.90577,88.05854
2101509,Barão de Grajaú - MA,MA,18984.0,154.0,0.8,815.92,53.87086,1.42949,64.26277
2101608,Barra do Corda - MA,MA,84532.0,1061.0,1.3,817.61,57.6365,3.41123,67.63392
2101707,Barreirinhas - MA,MA,65589.0,423.0,0.6,612.86,26.15325,8.0296,50.93206
2101731,Belágua - MA,MA,8460.0,65.0,0.8,388.46,55.70048,0.09662,29.17875
2101772,Bela Vista do Maranhão - MA,MA,11750.0,75.0,0.6,670.39,90.92211,0.83047,63.48798
2101806,Benedito Leite - MA,MA,5469.0,30.0,0.5,715.98,84.28246,2.05011,72.77905
2101905,Bequimão - MA,MA,19584.0,211.0,1.1,679.09,41.15104,0.17892,21.12719
2101939,Bernardo do Mearim - MA,MA,5840.0,44.0,0.8,728.32,53.85469,2.27399,66.50028
2101970,Boa Vista do Gurupi - MA,MA,7574.0,102.0,1.4,570.27,38.8164,0.46598,77.95899
2102002,Bom Jardim - MA,MA,33100.0,197.0,0.6,545.68,71.47544,6.39803,59.89952
2102036,Bom Jesus das Selvas - MA,MA,28599.0,263.0,0.9,698.74,75.53243,1.7304,67.9453
2102077,Bom Lugar - MA,MA,12212.0,161.0,1.3,638.84,50.75843,8.11798,39.85955
2102101,Brejo - MA,MA,34120.0,319.0,0.9,615.04,30.98299,1.22356,23.7557
2102150,Brejo de Areia - MA,MA,9218.0,76.0,0.8,516.09,73.24165,0.78585,37.72103
2102200,Buriti - MA,MA,29685.0,358.0,1.2,489.45,19.44822,0.07423,27.50216
2102309,Buriti Bravo - MA,MA,22455.0,302.0,1.3,593.63,78.95211,0.48041,65.98107999999999
2102325,Buriticupu - MA,MA,55499.0,668.0,1.2,667.09,67.69692,8.93568,75.08415
2102358,Buritirana - MA,MA,12918.0,101.0,0.8,696.88,81.46259,0.21866,71.13703
2102374,Cachoeira Grande - MA,MA,9732.0,72.0,0.7,389.45,15.2928,0.1119,33.27116
2102408,Cajapió - MA,MA,10121.0,138.0,1.4,507.33,74.34022,0.31797,19.39587
2102507,Cajari - MA,MA,16412.0,193.0,1.2,552.62,31.54677,0.32606,23.924999999999997
2102556,Campestre do Maranhão - MA,MA,12301.0,115.0,0.9,833.52,90.87601,17.39017,91.31791
2102606,Cândido Mendes - MA,MA,19932.0,139.0,0.7,587.02,38.01478,0.1408,46.7265
2102705,Cantanhede - MA,MA,24303.0,220.0,0.9,737.41,54.45479,1.7121,56.98138
2102754,Capinzal do Norte - MA,MA,11374.0,156.0,1.4,780.81,82.84437,0.6147,75.99888
2102804,Carolina - MA,MA,24062.0,267.0,1.1,936.53,72.51312,23.81257,73.56291999999999
2102903,Carutapera - MA,MA,24238.0,384.0,1.6,676.39,34.08351,3.72258,76.56051
2103000,Caxias - MA,MA,156973.0,1501.0,1.0,853.08,77.8354,19.33905,72.0536
2103109,Cedral - MA,MA,10208.0,95.0,0.9,616.29,98.34685,0.84217,40.39302
2103125,Central do Maranhão - MA,MA,7094.0,42.0,0.6,580.82,70.95023,0.181,50.18099
2103158,Centro do Guilherme - MA,MA,12342.0,70.0,0.6,735.27,73.71307,0.63966,58.208960000000005
2103174,Centro Novo do Maranhão - MA,MA,16267.0,137.0,0.8,705.59,27.41792,0.11091,61.93434
2103208,Chapadinha - MA,MA,81386.0,813.0,1.0,741.25,45.93693,0.86768,67.88337
2103257,Cidelândia - MA,MA,12878.0,61.0,0.5,831.99,79.51255,4.3195,69.47394
2103307,Codó - MA,MA,114275.0,1537.0,1.3,725.27,79.12176,13.48315,73.15696
2103406,Coelho Neto - MA,MA,41658.0,387.0,0.9,671.03,86.23699,3.7093,73.85029
2103505,Colinas - MA,MA,40316.0,288.0,0.7,711.68,74.17081,1.46611,60.959779999999995
2103554,Conceição do Lago-Açu - MA,MA,14915.0,115.0,0.8,542.17,78.68453,2.36297,42.48478
2103604,Coroatá - MA,MA,59566.0,701.0,1.2,625.41,73.15369,7.63937,61.06729
2103703,Cururupu - MA,MA,31558.0,276.0,0.9,699.05,75.805,3.26986,65.79602999999999
2103752,Davinópolis - MA,MA,14404.0,134.0,0.9,823.31,93.67338,9.39142,84.80736
2103802,Dom Pedro - MA,MA,23053.0,196.0,0.9,863.58,77.75496,9.22656,74.74332999999999
2103901,Duque Bacelar - MA,MA,10223.0,55.0,0.5,535.56,38.75546,0.61863,42.867540000000005
2104008,Esperantinópolis - MA,MA,18311.0,266.0,1.5,641.75,82.73535,5.06217,66.42984
2104057,Estreito - MA,MA,33294.0,349.0,1.0,1045.87,74.43092,7.9253,77.08817
2104073,Feira Nova do Maranhão - MA,MA,8048.0,81.0,1.0,680.02,41.98873,0.2818,45.97423
2104081,Fernando Falcão - MA,MA,10873.0,86.0,0.8,584.52,72.11394,6.63418,33.58321
2104099,Formosa da Serra Negra - MA,MA,17719.0,153.0,0.9,658.6,44.34477,0.58502,34.59438
2104107,Fortaleza dos Nogueiras - MA,MA,12640.0,140.0,1.1,922.26,55.86879,0.28191,64.01845
2104206,Fortuna - MA,MA,16976.0,165.0,1.0,663.54,88.16199,3.15421,56.639410000000005
2104305,Godofredo Viana - MA,MA,10186.0,82.0,0.8,799.67,83.66242,0.57325,77.42039
2104404,Gonçalves Dias - MA,MA,17206.0,153.0,0.9,761.9,70.23787,1.96666,46.18843
2104503,Governador Archer - MA,MA,10231.0,89.0,0.9,708.84,91.7762,3.16818,
2104552,Governador Edison Lobão - MA,MA,18411.0,179.0,1.0,790.85,84.54561,4.36755,80.83319
2104602,Governador Eugênio Barros - MA,MA,13930.0,97.0,0.7,734.73,89.05496,0.25293,47.36721
2104628,Governador Luiz Rocha - MA,MA,7063.0,76.0,1.1,710.62,94.18764,0.4119,63.11212
2104651,Governador Newton Bello - MA,MA,10713.0,253.0,2.4,619.07,57.69779,2.13828,59.62224
2104677,Governador Nunes Freire - MA,MA,23128.0,309.0,1.3,678.51,64.57931,6.15818,70.69298
2104701,Graça Aranha - MA,MA,6023.0,43.0,0.7,681.18,95.8544,1.11223,45.90496
2104800,Grajaú - MA,MA,73872.0,617.0,0.8,821.45,72.99183,2.34095,69.205
2104909,Guimarães - MA,MA,10290.0,79.0,0.8,740.79,70.30717,0.39818,50.08532
2105005,Humberto de Campos - MA,MA,25680.0,204.0,0.8,415.69,34.76518,2.57732,41.20848
2105104,Icatu - MA,MA,24794.0,189.0,0.8,439.27,29.46196,3.28319,28.955740000000002
2105153,Igarapé do Meio - MA,MA,13974.0,217.0,1.5,646.04,85.07315,6.14927,61.02157
2105203,Igarapé Grande - MA,MA,10231.0,141.0,1.4,800.72,59.77654,12.35258,82.61949
2105302,Imperatriz - MA,MA,273110.0,3752.0,1.4,1324.19,85.98076,46.60438,96.48385999999999
2105351,Itaipava do Grajaú - MA,MA,13828.0,65.0,0.5,553.45,79.13933,3.69982,52.24351
2105401,Itapecuru Mirim - MA,MA,60440.0,550.0,0.9,658.19,59.22767,12.01398,61.4207
2105427,Itinga do Maranhão - MA,MA,22513.0,286.0,1.3,882.07,85.64777,1.10929,82.0734
2105450,Jatobá - MA,MA,7471.0,21.0,0.3,559.77,62.01754,0.87719,21.71053
2105476,Jenipapo dos Vieiras - MA,MA,17076.0,132.0,0.8,465.99,44.31381,10.32493,18.74733
2105500,João Lisboa - MA,MA,24709.0,319.0,1.3,850.02,82.91372,3.22581,72.64621
2105609,Joselândia - MA,MA,14924.0,81.0,0.5,669.96,47.82803,1.36588,61.66592
2105658,Junco do Maranhão - MA,MA,5146.0,18.0,0.4,569.66,42.69513,1.40093,71.31421
2105708,Lago da Pedra - MA,MA,44403.0,304.0,0.7,819.51,27.58774,3.26482,78.64510000000001
2105807,Lago do Junco - MA,MA,9506.0,56.0,0.6,780.64,51.30708,5.99512,48.170100000000005
2105906,Lago Verde - MA,MA,14769.0,284.0,1.9,665.18,57.05992,1.62564,38.899210000000004
2105922,Lagoa do Mato - MA,MA,10572.0,76.0,0.7,568.19,72.62393,0.47363,43.9217
2105948,Lago dos Rodrigues - MA,MA,8758.0,102.0,1.2,774.33,42.32143,1.14286,69.5
2105963,Lagoa Grande do Maranhão - MA,MA,11411.0,86.0,0.8,589.81,79.97623,0.92097,61.76471
2105989,Lajeado Novo - MA,MA,7057.0,29.0,0.4,765.61,64.6456,1.79334,63.70624
2106003,Lima Campos - MA,MA,11297.0,114.0,1.0,831.6,76.16835,19.26756,67.25882
2106102,Loreto - MA,MA,11597.0,61.0,0.5,747.53,60.56822,0.99906,78.39524999999999
2106201,Luís Domingues - MA,MA,7161.0,36.0,0.5,592.02,40.7565,0.80378,78.15603
2106300,Magalhães de Almeida - MA,MA,13807.0,102.0,0.7,660.15,87.25676,0.94922,61.77029
2106326,Maracaçumé - MA,MA,21149.0,169.0,0.8,546.44,33.7,0.2,87.18333000000001
2106359,Marajá do Sena - MA,MA,7027.0,46.0,0.7,425.87,12.35662,0.20855,23.30553
2106375,Maranhãozinho - MA,MA,13761.0,127.0,0.9,468.04,50.51112,2.52556,71.40709
2106409,Mata Roma - MA,MA,17090.0,141.0,0.8,624.96,42.03623,5.03852,33.06267
2106508,Matinha - MA,MA,22034.0,187.0,0.8,630.66,40.5338,0.36662,38.847339999999996
2106607,Matões - MA,MA,32174.0,225.0,0.7,597.81,81.12926,1.98527,43.505179999999996
2106631,Matões do Norte - MA,MA,17432.0,30.0,0.2,446.05,48.85985,7.40456,45.73406
2106672,Milagres do Maranhão - MA,MA,8818.0,49.0,0.6,433.27,34.7404,,15.956100000000001
2106706,Mirador - MA,MA,21030.0,214.0,1.0,584.89,54.3398,1.37975,50.02407
2106755,Miranda do Norte - MA,MA,23864.0,177.0,0.7,629.09,63.88173,11.47839,84.60956
2106805,Mirinzal - MA,MA,13978.0,191.0,1.4,750.33,64.22423,13.68351,60.229530000000004
2106904,Monção - MA,MA,27751.0,166.0,0.6,555.93,64.60533,1.25691,36.77727
2107001,Montes Altos - MA,MA,9106.0,63.0,0.7,775.51,68.62881,1.38504,56.6482
2107100,Morros - MA,MA,18554.0,254.0,1.4,509.29,32.54198,0.38603,39.00792
2107209,Nina Rodrigues - MA,MA,14176.0,94.0,0.7,535.22,44.55474,1.10607,47.05048
2107258,Nova Colinas - MA,MA,5021.0,39.0,0.8,765.0,57.63747,0.13578,52.206379999999996
2107308,Nova Iorque - MA,MA,4320.0,17.0,0.4,727.08,51.12444,29.08546,
2107357,Nova Olinda do Maranhão - MA,MA,14314.0,123.0,0.9,627.94,35.04771,1.27996,71.16593
2107407,Olho d'Água das Cunhãs - MA,MA,17919.0,208.0,1.2,786.89,62.49118,2.55822,72.33592
2107456,Olinda Nova do Maranhão - MA,MA,13577.0,60.0,0.4,566.55,54.69839,3.38861,51.40592
2107506,Paço do Lumiar - MA,MA,145643.0,1876.0,1.3,1055.14,77.80401,42.37568,85.20058999999999
2107605,Palmeirândia - MA,MA,21059.0,125.0,0.6,522.16,58.14222,2.29335,27.81719
2107704,Paraibano - MA,MA,18274.0,189.0,1.0,735.73,69.9983,4.33452,77.18851000000001
2107803,Parnarama - MA,MA,31250.0,320.0,1.0,609.43,74.82007,23.2536,40.103719999999996
2107902,Passagem Franca - MA,MA,17220.0,90.0,0.5,634.75,83.91239,1.0574,62.42447
2108009,Pastos Bons - MA,MA,18802.0,119.0,0.6,759.03,70.92087,0.2451,67.83964
2108058,Paulino Neves - MA,MA,17056.0,102.0,0.6,560.24,25.14713,0.09054,43.41331
2108108,Paulo Ramos - MA,MA,20341.0,256.0,1.3,668.82,27.69851,1.59476,65.55313000000001
2108207,Pedreiras - MA,MA,37050.0,748.0,2.0,1102.76,84.51181,28.33306,92.03701
2108256,Pedro do Rosário - MA,MA,24320.0,189.0,0.8,507.8,20.28818,0.28818,32.39193
2108306,Penalva - MA,MA,32511.0,323.0,1.0,565.26,40.5559,0.69229,47.74746999999999
2108405,Peri Mirim - MA,MA,11108.0,84.0,0.8,665.56,38.92121,0.47594,29.402430000000003
2108454,Peritoró - MA,MA,20479.0,306.0,1.5,710.01,57.30881,1.04873,62.213620000000006
2108504,Pindaré-Mirim - MA,MA,31429.0,254.0,0.8,786.22,66.57831,20.31598,65.27409
2108603,Pinheiro - MA,MA,84621.0,686.0,0.8,833.75,34.67967,2.81124,63.186080000000004
2108702,Pio XII - MA,MA,21886.0,237.0,1.1,726.65,58.52011,8.50476,56.647220000000004
2108801,Pirapemas - MA,MA,17714.0,78.0,0.4,629.73,49.5229,0.66794,57.11832
2108900,Poção de Pedras - MA,MA,17161.0,172.0,1.0,810.21,43.69851,13.28659,56.47677
2109007,Porto Franco - MA,MA,23903.0,276.0,1.2,1084.18,85.34648,7.35238,82.04176
2109056,Porto Rico do Maranhão - MA,MA,5954.0,42.0,0.7,671.08,89.74907,0.48051,37.80032
2109106,Presidente Dutra - MA,MA,45155.0,520.0,1.2,1062.56,79.13529,8.8424,84.87448
2109205,Presidente Juscelino - MA,MA,11356.0,59.0,0.5,539.16,35.08383,0.28472,33.31225
2109239,Presidente Médici - MA,MA,4696.0,14.0,0.3,663.31,86.07504,0.8658,76.47907
2109270,Presidente Sarney - MA,MA,17511.0,224.0,1.3,516.19,32.20511,4.25618,46.534259999999996
2109304,Presidente Vargas - MA,MA,10549.0,63.0,0.6,549.26,25.97236,2.76438,45.098040000000005
2109403,Primeira Cruz - MA,MA,13614.0,100.0,0.7,413.0,45.31077,0.33296,24.66704
2109452,Raposa - MA,MA,30839.0,364.0,1.2,872.96,86.14851,7.47791,83.99243
2109502,Riachão - MA,MA,22145.0,245.0,1.1,751.06,58.12456,0.26592,61.59552
2109551,Ribamar Fiquene - MA,MA,7420.0,60.0,0.8,725.47,68.56201,12.23733,66.66667
2109601,Rosário - MA,MA,38475.0,454.0,1.2,675.16,54.34675,5.0066,69.31705000000001
2109700,Sambaíba - MA,MA,5568.0,81.0,1.5,703.14,37.2841,0.47647,59.38058
2109759,Santa Filomena do Maranhão - MA,MA,6697.0,39.0,0.6,602.71,94.90255,0.49975,41.47927
2109809,Santa Helena - MA,MA,41561.0,335.0,0.8,599.67,21.61132,0.40827,61.64943
2109908,Santa Inês - MA,MA,85014.0,1045.0,1.2,979.59,85.4348,26.30365,90.68288000000001
2110005,Santa Luzia - MA,MA,57635.0,335.0,0.6,712.85,67.61547,6.04496,68.02042
2110039,Santa Luzia do Paruá - MA,MA,24307.0,230.0,0.9,793.93,55.3266,0.36445,83.64170999999999
2110104,Santa Quitéria do Maranhão - MA,MA,23957.0,277.0,1.2,509.6,58.58882,2.41873,45.41673
2110203,Santa Rita - MA,MA,37035.0,208.0,0.6,667.41,46.35311,1.01671,57.07718
2110237,Santana do Maranhão - MA,MA,10567.0,81.0,0.8,552.6,80.11518,5.58943,24.72899
2110278,Santo Amaro do Maranhão - MA,MA,13949.0,184.0,1.3,520.09,4.25352,0.25352,32.95775
2110302,Santo Antônio dos Lopes - MA,MA,14304.0,128.0,0.9,717.65,77.79817,13.00459,66.16972
2110401,São Benedito do Rio Preto - MA,MA,18364.0,368.0,2.0,445.33,28.45188,0.49811,47.16079
2110500,São Bento - MA,MA,46395.0,293.0,0.6,536.73,60.17982,0.81506,60.62516
2110609,São Bernardo - MA,MA,26943.0,269.0,1.0,648.46,42.64005,1.15905,45.43465
2110658,São Domingos do Azeitão - MA,MA,7992.0,35.0,0.4,762.98,67.98577,0.35571,84.83771
2110708,São Domingos do Maranhão - MA,MA,34034.0,264.0,0.8,758.81,81.84604,4.0858,58.919109999999996
2110807,São Félix de Balsas - MA,MA,4402.0,55.0,1.3,673.96,37.95053,0.14134,44.947
2110856,São Francisco do Brejão - MA,MA,9051.0,66.0,0.7,766.28,70.84949,0.31724,74.79732
2110906,São Francisco do Maranhão - MA,MA,12064.0,126.0,1.0,595.04,54.64811,0.15756,31.25
2111003,São João Batista - MA,MA,18544.0,282.0,1.5,591.36,43.46942,0.10164,22.0227
2111029,São João do Carú - MA,MA,12251.0,56.0,0.5,554.76,78.5585,1.02533,62.3643
2111052,São João do Paraíso - MA,MA,9904.0,43.0,0.4,773.11,65.13876,0.74836,59.55722
2111078,São João do Soter - MA,MA,16889.0,185.0,1.1,537.27,75.50146,1.75268,35.05356
2111102,São João dos Patos - MA,MA,25020.0,302.0,1.2,851.72,78.25193,1.84961,78.27611
2111201,São José de Ribamar - MA,MA,244579.0,3383.0,1.4,1134.31,75.63166,32.27275,93.7611
2111250,São José dos Basílios - MA,MA,6957.0,49.0,0.7,543.75,91.65085,0.6167,55.45541
2111300,São Luís - MA,MA,1037775.0,15290.0,1.5,1595.48,68.08336,53.64443,96.25462999999999
2111409,São Luís Gonzaga do Maranhão - MA,MA,17818.0,146.0,0.8,635.4,62.3741,18.90288,48.273390000000006
2111508,São Mateus do Maranhão - MA,MA,38829.0,528.0,1.4,753.38,52.22957,9.37003,73.77227
2111532,São Pedro da Água Branca - MA,MA,14338.0,65.0,0.5,728.31,82.64736,2.54065,87.06809
2111573,São Pedro dos Crentes - MA,MA,5783.0,43.0,0.7,726.47,60.26916,6.96314,56.114689999999996
2111607,São Raimundo das Mangabeiras - MA,MA,18672.0,177.0,0.9,850.43,69.03693,3.58992,80.37625
2111631,São Raimundo do Doca Bezerra - MA,MA,5650.0,45.0,0.8,589.9,84.33234,0.17804,69.02078
2111672,São Roberto - MA,MA,4544.0,35.0,0.8,545.37,77.87546,2.85714,68.57142999999999
2111706,São Vicente Ferrer - MA,MA,19498.0,172.0,0.9,605.08,42.65577,0.2723,24.90789
2111722,Satubinha - MA,MA,8784.0,34.0,0.4,634.69,81.91837,1.34694,38.816329999999994
2111748,Senador Alexandre Costa - MA,MA,10207.0,136.0,1.3,661.54,70.46581,,46.81203
2111763,Senador La Rocque - MA,MA,14700.0,195.0,1.3,797.07,84.77742,16.13464,78.21933
2111789,Serrano do Maranhão - MA,MA,10202.0,22.0,0.2,642.91,70.04447,1.42948,1.68361
2111805,Sítio Novo - MA,MA,17074.0,122.0,0.7,668.73,49.47085,2.30902,39.92688
2111904,Sucupira do Norte - MA,MA,10238.0,88.0,0.9,694.83,68.08443,2.43044,57.59514
2111953,Sucupira do Riachão - MA,MA,4985.0,75.0,1.5,658.02,77.71392,0.57471,
2112001,Tasso Fragoso - MA,MA,8862.0,102.0,1.1,889.15,78.46854,26.53525,76.00455000000001
2112100,Timbiras - MA,MA,26484.0,174.0,0.7,538.9,52.11881,3.24752,58.811879999999995
2112209,Timon - MA,MA,174465.0,2556.0,1.5,937.58,91.96295,21.75317,83.19527
2112233,Trizidela do Vale - MA,MA,22484.0,372.0,1.7,801.9,83.42959,20.68207,88.53136
2112274,Tufilândia - MA,MA,5507.0,46.0,0.8,622.31,78.94065,5.48819,40.20421
2112308,Tuntum - MA,MA,36251.0,312.0,0.9,648.84,78.99965,11.98136,66.60513999999999
2112407,Turiaçu - MA,MA,37491.0,441.0,1.2,548.2,36.57344,0.32271,39.86896
2112456,Turilândia - MA,MA,31638.0,356.0,1.1,469.19,31.19368,0.51296,64.36988
2112506,Tutóia - MA,MA,53356.0,610.0,1.1,594.37,58.15925,2.72653,56.80955
2112605,Urbano Santos - MA,MA,32812.0,436.0,1.3,552.47,44.06326,0.7559,47.88929
2112704,Vargem Grande - MA,MA,43261.0,442.0,1.0,616.42,41.31346,5.85313,56.730320000000006
2112803,Viana - MA,MA,51442.0,686.0,1.3,717.55,29.1371,7.42524,56.60162
2112852,Vila Nova dos Martírios - MA,MA,10362.0,48.0,0.5,727.65,75.21135,1.50966,80.19324
2112902,Vitória do Mearim - MA,MA,30805.0,303.0,1.0,641.96,74.53244,1.26109,63.65288
2113009,Vitorino Freire - MA,MA,30845.0,191.0,0.6,754.86,51.8018,1.33088,67.47543
2114007,Zé Doca - MA,MA,40801.0,413.0,1.0,760.1,58.90411,5.05978,74.77235
2200053,Acauã - PI,PI,6420.0,19.0,0.3,611.2,25.49639,0.09025,35.9657
2200103,Agricolândia - PI,PI,4940.0,12.0,0.2,728.51,97.5029,5.57491,81.12659
2200202,Água Branca - PI,PI,17573.0,166.0,0.9,838.94,91.9898,26.03741,97.31291999999999
2200251,Alagoinha do Piauí - PI,PI,6819.0,37.0,0.5,640.87,54.48544,15.8835,60.73787
2200277,Alegrete do Piauí - PI,PI,4634.0,49.0,1.1,652.29,61.00313,0.68966,71.15988
2200301,Alto Longá - PI,PI,13479.0,82.0,0.6,754.37,63.30118,0.94319,48.981770000000004
2200400,Altos - PI,PI,47453.0,596.0,1.3,836.62,63.92038,15.22542,71.26285
2200459,Alvorada do Gurguéia - PI,PI,5322.0,31.0,0.6,644.28,63.83234,0.53892,40.35928
2200509,Amarante - PI,PI,17234.0,239.0,1.4,765.13,79.14177,4.7619,50.33497
2200608,Angical do Piauí - PI,PI,6827.0,36.0,0.5,869.02,85.04482,1.22249,86.51182
2200707,Anísio de Abreu - PI,PI,9407.0,50.0,0.5,740.25,59.63591,1.19272,63.08852
2200806,Antônio Almeida - PI,PI,3152.0,46.0,1.5,906.69,94.03846,18.84615,81.82693
2200905,Aroazes - PI,PI,5369.0,51.0,1.0,732.79,67.47386,4.12768,68.24436
2200954,Aroeiras do Itaim - PI,PI,2690.0,6.0,0.2,705.46,63.93617,0.42553,61.80851
2201002,Arraial - PI,PI,4520.0,27.0,0.6,683.68,90.80235,2.02218,58.12133
2201051,Assunção do Piauí - PI,PI,7452.0,40.0,0.5,499.26,79.63435,2.29592,39.66836
2201101,Avelino Lopes - PI,PI,10866.0,180.0,1.7,678.26,64.53726,0.1911,64.42806
2201150,Baixa Grande do Ribeiro - PI,PI,13272.0,181.0,1.4,816.19,83.49215,15.40046,61.85939
2201176,Barra D'Alcântara - PI,PI,3995.0,18.0,0.4,661.27,96.78742,0.13671,64.66166
2201200,Barras - PI,PI,47938.0,690.0,1.4,741.61,62.77438,0.81883,48.86809
2201309,Barreiras do Piauí - PI,PI,3264.0,26.0,0.8,660.51,68.15035,1.38477,58.06132
2201408,Barro Duro - PI,PI,6640.0,12.0,0.2,740.09,85.02526,2.20487,76.11392000000001
2201507,Batalha - PI,PI,26300.0,212.0,0.8,649.57,64.91773,0.92049,45.33425
2201556,Bela Vista do Piauí - PI,PI,4091.0,5.0,0.1,691.55,96.51257,0.89213,62.449310000000004
2201572,Belém do Piauí - PI,PI,3423.0,24.0,0.7,843.88,60.56587,0.79576,66.04775
2201606,Beneditinos - PI,PI,9929.0,150.0,1.5,652.94,80.54131,23.30484,61.1396
2201705,Bertolínia - PI,PI,5562.0,37.0,0.7,945.82,89.79013,0.17016,70.05105
2201739,Betânia do Piauí - PI,PI,6220.0,24.0,0.4,574.1,,0.04883,36.962889999999994
2201770,Boa Hora - PI,PI,6902.0,31.0,0.4,616.36,88.95293,0.91258,38.23247
2201804,Bocaina - PI,PI,4078.0,14.0,0.3,900.37,94.29296,13.06278,74.00126999999999
2201903,Bom Jesus - PI,PI,28796.0,164.0,0.6,1130.24,86.29741,23.43455,82.88288
2201919,Bom Princípio do Piauí - PI,PI,5636.0,40.0,0.7,544.35,84.77185,0.10995,54.260580000000004
2201929,Bonfim do Piauí - PI,PI,5913.0,25.0,0.4,637.35,15.40785,,29.859009999999998
2201945,Boqueirão do Piauí - PI,PI,6545.0,57.0,0.9,672.54,93.08206,0.57252,67.7958
2201960,Brasileira - PI,PI,8436.0,98.0,1.2,799.36,67.55319,0.74468,83.75886
2201988,Brejo do Piauí - PI,PI,3904.0,28.0,0.7,662.87,58.61071,0.07236,39.29088
2202000,Buriti dos Lopes - PI,PI,19654.0,197.0,1.0,655.04,67.45352,2.55457,73.01536
2202026,Buriti dos Montes - PI,PI,7434.0,77.0,1.0,666.86,84.93441,0.33855,71.81549
2202059,Cabeceiras do Piauí - PI,PI,10212.0,64.0,0.6,623.38,46.66459,12.25062,22.506230000000002
2202075,Cajazeiras do Piauí - PI,PI,3108.0,27.0,0.9,630.48,93.40974,,38.96848
2202083,Cajueiro da Praia - PI,PI,7957.0,72.0,0.9,833.97,3.08,0.16,71.75999999999999
2202091,Caldeirão Grande do Piauí - PI,PI,5503.0,26.0,0.5,710.22,,0.05385,42.70328
2202109,Campinas do Piauí - PI,PI,4938.0,31.0,0.6,685.57,40.99379,4.12196,44.32524
2202117,Campo Alegre do Fidalgo - PI,PI,4616.0,32.0,0.7,636.4,36.63118,1.00188,30.74514
2202133,Campo Grande do Piauí - PI,PI,6020.0,77.0,1.3,686.67,42.00672,6.76908,70.52328
2202174,Campo Largo do Piauí - PI,PI,7419.0,94.0,1.3,525.88,69.26585,0.1368,26.538980000000002
2202208,Campo Maior - PI,PI,45793.0,447.0,1.0,1038.91,84.03513,9.00284,81.09662
2202251,Canavieira - PI,PI,3414.0,79.0,2.3,755.33,70.78153,17.40675,
2202307,Canto do Buriti - PI,PI,19365.0,141.0,0.7,913.41,70.6159,8.92253,64.41275999999999
2202406,Capitão de Campos - PI,PI,11100.0,104.0,0.9,618.65,68.50829,0.77348,70.49723999999999
2202455,Capitão Gervásio Oliveira - PI,PI,3974.0,28.0,0.7,677.47,33.42541,2.62431,39.91713
2202505,Caracol - PI,PI,10318.0,104.0,1.0,643.52,18.75376,0.18061,49.39795
2202539,Caraúbas do Piauí - PI,PI,5630.0,22.0,0.4,554.55,66.89366,0.10477,40.125719999999994
2202554,Caridade do Piauí - PI,PI,5033.0,57.0,1.1,633.05,56.5028,2.80025,55.56938
2202604,Castelo do Piauí - PI,PI,19288.0,128.0,0.7,711.61,67.72769,2.14743,70.40817
2202653,Caxingó - PI,PI,5496.0,61.0,1.1,577.3,79.29864,0.62217,
2202703,Cocal - PI,PI,28212.0,340.0,1.2,594.08,52.30907,0.64855,45.57755
2202711,Cocal de Telha - PI,PI,4911.0,46.0,0.9,716.92,82.41358,1.09157,60.70346
2202729,Cocal dos Alves - PI,PI,6386.0,103.0,1.6,567.23,67.6937,0.27186,30.94699
2202737,Coivaras - PI,PI,4117.0,37.0,0.9,658.23,57.49806,0.2331,50.34965
2202752,Colônia do Gurguéia - PI,PI,6150.0,68.0,1.1,843.92,82.54968,1.06641,83.6161
2202778,Colônia do Piauí - PI,PI,6994.0,125.0,1.8,716.44,80.45685,1.73435,52.36887
2202802,Conceição do Canindé - PI,PI,4932.0,40.0,0.8,776.18,69.79472,2.05279,59.29619
2202851,Coronel José Dias - PI,PI,4250.0,22.0,0.5,724.86,30.50505,,
2202901,Corrente - PI,PI,27278.0,285.0,1.0,946.37,75.57448,12.64435,64.1899
2203008,Cristalândia do Piauí - PI,PI,7356.0,22.0,0.3,684.39,16.2538,1.65146,46.936119999999995
2203107,Cristino Castro - PI,PI,10503.0,32.0,0.3,857.08,75.80352,4.30564,70.64887999999999
2203206,Curimatá - PI,PI,11270.0,29.0,0.3,693.11,68.74314,0.98793,66.46543
2203230,Currais - PI,PI,4854.0,17.0,0.3,664.97,84.82759,2.0,38.068960000000004
2203255,Curralinhos - PI,PI,4413.0,32.0,0.7,744.99,88.96697,,
2203271,Curral Novo do Piauí - PI,PI,5073.0,32.0,0.6,567.11,28.50794,0.06349,47.238099999999996
2203305,Demerval Lobão - PI,PI,16352.0,161.0,1.0,862.34,87.21612,19.72527,82.74726
2203354,Dirceu Arcoverde - PI,PI,7054.0,42.0,0.6,799.6,30.34452,0.83922,39.26679
2203404,Dom Expedito Lopes - PI,PI,6320.0,101.0,1.6,918.12,89.26174,0.71588,95.43624
2203420,Domingos Mourão - PI,PI,4075.0,50.0,1.2,591.0,50.98634,0.68285,45.22003
2203453,Dom Inocêncio - PI,PI,9159.0,65.0,0.7,748.74,15.39188,0.03148,32.20019
2203503,Elesbão Veloso - PI,PI,13607.0,182.0,1.3,794.04,80.04578,10.96546,73.26259
2203602,Eliseu Martins - PI,PI,4377.0,33.0,0.8,886.51,92.63364,2.93351,76.85789
2203701,Esperantina - PI,PI,40970.0,522.0,1.3,826.99,78.53446,4.0051,63.196580000000004
2203750,Fartura do Piauí - PI,PI,5284.0,65.0,1.2,575.61,23.35055,0.28686,25.53069
2203800,Flores do Piauí - PI,PI,4414.0,13.0,0.3,629.95,79.64263,0.44671,67.13466000000001
2203859,Floresta do Piauí - PI,PI,2333.0,28.0,1.2,727.11,88.28306,3.13225,
2203909,Floriano - PI,PI,62036.0,673.0,1.1,1223.01,88.40552,23.41817,89.23165
2204006,Francinópolis - PI,PI,4505.0,50.0,1.1,679.25,83.38405,0.36519,76.50639
2204105,Francisco Ayres - PI,PI,4412.0,32.0,0.7,701.6,93.62681,0.26281,49.080149999999996
2204154,Francisco Macedo - PI,PI,2929.0,,,693.49,53.23529,0.09804,50.490199999999994
2204204,Francisco Santos - PI,PI,8237.0,120.0,1.5,882.67,60.74225,4.90296,59.65271
2204303,Fronteiras - PI,PI,10259.0,76.0,0.7,790.71,68.41808,39.35028,70.50847
2204352,Geminiano - PI,PI,5445.0,40.0,0.7,667.92,86.95652,0.31056,84.16149
2204402,Gilbués - PI,PI,10892.0,72.0,0.7,747.26,66.49867,0.5633,65.07560000000001
2204501,Guadalupe - PI,PI,10270.0,80.0,0.8,1002.95,91.15707,56.47482,90.3777
2204550,Guaribas - PI,PI,4276.0,30.0,0.7,511.07,55.52171,0.38081,32.140139999999995
2204600,Hugo Napoleão - PI,PI,3518.0,58.0,1.7,795.13,88.28981,4.12805,93.93428999999999
2204659,Ilha Grande - PI,PI,9274.0,150.0,1.6,675.74,87.94096,21.92225,89.30886
2204709,Inhuma - PI,PI,14958.0,117.0,0.8,822.11,91.65071,1.12984,79.49061
2204808,Ipiranga do Piauí - PI,PI,9420.0,85.0,0.9,708.73,87.92117,16.78322,66.3382
2204907,Isaías Coelho - PI,PI,7774.0,80.0,1.0,606.85,45.785,19.5669,36.38824
2205003,Itainópolis - PI,PI,10790.0,92.0,0.8,783.42,62.08555,7.92205,42.14123
2205102,Itaueira - PI,PI,10323.0,83.0,0.8,828.9,59.35887,2.41782,60.77152
2205151,Jacobina do Piauí - PI,PI,5613.0,10.0,0.2,800.2,44.94382,0.05107,47.344229999999996
2205201,Jaicós - PI,PI,17527.0,150.0,0.9,728.46,39.01108,6.69754,56.24277
2205250,Jardim do Mulato - PI,PI,4180.0,14.0,0.3,698.08,94.47939,1.81691,
2205276,Jatobá do Piauí - PI,PI,4494.0,56.0,1.2,724.37,61.83051,0.61017,35.186440000000005
2205300,Jerumenha - PI,PI,4497.0,44.0,1.0,958.54,76.7582,2.27729,64.76892
2205359,João Costa - PI,PI,2970.0,18.0,0.6,613.26,77.96781,5.23139,32.39437
2205409,Joaquim Pires - PI,PI,13886.0,89.0,0.6,613.19,72.66979,9.22717,37.96253
2205458,Joca Marques - PI,PI,5394.0,25.0,0.5,545.86,69.67465,0.12277,36.03437
2205508,José de Freitas - PI,PI,42559.0,612.0,1.4,709.87,65.31151,12.58863,63.95384
2205516,Juazeiro do Piauí - PI,PI,5214.0,48.0,0.9,798.22,74.19537,0.05647,46.24506
2205524,Júlio Borges - PI,PI,5388.0,33.0,0.6,611.82,56.07038,,47.85924
2205532,Jurema - PI,PI,4425.0,12.0,0.3,570.59,44.55381,0.26247,42.847770000000004
2205540,Lagoinha do Piauí - PI,PI,2939.0,24.0,0.8,646.62,97.62611,1.58259,88.13057
2205557,Lagoa Alegre - PI,PI,8256.0,52.0,0.6,735.09,40.62377,7.06672,36.202130000000004
2205565,Lagoa do Barro do Piauí - PI,PI,4995.0,39.0,0.8,791.53,28.4217,3.02096,35.38841
2205573,Lagoa de São Francisco - PI,PI,6331.0,41.0,0.6,610.03,69.43888,0.4008,31.61322
2205581,Lagoa do Piauí - PI,PI,4810.0,28.0,0.6,781.88,86.61219,1.82275,63.7335
2205599,Lagoa do Sítio - PI,PI,4520.0,50.0,1.1,692.81,89.75332,0.75901,52.308659999999996
2205607,Landri Sales - PI,PI,5213.0,99.0,1.9,766.24,84.89409,4.57079,83.27759
2205706,Luís Correia - PI,PI,30641.0,226.0,0.7,694.72,49.217,0.82028,52.32769
2205805,Luzilândia - PI,PI,25375.0,299.0,1.2,648.33,60.38023,1.8251,63.09252
2205854,Madeiro - PI,PI,8032.0,36.0,0.4,617.37,68.3908,0.44209,46.949600000000004
2205904,Manoel Emídio - PI,PI,5209.0,32.0,0.6,790.65,74.26258,0.69404,68.76807000000001
2205953,Marcolândia - PI,PI,8533.0,52.0,0.6,723.89,0.24805,0.14174,87.88094
2206001,Marcos Parente - PI,PI,4724.0,59.0,1.2,822.41,93.78641,12.42718,87.89644
2206050,Massapê do Piauí - PI,PI,5218.0,21.0,0.4,569.05,32.6062,8.03674,27.669349999999998
2206100,Matias Olímpio - PI,PI,10641.0,121.0,1.1,625.81,62.86696,1.21799,41.66146
2206209,Miguel Alves - PI,PI,32150.0,248.0,0.8,561.01,51.91976,2.90121,32.86238
2206308,Miguel Leão - PI,PI,1318.0,8.0,0.6,694.67,66.00985,1.23153,
2206357,Milton Brandão - PI,PI,6542.0,66.0,1.0,548.51,58.98036,0.04677,37.65201
2206407,Monsenhor Gil - PI,PI,10255.0,85.0,0.8,799.67,81.05263,3.55619,62.446659999999994
2206506,Monsenhor Hipólito - PI,PI,7577.0,57.0,0.8,748.47,51.74353,9.26134,67.60405
2206605,Monte Alegre do Piauí - PI,PI,10660.0,35.0,0.3,587.18,76.41308,0.48885,42.52979
2206654,Morro Cabeça no Tempo - PI,PI,4377.0,95.0,2.2,579.63,12.14545,,42.47273
2206670,Morro do Chapéu do Piauí - PI,PI,6425.0,65.0,1.0,591.58,77.04524,0.72185,44.46583
2206696,Murici dos Portelas - PI,PI,9797.0,245.0,2.5,586.54,55.38618,9.99322,42.10705
2206704,Nazaré do Piauí - PI,PI,6665.0,58.0,0.9,722.03,83.60515,0.34335,54.206010000000006
2206720,Nazária - PI,PI,10262.0,148.0,1.4,634.76,73.48066,1.04359,45.365260000000006
2206753,Nossa Senhora de Nazaré - PI,PI,5228.0,43.0,0.8,759.01,57.76869,0.5257,45.911210000000004
2206803,Nossa Senhora dos Remédios - PI,PI,8525.0,26.0,0.3,607.6,55.59043,0.54923,35.033350000000006
2206902,Novo Oriente do Piauí - PI,PI,6097.0,30.0,0.5,724.29,94.23503,0.04435,58.58093
2206951,Novo Santo Antônio - PI,PI,2827.0,13.0,0.5,664.96,61.59204,2.68657,39.60199
2207009,Oeiras - PI,PI,38161.0,408.0,1.1,986.29,88.62306,35.98252,73.02423
2207108,Olho D'Água do Piauí - PI,PI,2637.0,20.0,0.8,688.37,64.7651,0.67114,61.29754
2207207,Padre Marcos - PI,PI,6382.0,60.0,0.9,711.16,56.82688,0.68056,56.188860000000005
2207306,Paes Landim - PI,PI,4088.0,19.0,0.5,709.55,78.56615,4.06504,62.15817
2207355,Pajeú do Piauí - PI,PI,3000.0,2.0,0.1,907.28,63.53692,1.732,
2207405,Palmeira do Piauí - PI,PI,4952.0,33.0,0.7,749.81,73.87781,0.12469,38.154610000000005
2207504,Palmeirais - PI,PI,13264.0,137.0,1.0,746.07,81.07542,1.21043,49.0689
2207553,Paquetá - PI,PI,3813.0,54.0,1.4,640.94,52.94118,0.387,70.04644
2207603,Parnaguá - PI,PI,10103.0,51.0,0.5,668.53,57.48187,2.76862,46.9677
2207702,Parnaíba - PI,PI,162159.0,2231.0,1.4,1121.72,91.84643,31.21363,94.43625
2207751,Passagem Franca do Piauí - PI,PI,4135.0,47.0,1.1,776.48,80.95238,36.3711,61.24794
2207777,Patos do Piauí - PI,PI,5425.0,29.0,0.5,610.9,56.33735,8.91566,45.54217
2207793,Pau D'Arco do Piauí - PI,PI,3880.0,43.0,1.1,539.48,58.53099,4.97322,22.87682
2207801,Paulistana - PI,PI,21055.0,188.0,0.9,853.62,64.33069,3.21653,65.26143
2207850,Pavussu - PI,PI,3628.0,27.0,0.7,612.34,73.61111,1.77469,51.77469
2207900,Pedro II - PI,PI,37894.0,509.0,1.3,726.92,65.29838,2.242,70.7303
2207934,Pedro Laurentino - PI,PI,2458.0,13.0,0.5,630.74,69.82759,0.24631,
2207959,Nova Santa Rita - PI,PI,4076.0,29.0,0.7,581.67,62.31778,0.14577,31.414
2208007,Picos - PI,PI,83090.0,1053.0,1.3,1207.78,87.22349,51.25511,96.32133
2208106,Pimenteiras - PI,PI,11341.0,135.0,1.2,696.28,79.81391,0.23262,47.73843
2208205,Pio IX - PI,PI,17613.0,144.0,0.8,696.71,36.52174,13.0927,57.24365
2208304,Piracuruca - PI,PI,28846.0,460.0,1.6,817.75,68.26712,4.8912,77.1112
2208403,Piripiri - PI,PI,65538.0,648.0,1.0,943.13,80.63358,14.27848,85.13215000000001
2208502,Porto - PI,PI,12052.0,79.0,0.7,562.71,63.94901,28.60955,60.77676
2208551,Porto Alegre do Piauí - PI,PI,2364.0,17.0,0.7,768.43,70.83333,37.89062,
2208601,Prata do Piauí - PI,PI,3042.0,14.0,0.4,756.31,89.18423,0.09166,
2208650,Queimada Nova - PI,PI,8738.0,128.0,1.5,691.98,25.74601,0.24289,33.34489
2208700,Redenção do Gurguéia - PI,PI,8394.0,52.0,0.6,697.28,92.84881,0.7773,55.03304
2208809,Regeneração - PI,PI,17133.0,81.0,0.5,691.08,61.22377,3.45618,75.80673
2208858,Riacho Frio - PI,PI,4165.0,10.0,0.2,613.04,63.46749,1.16099,55.57275
2208874,Ribeira do Piauí - PI,PI,4055.0,15.0,0.4,710.23,63.01075,0.50179,63.369170000000004
2208908,Ribeiro Gonçalves - PI,PI,6164.0,49.0,0.8,822.23,75.0268,35.10182,69.45338
2209005,Rio Grande do Piauí - PI,PI,5801.0,39.0,0.7,770.9,92.00946,0.18913,62.97873
2209104,Santa Cruz do Piauí - PI,PI,5831.0,43.0,0.7,778.5,69.77688,3.44828,74.69574
2209153,Santa Cruz dos Milagres - PI,PI,3435.0,19.0,0.6,635.96,87.46825,1.10076,79.93226
2209203,Santa Filomena - PI,PI,6087.0,46.0,0.8,791.19,44.94812,6.00765,64.2272
2209302,Santa Luz - PI,PI,5336.0,54.0,1.0,703.92,77.24621,0.4084,75.02917000000001
2209351,Santana do Piauí - PI,PI,4125.0,16.0,0.4,756.73,97.85714,4.21429,91.57143
2209377,Santa Rosa do Piauí - PI,PI,4650.0,29.0,0.6,716.12,92.9669,,76.77305
2209401,Santo Antônio de Lisboa - PI,PI,5839.0,71.0,1.2,764.21,86.18547,1.76864,81.26195
2209450,Santo Antônio dos Milagres - PI,PI,2138.0,17.0,0.8,593.44,59.24092,1.81518,61.55116
2209500,Santo Inácio do Piauí - PI,PI,3646.0,25.0,0.7,761.49,76.8192,3.75094,
2209559,São Braz do Piauí - PI,PI,4358.0,37.0,0.9,707.43,1.51415,0.1975,53.12705
2209609,São Félix do Piauí - PI,PI,2842.0,18.0,0.6,899.57,72.69193,0.19436,83.18755999999999
2209658,São Francisco de Assis do Piauí - PI,PI,5572.0,40.0,0.7,564.56,43.28912,0.1061,36.65782
2209708,São Francisco do Piauí - PI,PI,5392.0,17.0,0.3,677.67,78.00192,2.64169,52.78579
2209757,São Gonçalo do Gurguéia - PI,PI,2947.0,62.0,2.1,669.94,86.43703,1.18407,47.362750000000005
2209807,São Gonçalo do Piauí - PI,PI,4837.0,29.0,0.6,761.61,94.45153,0.76531,
2209856,São João da Canabrava - PI,PI,4242.0,43.0,1.0,801.84,94.50479,0.83067,59.68051
2209872,São João da Fronteira - PI,PI,5522.0,41.0,0.7,592.16,47.02128,17.28723,60.79787
2209906,São João da Serra - PI,PI,6114.0,55.0,0.9,704.34,56.85912,3.09469,67.62124
2209955,São João da Varjota - PI,PI,4383.0,52.0,1.2,606.44,94.28571,0.34014,35.30612
2209971,São João do Arraial - PI,PI,8186.0,92.0,1.1,562.84,92.34412,0.51302,50.3157
2210003,São João do Piauí - PI,PI,21421.0,191.0,0.9,938.51,85.72226,6.05722,77.41801
2210052,São José do Divino - PI,PI,4841.0,69.0,1.4,675.53,70.58119,2.45656,86.45895999999999
2210102,São José do Peixe - PI,PI,3297.0,39.0,1.2,840.15,67.81708,,70.57809
2210201,São José do Piauí - PI,PI,6597.0,42.0,0.6,717.8,95.45256,0.3498,83.03454
2210300,São Julião - PI,PI,6025.0,43.0,0.7,844.95,76.81093,1.77677,75.44419
2210359,São Lourenço do Piauí - PI,PI,4410.0,12.0,0.3,792.54,32.07801,0.4035,33.153999999999996
2210375,São Luis do Piauí - PI,PI,2309.0,11.0,0.5,627.35,98.55769,0.60096,58.41347
2210383,São Miguel da Baixa Grande - PI,PI,2269.0,8.0,0.3,668.78,84.2627,8.6741,66.54275000000001
2210391,São Miguel do Fidalgo - PI,PI,2829.0,39.0,1.4,686.11,70.24705,6.76692,56.17615
2210409,São Miguel do Tapuio - PI,PI,17554.0,136.0,0.8,649.54,75.31176,5.12302,55.94877
2210508,São Pedro do Piauí - PI,PI,13755.0,196.0,1.4,706.19,86.81818,0.56818,80.52273
2210607,São Raimundo Nonato - PI,PI,38934.0,357.0,0.9,1068.24,69.21552,10.84089,69.28413
2210623,Sebastião Barros - PI,PI,3202.0,38.0,1.2,634.49,43.78819,0.20367,
2210631,Sebastião Leal - PI,PI,4446.0,25.0,0.6,814.19,77.68538,1.7325,50.93555
2210656,Sigefredo Pacheco - PI,PI,9460.0,81.0,0.9,659.91,61.26955,0.18399,57.28304
2210706,Simões - PI,PI,14350.0,84.0,0.6,698.6,48.09461,32.89531,54.94962
2210805,Simplício Mendes - PI,PI,13870.0,149.0,1.1,856.73,83.31199,14.83141,72.47119
2210904,Socorro do Piauí - PI,PI,4141.0,23.0,0.6,569.04,69.60717,2.27429,55.410070000000005
2210938,Sussuapara - PI,PI,6220.0,59.0,1.0,798.91,87.79043,1.4123,91.66287000000001
2210953,Tamboril do Piauí - PI,PI,2949.0,19.0,0.6,671.89,82.28856,0.0995,47.16417
2210979,Tanque do Piauí - PI,PI,2316.0,27.0,1.2,955.24,91.14943,0.11494,75.17241
2211001,Teresina - PI,PI,866300.0,14453.0,1.7,1559.89,94.14575,40.17443,95.99403
2211100,União - PI,PI,46119.0,406.0,0.9,727.69,56.85409,31.28826,50.42704
2211209,Uruçuí - PI,PI,25203.0,215.0,0.9,1041.2,87.76018,9.55622,77.96831999999999
2211308,Valença do Piauí - PI,PI,22279.0,170.0,0.8,1059.55,91.68446,1.97211,82.74086
2211357,Várzea Branca - PI,PI,5055.0,47.0,0.9,610.54,21.96741,0.66385,28.00241
2211407,Várzea Grande - PI,PI,4417.0,19.0,0.4,839.8,83.24159,0.42813,72.78286999999999
2211506,Vera Mendes - PI,PI,3185.0,12.0,0.4,599.07,69.53317,1.4742,46.51925
2211605,Vila Nova do Piauí - PI,PI,2935.0,23.0,0.8,738.02,37.69442,0.36597,59.19487
2211704,Wall Ferraz - PI,PI,4059.0,17.0,0.4,601.14,80.0576,7.34341,46.65227
2300101,Abaiara - CE,CE,10038.0,71.0,0.7,677.33,52.07439,3.00429,50.9299
2300150,Acarape - CE,CE,14027.0,299.0,2.1,674.46,86.39333,32.28205,90.6961
2300200,Acaraú - CE,CE,65264.0,676.0,1.0,694.7,67.63064,8.30828,70.24576
2300309,Acopiara - CE,CE,44962.0,517.0,1.1,758.47,64.51397,28.71082,62.782039999999995
2300408,Aiuaba - CE,CE,14076.0,117.0,0.8,659.88,60.87751,17.02214,59.435309999999994
2300507,Alcântaras - CE,CE,11369.0,99.0,0.9,753.79,47.91005,22.08995,81.19047
2300606,Altaneira - CE,CE,6782.0,54.0,0.8,699.36,92.35412,16.7002,91.18712000000001
2300705,Alto Santo - CE,CE,14155.0,142.0,1.0,803.58,79.92759,23.65245,69.46903
2300754,Amontada - CE,CE,42156.0,549.0,1.3,582.24,48.8511,7.91383,49.07029
2300804,Antonina do Norte - CE,CE,7245.0,56.0,0.8,793.02,85.81342,47.49422,83.73169
2300903,Apuiarés - CE,CE,12928.0,114.0,0.9,627.92,78.67194,10.90589,72.82322
2301000,Aquiraz - CE,CE,80645.0,1480.0,1.8,930.64,26.37212,14.87621,90.23027
2301109,Aracati - CE,CE,75113.0,979.0,1.3,904.09,78.90469,26.49116,88.48961999999999
2301208,Aracoiaba - CE,CE,25553.0,347.0,1.4,718.73,71.13994,7.53071,87.08529
2301257,Ararendá - CE,CE,11096.0,182.0,1.6,623.37,88.25758,0.50505,58.40909
2301307,Araripe - CE,CE,19783.0,200.0,1.0,545.54,61.08805,23.27305,63.93418
2301406,Aratuba - CE,CE,11224.0,110.0,1.0,732.99,30.67896,19.41883,64.62699
2301505,Arneiroz - CE,CE,7429.0,68.0,0.9,732.65,64.79415,18.08388,63.678340000000006
2301604,Assaré - CE,CE,21697.0,116.0,0.5,720.44,64.19626,11.96901,69.25758
2301703,Aurora - CE,CE,23714.0,200.0,0.8,714.57,57.68226,12.45547,58.29969
2301802,Baixio - CE,CE,5704.0,57.0,1.0,660.22,74.24167,13.22725,67.87667
2301851,Banabuiú - CE,CE,17195.0,195.0,1.1,740.46,85.46106,32.60519,58.47806
2301901,Barbalha - CE,CE,75033.0,1131.0,1.5,1005.61,70.03976,20.38356,88.8576
2301950,Barreira - CE,CE,22392.0,568.0,2.5,713.88,59.44268,15.21395,80.13735
2302008,Barro - CE,CE,19381.0,232.0,1.2,729.66,66.81543,16.02361,70.16987999999999
2302057,Barroquinha - CE,CE,14567.0,155.0,1.1,509.21,70.17876,14.91062,71.01998
2302107,Baturité - CE,CE,35218.0,572.0,1.6,773.07,72.33755,43.32489,84.07595
2302206,Beberibe - CE,CE,53114.0,903.0,1.7,759.16,27.79026,9.34743,75.31094
2302305,Bela Cruz - CE,CE,32775.0,333.0,1.0,621.73,63.76601,22.99028,53.24735
2302404,Boa Viagem - CE,CE,50411.0,734.0,1.5,714.71,71.38116,42.86188,62.10521
2302503,Brejo Santo - CE,CE,51090.0,447.0,0.9,873.09,82.36261,59.62306,79.92602
2302602,Camocim - CE,CE,62326.0,1012.0,1.6,731.25,85.4716,43.2808,76.91854000000001
2302701,Campos Sales - CE,CE,25135.0,245.0,1.0,748.63,75.16719,28.85644,78.06509
2302800,Canindé - CE,CE,74174.0,938.0,1.3,816.43,65.42189,26.46861,68.30571
2302909,Capistrano - CE,CE,17254.0,175.0,1.0,612.32,53.41562,8.21779,64.62630999999999
2303006,Caridade - CE,CE,16377.0,255.0,1.6,655.3,74.89727,3.88495,74.84124
2303105,Cariré - CE,CE,17632.0,208.0,1.2,608.07,90.15806,26.20173,78.54
2303204,Caririaçu - CE,CE,26320.0,381.0,1.4,627.49,66.7007,5.45723,63.00204
2303303,Cariús - CE,CE,17015.0,139.0,0.8,681.18,58.74404,4.03816,72.20986
2303402,Carnaubal - CE,CE,17210.0,158.0,0.9,654.73,85.47711,1.1884,89.51415
2303501,Cascavel - CE,CE,72720.0,1303.0,1.8,873.81,51.30404,4.3468,83.86153
2303600,Catarina - CE,CE,10243.0,106.0,1.0,715.33,69.15913,29.96439,67.18707
2303659,Catunda - CE,CE,10444.0,110.0,1.1,659.33,72.46503,18.38578,64.42308
2303709,Caucaia - CE,CE,355679.0,5645.0,1.6,947.97,80.20519,47.36301,93.47549
2303808,Cedro - CE,CE,22344.0,316.0,1.4,857.12,86.05573,14.24149,68.09907
2303907,Chaval - CE,CE,12462.0,163.0,1.3,672.47,74.09485,0.33146,77.74094
2303931,Choró - CE,CE,12113.0,165.0,1.4,549.53,47.21041,5.52915,27.77083
2303956,Chorozinho - CE,CE,20163.0,290.0,1.4,723.23,57.27285,0.71399,80.0784
2304004,Coreaú - CE,CE,20953.0,298.0,1.4,656.99,81.0411,17.97753,68.32598
2304103,Crateús - CE,CE,76390.0,773.0,1.0,920.1,78.50216,50.48859,80.54501
2304202,Crato - CE,CE,131050.0,1895.0,1.4,1060.11,89.397,43.32437,91.53553
2304236,Croatá - CE,CE,17481.0,126.0,0.7,576.04,95.9692,15.8119,90.2507
2304251,Cruz - CE,CE,29761.0,323.0,1.1,834.25,83.42349,2.36669,75.64721999999999
2304269,Deputado Irapuan Pinheiro - CE,CE,8932.0,46.0,0.5,606.51,71.35167,1.49522,61.96172000000001
2304277,Ereré - CE,CE,6474.0,47.0,0.7,705.28,72.46441,2.09075,66.45907
2304285,Eusébio - CE,CE,74170.0,911.0,1.2,2512.7,78.17168,34.8337,99.5021
2304301,Farias Brito - CE,CE,18217.0,230.0,1.3,691.36,75.88089,14.98285,79.73184
2304350,Forquilha - CE,CE,24173.0,385.0,1.6,727.41,93.24858,64.37917,85.50976
2304400,Fortaleza - CE,CE,2428708.0,43615.0,1.8,1668.98,90.73615,71.71504,99.61576000000001
2304459,Fortim - CE,CE,17294.0,199.0,1.2,900.17,58.30246,2.72819,89.10408
2304509,Frecheirinha - CE,CE,15657.0,210.0,1.3,822.31,76.93727,17.98893,79.39114000000001
2304608,General Sampaio - CE,CE,6734.0,46.0,0.7,634.44,85.90971,13.36069,69.81304
2304657,Graça - CE,CE,13801.0,141.0,1.0,574.75,63.86589,8.25745,60.94784
2304707,Granja - CE,CE,53344.0,559.0,1.0,564.83,54.84437,9.09197,49.842029999999994
2304806,Granjeiro - CE,CE,4841.0,39.0,0.8,693.39,80.38961,23.44156,69.61039
2304905,Groaíras - CE,CE,10910.0,135.0,1.2,753.78,93.16538,40.33425,81.09255
2304954,Guaiúba - CE,CE,24325.0,301.0,1.2,601.44,87.05685,18.12556,91.37553
2305001,Guaraciaba do Norte - CE,CE,42053.0,552.0,1.3,716.54,89.59538,12.44998,86.62368
2305100,Guaramiranga - CE,CE,5654.0,52.0,0.9,748.44,35.17745,16.85804,92.06680999999999
2305209,Hidrolândia - CE,CE,17855.0,188.0,1.1,659.36,65.31546,3.75394,68.92745
2305233,Horizonte - CE,CE,74755.0,659.0,0.9,762.19,75.01464,24.71594,97.63383
2305266,Ibaretama - CE,CE,11956.0,77.0,0.6,624.16,54.88684,3.73042,48.91818
2305308,Ibiapina - CE,CE,23965.0,375.0,1.6,692.97,58.55913,5.72297,89.13649000000001
2305332,Ibicuitinga - CE,CE,11611.0,134.0,1.2,627.47,77.17231,24.42317,74.49681
2305357,Icapuí - CE,CE,21433.0,222.0,1.0,824.14,85.53713,1.67201,95.16511
2305407,Icó - CE,CE,62642.0,813.0,1.3,706.4,73.455,33.85456,63.51755
2305506,Iguatu - CE,CE,98064.0,1412.0,1.4,1009.72,86.37352,34.2822,87.79253
2305605,Independência - CE,CE,24024.0,209.0,0.9,705.5,59.60312,31.45523,47.89747
2305654,Ipaporanga - CE,CE,11575.0,175.0,1.5,648.09,72.67225,2.23464,76.21043
2305704,Ipaumirim - CE,CE,12083.0,144.0,1.2,744.84,69.30255,29.49411,72.93713
2305803,Ipu - CE,CE,41081.0,585.0,1.4,735.8,71.35989,16.07463,83.04988
2305902,Ipueiras - CE,CE,36798.0,469.0,1.3,625.83,88.85962,16.92887,59.19458
2306009,Iracema - CE,CE,14001.0,111.0,0.8,850.77,87.25756,30.51095,82.16892
2306108,Irauçuba - CE,CE,23915.0,217.0,0.9,584.86,74.82947,33.28786,77.77627
2306207,Itaiçaba - CE,CE,7536.0,39.0,0.5,772.01,82.06676,0.6392,96.91050999999999
2306256,Itaitinga - CE,CE,64650.0,1187.0,1.8,1008.7,95.05686,8.83618,98.26862
2306306,Itapajé - CE,CE,46426.0,634.0,1.4,687.35,76.73556,30.4882,86.61462
2306405,Itapipoca - CE,CE,131123.0,1125.0,0.9,720.4,68.47207,31.91274,71.34852000000001
2306504,Itapiúna - CE,CE,17841.0,382.0,2.1,597.58,63.40147,5.77269,62.46933
2306553,Itarema - CE,CE,42957.0,590.0,1.4,642.63,56.77011,7.68103,61.79559
2306603,Itatira - CE,CE,20424.0,362.0,1.8,602.54,51.48026,16.53708,53.439
2306702,Jaguaretama - CE,CE,17232.0,270.0,1.6,744.65,71.80165,6.52893,54.38017
2306801,Jaguaribara - CE,CE,10356.0,118.0,1.1,892.83,92.56174,62.57066,85.00447000000001
2306900,Jaguaribe - CE,CE,33726.0,457.0,1.4,882.89,90.17663,62.38406,72.15905000000001
2307007,Jaguaruana - CE,CE,31701.0,558.0,1.8,789.66,81.64762,13.43169,92.04333000000001
2307106,Jardim - CE,CE,27411.0,386.0,1.4,726.42,46.88393,31.25214,56.226420000000005
2307205,Jati - CE,CE,7861.0,122.0,1.5,727.11,71.98473,28.66412,83.0916
2307254,Jijoca de Jericoacoara - CE,CE,25555.0,500.0,2.0,968.32,79.26094,19.63616,83.92268
2307304,Juazeiro do Norte - CE,CE,286120.0,4049.0,1.4,1021.94,94.16337,41.32259,97.37433999999999
2307403,Jucás - CE,CE,23922.0,261.0,1.1,694.23,79.70574,22.92072,76.32539
2307502,Lavras da Mangabeira - CE,CE,30802.0,252.0,0.8,677.99,69.62871,30.45719,65.19997000000001
2307601,Limoeiro do Norte - CE,CE,59560.0,705.0,1.2,1128.21,91.42137,36.16644,94.26692
2307635,Madalena - CE,CE,16896.0,275.0,1.6,656.35,60.84241,13.11797,69.14153999999999
2307650,Maracanaú - CE,CE,234509.0,3793.0,1.6,910.74,96.94634,53.52746,98.76247000000001
2307700,Maranguape - CE,CE,105093.0,1581.0,1.5,833.02,87.83437,31.88844,94.50750000000001
2307809,Marco - CE,CE,25799.0,373.0,1.4,584.74,80.18172,11.86463,83.75033
2307908,Martinópole - CE,CE,10846.0,126.0,1.2,622.75,72.63386,4.65116,68.68578000000001
2308005,Massapê - CE,CE,37697.0,310.0,0.8,652.16,76.81394,29.5906,81.49980000000001
2308104,Mauriti - CE,CE,45561.0,490.0,1.1,667.97,64.66752,12.16298,68.37894
2308203,Meruoca - CE,CE,15157.0,121.0,0.8,752.71,58.00166,7.89801,83.12604
2308302,Milagres - CE,CE,25900.0,210.0,0.8,740.97,60.43404,27.68704,60.38835
2308351,Milhã - CE,CE,14123.0,143.0,1.0,827.51,56.45923,23.39056,60.06438
2308377,Miraíma - CE,CE,14196.0,128.0,0.9,453.17,71.30782,3.66283,71.11999
2308401,Missão Velha - CE,CE,36822.0,373.0,1.0,629.9,78.44777,7.69361,62.857859999999995
2308500,Mombaça - CE,CE,37735.0,386.0,1.0,765.22,57.35736,37.7353,59.30565
2308609,Monsenhor Tabosa - CE,CE,17149.0,272.0,1.6,705.32,66.82684,13.45461,64.80178
2308708,Morada Nova - CE,CE,61443.0,852.0,1.4,842.15,88.09072,17.59255,74.17817
2308807,Moraújo - CE,CE,8254.0,68.0,0.8,763.44,69.8893,20.1845,68.00738
2308906,Morrinhos - CE,CE,22753.0,387.0,1.7,667.16,67.27522,24.36513,69.33425
2309003,Mucambo - CE,CE,13666.0,139.0,1.0,730.44,79.8358,22.76732,83.54025
2309102,Mulungu - CE,CE,10569.0,100.0,1.0,768.51,48.34934,29.62185,87.57503
2309201,Nova Olinda - CE,CE,15399.0,133.0,0.9,674.97,74.58478,44.59251,87.40826999999999
2309300,Nova Russas - CE,CE,30699.0,433.0,1.4,744.82,87.83547,32.88758,85.55751000000001
2309409,Novo Oriente - CE,CE,27545.0,282.0,1.0,771.68,90.9943,28.54523,72.81989
2309458,Ocara - CE,CE,24493.0,231.0,0.9,714.07,85.64278,5.62002,80.29579
2309508,Orós - CE,CE,19675.0,312.0,1.6,673.92,91.06122,42.81132,84.63255
2309607,Pacajus - CE,CE,70983.0,779.0,1.1,835.89,61.53494,5.44631,93.46859
2309706,Pacatuba - CE,CE,81524.0,1483.0,1.8,862.29,96.26979,62.38424,96.08531
2309805,Pacoti - CE,CE,11186.0,94.0,0.8,720.8,47.17445,27.35463,91.15479
2309904,Pacujá - CE,CE,6175.0,49.0,0.8,723.25,82.26467,35.28877,83.76535
2310001,Palhano - CE,CE,9346.0,146.0,1.6,838.31,82.586,8.50737,62.07003
2310100,Palmácia - CE,CE,10242.0,89.0,0.9,689.96,59.73949,14.86086,70.60391
2310209,Paracuru - CE,CE,38980.0,433.0,1.1,871.22,27.75381,12.54814,90.24033
2310258,Paraipaba - CE,CE,32216.0,327.0,1.0,813.25,62.49768,24.62451,79.96476
2310308,Parambu - CE,CE,31445.0,490.0,1.6,643.03,48.38333,30.51015,53.871030000000005
2310407,Paramoti - CE,CE,10384.0,133.0,1.3,569.94,65.3954,12.64722,60.6562
2310506,Pedra Branca - CE,CE,40187.0,444.0,1.1,667.71,54.46435,36.66315,65.62697
2310605,Penaforte - CE,CE,8972.0,71.0,0.8,712.89,81.98013,63.34361,86.39945
2310704,Pentecoste - CE,CE,37813.0,403.0,1.1,733.42,80.50947,25.81964,68.14215
2310803,Pereiro - CE,CE,15274.0,121.0,0.8,719.3,51.60008,8.52111,56.23934
2310852,Pindoretama - CE,CE,23391.0,490.0,2.1,794.0,27.32842,5.37567,91.03638
2310902,Piquet Carneiro - CE,CE,16616.0,149.0,0.9,704.36,79.69322,7.82639,63.83127
2310951,Pires Ferreira - CE,CE,10606.0,41.0,0.4,651.65,59.61362,1.28795,76.97026
2311009,Poranga - CE,CE,12065.0,129.0,1.1,654.04,71.90318,23.35074,64.95017
2311108,Porteiras - CE,CE,17050.0,118.0,0.7,829.82,79.94609,23.86343,56.10063
2311207,Potengi - CE,CE,8833.0,87.0,1.0,604.42,71.68848,6.22407,70.02873
2311231,Potiretama - CE,CE,5974.0,71.0,1.2,756.94,50.11732,13.13937,80.43172
2311264,Quiterianópolis - CE,CE,20213.0,219.0,1.1,677.69,61.50634,16.89228,52.49136
2311306,Quixadá - CE,CE,84168.0,1361.0,1.6,888.08,76.14856,48.49677,78.97552
2311355,Quixelô - CE,CE,15910.0,147.0,0.9,693.31,75.88628,28.78918,46.56619
2311405,Quixeramobim - CE,CE,82177.0,926.0,1.1,853.65,76.63323,48.8238,67.43682
2311504,Quixeré - CE,CE,20874.0,184.0,0.9,900.07,91.95402,7.46481,92.96139000000001
2311603,Redenção - CE,CE,27214.0,455.0,1.7,670.02,78.23375,5.34034,84.19785
2311702,Reriutaba - CE,CE,18606.0,153.0,0.8,724.54,76.84946,2.4305,72.99104
2311801,Russas - CE,CE,72928.0,904.0,1.2,867.47,80.85122,26.98323,91.2757
2311900,Saboeiro - CE,CE,13854.0,82.0,0.6,665.49,55.82623,15.91555,59.317899999999995
2311959,Salitre - CE,CE,16633.0,148.0,0.9,544.51,30.35215,5.8133,43.0967
2312007,Santana do Acaraú - CE,CE,30628.0,248.0,0.8,587.81,67.35708,36.96147,51.1599
2312106,Santana do Cariri - CE,CE,16954.0,156.0,0.9,597.15,59.16519,18.79218,65.50621
2312205,Santa Quitéria - CE,CE,40183.0,492.0,1.2,770.52,70.3656,29.56285,67.91157
2312304,São Benedito - CE,CE,47640.0,666.0,1.4,718.45,79.52741,26.80584,89.28663
2312403,São Gonçalo do Amarante - CE,CE,54143.0,885.0,1.6,834.41,44.03854,28.70747,90.80582000000001
2312502,São João do Jaguaribe - CE,CE,5855.0,45.0,0.8,939.84,86.88317,27.16154,61.5774
2312601,São Luís do Curu - CE,CE,10822.0,115.0,1.1,622.89,75.75679,19.74127,79.22380000000001
2312700,Senador Pompeu - CE,CE,24266.0,242.0,1.0,781.3,78.53315,43.30208,69.71423
2312809,Senador Sá - CE,CE,7262.0,78.0,1.1,623.36,71.1047,3.95713,76.58698
2312908,Sobral - CE,CE,203023.0,3090.0,1.5,1013.74,93.80311,74.70081,94.61761
2313005,Solonópole - CE,CE,18179.0,133.0,0.7,788.81,79.46889,18.4522,57.58725
2313104,Tabuleiro do Norte - CE,CE,30652.0,359.0,1.2,895.75,75.17253,18.60782,78.64871000000001
2313203,Tamboril - CE,CE,24815.0,213.0,0.9,688.17,71.55612,16.62801,63.33488
2313252,Tarrafas - CE,CE,7529.0,65.0,0.9,767.47,52.64938,10.59752,73.69409999999999
2313302,Tauá - CE,CE,61227.0,850.0,1.4,831.53,69.07842,26.53873,73.02535
2313351,Tejuçuoca - CE,CE,17154.0,136.0,0.8,554.86,77.47635,9.08442,67.96359
2313401,Tianguá - CE,CE,81506.0,1354.0,1.7,844.1,82.97731,35.07445,86.3686
2313500,Trairi - CE,CE,58415.0,596.0,1.0,662.17,34.66258,4.82336,72.00127
2313559,Tururu - CE,CE,15412.0,151.0,1.0,565.11,88.53654,1.29998,70.06106
2313609,Ubajara - CE,CE,32767.0,317.0,1.0,785.04,68.24324,20.96498,87.66654
2313708,Umari - CE,CE,6871.0,113.0,1.6,629.05,62.63508,25.76891,73.98171
2313757,Umirim - CE,CE,17470.0,183.0,1.0,558.68,78.85431,10.02475,66.92008
2313807,Uruburetama - CE,CE,20189.0,248.0,1.2,661.25,74.99609,23.03485,87.77934
2313906,Uruoca - CE,CE,13746.0,174.0,1.3,611.47,72.62007,21.86964,65.03002000000001
2313955,Varjota - CE,CE,18105.0,277.0,1.5,702.29,86.46617,14.30206,94.01765
2314003,Várzea Alegre - CE,CE,38984.0,467.0,1.2,768.75,73.86445,37.65485,72.47615
2314102,Viçosa do Ceará - CE,CE,59712.0,665.0,1.1,548.18,56.93646,5.68051,47.30476
2400109,Acari - RN,RN,10597.0,106.0,1.0,1023.87,85.11811,84.17323,91.81103
2400208,Assú - RN,RN,56496.0,582.0,1.0,1026.89,78.54506,2.63117,89.81333000000001
2400307,Afonso Bezerra - RN,RN,10839.0,86.0,0.8,792.26,53.35511,36.34204,84.08551
2400406,Água Nova - RN,RN,2946.0,18.0,0.6,773.54,60.94854,0.80727,88.39555999999999
2400505,Alexandria - RN,RN,13640.0,120.0,0.9,767.82,72.96013,63.02417,76.78165
2400604,Almino Afonso - RN,RN,4687.0,32.0,0.7,918.71,56.25752,7.58123,75.09025
2400703,Alto do Rodrigues - RN,RN,12484.0,125.0,1.0,885.33,87.81473,6.43705,97.95724
2400802,Angicos - RN,RN,11632.0,80.0,0.7,913.59,92.96024,13.82629,89.99746999999999
2400901,Antônio Martins - RN,RN,6577.0,39.0,0.6,702.33,42.28499,23.35582,67.15852000000001
2401008,Apodi - RN,RN,36093.0,476.0,1.3,923.68,57.34998,4.8147,72.06544
2401107,Areia Branca - RN,RN,24093.0,302.0,1.3,1004.75,83.68595,33.39856,96.71029
2401206,Arez - RN,RN,13251.0,207.0,1.6,714.09,77.79343,17.41784,91.10329
2401305,Campo Grande - RN,RN,9730.0,60.0,0.6,716.29,59.17105,3.55707,64.21281
2401404,Baía Formosa - RN,RN,8825.0,139.0,1.6,917.51,77.44604,4.60432,94.2446
2401453,Baraúna - RN,RN,26913.0,259.0,1.0,816.94,76.02029,1.20631,79.53777000000001
2401503,Barcelona - RN,RN,3986.0,14.0,0.4,727.09,84.94236,4.17867,83.71758
2401602,Bento Fernandes - RN,RN,4807.0,10.0,0.2,702.64,86.02704,1.28783,75.98197
2401651,Bodó - RN,RN,2306.0,10.0,0.4,748.45,81.83007,8.49673,65.22876
2401701,Bom Jesus - RN,RN,9952.0,104.0,1.0,760.67,96.75832,7.78582,86.68597000000001
2401800,Brejinho - RN,RN,12202.0,106.0,0.9,714.73,82.27305,28.71098,89.84989
2401859,Caiçara do Norte - RN,RN,6293.0,52.0,0.8,765.49,48.93725,27.32794,94.73684
2401909,Caiçara do Rio do Vento - RN,RN,3268.0,18.0,0.5,744.88,90.38095,25.14286,86.66666000000001
2402006,Caicó - RN,RN,61146.0,588.0,1.0,1387.38,93.35206,74.2874,93.93665
2402105,Campo Redondo - RN,RN,10215.0,55.0,0.5,737.65,58.95587,41.01529,78.10788
2402204,Canguaretama - RN,RN,29668.0,215.0,0.7,678.69,87.08692,2.7702,94.45959
2402303,Caraúbas - RN,RN,19727.0,417.0,2.1,863.21,74.44239,11.43628,81.60249999999999
2402402,Carnaúba dos Dantas - RN,RN,7992.0,53.0,0.7,1016.38,78.96429,42.96429,94.78571
2402501,Carnaubais - RN,RN,9714.0,45.0,0.5,770.65,82.09647,26.87075,90.07421
2402600,Ceará-Mirim - RN,RN,79115.0,712.0,0.9,749.64,85.7688,25.36954,80.94875
2402709,Cerro Corá - RN,RN,11000.0,129.0,1.2,795.91,69.16395,23.56135,67.10097999999999
2402808,Coronel Ezequiel - RN,RN,5117.0,64.0,1.3,623.76,56.18694,16.62241,72.91556
2402907,Coronel João Pessoa - RN,RN,4237.0,22.0,0.5,777.32,33.287,3.54413,73.3843
2403004,Cruzeta - RN,RN,8005.0,76.0,0.9,984.82,78.64441,72.82016,87.46594
2403103,Currais Novos - RN,RN,41313.0,486.0,1.2,1156.23,81.10123,73.96033,92.78385999999999
2403202,Doutor Severiano - RN,RN,7044.0,79.0,1.1,730.16,69.1317,29.45575,48.64977
2403251,Parnamirim - RN,RN,252716.0,3307.0,1.3,1846.59,95.61629,16.18156,99.63616999999999
2403301,Encanto - RN,RN,6016.0,43.0,0.7,783.97,69.8263,13.05211,69.8263
2403400,Equador - RN,RN,5360.0,66.0,1.2,866.99,74.18367,45.5102,85.15306
2403509,Espírito Santo - RN,RN,10620.0,77.0,0.7,705.54,57.07057,16.44644,92.1282
2403608,Extremoz - RN,RN,61635.0,652.0,1.1,910.25,87.84134,5.55908,95.04665
2403707,Felipe Guerra - RN,RN,5944.0,51.0,0.9,860.07,72.86822,0.77519,74.22480999999999
2403756,Fernando Pedroza - RN,RN,2938.0,37.0,1.3,820.99,86.60969,3.22887,90.69326
2403806,Florânia - RN,RN,10196.0,85.0,0.8,884.77,82.57799,63.41966,82.25427
2403905,Francisco Dantas - RN,RN,2700.0,49.0,1.8,823.81,62.1074,13.88045,72.13779
2404002,Frutuoso Gomes - RN,RN,4122.0,47.0,1.1,794.96,76.78221,0.91563,83.45322999999999
2404101,Galinhos - RN,RN,2104.0,23.0,1.1,993.68,14.42308,1.44231,96.95513
2404200,Goianinha - RN,RN,26741.0,265.0,1.0,825.49,77.51742,38.41625,97.27229
2404309,Governador Dix-Sept Rosado - RN,RN,11938.0,144.0,1.2,792.12,58.12408,0.41851,55.83456
2404408,Grossos - RN,RN,9924.0,190.0,1.9,875.5,78.3161,1.53619,98.46381000000001
2404507,Guamaré - RN,RN,15295.0,290.0,1.9,840.99,29.79027,27.75402,97.39359999999999
2404606,Ielmo Marinho - RN,RN,11615.0,61.0,0.5,602.87,54.81539,13.29719,71.70152
2404705,Ipanguaçu - RN,RN,14131.0,79.0,0.6,767.65,70.23037,1.18542,85.88683
2404804,Ipueira - RN,RN,2035.0,18.0,0.9,929.94,93.05019,77.09138,92.66409
2404853,Itajá - RN,RN,7292.0,58.0,0.8,820.66,88.99083,4.46205,93.995
2404903,Itaú - RN,RN,5320.0,68.0,1.3,705.31,96.94737,23.52632,
2405009,Jaçanã - RN,RN,7834.0,89.0,1.1,714.44,61.04651,25.90843,83.75727
2405108,Jandaíra - RN,RN,6562.0,25.0,0.4,762.69,76.05163,1.33843,95.65009
2405207,Janduís - RN,RN,4746.0,41.0,0.9,822.98,78.65023,30.82414,82.02466000000001
2405306,Januário Cicco - RN,RN,9051.0,58.0,0.6,683.18,83.03979,16.07958,70.35225
2405405,Japi - RN,RN,5117.0,25.0,0.5,600.23,80.74324,41.55405,83.38964
2405504,Jardim de Angicos - RN,RN,2437.0,3.0,0.1,735.11,51.8239,0.62893,49.55975
2405603,Jardim de Piranhas - RN,RN,13977.0,71.0,0.5,822.69,80.79403,26.15881,85.71141
2405702,Jardim do Seridó - RN,RN,11655.0,57.0,0.5,1184.5,90.03806,72.75576,90.70965
2405801,João Câmara - RN,RN,33290.0,381.0,1.1,758.0,76.92732,31.49034,81.49954000000001
2405900,João Dias - RN,RN,2076.0,20.0,1.0,669.87,32.75862,19.3634,64.85410999999999
2406007,José da Penha - RN,RN,5803.0,121.0,2.1,869.82,80.2521,7.51634,81.5126
2406106,Jucurutu - RN,RN,17793.0,153.0,0.9,812.37,81.01166,37.97668,77.41884999999999
2406155,Jundiá - RN,RN,3739.0,3.0,0.1,716.6,31.64659,0.32129,89.15662999999999
2406205,Lagoa d'Anta - RN,RN,6654.0,73.0,1.1,691.84,89.5672,1.00228,85.60364
2406304,Lagoa de Pedras - RN,RN,7338.0,26.0,0.4,552.73,56.97087,0.1165,
2406403,Lagoa de Velhos - RN,RN,2567.0,35.0,1.4,815.39,94.24626,0.57537,92.28999
2406502,Lagoa Nova - RN,RN,15573.0,116.0,0.7,787.33,81.15942,23.05131,67.70466
2406601,Lagoa Salgada - RN,RN,8319.0,47.0,0.6,692.89,77.84071,0.53097,70.12389
2406700,Lajes - RN,RN,9866.0,78.0,0.8,860.33,82.99595,57.27188,93.55341
2406809,Lajes Pintadas - RN,RN,4787.0,67.0,1.4,785.09,71.01874,29.85948,76.99063
2406908,Lucrécia - RN,RN,3490.0,40.0,1.1,780.38,61.16667,56.91667,
2407005,Luís Gomes - RN,RN,9070.0,145.0,1.6,751.13,58.96069,9.76016,71.48567
2407104,Macaíba - RN,RN,82249.0,974.0,1.2,850.48,84.85278,10.33345,93.57928
2407203,Macau - RN,RN,27369.0,248.0,0.9,974.59,73.74689,58.69925,96.00249000000001
2407252,Major Sales - RN,RN,3924.0,16.0,0.4,774.51,98.66171,25.05576,94.27508999999999
2407302,Marcelino Vieira - RN,RN,7896.0,65.0,0.8,714.94,68.81642,29.57127,66.06815
2407401,Martins - RN,RN,8179.0,72.0,0.9,888.12,72.3742,2.39784,90.27356
2407500,Maxaranguape - RN,RN,10255.0,66.0,0.6,770.28,72.78678,0.99751,91.02245
2407609,Messias Targino - RN,RN,4274.0,17.0,0.4,907.34,64.10615,27.44413,92.59777
2407708,Montanhas - RN,RN,11444.0,98.0,0.9,708.38,89.9231,0.8751,86.39618
2407807,Monte Alegre - RN,RN,23031.0,115.0,0.5,743.36,86.25905,10.53516,88.83143
2407906,Monte das Gameleiras - RN,RN,2276.0,29.0,1.3,652.71,76.88442,39.57286,77.88945
2408003,Mossoró - RN,RN,264577.0,3527.0,1.3,1397.73,91.56456,53.66888,95.87961
2408102,Natal - RN,RN,751300.0,10431.0,1.4,2049.37,98.29325,45.28542,99.33566
2408201,Nísia Floresta - RN,RN,31942.0,260.0,0.8,849.24,63.88945,4.5824,92.87746
2408300,Nova Cruz - RN,RN,34269.0,540.0,1.6,796.06,81.37919,39.69081,86.27758
2408409,Olho d'Água do Borges - RN,RN,3905.0,45.0,1.2,779.49,87.20515,13.72409,80.84346000000001
2408508,Ouro Branco - RN,RN,4913.0,60.0,1.2,1010.77,74.18079,57.79661,74.97175
2408607,Paraná - RN,RN,3934.0,43.0,1.1,792.64,47.87645,3.62934,84.71043
2408706,Paraú - RN,RN,3579.0,39.0,1.1,867.89,78.32111,30.31785,88.59005
2408805,Parazinho - RN,RN,4801.0,34.0,0.7,692.93,73.19035,44.70509,79.28953999999999
2408904,Parelhas - RN,RN,21499.0,254.0,1.2,1039.24,81.84163,74.4261,92.59737
2408953,Rio do Fogo - RN,RN,10351.0,91.0,0.9,688.26,90.21739,2.3977,90.44117
2409100,Passa e Fica - RN,RN,10896.0,101.0,0.9,741.29,78.47534,53.78528,90.92588
2409209,Passagem - RN,RN,3115.0,20.0,0.7,744.56,55.1532,2.04271,89.13649000000001
2409308,Patu - RN,RN,11007.0,152.0,1.4,832.72,67.61787,16.10422,86.89826000000001
2409332,Santa Maria - RN,RN,4847.0,19.0,0.4,756.95,63.31288,6.74847,79.69325
2409407,Pau dos Ferros - RN,RN,30479.0,280.0,0.9,1254.99,89.10542,48.76578,95.49926
2409506,Pedra Grande - RN,RN,3618.0,29.0,0.8,865.04,72.46112,0.82342,95.42544000000001
2409605,Pedra Preta - RN,RN,2441.0,2.0,0.1,756.32,40.64103,1.66667,47.94872
2409704,Pedro Avelino - RN,RN,6242.0,25.0,0.4,764.88,61.43411,40.45543,76.25969
2409803,Pedro Velho - RN,RN,13824.0,137.0,1.0,697.64,89.90214,35.52046,83.38522999999999
2409902,Pendências - RN,RN,12278.0,66.0,0.5,903.44,88.25487,63.38564,98.73989
2410009,Pilões - RN,RN,2965.0,24.0,0.8,753.42,87.08134,52.91866,93.30143000000001
2410108,Poço Branco - RN,RN,12390.0,66.0,0.5,657.73,87.73757,14.81385,71.64801
2410207,Portalegre - RN,RN,7601.0,85.0,1.1,910.62,59.91075,0.59502,61.6958
2410256,Porto do Mangue - RN,RN,5228.0,79.0,1.5,666.78,47.61082,2.13011,88.83131999999999
2410306,Serra Caiada - RN,RN,10125.0,79.0,0.8,632.55,89.84107,31.03771,83.35929999999999
2410405,Pureza - RN,RN,9362.0,38.0,0.4,619.44,41.69144,2.8411,60.786249999999995
2410504,Rafael Fernandes - RN,RN,5432.0,26.0,0.5,890.46,35.65726,1.54337,88.93028
2410603,Rafael Godeiro - RN,RN,2934.0,34.0,1.2,762.21,64.11215,0.37383,68.41121
2410702,Riacho da Cruz - RN,RN,2701.0,19.0,0.7,662.16,88.09013,43.99142,92.27467
2410801,Riacho de Santana - RN,RN,4127.0,35.0,0.8,708.26,27.93607,7.78318,52.95344
2410900,Riachuelo - RN,RN,7389.0,67.0,0.9,761.66,80.08529,52.06823,92.75053000000001
2411007,Rodolfo Fernandes - RN,RN,4242.0,34.0,0.8,589.27,92.55599,59.88142,
2411056,Tibau - RN,RN,5382.0,54.0,1.0,965.37,39.28378,3.52686,
2411106,Ruy Barbosa - RN,RN,3206.0,22.0,0.7,690.88,78.99083,1.19266,64.12844
2411205,Santa Cruz - RN,RN,37313.0,529.0,1.4,962.17,87.53324,79.64962,84.74895000000001
2411403,Santana do Matos - RN,RN,12456.0,84.0,0.7,707.32,66.39857,47.60947,60.634499999999996
2411429,Santana do Seridó - RN,RN,2696.0,23.0,0.8,1041.01,56.56895,69.59826,89.79371
2411502,Santo Antônio - RN,RN,22177.0,258.0,1.2,756.25,59.5399,28.71068,88.32856
2411601,São Bento do Norte - RN,RN,3304.0,42.0,1.3,775.91,72.37094,2.48566,81.07074
2411700,São Bento do Trairí - RN,RN,3792.0,14.0,0.4,715.33,69.42085,59.07336,68.64864
2411809,São Fernando - RN,RN,3492.0,32.0,0.9,1045.69,85.34622,71.65862,77.05314
2411908,São Francisco do Oeste - RN,RN,4161.0,41.0,1.0,913.11,83.04054,3.10811,89.12163000000001
2412005,São Gonçalo do Amarante - RN,RN,115838.0,1547.0,1.3,946.92,95.92739,33.44967,98.11685
2412104,São João do Sabugi - RN,RN,5956.0,44.0,0.7,1017.09,85.90426,46.49823,89.31737
2412203,São José de Mipibu - RN,RN,47286.0,508.0,1.1,824.72,55.9216,5.35019,89.24216
2412302,São José do Campestre - RN,RN,11121.0,150.0,1.3,797.93,89.34911,28.91339,89.75256
2412401,São José do Seridó - RN,RN,4558.0,35.0,0.8,1033.87,57.05045,64.35964,89.52135
2412500,São Miguel - RN,RN,23537.0,378.0,1.6,778.63,37.81757,7.29494,83.95838
2412559,São Miguel do Gostoso - RN,RN,10221.0,70.0,0.7,892.15,69.15888,35.04673,60.15576
2412609,São Paulo do Potengi - RN,RN,16786.0,96.0,0.6,907.11,86.84255,55.89787,92.39149
2412708,São Pedro - RN,RN,5776.0,23.0,0.4,766.63,78.07792,6.5974,75.48052
2412807,São Rafael - RN,RN,7711.0,67.0,0.9,766.6,82.51646,57.82736,80.28529999999999
2412906,São Tomé - RN,RN,9972.0,130.0,1.3,779.34,68.83338,26.65342,62.73063
2413003,São Vicente - RN,RN,6310.0,61.0,1.0,795.8,85.22523,61.89189,70.94595000000001
2413102,Senador Elói de Souza - RN,RN,5965.0,56.0,0.9,685.44,93.28102,4.56106,72.78078
2413201,Senador Georgino Avelino - RN,RN,4065.0,16.0,0.4,676.62,86.09113,1.9984,96.80255
2413300,Serra de São Bento - RN,RN,5703.0,35.0,0.6,664.27,78.07154,5.75428,83.56662
2413359,Serra do Mel - RN,RN,13091.0,83.0,0.6,697.83,57.65511,0.4954,84.57183
2413409,Serra Negra do Norte - RN,RN,7597.0,30.0,0.4,966.15,74.30556,70.60185,74.15123
2413508,Serrinha - RN,RN,6436.0,57.0,0.9,684.65,67.12695,3.16258,66.99332000000001
2413557,Serrinha dos Pintos - RN,RN,4659.0,33.0,0.7,795.22,81.73706,0.29744,74.59845
2413607,Severiano Melo - RN,RN,5487.0,39.0,0.7,852.77,88.50227,9.6823,89.35956
2413706,Sítio Novo - RN,RN,4654.0,29.0,0.6,664.2,73.10221,29.46802,70.11357000000001
2413805,Taboleiro Grande - RN,RN,2338.0,26.0,1.1,845.26,83.73786,24.15049,88.10679
2413904,Taipu - RN,RN,11422.0,160.0,1.4,669.73,66.78562,16.82679,62.61323
2414001,Tangará - RN,RN,13281.0,98.0,0.7,716.71,95.22854,54.67113,88.78484
2414100,Tenente Ananias - RN,RN,10262.0,100.0,1.0,689.68,80.12367,29.85866,80.03533
2414159,Tenente Laurentino Cruz - RN,RN,5891.0,41.0,0.7,789.17,84.92666,5.36166,72.78705
2414209,Tibau do Sul - RN,RN,16929.0,236.0,1.4,1286.38,77.37678,23.32498,97.76106999999999
2414308,Timbaúba dos Batistas - RN,RN,2348.0,6.0,0.3,1082.62,85.78199,26.89573,87.20379
2414407,Touros - RN,RN,33035.0,311.0,0.9,701.16,84.63087,11.66826,70.11505
2414456,Triunfo Potiguar - RN,RN,3376.0,44.0,1.3,736.83,77.39362,14.27305,68.79432
2414506,Umarizal - RN,RN,10078.0,133.0,1.3,836.22,86.28247,5.16775,86.74243
2414605,Upanema - RN,RN,13577.0,110.0,0.8,825.81,71.69731,17.20821,62.78324
2414704,Várzea - RN,RN,5233.0,28.0,0.5,723.48,85.41436,11.10497,88.78453
2414753,Venha-Ver - RN,RN,3014.0,54.0,1.8,592.1,67.35497,6.48968,68.63323
2414803,Vera Cruz - RN,RN,10735.0,52.0,0.5,662.24,77.37124,2.22347,94.96200999999999
2414902,Viçosa - RN,RN,1822.0,14.0,0.8,860.02,95.59748,95.12579,98.1132
2415008,Vila Flor - RN,RN,3174.0,9.0,0.3,758.88,91.59068,4.66059,98.17629
2500106,Água Branca - PB,PB,9335.0,68.0,0.7,771.95,60.54484,36.66973,71.01316
2500205,Aguiar - PB,PB,5003.0,31.0,0.6,737.35,55.17429,45.37037,58.76906
2500304,Alagoa Grande - PB,PB,26062.0,315.0,1.2,725.37,75.63197,49.40788,78.85448
2500403,Alagoa Nova - PB,PB,21013.0,109.0,0.5,726.13,39.48234,41.71314,61.218360000000004
2500502,Alagoinha - PB,PB,13725.0,121.0,0.9,687.49,72.42938,15.00565,78.39547999999999
2500536,Alcantil - PB,PB,5578.0,44.0,0.8,723.59,,4.55228,69.73486999999999
2500577,Algodão de Jandaíra - PB,PB,2953.0,30.0,1.0,556.64,,15.39256,59.71074
2500601,Alhandra - PB,PB,21730.0,366.0,1.7,764.63,85.04202,12.01681,87.31092
2500700,São João do Rio do Peixe - PB,PB,17964.0,121.0,0.7,847.03,44.07155,35.30157,66.36062
2500734,Amparo - PB,PB,2234.0,13.0,0.6,642.4,68.68687,26.0101,63.005050000000004
2500775,Aparecida - PB,PB,7960.0,59.0,0.7,735.42,64.05496,16.70999,79.72522000000001
2500809,Araçagi - PB,PB,16646.0,119.0,0.7,644.87,68.07165,8.07868,59.94029
2500908,Arara - PB,PB,12212.0,142.0,1.2,763.66,44.3111,65.10501,80.40617999999999
2501005,Araruna - PB,PB,17189.0,152.0,0.9,657.11,32.62829,37.6387,80.16644000000001
2501104,Areia - PB,PB,22633.0,136.0,0.6,782.89,65.19495,37.12811,72.16411
2501153,Areia de Baraúnas - PB,PB,2005.0,14.0,0.7,611.76,52.89747,39.52452,51.70877
2501203,Areial - PB,PB,7128.0,65.0,0.9,763.73,27.01499,56.4196,80.55893
2501302,Aroeiras - PB,PB,18705.0,162.0,0.9,639.85,27.92957,26.42684,52.65634
2501351,Assunção - PB,PB,4152.0,19.0,0.5,687.73,61.07527,41.79211,83.58423
2501401,Baía da Traição - PB,PB,9224.0,73.0,0.8,660.37,97.6378,1.28848,49.642089999999996
2501500,Bananeiras - PB,PB,23134.0,158.0,0.7,803.76,27.63158,5.43594,71.1058
2501534,Baraúna - PB,PB,4762.0,39.0,0.8,689.63,0.4627,51.64835,83.16946
2501575,Barra de Santana - PB,PB,8059.0,121.0,1.5,596.44,5.6501,7.9646,36.35126
2501609,Barra de Santa Rosa - PB,PB,12904.0,121.0,0.9,686.75,56.55585,58.78588,67.80921
2501708,Barra de São Miguel - PB,PB,5906.0,47.0,0.8,692.09,60.33254,12.49406,73.91923999999999
2501807,Bayeux - PB,PB,82742.0,1447.0,1.7,854.8,96.96959,19.5515,96.81628
2501906,Belém - PB,PB,16401.0,171.0,1.0,772.54,84.39534,75.93354,88.04384999999999
2502003,Belém do Brejo do Cruz - PB,PB,6268.0,53.0,0.8,798.02,55.62411,58.37684,82.43949
2502052,Bernardino Batista - PB,PB,3504.0,16.0,0.5,774.5,79.53737,0.35587,83.98576
2502102,Boa Ventura - PB,PB,5207.0,56.0,1.1,693.65,68.14772,31.39065,76.2262
2502151,Boa Vista - PB,PB,6377.0,51.0,0.8,958.96,62.97674,30.51163,60.51163
2502201,Bom Jesus - PB,PB,2286.0,34.0,1.5,755.41,63.72671,8.57143,76.52174
2502300,Bom Sucesso - PB,PB,4661.0,16.0,0.3,782.42,52.75362,35.5942,58.89855
2502409,Bonito de Santa Fé - PB,PB,10252.0,82.0,0.8,665.95,74.38041,64.31771,78.32188000000001
2502508,Boqueirão - PB,PB,17598.0,148.0,0.8,769.1,78.2769,62.08515,77.74053
2502607,Igaracy - PB,PB,5648.0,54.0,1.0,702.71,79.3274,44.90603,78.78338
2502706,Borborema - PB,PB,4214.0,48.0,1.1,691.08,60.3733,62.45513,83.77603
2502805,Brejo do Cruz - PB,PB,13613.0,66.0,0.5,732.48,78.39001,77.03401,82.30735999999999
2502904,Brejo dos Santos - PB,PB,5742.0,56.0,1.0,910.04,81.98789,24.77296,89.35419
2503001,Caaporã - PB,PB,21193.0,192.0,0.9,673.18,86.56716,16.62277,89.30348000000001
2503100,Cabaceiras - PB,PB,5335.0,17.0,0.3,833.95,42.19499,33.08471,48.694720000000004
2503209,Cabedelo - PB,PB,66519.0,1025.0,1.5,1834.97,98.80121,24.82765,98.66069999999999
2503308,Cachoeira dos Índios - PB,PB,9151.0,43.0,0.5,695.21,45.14687,20.59387,55.2682
2503407,Cacimba de Areia - PB,PB,3291.0,3.0,0.1,672.45,51.06383,32.62411,57.53546
2503506,Cacimba de Dentro - PB,PB,16064.0,82.0,0.5,686.16,47.36454,20.54921,77.23921999999999
2503555,Cacimbas - PB,PB,7223.0,62.0,0.9,559.0,27.41161,35.00655,49.89088
2503605,Caiçara - PB,PB,6602.0,52.0,0.8,617.26,74.80071,59.21169,78.65366999999999
2503704,Cajazeiras - PB,PB,63239.0,653.0,1.0,1119.77,83.02613,53.67305,86.41732999999999
2503753,Cajazeirinhas - PB,PB,2740.0,39.0,1.4,624.16,66.13817,27.18007,53.79388
2503803,Caldas Brandão - PB,PB,5753.0,52.0,0.9,668.83,82.48139,3.52357,85.06203000000001
2503902,Camalaú - PB,PB,6085.0,19.0,0.3,687.73,58.02724,25.71193,60.58604999999999
2504009,Campina Grande - PB,PB,419379.0,6643.0,1.6,1373.42,97.99931,87.50926,97.47263000000001
2504033,Capim - PB,PB,6970.0,77.0,1.1,624.27,36.55424,5.01367,88.55971000000001
2504074,Caraúbas - PB,PB,3944.0,2.0,0.1,790.87,55.26497,50.17206,67.03373
2504108,Carrapateira - PB,PB,2312.0,3.0,0.1,697.38,70.68966,9.81432,95.09284000000001
2504157,Casserengue - PB,PB,6889.0,45.0,0.7,581.94,22.5539,46.68325,64.55224
2504207,Catingueira - PB,PB,4491.0,33.0,0.7,663.05,64.18733,38.70523,64.73829
2504306,Catolé do Rocha - PB,PB,30661.0,320.0,1.0,1018.31,75.90067,53.89897,87.85627
2504355,Caturité - PB,PB,5254.0,33.0,0.6,674.16,32.63041,12.37514,85.68257000000001
2504405,Conceição - PB,PB,18260.0,156.0,0.9,749.69,62.3093,41.73759,65.58535
2504504,Condado - PB,PB,6451.0,82.0,1.3,770.62,78.28571,48.96703,75.03297
2504603,Conde - PB,PB,27605.0,340.0,1.2,880.41,52.65447,1.89605,85.87998999999999
2504702,Congo - PB,PB,4933.0,25.0,0.5,763.73,79.34724,66.55966,73.35473
2504801,Coremas - PB,PB,14683.0,173.0,1.2,772.26,89.30397,72.47346,87.59339
2504850,Coxixola - PB,PB,1824.0,15.0,0.8,882.3,85.83106,39.10082,50.681200000000004
2504900,Cruz do Espírito Santo - PB,PB,17095.0,105.0,0.6,671.67,55.89332,27.73219,47.09064
2505006,Cubati - PB,PB,7580.0,83.0,1.1,693.24,64.7126,37.57137,67.6437
2505105,Cuité - PB,PB,19719.0,225.0,1.1,864.92,0.99567,10.79365,73.53535000000001
2505204,Cuitegi - PB,PB,6730.0,56.0,0.8,625.73,91.31028,27.93449,95.04095000000001
2505238,Cuité de Mamanguape - PB,PB,6251.0,66.0,1.1,661.45,48.66794,0.57088,60.7041
2505279,Curral de Cima - PB,PB,5254.0,30.0,0.6,653.58,59.06765,0.17055,23.5361
2505303,Curral Velho - PB,PB,2292.0,6.0,0.2,745.84,63.05819,24.49256,62.381600000000006
2505352,Damião - PB,PB,4982.0,43.0,0.9,566.06,1.67785,9.78747,69.51902
2505402,Desterro - PB,PB,8067.0,59.0,0.7,696.72,60.09852,42.61084,68.54328000000001
2505501,Vista Serrana - PB,PB,3641.0,54.0,1.5,649.3,58.47953,33.41688,84.71178
2505600,Diamante - PB,PB,6299.0,72.0,1.1,720.93,69.67096,34.62089,63.710060000000006
2505709,Dona Inês - PB,PB,10380.0,134.0,1.3,657.97,0.47473,12.09159,69.28232
2505808,Duas Estradas - PB,PB,3327.0,34.0,1.0,696.67,78.7307,35.506,83.79074
2505907,Emas - PB,PB,3011.0,21.0,0.7,759.34,76.1807,69.40452,
2506004,Esperança - PB,PB,31231.0,425.0,1.4,809.81,16.68053,58.93171,79.75233
2506103,Fagundes - PB,PB,11049.0,48.0,0.4,651.81,45.11099,13.55708,52.457719999999995
2506202,Frei Martinho - PB,PB,2846.0,9.0,0.3,854.92,65.99078,66.91244,76.86636000000001
2506251,Gado Bravo - PB,PB,8179.0,69.0,0.8,554.19,0.40015,2.14623,32.15714
2506301,Guarabira - PB,PB,57484.0,695.0,1.2,1027.67,92.74173,64.99519,94.28151
2506400,Gurinhém - PB,PB,13766.0,72.0,0.5,684.73,58.5667,2.29327,71.31202
2506509,Gurjão - PB,PB,3242.0,12.0,0.4,777.68,69.69432,61.57205,72.0524
2506608,Ibiara - PB,PB,5631.0,47.0,0.8,719.73,72.53347,25.68171,73.47546
2506707,Imaculada - PB,PB,10392.0,49.0,0.5,599.58,45.83333,37.44131,58.274640000000005
2506806,Ingá - PB,PB,17692.0,148.0,0.8,841.64,69.1295,8.49103,79.20026
2506905,Itabaiana - PB,PB,23182.0,137.0,0.6,811.3,75.43415,28.35263,87.94018
2507002,Itaporanga - PB,PB,23940.0,396.0,1.7,875.23,75.226,64.73247,82.03029
2507101,Itapororoca - PB,PB,18382.0,102.0,0.6,653.03,53.61505,12.67745,67.11786
2507200,Itatuba - PB,PB,10499.0,89.0,0.9,675.15,61.76808,25.34443,75.71757
2507309,Jacaraú - PB,PB,14477.0,185.0,1.3,721.89,70.92555,9.11469,71.54929
2507408,Jericó - PB,PB,7516.0,45.0,0.6,811.24,62.19222,41.89833,82.60525000000001
2507507,João Pessoa - PB,PB,833932.0,11681.0,1.4,1879.0,93.50715,70.3307,99.32861
2507606,Juarez Távora - PB,PB,7796.0,51.0,0.7,753.84,69.09611,11.39693,77.06324
2507705,Juazeirinho - PB,PB,17007.0,212.0,1.2,673.57,50.03697,46.95009,59.09427
2507804,Junco do Seridó - PB,PB,6793.0,40.0,0.6,836.75,6.49742,62.56454,75.55938
2507903,Juripiranga - PB,PB,10012.0,93.0,0.9,659.58,76.65862,22.49698,96.71291000000001
2508000,Juru - PB,PB,9234.0,73.0,0.8,626.11,62.03242,48.53491,64.18329
2508109,Lagoa - PB,PB,4415.0,43.0,1.0,737.35,56.58602,32.32527,62.4328
2508208,Lagoa de Dentro - PB,PB,7819.0,61.0,0.8,738.79,44.37262,12.1673,75.09506
2508307,Lagoa Seca - PB,PB,27730.0,383.0,1.4,927.2,56.3672,34.99782,79.04492
2508406,Lastro - PB,PB,3162.0,39.0,1.2,607.64,47.79034,8.22199,74.10072
2508505,Livramento - PB,PB,6877.0,37.0,0.5,619.98,54.2562,38.18182,56.52892
2508554,Logradouro - PB,PB,4797.0,43.0,0.9,713.72,70.20169,35.71893,89.13468
2508604,Lucena - PB,PB,12560.0,154.0,1.2,759.66,73.03971,1.37475,87.06721
2508703,Mãe d'Água - PB,PB,3583.0,71.0,2.0,740.54,66.06198,54.2706,70.14362
2508802,Malta - PB,PB,6046.0,45.0,0.7,879.93,89.08914,83.585,89.57623
2508901,Mamanguape - PB,PB,44599.0,855.0,1.9,772.08,63.27489,19.79843,90.38382
2509008,Manaíra - PB,PB,10434.0,74.0,0.7,617.91,65.41795,30.58429,64.94269
2509057,Marcação - PB,PB,8999.0,42.0,0.5,547.14,71.83201,2.38957,50.506879999999995
2509107,Mari - PB,PB,21512.0,176.0,0.8,675.91,62.4966,1.53658,87.5034
2509156,Marizópolis - PB,PB,6705.0,103.0,1.5,737.18,89.85507,39.40217,89.22102
2509206,Massaranduba - PB,PB,14139.0,107.0,0.8,759.5,59.37436,21.32126,66.86561
2509305,Mataraca - PB,PB,8244.0,125.0,1.5,761.17,95.0,2.38806,90.85821
2509339,Matinhas - PB,PB,4571.0,29.0,0.6,557.71,18.21237,10.68548,23.92474
2509370,Mato Grosso - PB,PB,2543.0,27.0,1.1,812.1,46.8523,51.93705,58.23245
2509396,Maturéia - PB,PB,6433.0,55.0,0.9,653.01,40.69414,42.47289,76.26898
2509404,Mogeiro - PB,PB,13899.0,104.0,0.8,685.55,33.34028,4.21184,68.18181999999999
2509503,Montadas - PB,PB,5812.0,67.0,1.1,711.2,28.70323,50.23065,86.82727
2509602,Monte Horebe - PB,PB,4338.0,38.0,0.9,588.45,62.49205,66.815,62.682779999999994
2509701,Monteiro - PB,PB,32277.0,360.0,1.1,855.1,63.43474,61.02729,66.81507
2509800,Mulungu - PB,PB,8791.0,69.0,0.8,701.66,64.7892,11.19895,66.60079
2509909,Natuba - PB,PB,8945.0,36.0,0.4,597.24,43.80273,18.13757,58.59831
2510006,Nazarezinho - PB,PB,7203.0,62.0,0.9,710.83,51.18859,24.96038,52.13946
2510105,Nova Floresta - PB,PB,9724.0,116.0,1.2,745.22,2.54403,0.92256,93.65390000000001
2510204,Nova Olinda - PB,PB,5787.0,30.0,0.5,669.66,64.46701,8.73096,65.22843
2510303,Nova Palmeira - PB,PB,4259.0,12.0,0.3,859.4,43.06995,61.9171,67.61658
2510402,Olho d'Água - PB,PB,6060.0,47.0,0.8,506.11,64.54144,52.67288,63.168220000000005
2510501,Olivedos - PB,PB,3580.0,26.0,0.7,705.86,54.58787,41.36858,60.575419999999994
2510600,Ouro Velho - PB,PB,2918.0,15.0,0.5,789.71,63.21429,29.19643,71.51786
2510659,Parari - PB,PB,1720.0,14.0,0.8,810.88,39.28571,21.89441,51.86335
2510709,Passagem - PB,PB,2463.0,28.0,1.1,746.66,71.27907,57.67442,82.67442
2510808,Patos - PB,PB,103165.0,1172.0,1.1,1142.69,94.95117,82.60774,95.02565999999999
2510907,Paulista - PB,PB,11834.0,95.0,0.8,838.4,54.64242,35.32121,60.02424
2511004,Pedra Branca - PB,PB,3739.0,17.0,0.5,803.95,73.91647,47.51773,68.79432
2511103,Pedra Lavrada - PB,PB,6859.0,40.0,0.6,756.49,45.3812,41.83138,46.793060000000004
2511202,Pedras de Fogo - PB,PB,29662.0,240.0,0.8,753.14,42.32978,18.06809,73.52338
2511301,Piancó - PB,PB,16441.0,211.0,1.3,818.71,65.66158,42.37318,71.95813999999999
2511400,Picuí - PB,PB,18333.0,139.0,0.8,811.97,44.19207,63.20122,75.94512999999999
2511509,Pilar - PB,PB,12311.0,74.0,0.6,684.5,60.21195,4.23892,79.96146999999999
2511608,Pilões - PB,PB,6815.0,68.0,1.0,631.44,30.85413,9.45298,60.79654
2511707,Pilõezinhos - PB,PB,5329.0,50.0,0.9,698.44,56.76454,25.90674,67.76051
2511806,Pirpirituba - PB,PB,9340.0,69.0,0.7,705.61,77.07254,55.4728,81.21762
2511905,Pitimbu - PB,PB,16751.0,215.0,1.3,792.24,67.53655,6.86656,84.00888
2512002,Pocinhos - PB,PB,17469.0,155.0,0.9,675.29,67.02553,43.7055,69.07449
2512036,Poço Dantas - PB,PB,3830.0,8.0,0.2,624.78,11.51135,16.28818,66.0924
2512077,Poço de José de Moura - PB,PB,4006.0,33.0,0.8,838.02,29.93103,35.31034,66.06895999999999
2512101,Pombal - PB,PB,32473.0,469.0,1.4,933.34,85.07833,69.77609,83.77731999999999
2512200,Prata - PB,PB,3915.0,27.0,0.7,839.7,64.07563,40.26611,70.58824
2512309,Princesa Isabel - PB,PB,21114.0,90.0,0.4,878.34,73.28618,60.77258,83.81393
2512408,Puxinanã - PB,PB,14277.0,108.0,0.8,699.33,61.89088,10.91212,77.2803
2512507,Queimadas - PB,PB,47658.0,496.0,1.0,731.28,73.74585,47.1476,85.41503
2512606,Quixaba - PB,PB,1743.0,12.0,0.7,661.14,50.34843,47.73519,60.627179999999996
2512705,Remígio - PB,PB,17885.0,118.0,0.7,855.49,8.11851,66.53833,85.35319
2512721,Pedro Régis - PB,PB,5766.0,48.0,0.8,566.4,60.36961,0.87269,62.57701
2512747,Riachão - PB,PB,2927.0,9.0,0.3,576.42,14.0748,24.01575,61.909440000000004
2512754,Riachão do Bacamarte - PB,PB,4690.0,35.0,0.8,669.38,44.39574,12.9618,76.39324
2512762,Riachão do Poço - PB,PB,4738.0,5.0,0.1,516.3,9.51785,,51.03318
2512788,Riacho de Santo Antônio - PB,PB,1955.0,23.0,1.2,750.97,0.30441,47.94521,
2512804,Riacho dos Cavalos - PB,PB,8493.0,88.0,1.0,677.3,43.0791,42.37288,58.36865
2512903,Rio Tinto - PB,PB,24581.0,253.0,1.0,898.43,75.75573,17.10141,74.13456
2513000,Salgadinho - PB,PB,3355.0,44.0,1.3,704.73,18.82883,24.05405,55.85585999999999
2513109,Salgado de São Félix - PB,PB,11505.0,73.0,0.6,636.36,45.48807,2.13917,60.929429999999996
2513158,Santa Cecília - PB,PB,7670.0,42.0,0.5,619.23,,3.7376,54.38597
2513208,Santa Cruz - PB,PB,5947.0,26.0,0.4,784.35,62.981,40.57477,78.03215
2513307,Santa Helena - PB,PB,5865.0,22.0,0.4,806.74,61.16458,45.81328,74.25408999999999
2513356,Santa Inês - PB,PB,3227.0,33.0,1.0,715.43,46.73605,13.43425,49.47966
2513406,Santa Luzia - PB,PB,14959.0,93.0,0.6,1091.08,83.53299,87.39304,89.99810000000001
2513505,Santana de Mangueira - PB,PB,5010.0,14.0,0.3,646.52,49.81436,28.65099,49.19554
2513604,Santana dos Garrotes - PB,PB,6569.0,32.0,0.5,712.84,59.75663,16.12342,62.01651
2513653,Joca Claudino - PB,PB,2539.0,12.0,0.5,642.82,49.14286,39.54286,
2513703,Santa Rita - PB,PB,149910.0,2432.0,1.6,798.63,85.37068,7.23186,95.44802999999999
2513802,Santa Teresinha - PB,PB,4402.0,21.0,0.5,755.28,59.75774,55.31629,62.113060000000004
2513851,Santo André - PB,PB,2622.0,12.0,0.5,760.73,26.07823,0.5015,47.141420000000004
2513901,São Bento - PB,PB,32235.0,589.0,1.8,768.83,82.48629,74.25046,89.90859
2513927,São Bentinho - PB,PB,4327.0,26.0,0.6,710.23,73.03823,57.61234,73.91013000000001
2513943,São Domingos do Cariri - PB,PB,2585.0,39.0,1.5,736.91,62.5,42.82609,57.39131
2513968,São Domingos - PB,PB,2595.0,20.0,0.8,612.72,50.59718,23.01846,
2513984,São Francisco - PB,PB,3137.0,38.0,1.2,799.27,39.73214,23.30357,
2514008,São João do Cariri - PB,PB,4226.0,37.0,0.9,945.1,62.64744,49.1481,69.7903
2514107,São João do Tigre - PB,PB,4263.0,53.0,1.2,646.3,2.93945,29.68842,47.854200000000006
2514206,São José da Lagoa Tapada - PB,PB,7126.0,39.0,0.5,704.78,48.5172,17.91222,62.07988
2514305,São José de Caiana - PB,PB,5034.0,33.0,0.7,647.02,67.40299,10.02985,60.53732
2514404,São José de Espinharas - PB,PB,4083.0,53.0,1.3,728.77,48.06548,39.50893,44.270830000000004
2514453,São José dos Ramos - PB,PB,5891.0,48.0,0.8,555.75,42.28016,0.10225,55.674839999999996
2514503,São José de Piranhas - PB,PB,19067.0,228.0,1.2,820.53,70.38594,60.09911,78.54032
2514552,São José de Princesa - PB,PB,3416.0,15.0,0.4,600.8,19.09633,2.30179,24.46718
2514602,São José do Bonfim - PB,PB,3242.0,31.0,1.0,706.28,59.81818,52.81818,61.09091
2514651,São José do Brejo do Cruz - PB,PB,1699.0,7.0,0.4,631.9,74.72325,56.08856,81.73432
2514701,São José do Sabugi - PB,PB,4138.0,30.0,0.7,857.72,65.01416,66.28895,72.80454
2514800,São José dos Cordeiros - PB,PB,3411.0,47.0,1.4,702.98,60.09317,47.04969,53.26087
2514909,São Mamede - PB,PB,7470.0,31.0,0.4,964.15,81.36925,78.75047,83.09016
2515005,São Miguel de Taipu - PB,PB,7066.0,51.0,0.7,666.13,45.5502,28.05787,46.33932
2515104,São Sebastião de Lagoa de Roça - PB,PB,11040.0,102.0,0.9,790.63,48.67163,41.65781,52.94899
2515203,São Sebastião do Umbuzeiro - PB,PB,3279.0,28.0,0.9,649.4,50.63492,53.33333,70.55555
2515302,Sapé - PB,PB,51306.0,589.0,1.1,745.51,63.31893,21.97431,86.32893
2515401,São Vicente do Seridó - PB,PB,10291.0,81.0,0.8,565.48,39.00147,0.23495,49.133630000000004
2515500,Serra Branca - PB,PB,13614.0,146.0,1.1,799.81,69.33122,27.99763,72.73447
2515609,Serra da Raiz - PB,PB,3094.0,30.0,1.0,775.82,80.2,8.9,83.80000000000001
2515708,Serra Grande - PB,PB,2942.0,48.0,1.6,808.7,78.68069,41.4914,78.48949
2515807,Serra Redonda - PB,PB,6828.0,56.0,0.8,753.33,56.74897,28.2716,67.94238
2515906,Serraria - PB,PB,4885.0,38.0,0.8,675.36,68.88753,3.60636,72.49387999999999
2515930,Sertãozinho - PB,PB,5054.0,23.0,0.5,740.43,81.11888,46.44522,84.73193
2515971,Sobrado - PB,PB,8236.0,70.0,0.8,652.46,58.14627,7.0239,21.18031
2516003,Solânea - PB,PB,26774.0,265.0,1.0,839.65,56.21152,6.62929,82.48680999999999
2516102,Soledade - PB,PB,13968.0,264.0,1.9,706.29,74.43515,64.85356,75.98327
2516151,Sossêgo - PB,PB,3345.0,16.0,0.5,616.53,,42.84483,63.36207
2516201,Sousa - PB,PB,67259.0,1004.0,1.5,981.33,86.63917,76.42233,86.94958
2516300,Sumé - PB,PB,17166.0,192.0,1.1,880.46,76.20986,57.425,79.87336
2516409,Tacima - PB,PB,8010.0,71.0,0.9,650.92,18.21848,17.41202,80.75513
2516508,Taperoá - PB,PB,14068.0,91.0,0.6,700.22,67.10235,63.88498,68.65071
2516607,Tavares - PB,PB,14101.0,148.0,1.1,663.48,66.55546,32.56881,69.45371
2516706,Teixeira - PB,PB,14631.0,104.0,0.7,702.92,58.66322,40.02387,71.99125000000001
2516755,Tenório - PB,PB,2966.0,7.0,0.2,702.81,,,78.25279
2516805,Triunfo - PB,PB,9892.0,85.0,0.9,789.08,43.50567,30.20177,61.88525
2516904,Uiraúna - PB,PB,14930.0,65.0,0.4,952.63,68.72057,64.54082,86.85243
2517001,Umbuzeiro - PB,PB,9124.0,60.0,0.7,654.31,25.25017,28.25217,56.67111
2517100,Várzea - PB,PB,2668.0,11.0,0.4,1170.44,77.09384,73.36024,79.41474
2517209,Vieirópolis - PB,PB,4864.0,29.0,0.6,639.99,28.54501,2.03453,67.87916
2517407,Zabelê - PB,PB,2228.0,12.0,0.5,663.21,67.90419,53.65269,72.81437
2600054,Abreu e Lima - PE,PE,98462.0,1135.0,1.2,846.62,84.86098,37.11064,94.41625
2600104,Afogados da Ingazeira - PE,PE,40241.0,328.0,0.8,919.32,81.54469,69.80776,82.38786
2600203,Afrânio - PE,PE,18674.0,121.0,0.6,691.79,43.62635,21.12506,42.42216
2600302,Agrestina - PE,PE,23779.0,254.0,1.1,705.78,85.51047,71.41855,89.94269999999999
2600401,Água Preta - PE,PE,26461.0,271.0,1.0,648.88,61.5078,48.33163,70.9942
2600500,Águas Belas - PE,PE,41548.0,336.0,0.8,664.95,33.51448,45.51478,62.43579
2600609,Alagoinha - PE,PE,13542.0,86.0,0.6,874.61,41.68374,50.40967,81.09381
2600708,Aliança - PE,PE,35741.0,313.0,0.9,690.2,80.51069,54.09528,85.58492
2600807,Altinho - PE,PE,20674.0,412.0,2.0,750.58,71.56788,58.92857,70.83333999999999
2600906,Amaraji - PE,PE,18205.0,203.0,1.1,660.2,77.40325,63.24906,78.68289999999999
2601003,Angelim - PE,PE,10241.0,70.0,0.7,715.39,69.47641,57.88262,69.82163
2601052,Araçoiaba - PE,PE,19243.0,287.0,1.5,654.41,41.02034,5.59441,85.58487000000001
2601102,Araripina - PE,PE,85088.0,845.0,1.0,739.65,49.94909,42.57037,63.48825
2601201,Arcoverde - PE,PE,77742.0,1032.0,1.3,1070.66,85.69675,86.05785,94.37042000000001
2601300,Barra de Guabiraba - PE,PE,12263.0,152.0,1.2,636.98,84.99506,62.63574,89.6841
2601409,Barreiros - PE,PE,40121.0,452.0,1.1,716.35,79.08805,67.71488,88.48456999999999
2601508,Belém de Maria - PE,PE,10378.0,92.0,0.9,699.08,64.80938,62.05279,76.92082
2601607,Belém do São Francisco - PE,PE,18301.0,64.0,0.3,787.99,72.74506,49.066,60.149440000000006
2601706,Belo Jardim - PE,PE,79507.0,1219.0,1.5,891.95,88.46114,74.4871,90.1257
2601805,Betânia - PE,PE,11232.0,107.0,1.0,640.05,45.17753,30.57764,36.32751
2601904,Bezerros - PE,PE,61694.0,676.0,1.1,924.11,77.2754,71.41777,89.11253
2602001,Bodocó - PE,PE,34478.0,351.0,1.0,682.16,40.66487,28.85894,46.585800000000006
2602100,Bom Conselho - PE,PE,44294.0,349.0,0.8,770.5,60.32394,57.24914,71.03634
2602209,Bom Jardim - PE,PE,37629.0,373.0,1.0,690.72,48.52075,17.21509,58.96604
2602308,Bonito - PE,PE,37474.0,366.0,1.0,709.58,77.61937,67.61711,81.14958
2602407,Brejão - PE,PE,9079.0,58.0,0.6,636.03,61.56117,27.55002,60.77402
2602506,Brejinho - PE,PE,7720.0,113.0,1.5,773.01,51.70021,46.66898,73.45594
2602605,Brejo da Madre de Deus - PE,PE,48648.0,599.0,1.2,675.81,35.77709,63.0117,83.59052
2602704,Buenos Aires - PE,PE,12808.0,89.0,0.7,708.2,74.52532,16.43309,80.6962
2602803,Buíque - PE,PE,52097.0,732.0,1.4,568.15,34.62819,29.51107,46.02489
2602902,Cabo de Santo Agostinho - PE,PE,203440.0,2386.0,1.2,945.95,80.87126,49.44309,93.23064
2603009,Cabrobó - PE,PE,30294.0,199.0,0.7,696.24,89.49685,69.87096,69.76093
2603108,Cachoeirinha - PE,PE,19899.0,277.0,1.4,751.83,79.75946,78.25612,85.59519
2603207,Caetés - PE,PE,28827.0,164.0,0.6,638.0,21.74288,29.41113,37.56471
2603306,Calçado - PE,PE,11093.0,87.0,0.8,649.94,30.14608,38.14077,56.62682
2603405,Calumbi - PE,PE,5228.0,35.0,0.7,734.95,66.96379,36.54596,46.74095
2603454,Camaragibe - PE,PE,147771.0,1983.0,1.3,1097.38,66.91531,35.60732,92.91377
2603504,Camocim de São Félix - PE,PE,17419.0,208.0,1.2,756.16,74.89294,78.90563,94.17922
2603603,Camutanga - PE,PE,7750.0,41.0,0.5,704.26,73.9726,9.51076,83.24852999999999
2603702,Canhotinho - PE,PE,24329.0,299.0,1.2,705.83,69.00995,54.46542,72.44195
2603801,Capoeiras - PE,PE,18338.0,92.0,0.5,632.03,34.57138,36.04709,45.266130000000004
2603900,Carnaíba - PE,PE,18644.0,153.0,0.8,701.37,64.19535,47.88173,57.296260000000004
2603926,Carnaubeira da Penha - PE,PE,12239.0,109.0,0.9,646.68,20.55718,16.09971,18.592380000000002
2604007,Carpina - PE,PE,79293.0,883.0,1.1,1015.04,76.12108,4.22393,88.77116
2604106,Caruaru - PE,PE,378048.0,4682.0,1.2,1147.39,87.2738,81.58875,95.56633000000001
2604155,Casinhas - PE,PE,12967.0,178.0,1.4,604.46,24.77435,11.1639,43.27791
2604205,Catende - PE,PE,32156.0,373.0,1.2,751.85,79.324,62.05563,78.78983000000001
2604304,Cedro - PE,PE,10518.0,121.0,1.1,684.12,73.93476,58.97737,84.57244
2604403,Chã de Alegria - PE,PE,12984.0,81.0,0.6,658.43,45.84854,30.77099,70.57481
2604502,Chã Grande - PE,PE,20546.0,145.0,0.7,751.12,56.34692,51.29683,85.89268000000001
2604601,Condado - PE,PE,24587.0,218.0,0.9,767.77,29.65908,3.05987,96.25347
2604700,Correntes - PE,PE,17131.0,88.0,0.5,619.92,66.15623,60.30238,68.11397
2604809,Cortês - PE,PE,10198.0,75.0,0.7,678.09,82.66408,74.63307,88.2581
2604908,Cumaru - PE,PE,15920.0,89.0,0.6,750.88,33.39207,21.85022,65.72688
2605004,Cupira - PE,PE,23518.0,343.0,1.5,712.78,93.77731,87.80257,95.64293
2605103,Custódia - PE,PE,37699.0,307.0,0.8,857.53,53.5956,57.73035,65.70239000000001
2605152,Dormentes - PE,PE,17188.0,196.0,1.1,775.81,30.6435,20.90502,47.21267
2605202,Escada - PE,PE,59891.0,646.0,1.1,822.04,78.16644,31.95666,84.87715
2605301,Exu - PE,PE,31843.0,321.0,1.0,647.76,42.05966,14.98474,52.04292
2605400,Feira Nova - PE,PE,21427.0,255.0,1.2,738.81,71.0776,31.53516,81.98362
2605459,Fernando de Noronha - PE,PE,3167.0,22.0,0.7,2566.14,94.4212,79.21897,99.72106
2605509,Ferreiros - PE,PE,15026.0,134.0,0.9,803.44,76.56472,53.43326,89.93316
2605608,Flores - PE,PE,20347.0,191.0,0.9,666.01,49.82713,34.33511,48.63032
2605707,Floresta - PE,PE,30137.0,241.0,0.8,843.67,73.78424,61.9983,74.38946
2605806,Frei Miguelinho - PE,PE,13636.0,83.0,0.6,794.41,27.39646,15.43846,69.41474
2605905,Gameleira - PE,PE,18214.0,233.0,1.3,707.33,64.14607,56.26111,78.12246999999999
2606002,Garanhuns - PE,PE,142506.0,1522.0,1.1,1128.17,85.86755,59.57291,91.54990000000001
2606101,Glória do Goitá - PE,PE,29347.0,234.0,0.8,691.86,53.06423,52.09193,65.58633
2606200,Goiana - PE,PE,81055.0,1011.0,1.2,839.04,47.02811,28.42071,89.03512
2606309,Granito - PE,PE,6967.0,31.0,0.5,697.41,53.16792,39.87594,55.56048
2606408,Gravatá - PE,PE,86516.0,745.0,0.9,1029.73,83.6129,60.21388,87.40724
2606507,Iati - PE,PE,17165.0,113.0,0.7,670.09,22.22418,35.77723,58.54777
2606606,Ibimirim - PE,PE,26593.0,315.0,1.2,646.06,57.31859,51.05519,70.83851
2606705,Ibirajuba - PE,PE,7140.0,49.0,0.7,704.48,56.98599,44.3014,64.44528
2606804,Igarassu - PE,PE,115196.0,1583.0,1.4,880.67,66.51939,15.63202,92.04699
2606903,Iguaracy - PE,PE,11081.0,87.0,0.8,691.37,51.52935,45.23927,55.648740000000004
2607000,Inajá - PE,PE,25603.0,382.0,1.5,506.86,46.70315,27.44186,40.82079
2607109,Ingazeira - PE,PE,4765.0,39.0,0.8,728.49,46.98582,42.31678,62.70685
2607208,Ipojuca - PE,PE,98932.0,899.0,0.9,829.65,52.86373,48.15462,90.16902
2607307,Ipubi - PE,PE,29009.0,272.0,0.9,677.16,31.96141,31.78992,61.886390000000006
2607406,Itacuruba - PE,PE,4284.0,36.0,0.8,662.99,78.42262,74.55357,80.72916
2607505,Itaíba - PE,PE,32650.0,295.0,0.9,603.53,49.50126,32.06861,44.02909
2607604,Ilha de Itamaracá - PE,PE,24540.0,206.0,0.8,871.13,66.72666,2.30136,64.28387
2607653,Itambé - PE,PE,34935.0,261.0,0.7,728.38,74.29388,12.71877,89.37792
2607703,Itapetim - PE,PE,13791.0,66.0,0.5,874.77,60.7761,61.61414,68.09984
2607752,Itapissuma - PE,PE,27749.0,177.0,0.6,745.48,81.74188,9.98662,97.17795
2607802,Itaquitinga - PE,PE,16554.0,90.0,0.5,625.18,67.85923,22.8077,84.54209
2607901,Jaboatão dos Guararapes - PE,PE,644037.0,10680.0,1.7,1141.05,74.29992,42.04788,95.94388
2607950,Jaqueira - PE,PE,10247.0,84.0,0.8,544.67,43.9301,52.97364,67.35132
2608008,Jataúba - PE,PE,15843.0,108.0,0.7,627.22,15.52203,45.42144,64.63753
2608057,Jatobá - PE,PE,14020.0,137.0,1.0,826.57,74.67463,53.78707,74.69596999999999
2608107,João Alfredo - PE,PE,27725.0,177.0,0.6,727.48,51.35819,40.73605,63.09999
2608206,Joaquim Nabuco - PE,PE,13269.0,103.0,0.8,689.95,65.76062,56.41846,79.96802
2608255,Jucati - PE,PE,11517.0,11.0,0.1,651.62,30.03673,42.15635,48.74082
2608305,Jupi - PE,PE,15329.0,80.0,0.5,802.92,5.60888,56.40881,72.46377000000001
2608404,Jurema - PE,PE,13648.0,118.0,0.9,613.2,77.85431,66.31183,82.23752999999999
2608453,Lagoa do Carro - PE,PE,17981.0,145.0,0.8,736.67,51.80685,19.59918,86.47625000000001
2608503,Lagoa de Itaenga - PE,PE,19003.0,124.0,0.7,702.56,34.76964,24.89936,88.72819
2608602,Lagoa do Ouro - PE,PE,11933.0,78.0,0.7,631.35,85.33237,50.28902,64.40270000000001
2608701,Lagoa dos Gatos - PE,PE,14076.0,118.0,0.8,619.0,66.96195,48.60077,72.0153
2608750,Lagoa Grande - PE,PE,24088.0,247.0,1.0,740.89,73.50714,58.982,74.47548
2608800,Lajedo - PE,PE,39582.0,302.0,0.8,731.14,69.45162,59.3095,85.26414
2608909,Limoeiro - PE,PE,56510.0,527.0,0.9,937.06,63.27026,40.44482,89.15692999999999
2609006,Macaparana - PE,PE,23879.0,394.0,1.7,730.04,79.90449,71.50936,81.5257
2609105,Machados - PE,PE,11333.0,53.0,0.5,730.09,76.23015,8.51341,83.15543
2609154,Manari - PE,PE,23763.0,66.0,0.3,359.1,38.69137,2.91306,36.03227
2609204,Maraial - PE,PE,9359.0,69.0,0.7,663.74,51.2605,25.46865,79.21785
2609303,Mirandiba - PE,PE,14166.0,129.0,0.9,719.61,62.95053,46.89949,64.00269
2609402,Moreno - PE,PE,55292.0,680.0,1.2,783.46,73.1309,50.00766,88.20617
2609501,Nazaré da Mata - PE,PE,30648.0,346.0,1.1,908.93,79.8856,72.38372,83.46774
2609600,Olinda - PE,PE,349976.0,3837.0,1.1,1277.73,79.47054,53.83975,94.19697
2609709,Orobó - PE,PE,21808.0,159.0,0.7,685.96,16.39832,27.37113,69.20579
2609808,Orocó - PE,PE,13613.0,112.0,0.8,578.24,90.48063,36.58423,59.44937
2609907,Ouricuri - PE,PE,65245.0,1099.0,1.7,725.6,64.12715,50.24899,47.414719999999996
2610004,Palmares - PE,PE,54584.0,525.0,1.0,872.56,79.01965,63.26132,80.96298
2610103,Palmeirina - PE,PE,7031.0,38.0,0.5,744.56,67.7706,40.1454,70.67851
2610202,Panelas - PE,PE,22991.0,126.0,0.5,609.74,63.98341,56.95817,72.58202
2610301,Paranatama - PE,PE,12199.0,46.0,0.4,567.51,23.50844,2.99501,43.617779999999996
2610400,Parnamirim - PE,PE,18612.0,240.0,1.3,704.76,69.06014,40.4535,40.50279
2610509,Passira - PE,PE,28340.0,313.0,1.1,698.48,50.64572,17.02968,74.50847999999999
2610608,Paudalho - PE,PE,56665.0,608.0,1.1,1129.46,63.69501,27.43232,84.01544
2610707,Paulista - PE,PE,342167.0,4057.0,1.2,1197.17,72.87975,51.62855,95.32953
2610806,Pedra - PE,PE,22795.0,87.0,0.4,566.96,47.61165,40.14239,56.93204
2610905,Pesqueira - PE,PE,62722.0,638.0,1.0,863.67,59.47442,60.89048,79.39455
2611002,Petrolândia - PE,PE,34161.0,452.0,1.3,745.92,85.18552,59.53275,87.52176
2611101,Petrolina - PE,PE,386791.0,5073.0,1.3,1290.18,93.76538,70.50787,91.52438000000001
2611200,Poção - PE,PE,10500.0,82.0,0.8,654.04,1.82102,54.83871,75.85848
2611309,Pombos - PE,PE,27552.0,296.0,1.1,774.09,67.95457,51.80002,71.39236
2611408,Primavera - PE,PE,13838.0,82.0,0.6,660.57,51.22494,27.951,72.93986000000001
2611507,Quipapá - PE,PE,17928.0,333.0,1.9,633.82,70.35767,63.26964,74.32631
2611533,Quixaba - PE,PE,6554.0,47.0,0.7,551.89,47.47475,41.0628,56.52174
2611606,Recife - PE,PE,1488920.0,21211.0,1.4,2284.77,84.04233,67.43549,98.31878999999999
2611705,Riacho das Almas - PE,PE,20639.0,152.0,0.7,744.57,49.38654,48.4825,72.16841
2611804,Ribeirão - PE,PE,33507.0,223.0,0.7,833.71,70.7225,58.11865,82.78929
2611903,Rio Formoso - PE,PE,20009.0,179.0,0.9,729.18,58.93135,34.28083,75.42715
2612000,Sairé - PE,PE,10887.0,161.0,1.5,838.63,62.33609,27.07625,74.13793
2612109,Salgadinho - PE,PE,5727.0,42.0,0.7,771.72,29.88786,11.21404,44.80741
2612208,Salgueiro - PE,PE,62372.0,457.0,0.7,952.41,86.33623,64.78894,87.90018
2612307,Saloá - PE,PE,13836.0,131.0,0.9,658.78,44.08265,49.75997,66.83364
2612406,Sanharó - PE,PE,18624.0,179.0,1.0,656.04,71.19491,50.41648,84.61305999999999
2612455,Santa Cruz - PE,PE,13841.0,149.0,1.1,661.87,42.25836,34.15025,44.38846
2612471,Santa Cruz da Baixa Verde - PE,PE,11567.0,65.0,0.6,629.41,2.13461,49.27172,63.83727
2612505,Santa Cruz do Capibaribe - PE,PE,98254.0,1306.0,1.3,965.72,39.03549,88.95771,97.34962
2612554,Santa Filomena - PE,PE,12106.0,70.0,0.6,600.05,21.80396,9.33757,40.919090000000004
2612604,Santa Maria da Boa Vista - PE,PE,40578.0,309.0,0.8,698.96,81.09187,39.85953,51.53644
2612703,Santa Maria do Cambucá - PE,PE,14013.0,106.0,0.8,698.75,33.583,19.41296,61.09311
2612802,Santa Terezinha - PE,PE,10244.0,70.0,0.7,710.2,67.78254,77.02196,73.05838
2612901,São Benedito do Sul - PE,PE,13113.0,80.0,0.6,606.58,62.45131,40.06751,70.3194
2613008,São Bento do Una - PE,PE,49449.0,680.0,1.4,678.99,48.80447,50.3636,67.46757
2613107,São Caitano - PE,PE,37126.0,409.0,1.1,698.82,68.17675,59.72521,81.96807000000001
2613206,São João - PE,PE,23837.0,237.0,1.0,739.27,60.48214,24.30897,60.07825
2613305,São Joaquim do Monte - PE,PE,20037.0,275.0,1.4,646.01,74.16354,71.17868,81.97973
2613404,São José da Coroa Grande - PE,PE,18825.0,175.0,0.9,953.27,64.60757,1.08144,95.60872
2613503,São José do Belmonte - PE,PE,34843.0,483.0,1.4,780.35,51.28428,40.40264,64.52620999999999
2613602,São José do Egito - PE,PE,31004.0,216.0,0.7,818.37,69.78059,60.88608,75.35022
2613701,São Lourenço da Mata - PE,PE,111249.0,1370.0,1.2,850.82,69.31487,40.35462,86.32524000000001
2613800,São Vicente Férrer - PE,PE,16677.0,150.0,0.9,623.2,55.3184,52.31963,77.31522
2613909,Serra Talhada - PE,PE,92228.0,1269.0,1.4,992.09,77.04766,76.84097,78.29092
2614006,Serrita - PE,PE,18207.0,126.0,0.7,632.57,51.52384,27.96701,46.091789999999996
2614105,Sertânia - PE,PE,32811.0,375.0,1.1,787.05,51.35549,50.10623,64.27296
2614204,Sirinhaém - PE,PE,37596.0,543.0,1.4,728.49,53.85651,33.66137,82.49643
2614303,Moreilândia - PE,PE,10540.0,53.0,0.5,640.24,46.65902,16.00229,61.74362
2614402,Solidão - PE,PE,5210.0,32.0,0.6,650.08,30.62361,32.68374,47.43875
2614501,Surubim - PE,PE,64120.0,491.0,0.8,868.11,76.23009,48.89534,88.92703
2614600,Tabira - PE,PE,27681.0,266.0,1.0,836.97,77.49599,71.11067,82.10705
2614709,Tacaimbó - PE,PE,13738.0,217.0,1.6,667.75,56.3497,44.43754,64.74001
2614808,Tacaratu - PE,PE,23902.0,282.0,1.2,581.9,53.80635,27.72709,48.42707
2614857,Tamandaré - PE,PE,23561.0,203.0,0.9,807.27,63.86268,53.21017,82.38994
2615003,Taquaritinga do Norte - PE,PE,24736.0,179.0,0.7,869.56,11.6676,53.93599,89.20831
2615102,Terezinha - PE,PE,6513.0,31.0,0.5,627.03,37.34324,43.19554,50.53414
2615201,Terra Nova - PE,PE,8920.0,52.0,0.6,676.58,78.16132,64.07186,71.29271
2615300,Timbaúba - PE,PE,46147.0,371.0,0.8,824.27,80.2271,64.98395,89.80498
2615409,Toritama - PE,PE,41137.0,548.0,1.3,775.68,47.8787,77.6824,97.88221999999999
2615508,Tracunhaém - PE,PE,13867.0,99.0,0.7,697.46,75.99143,27.00965,91.70418
2615607,Trindade - PE,PE,30321.0,310.0,1.0,700.43,65.92585,40.2869,71.18901
2615706,Triunfo - PE,PE,14705.0,116.0,0.8,988.78,38.47612,20.92494,63.41926
2615805,Tupanatinga - PE,PE,26937.0,173.0,0.6,507.68,54.74296,34.64696,47.6822
2615904,Tuparetama - PE,PE,8005.0,96.0,1.2,802.72,80.12191,61.63224,83.5083
2616001,Venturosa - PE,PE,17251.0,145.0,0.8,812.65,45.36829,56.73624,69.31172
2616100,Verdejante - PE,PE,9169.0,47.0,0.5,697.9,71.60243,37.08587,64.46924
2616183,Vertente do Lério - PE,PE,7558.0,72.0,1.0,693.87,12.42938,11.22411,57.81544
2616209,Vertentes - PE,PE,21959.0,260.0,1.2,820.75,42.70992,52.1374,84.45293000000001
2616308,Vicência - PE,PE,26359.0,228.0,0.9,752.56,73.86802,47.19621,77.50358
2616407,Vitória de Santo Antão - PE,PE,134084.0,1434.0,1.1,945.42,73.14368,69.74035,87.97559
2616506,Xexéu - PE,PE,11611.0,89.0,0.8,639.13,85.9023,75.42394,87.72463
2700102,Água Branca - AL,AL,19008.0,199.0,1.0,625.07,71.31349,29.43958,48.59895
2700201,Anadia - AL,AL,13966.0,108.0,0.8,686.24,47.89881,31.21472,85.05122
2700300,Arapiraca - AL,AL,234696.0,2794.0,1.2,1080.25,77.6009,20.71579,96.76979
2700409,Atalaia - AL,AL,37512.0,429.0,1.1,711.54,67.85445,22.14136,90.07947
2700508,Barra de Santo Antônio - AL,AL,16365.0,142.0,0.9,823.52,94.93211,8.39549,95.88831
2700607,Barra de São Miguel - AL,AL,7944.0,42.0,0.5,1090.24,87.2231,39.87342,97.58702000000001
2700706,Batalha - AL,AL,16448.0,137.0,0.8,781.96,70.48604,40.07418,88.05387
2700805,Belém - AL,AL,4722.0,37.0,0.8,785.36,26.90931,7.3389,71.06205999999999
2700904,Belo Monte - AL,AL,5936.0,31.0,0.5,552.98,46.69197,1.46421,60.41215
2701001,Boca da Mata - AL,AL,21187.0,367.0,1.7,747.1,73.38744,65.17158,93.42161
2701100,Branquinha - AL,AL,9603.0,117.0,1.2,590.5,65.99217,58.68146,67.33028
2701209,Cacimbinhas - AL,AL,10482.0,102.0,1.0,674.58,25.32812,0.64228,62.41273
2701308,Cajueiro - AL,AL,16024.0,137.0,0.9,735.55,92.56198,28.56279,94.29551
2701357,Campestre - AL,AL,6665.0,35.0,0.5,700.77,44.06699,69.90431,93.11005
2701407,Campo Alegre - AL,AL,32106.0,183.0,0.6,751.21,85.77808,29.66702,99.07776
2701506,Campo Grande - AL,AL,8143.0,65.0,0.8,550.5,89.37853,16.5725,55.51789
2701605,Canapi - AL,AL,15559.0,87.0,0.6,628.19,32.35585,4.14107,49.7127
2701704,Capela - AL,AL,15032.0,124.0,0.8,743.82,60.27957,72.17204,86.88171999999999
2701803,Carneiros - AL,AL,8999.0,67.0,0.7,607.69,64.87965,4.92341,61.9256
2701902,Chã Preta - AL,AL,5910.0,21.0,0.4,674.99,68.51372,21.43967,76.64423000000001
2702009,Coité do Nóia - AL,AL,10810.0,114.0,1.1,649.14,19.2297,0.27709,46.023830000000004
2702108,Colônia Leopoldina - AL,AL,15816.0,122.0,0.8,704.1,68.9915,78.45827,86.34081
2702207,Coqueiro Seco - AL,AL,5581.0,40.0,0.7,846.43,88.86498,59.27918,98.33243
2702306,Coruripe - AL,AL,50414.0,533.0,1.1,849.84,93.37643,26.31739,94.52916
2702355,Craíbas - AL,AL,25397.0,302.0,1.2,558.43,71.4268,7.10924,66.05153
2702405,Delmiro Gouveia - AL,AL,51318.0,723.0,1.4,919.98,93.62774,66.73304,94.07872
2702504,Dois Riachos - AL,AL,9805.0,31.0,0.3,614.92,41.62328,0.12251,59.4487
2702553,Estrela de Alagoas - AL,AL,15429.0,80.0,0.5,603.82,35.97473,1.55235,37.92419
2702603,Feira Grande - AL,AL,22712.0,187.0,0.8,543.54,35.22098,1.6759,58.210570000000004
2702702,Feliz Deserto - AL,AL,3963.0,32.0,0.8,731.46,98.11605,4.2954,95.7046
2702801,Flexeiras - AL,AL,9618.0,83.0,0.9,656.18,54.75346,59.97422,72.73606
2702900,Girau do Ponciano - AL,AL,36102.0,235.0,0.7,607.35,48.57272,6.34345,59.85501
2703007,Ibateguara - AL,AL,13731.0,151.0,1.1,666.04,81.09051,64.77644,85.9542
2703106,Igaci - AL,AL,23995.0,160.0,0.7,646.11,39.93826,7.88318,52.98587
2703205,Igreja Nova - AL,AL,21372.0,203.0,0.9,525.81,78.17388,16.72538,89.92532
2703304,Inhapi - AL,AL,15167.0,152.0,1.0,599.89,41.89443,2.3576,53.74505
2703403,Jacaré dos Homens - AL,AL,5083.0,20.0,0.4,724.87,86.58088,2.94118,88.72550000000001
2703502,Jacuípe - AL,AL,5352.0,45.0,0.8,677.81,59.73729,47.17304,77.0988
2703601,Japaratinga - AL,AL,9219.0,47.0,0.5,827.16,32.71841,7.10059,84.54577
2703700,Jaramataia - AL,AL,4985.0,21.0,0.4,637.77,45.83072,32.16301,83.13479000000001
2703759,Jequiá da Praia - AL,AL,9470.0,66.0,0.7,778.85,87.53769,9.88275,94.37186
2703809,Joaquim Gomes - AL,AL,17150.0,115.0,0.7,618.24,61.94939,8.3224,66.76664
2703908,Jundiá - AL,AL,4092.0,17.0,0.4,714.04,60.20483,21.65326,77.3226
2704005,Junqueiro - AL,AL,23907.0,349.0,1.5,749.29,67.46447,5.62204,91.19921000000001
2704104,Lagoa da Canoa - AL,AL,18457.0,107.0,0.6,633.44,53.32772,5.3075,80.893
2704203,Limoeiro de Anadia - AL,AL,24740.0,157.0,0.6,652.14,58.22471,0.44693,80.79453
2704302,Maceió - AL,AL,957916.0,12691.0,1.3,1605.6,67.784,48.29244,97.69456
2704401,Major Isidoro - AL,AL,17700.0,91.0,0.5,744.14,45.69728,1.95578,63.14626
2704500,Maragogi - AL,AL,32174.0,404.0,1.3,833.62,63.17887,33.30344,81.76382000000001
2704609,Maravilha - AL,AL,9534.0,60.0,0.6,713.11,52.79251,0.1248,70.67081999999999
2704708,Marechal Deodoro - AL,AL,60370.0,495.0,0.8,1208.19,95.76008,28.75197,95.38297
2704807,Maribondo - AL,AL,13679.0,111.0,0.8,783.47,42.75085,68.6584,86.02029
2704906,Mar Vermelho - AL,AL,3155.0,20.0,0.6,904.73,46.79849,23.44633,77.68361
2705002,Mata Grande - AL,AL,21844.0,179.0,0.8,528.9,45.23168,9.32408,37.69307
2705101,Matriz de Camaragibe - AL,AL,23857.0,213.0,0.9,681.56,55.13484,4.61727,90.42495
2705200,Messias - AL,AL,15405.0,201.0,1.3,643.98,84.43463,42.45832,91.46415
2705309,Minador do Negrão - AL,AL,4845.0,33.0,0.7,646.55,39.4818,0.30845,53.917339999999996
2705408,Monteirópolis - AL,AL,7184.0,64.0,0.9,635.08,76.79783,0.6332,76.30031
2705507,Murici - AL,AL,25187.0,496.0,2.0,749.66,85.92189,86.60958,90.43726000000001
2705606,Novo Lino - AL,AL,10020.0,62.0,0.6,705.65,53.1626,54.52021,62.35729
2705705,Olho d'Água das Flores - AL,AL,20695.0,154.0,0.7,697.42,84.97127,3.00575,75.83615999999999
2705804,Olho d'Água do Casado - AL,AL,8349.0,34.0,0.4,576.56,70.19231,25.61538,61.42308
2705903,Olho d'Água Grande - AL,AL,4330.0,36.0,0.8,436.54,49.38272,0.21786,65.79521000000001
2706000,Olivença - AL,AL,10812.0,67.0,0.6,521.06,50.48951,4.6993,51.46853
2706109,Ouro Branco - AL,AL,11446.0,76.0,0.7,758.14,18.28715,0.40302,67.10328
2706208,Palestina - AL,AL,4325.0,37.0,0.9,726.16,78.42544,2.19531,90.99167
2706307,Palmeira dos Índios - AL,AL,71574.0,554.0,0.8,878.62,80.68949,18.58668,72.85404
2706406,Pão de Açúcar - AL,AL,23823.0,156.0,0.7,738.27,81.07572,8.61636,72.06291
2706422,Pariconha - AL,AL,10573.0,96.0,0.9,606.59,71.88841,5.91662,90.95647000000001
2706448,Paripueira - AL,AL,13835.0,148.0,1.1,1071.88,54.00411,7.50627,94.47867
2706505,Passo de Camaragibe - AL,AL,13804.0,89.0,0.6,721.98,35.09104,3.94892,86.00142
2706604,Paulo Jacinto - AL,AL,6576.0,76.0,1.2,731.19,79.96508,34.9629,86.59974
2706703,Penedo - AL,AL,58650.0,617.0,1.1,911.94,93.22829,17.92871,95.26796
2706802,Piaçabuçu - AL,AL,15908.0,95.0,0.6,689.66,73.66114,24.24242,95.38784
2706901,Pilar - AL,AL,35370.0,363.0,1.0,819.78,88.5113,33.43971,98.74072000000001
2707008,Pindoba - AL,AL,2731.0,28.0,1.0,674.19,38.11821,0.72376,63.08806
2707107,Piranhas - AL,AL,22609.0,248.0,1.1,826.25,79.22836,48.04954,81.33542
2707206,Poço das Trincheiras - AL,AL,12518.0,84.0,0.7,509.59,28.64905,2.74142,52.72907
2707305,Porto Calvo - AL,AL,24071.0,105.0,0.4,796.62,64.85071,10.47669,89.23521
2707404,Porto de Pedras - AL,AL,9295.0,53.0,0.6,731.48,51.17021,17.16312,77.44681
2707503,Porto Real do Colégio - AL,AL,20082.0,173.0,0.9,571.27,75.54907,33.51252,69.15989
2707602,Quebrangulo - AL,AL,11080.0,75.0,0.7,699.05,72.82107,39.45153,72.46809999999999
2707701,Rio Largo - AL,AL,93927.0,995.0,1.1,778.71,51.32565,47.5024,94.98559
2707800,Roteiro - AL,AL,6474.0,59.0,0.9,665.34,88.32411,46.95521,96.37645
2707909,Santa Luzia do Norte - AL,AL,6919.0,53.0,0.8,692.89,67.17033,23.35165,96.61171999999999
2708006,Santana do Ipanema - AL,AL,46220.0,432.0,0.9,721.11,73.34746,23.57928,70.94979
2708105,Santana do Mundaú - AL,AL,11323.0,155.0,1.4,642.22,55.07208,44.79685,65.00654999999999
2708204,São Brás - AL,AL,6555.0,49.0,0.8,557.56,95.20902,11.46078,97.51057
2708303,São José da Laje - AL,AL,20813.0,154.0,0.7,702.25,73.07241,71.63588,78.92114000000001
2708402,São José da Tapera - AL,AL,30604.0,148.0,0.5,603.09,65.4185,7.32117,58.59031
2708501,São Luís do Quitunde - AL,AL,30873.0,276.0,0.9,750.66,40.46237,4.34409,68.72043
2708600,São Miguel dos Campos - AL,AL,51990.0,609.0,1.2,912.83,97.04509,63.60144,98.24479
2708709,São Miguel dos Milagres - AL,AL,8482.0,83.0,1.0,959.27,86.1825,9.08752,92.36498999999999
2708808,São Sebastião - AL,AL,31786.0,239.0,0.8,672.44,28.62053,1.39379,88.30548999999999
2708907,Satuba - AL,AL,24278.0,262.0,1.1,970.21,39.92386,77.91878,99.13706
2708956,Senador Rui Palmeira - AL,AL,12303.0,72.0,0.6,560.65,26.3787,16.00109,44.55311
2709004,Tanque d'Arca - AL,AL,5796.0,37.0,0.6,687.88,37.85749,0.48473,70.43141
2709103,Taquarana - AL,AL,19032.0,129.0,0.7,618.0,25.93962,4.23598,72.79729
2709152,Teotônio Vilela - AL,AL,38053.0,389.0,1.0,740.39,87.06464,41.23603,95.18872
2709202,Traipu - AL,AL,23565.0,219.0,0.9,599.73,29.8749,4.77291,43.30977
2709301,União dos Palmares - AL,AL,59280.0,734.0,1.2,768.95,85.18912,79.99899,86.67275
2709400,Viçosa - AL,AL,24092.0,255.0,1.1,742.73,76.49362,21.40962,85.58797
2800100,Amparo do São Francisco - SE,SE,2170.0,21.0,1.0,773.49,90.84791,33.51279,98.51951
2800209,Aquidabã - SE,SE,20131.0,328.0,1.6,782.01,80.04584,41.48578,90.50829
2800308,Aracaju - SE,SE,602757.0,7904.0,1.3,2087.74,97.42761,87.44651,99.62474
2800407,Arauá - SE,SE,10318.0,62.0,0.6,749.83,58.53994,0.35813,80.49586
2800506,Areia Branca - SE,SE,18081.0,169.0,0.9,794.41,65.57164,1.82143,93.13708999999999
2800605,Barra dos Coqueiros - SE,SE,41511.0,368.0,0.9,1589.75,92.15835,73.06713,98.86403
2800670,Boquim - SE,SE,24636.0,271.0,1.1,880.42,58.72336,3.857,91.90256
2800704,Brejo Grande - SE,SE,7841.0,38.0,0.5,554.26,66.81505,33.83246,88.22339
2801009,Campo do Brito - SE,SE,18149.0,249.0,1.4,921.66,81.96408,18.16843,91.06302
2801108,Canhoba - SE,SE,3791.0,63.0,1.7,689.22,85.64669,8.99054,85.25237
2801207,Canindé de São Francisco - SE,SE,26834.0,239.0,0.9,707.36,77.1809,48.18641,78.82230999999999
2801306,Capela - SE,SE,31645.0,459.0,1.5,698.56,89.21288,11.50687,83.87931
2801405,Carira - SE,SE,19939.0,217.0,1.1,712.75,77.82133,10.67712,82.09217
2801504,Carmópolis - SE,SE,13853.0,168.0,1.2,766.36,96.97164,80.18767,96.69439
2801603,Cedro de São João - SE,SE,5391.0,38.0,0.7,764.19,94.77496,48.83601,98.60321
2801702,Cristinápolis - SE,SE,17100.0,85.0,0.5,661.19,68.57738,1.28539,82.5951
2801900,Cumbe - SE,SE,3824.0,15.0,0.4,711.39,89.32749,20.24854,88.30408999999999
2802007,Divina Pastora - SE,SE,4340.0,54.0,1.2,789.16,88.36889,17.13696,96.69649
2802106,Estância - SE,SE,65078.0,535.0,0.8,896.64,82.07226,34.59369,88.38982
2802205,Feira Nova - SE,SE,5975.0,52.0,0.9,640.0,91.22642,40.37736,86.60378
2802304,Frei Paulo - SE,SE,14530.0,187.0,1.3,851.07,86.00474,46.09159,94.43348
2802403,Gararu - SE,SE,11096.0,104.0,0.9,700.41,71.61307,15.80147,59.204860000000004
2802502,General Maynard - SE,SE,3037.0,33.0,1.1,765.34,89.28893,36.81368,98.19982
2802601,Graccho Cardoso - SE,SE,5834.0,110.0,1.9,665.05,92.57683,28.51064,69.8818
2802700,Ilha das Flores - SE,SE,8321.0,50.0,0.6,522.34,87.85688,16.76906,95.73546
2802809,Indiaroba - SE,SE,16549.0,55.0,0.3,611.83,68.99829,5.45524,72.85688
2802908,Itabaiana - SE,SE,103440.0,1212.0,1.2,1080.72,89.19162,77.15824,94.38988
2803005,Itabaianinha - SE,SE,40678.0,384.0,0.9,682.43,69.88449,53.68287,82.74077
2803104,Itabi - SE,SE,4745.0,40.0,0.8,772.31,95.462,29.52433,84.63642
2803203,Itaporanga d'Ajuda - SE,SE,34411.0,234.0,0.7,663.07,69.21751,20.68314,79.07874
2803302,Japaratuba - SE,SE,16209.0,160.0,1.0,816.67,78.20039,12.18524,86.40606
2803401,Japoatã - SE,SE,13407.0,128.0,1.0,715.33,84.2623,13.90164,77.48634
2803500,Lagarto - SE,SE,101579.0,1058.0,1.0,928.75,75.43745,26.83484,90.7666
2803609,Laranjeiras - SE,SE,23975.0,191.0,0.8,752.52,91.96987,49.62339,99.08081
2803708,Macambira - SE,SE,6838.0,67.0,1.0,859.09,61.70555,35.39823,90.30572000000001
2803807,Malhada dos Bois - SE,SE,3579.0,7.0,0.2,747.74,94.0685,16.0401,97.07602
2803906,Malhador - SE,SE,11533.0,165.0,1.4,779.87,84.17146,32.44732,94.56418000000001
2804003,Maruim - SE,SE,15719.0,117.0,0.7,770.84,75.33803,60.10284,96.80061
2804102,Moita Bonita - SE,SE,11050.0,50.0,0.5,796.8,59.11037,51.33206,93.07802
2804201,Monte Alegre de Sergipe - SE,SE,14336.0,95.0,0.7,727.55,76.04902,49.56377,70.77274
2804300,Muribeca - SE,SE,7822.0,91.0,1.2,740.68,92.79279,4.86486,93.18919
2804409,Neópolis - SE,SE,16426.0,112.0,0.7,761.43,76.24367,18.34526,90.36482000000001
2804458,Nossa Senhora Aparecida - SE,SE,9232.0,87.0,0.9,812.94,94.54976,55.03555,71.68246
2804508,Nossa Senhora da Glória - SE,SE,41212.0,569.0,1.4,879.22,92.00896,58.45637,82.56945
2804607,Nossa Senhora das Dores - SE,SE,24996.0,221.0,0.9,760.07,76.84303,17.48275,93.99714999999999
2804706,Nossa Senhora de Lourdes - SE,SE,6268.0,42.0,0.7,814.61,91.2656,19.83066,93.36007000000001
2804805,Nossa Senhora do Socorro - SE,SE,192330.0,2775.0,1.4,822.63,97.46244,60.58359,97.18348
2804904,Pacatuba - SE,SE,12502.0,96.0,0.8,588.41,55.79952,5.05967,50.69212
2805000,Pedra Mole - SE,SE,2778.0,29.0,1.0,631.36,90.8046,26.2278,90.49112
2805109,Pedrinhas - SE,SE,7396.0,62.0,0.8,745.96,30.94705,4.06413,96.79343
2805208,Pinhão - SE,SE,5677.0,30.0,0.5,677.94,64.99014,26.72584,72.48519999999999
2805307,Pirambu - SE,SE,7913.0,87.0,1.1,750.38,78.92735,26.74021,85.9262
2805406,Poço Redondo - SE,SE,33439.0,325.0,1.0,632.67,69.59554,29.89307,55.39749
2805505,Poço Verde - SE,SE,21794.0,353.0,1.6,757.03,76.72634,55.01157,82.36512
2805604,Porto da Folha - SE,SE,26576.0,266.0,1.0,616.69,81.49885,43.10025,75.50998
2805703,Propriá - SE,SE,26618.0,283.0,1.1,941.63,96.43907,73.2876,97.9854
2805802,Riachão do Dantas - SE,SE,18313.0,120.0,0.7,671.74,62.05962,16.02104,77.02852999999999
2805901,Riachuelo - SE,SE,8748.0,82.0,0.9,688.58,84.72469,73.46359,96.23445
2806008,Ribeirópolis - SE,SE,17033.0,115.0,0.7,883.07,87.37745,67.34069,92.44792
2806107,Rosário do Catete - SE,SE,9295.0,65.0,0.7,753.63,93.20203,55.43202,96.75984
2806206,Salgado - SE,SE,20279.0,327.0,1.6,798.99,56.95581,7.93781,73.48608
2806305,Santa Luzia do Itanhy - SE,SE,13616.0,162.0,1.2,571.88,63.99291,16.21981,82.8717
2806404,Santana do São Francisco - SE,SE,7346.0,37.0,0.5,717.52,85.92561,3.67709,96.5765
2806503,Santa Rosa de Lima - SE,SE,3937.0,40.0,1.0,578.91,94.21245,35.82418,98.02198
2806602,Santo Amaro das Brotas - SE,SE,11092.0,151.0,1.4,767.22,64.54761,15.32577,84.56871
2806701,São Cristóvão - SE,SE,95612.0,1267.0,1.3,1124.93,88.72248,47.61819,92.46662
2806800,São Domingos - SE,SE,10327.0,122.0,1.2,729.31,74.86367,13.06154,92.52142
2806909,São Francisco - SE,SE,3243.0,29.0,0.9,776.93,90.19264,18.47636,95.97198
2807006,São Miguel do Aleixo - SE,SE,3434.0,27.0,0.8,734.03,81.81109,49.18033,89.85168
2807105,Simão Dias - SE,SE,42578.0,671.0,1.6,850.37,64.40809,45.48499,84.5163
2807204,Siriri - SE,SE,7834.0,44.0,0.6,759.73,76.18168,19.27622,90.10340000000001
2807303,Telha - SE,SE,3274.0,25.0,0.7,692.33,92.56938,30.1701,98.20949
2807402,Tobias Barreto - SE,SE,50905.0,731.0,1.4,881.15,82.52019,76.44588,91.02854
2807501,Tomar do Geru - SE,SE,12012.0,144.0,1.2,552.13,52.81852,23.12099,64.27589
2807600,Umbaúba - SE,SE,23917.0,325.0,1.4,743.59,35.55824,3.41581,95.15993
2900108,Abaíra - BA,BA,7301.0,44.0,0.6,901.48,85.78251,24.68773,65.9809
2900207,Abaré - BA,BA,17639.0,224.0,1.3,600.78,87.75473,53.38142,70.53201
2900306,Acajutiba - BA,BA,13795.0,97.0,0.7,706.63,87.91946,0.18876,83.20049999999999
2900355,Adustina - BA,BA,14201.0,132.0,0.9,739.27,76.37795,40.90647,77.87594
2900405,Água Fria - BA,BA,14497.0,92.0,0.6,700.83,62.81204,4.75404,63.95008
2900504,Érico Cardoso - BA,BA,10604.0,64.0,0.6,765.89,57.57966,0.35404,59.76827
2900603,Aiquara - BA,BA,4447.0,27.0,0.6,756.71,60.42497,68.5923,80.54449
2900702,Alagoinhas - BA,BA,151055.0,1622.0,1.1,1072.99,94.75218,63.7726,92.6455
2900801,Alcobaça - BA,BA,24530.0,95.0,0.4,747.65,58.64176,27.43508,61.03865
2900900,Almadina - BA,BA,5218.0,30.0,0.6,912.36,85.17073,80.43902,85.02439
2901007,Amargosa - BA,BA,36521.0,245.0,0.7,839.32,81.58756,29.94346,81.90002
2901106,Amélia Rodrigues - BA,BA,24138.0,252.0,1.0,840.69,82.05814,7.54651,95.73256
2901155,América Dourada - BA,BA,15137.0,125.0,0.8,674.14,82.24553,1.28205,88.40326
2901205,Anagé - BA,BA,25438.0,158.0,0.6,718.55,27.33521,11.04225,31.62817
2901304,Andaraí - BA,BA,13080.0,196.0,1.5,758.2,60.6734,16.49832,78.9899
2901353,Andorinha - BA,BA,15012.0,227.0,1.5,796.26,60.67774,37.81245,56.23218
2901403,Angical - BA,BA,13732.0,125.0,0.9,823.95,65.44215,0.48394,56.95117
2901502,Anguera - BA,BA,11031.0,95.0,0.9,720.44,87.01587,26.92063,72.85715
2901601,Antas - BA,BA,14206.0,137.0,1.0,832.0,79.72792,60.54862,83.27386
2901700,Antônio Cardoso - BA,BA,11146.0,96.0,0.9,702.92,67.6847,11.31472,52.675979999999996
2901809,Antônio Gonçalves - BA,BA,10862.0,57.0,0.5,750.04,81.36979,7.10259,78.41037
2901908,Aporá - BA,BA,15922.0,142.0,0.9,710.49,90.4374,0.72605,83.19461
2901957,Apuarema - BA,BA,6913.0,77.0,1.1,836.77,66.45239,42.74809,77.94295
2902005,Aracatu - BA,BA,13936.0,85.0,0.6,757.68,43.95485,1.36748,33.7964
2902054,Araçás - BA,BA,11557.0,82.0,0.7,725.59,78.8924,6.80107,78.86811
2902104,Araci - BA,BA,48294.0,507.0,1.1,691.84,64.33674,33.87449,67.05236
2902203,Aramari - BA,BA,9833.0,114.0,1.2,803.04,80.81329,10.10882,65.97938
2902252,Arataca - BA,BA,10191.0,50.0,0.5,691.76,61.42322,30.04898,73.49467
2902302,Aratuípe - BA,BA,8677.0,60.0,0.7,639.58,59.40912,28.83751,60.78998
2902401,Aurelino Leal - BA,BA,11179.0,102.0,0.9,745.63,85.06329,55.26582,83.59494
2902500,Baianópolis - BA,BA,13614.0,62.0,0.5,700.24,78.80435,0.24909,34.465579999999996
2902609,Baixa Grande - BA,BA,18220.0,336.0,1.8,708.86,63.92912,34.93066,68.38212
2902658,Banzaê - BA,BA,11958.0,95.0,0.8,707.64,74.02795,3.3291,85.03177
2902708,Barra - BA,BA,51092.0,340.0,0.7,621.14,67.9633,31.7007,61.38537
2902807,Barra da Estiva - BA,BA,26026.0,220.0,0.8,796.07,75.74424,48.36094,63.81327
2902906,Barra do Choça - BA,BA,36539.0,386.0,1.1,784.48,78.84176,20.72594,87.34094
2903003,Barra do Mendes - BA,BA,13836.0,97.0,0.7,879.61,64.80967,0.31721,62.827130000000004
2903102,Barra do Rocha - BA,BA,5775.0,26.0,0.5,810.44,63.24148,53.05932,70.24754999999999
2903201,Barreiras - BA,BA,159734.0,1409.0,0.9,1339.99,93.97307,75.66782,94.32261000000001
2903235,Barro Alto - BA,BA,13453.0,164.0,1.2,708.95,64.32182,1.0952,62.994949999999996
2903276,Barrocas - BA,BA,15203.0,85.0,0.6,762.9,85.1219,30.31292,93.66480999999999
2903300,Barro Preto - BA,BA,5833.0,41.0,0.7,860.67,85.14719,80.99911,80.28546
2903409,Belmonte - BA,BA,20121.0,291.0,1.4,837.51,66.0146,52.37636,81.60904
2903508,Belo Campo - BA,BA,18412.0,192.0,1.0,746.56,38.01289,1.28911,56.59487
2903607,Biritinga - BA,BA,15146.0,86.0,0.6,680.46,77.54759,20.69802,44.60619
2903706,Boa Nova - BA,BA,13690.0,141.0,1.0,705.02,69.39509,31.68359,61.37902
2903805,Boa Vista do Tupim - BA,BA,16873.0,97.0,0.6,618.24,68.50633,4.86076,65.90717
2903904,Bom Jesus da Lapa - BA,BA,65550.0,591.0,0.9,916.66,78.58747,48.65007,73.28331999999999
2903953,Bom Jesus da Serra - BA,BA,9730.0,45.0,0.5,655.08,40.53628,0.15773,39.33754
2904001,Boninal - BA,BA,13622.0,104.0,0.8,761.38,97.41876,0.96796,53.514630000000004
2904050,Bonito - BA,BA,15844.0,172.0,1.1,704.84,88.30593,1.01607,87.9734
2904100,Boquira - BA,BA,19322.0,129.0,0.7,675.66,48.94541,4.31141,47.36352
2904209,Botuporã - BA,BA,11024.0,76.0,0.7,709.0,67.72065,31.83943,53.53313
2904308,Brejões - BA,BA,12943.0,58.0,0.4,708.98,70.70643,29.25127,73.41371000000001
2904407,Brejolândia - BA,BA,9108.0,24.0,0.3,739.06,48.4953,0.25078,36.175549999999994
2904506,Brotas de Macaúbas - BA,BA,11765.0,63.0,0.5,729.3,67.89746,19.92004,62.62935
2904605,Brumado - BA,BA,70510.0,760.0,1.1,1024.01,79.98777,61.42246,77.89688
2904704,Buerarema - BA,BA,14804.0,180.0,1.2,880.8,79.9965,71.32366,87.32296000000001
2904753,Buritirama - BA,BA,19589.0,303.0,1.5,511.72,47.23729,6.62712,43.47458
2904803,Caatiba - BA,BA,6205.0,54.0,0.9,779.57,69.6092,69.33333,74.06896
2904852,Cabaceiras do Paraguaçu - BA,BA,16559.0,61.0,0.4,631.12,82.20127,6.63845,54.93554
2904902,Cachoeira - BA,BA,29250.0,261.0,0.9,913.46,69.08005,52.63109,81.6197
2905008,Caculé - BA,BA,22462.0,199.0,0.9,1019.26,90.31557,17.05634,70.60177
2905107,Caém - BA,BA,10384.0,139.0,1.3,806.57,74.3266,14.0853,68.32211
2905156,Caetanos - BA,BA,11266.0,82.0,0.7,696.7,30.80065,14.35185,32.979299999999995
2905206,Caetité - BA,BA,52012.0,508.0,1.0,989.14,71.42857,36.01992,64.88567
2905305,Cafarnaum - BA,BA,17466.0,197.0,1.1,661.74,77.51978,4.90196,76.62539
2905404,Cairu - BA,BA,17761.0,237.0,1.3,995.96,84.46587,35.93511,95.79123999999999
2905503,Caldeirão Grande - BA,BA,13080.0,123.0,0.9,620.16,90.25641,15.61772,69.74359
2905602,Camacan - BA,BA,22579.0,185.0,0.8,956.88,82.27558,70.2944,89.24951
2905701,Camaçari - BA,BA,300372.0,3655.0,1.2,1177.89,95.22138,68.02034,96.02266999999999
2905800,Camamu - BA,BA,30469.0,390.0,1.3,760.25,63.74006,35.9724,73.24834
2905909,Campo Alegre de Lourdes - BA,BA,30671.0,542.0,1.8,658.13,26.28554,0.43595,26.06757
2906006,Campo Formoso - BA,BA,71377.0,810.0,1.1,749.39,67.7523,14.36571,71.51974
2906105,Canápolis - BA,BA,10225.0,58.0,0.6,628.47,58.93559,28.36408,50.80133
2906204,Canarana - BA,BA,24206.0,306.0,1.3,634.87,85.53709,2.32418,74.12089999999999
2906303,Canavieiras - BA,BA,32683.0,500.0,1.5,832.49,65.97496,52.63379,80.03865
2906402,Candeal - BA,BA,7772.0,65.0,0.8,735.08,66.22206,0.39654,64.7801
2906501,Candeias - BA,BA,72382.0,702.0,1.0,845.21,95.99486,73.49193,93.75591
2906600,Candiba - BA,BA,13016.0,91.0,0.7,751.74,67.6267,0.78142,60.59388
2906709,Cândido Sales - BA,BA,25247.0,280.0,1.1,733.66,77.1766,7.41282,76.54668
2906808,Cansanção - BA,BA,37439.0,371.0,1.0,669.08,71.34898,31.98619,58.471320000000006
2906824,Canudos - BA,BA,16105.0,164.0,1.0,711.38,69.31693,25.10099,67.62761
2906857,Capela do Alto Alegre - BA,BA,10744.0,114.0,1.1,809.2,81.99118,39.56835,82.10722
2906873,Capim Grosso - BA,BA,33235.0,728.0,2.2,850.17,93.90046,11.78432,88.51659
2906899,Caraíbas - BA,BA,9940.0,45.0,0.5,737.4,36.69565,6.78261,33.62319
2906907,Caravelas - BA,BA,20580.0,176.0,0.9,896.46,79.34331,29.73123,80.88113
2907004,Cardeal da Silva - BA,BA,8365.0,65.0,0.8,629.76,76.21239,4.31858,78.93805
2907103,Carinhanha - BA,BA,28869.0,437.0,1.5,671.34,72.67842,32.67412,65.65993
2907202,Casa Nova - BA,BA,72086.0,702.0,1.0,685.09,63.8686,36.81917,64.33423
2907301,Castro Alves - BA,BA,24712.0,118.0,0.5,819.29,89.16839,60.42959,65.82817
2907400,Catolândia - BA,BA,3434.0,27.0,0.8,750.89,65.27159,2.04809,39.71505
2907509,Catu - BA,BA,48148.0,424.0,0.9,952.59,90.0896,73.08785,89.40669
2907558,Caturama - BA,BA,8841.0,50.0,0.6,653.61,61.45937,21.59204,44.24544
2907608,Central - BA,BA,16348.0,118.0,0.7,735.38,92.96193,0.94307,82.36116
2907707,Chorrochó - BA,BA,10579.0,90.0,0.8,660.51,62.00996,31.92284,51.77349
2907806,Cícero Dantas - BA,BA,30907.0,318.0,1.0,845.53,82.53941,52.06477,81.10006
2907905,Cipó - BA,BA,17230.0,128.0,0.7,831.75,82.05218,1.52338,77.65715
2908002,Coaraci - BA,BA,17333.0,181.0,1.0,846.49,86.56358,85.33253,92.31346
2908101,Cocos - BA,BA,19151.0,120.0,0.6,722.49,65.90945,1.27085,56.61636
2908200,Conceição da Feira - BA,BA,20800.0,102.0,0.5,770.78,86.7543,8.78232,87.15874000000001
2908309,Conceição do Almeida - BA,BA,15794.0,153.0,1.0,864.35,58.93106,11.26393,70.69986
2908408,Conceição do Coité - BA,BA,67825.0,606.0,0.9,854.96,83.96188,33.12793,87.77422
2908507,Conceição do Jacuípe - BA,BA,35308.0,353.0,1.0,1009.81,51.73275,6.08024,95.99594
2908606,Conde - BA,BA,23654.0,135.0,0.6,674.79,67.90365,16.22396,76.1849
2908705,Condeúba - BA,BA,17053.0,79.0,0.5,801.3,74.80851,5.14043,49.07234
2908804,Contendas do Sincorá - BA,BA,4333.0,23.0,0.5,781.32,67.85244,0.79051,67.65481
2908903,Coração de Maria - BA,BA,26692.0,104.0,0.4,850.84,42.74519,2.63099,49.76489
2909000,Cordeiros - BA,BA,7546.0,35.0,0.5,816.33,70.44335,4.92611,46.15385
2909109,Coribe - BA,BA,13990.0,107.0,0.8,757.51,81.70878,0.58163,66.14520999999999
2909208,Coronel João Sá - BA,BA,17056.0,169.0,1.0,704.02,57.10256,35.09791,60.42151
2909307,Correntina - BA,BA,32457.0,270.0,0.8,930.61,67.4233,8.71608,61.36726
2909406,Cotegipe - BA,BA,13063.0,198.0,1.5,621.91,66.87826,0.31739,55.92836
2909505,Cravolândia - BA,BA,4415.0,19.0,0.4,723.17,80.85238,61.33416,83.32303999999999
2909604,Crisópolis - BA,BA,19729.0,128.0,0.6,673.53,76.94318,1.62333,68.59266000000001
2909703,Cristópolis - BA,BA,13993.0,64.0,0.5,778.03,76.25668,0.34225,49.71122999999999
2909802,Cruz das Almas - BA,BA,60348.0,760.0,1.3,1167.93,86.52766,55.09528,92.49746999999999
2909901,Curaçá - BA,BA,34180.0,321.0,0.9,646.06,77.24199,36.21886,59.77758
2910008,Dário Meira - BA,BA,10820.0,145.0,1.3,730.32,66.04271,52.33325,69.25916000000001
2910057,Dias d'Ávila - BA,BA,71485.0,609.0,0.9,901.27,92.1979,57.13678,91.30048000000001
2910107,Dom Basílio - BA,BA,11884.0,48.0,0.4,760.0,64.72766,3.33157,66.18191
2910206,Dom Macedo Costa - BA,BA,4407.0,48.0,1.1,764.82,76.63209,7.01647,64.18548
2910305,Elísio Medrado - BA,BA,7808.0,103.0,1.3,744.89,73.80952,0.60362,77.46479
2910404,Encruzilhada - BA,BA,19107.0,218.0,1.1,611.21,65.20775,44.13722,68.74169
2910503,Entre Rios - BA,BA,38098.0,454.0,1.2,828.08,73.63803,9.69653,84.92139
2910602,Esplanada - BA,BA,32554.0,288.0,0.9,760.79,79.18514,1.57982,86.40059
2910701,Euclides da Cunha - BA,BA,61456.0,1053.0,1.7,819.62,74.98619,20.59853,83.00645
2910727,Eunápolis - BA,BA,113710.0,1414.0,1.2,1253.64,85.72671,30.02296,94.36752
2910750,Fátima - BA,BA,17895.0,177.0,1.0,718.87,90.42788,42.6702,89.33981
2910776,Feira da Mata - BA,BA,5631.0,44.0,0.8,731.17,70.44534,0.20243,62.04453
2910800,Feira de Santana - BA,BA,616272.0,6555.0,1.1,1209.69,89.33174,64.62598,96.06303
2910859,Filadélfia - BA,BA,17897.0,204.0,1.1,690.18,82.02469,23.19342,76.47736
2910909,Firmino Alves - BA,BA,4873.0,21.0,0.4,829.88,95.33333,83.44444,93.16667
2911006,Floresta Azul - BA,BA,11059.0,76.0,0.7,817.95,78.92284,69.21284,76.77369
2911105,Formosa do Rio Preto - BA,BA,25899.0,305.0,1.2,860.52,71.5092,7.5092,76.99386
2911204,Gandu - BA,BA,32178.0,351.0,1.1,910.6,80.39166,67.87695,85.86317
2911253,Gavião - BA,BA,4360.0,16.0,0.4,878.17,74.15663,4.51807,68.25301999999999
2911303,Gentio do Ouro - BA,BA,10884.0,106.0,1.0,715.0,72.93892,16.0504,56.4229
2911402,Glória - BA,BA,15524.0,142.0,0.9,722.37,74.44527,23.26183,82.78476
2911501,Gongogi - BA,BA,5555.0,31.0,0.6,733.31,73.16213,70.19134,86.6566
2911600,Governador Mangabeira - BA,BA,20605.0,212.0,1.0,814.42,67.64286,1.18571,64.44284999999999
2911659,Guajeru - BA,BA,8050.0,34.0,0.4,803.95,58.98917,0.43321,31.371840000000002
2911709,Guanambi - BA,BA,87817.0,601.0,0.7,1201.16,85.87511,60.42332,83.60051
2911808,Guaratinga - BA,BA,19049.0,115.0,0.6,822.2,65.43346,52.7333,67.57317
2911857,Heliópolis - BA,BA,12309.0,121.0,1.0,748.53,68.00625,10.33713,73.52088
2911907,Iaçu - BA,BA,24607.0,175.0,0.7,765.53,83.12236,35.40973,81.35687
2912004,Ibiassucê - BA,BA,10429.0,21.0,0.2,917.13,62.56018,0.50977,63.83461
2912103,Ibicaraí - BA,BA,21665.0,195.0,0.9,1006.71,94.49321,69.19562,93.50727
2912202,Ibicoara - BA,BA,20785.0,101.0,0.5,808.75,56.53643,18.46357,92.77319999999999
2912301,Ibicuí - BA,BA,13934.0,108.0,0.8,914.5,81.12533,68.91231,81.87806
2912400,Ibipeba - BA,BA,16603.0,155.0,0.9,713.13,84.46468,1.03111,77.31568999999999
2912509,Ibipitanga - BA,BA,13863.0,216.0,1.6,783.29,58.2755,1.17771,52.891690000000004
2912608,Ibiquera - BA,BA,3725.0,22.0,0.6,655.52,77.60498,4.89891,68.66252
2912707,Ibirapitanga - BA,BA,25344.0,276.0,1.1,671.17,60.30626,50.18543,63.16545
2912806,Ibirapuã - BA,BA,8896.0,34.0,0.4,1036.38,62.16216,50.45045,73.74961
2912905,Ibirataia - BA,BA,18792.0,203.0,1.1,784.17,76.34891,68.46521,82.38102
2913002,Ibitiara - BA,BA,14637.0,128.0,0.9,771.57,67.91192,8.29729,45.26151
2913101,Ibititá - BA,BA,16969.0,175.0,1.0,699.28,95.28569,2.09895,87.62286
2913200,Ibotirama - BA,BA,26309.0,263.0,1.0,804.43,85.49251,64.93932,80.78059
2913309,Ichu - BA,BA,6190.0,43.0,0.7,889.43,89.36954,4.18776,90.33594000000001
2913408,Igaporã - BA,BA,15527.0,92.0,0.6,811.64,80.35203,44.45354,56.65166
2913457,Igrapiúna - BA,BA,13151.0,125.0,0.9,726.44,50.0446,23.68421,55.619980000000005
2913507,Iguaí - BA,BA,21491.0,274.0,1.3,794.87,65.6647,60.11822,70.75839
2913606,Ilhéus - BA,BA,178649.0,2293.0,1.3,1298.64,82.3987,65.3756,89.65849
2913705,Inhambupe - BA,BA,33790.0,414.0,1.2,739.71,83.26201,35.12179,68.84464
2913804,Ipecaetá - BA,BA,13709.0,167.0,1.2,518.63,67.28425,2.85227,39.12726
2913903,Ipiaú - BA,BA,40706.0,360.0,0.9,970.31,90.52078,78.68355,94.28687000000001
2914000,Ipirá - BA,BA,56876.0,469.0,0.8,765.59,72.44662,53.63152,70.23142
2914109,Ipupiara - BA,BA,9935.0,84.0,0.8,779.19,83.38496,43.42439,75.4717
2914208,Irajuba - BA,BA,6101.0,104.0,1.7,772.34,66.8188,0.91283,80.28298
2914307,Iramaia - BA,BA,10752.0,50.0,0.5,668.6,57.70901,4.37025,55.67318
2914406,Iraquara - BA,BA,23879.0,287.0,1.2,681.79,84.92512,2.56568,61.28161
2914505,Irará - BA,BA,28043.0,222.0,0.8,858.51,71.60531,1.34782,56.20599
2914604,Irecê - BA,BA,74507.0,769.0,1.0,1188.07,98.95316,28.90351,98.79537
2914653,Itabela - BA,BA,28165.0,190.0,0.7,910.41,80.55094,4.77131,88.12889
2914703,Itaberaba - BA,BA,65073.0,601.0,0.9,1013.18,90.63098,70.54844,86.84423
2914802,Itabuna - BA,BA,186708.0,2372.0,1.3,1292.99,93.46313,84.01356,94.42335999999999
2914901,Itacaré - BA,BA,27704.0,320.0,1.2,1013.93,61.75101,48.61336,75.04048
2915007,Itaeté - BA,BA,13472.0,77.0,0.6,688.07,73.23633,21.93563,76.82981000000001
2915106,Itagi - BA,BA,13803.0,93.0,0.7,682.87,76.69819,61.43594,77.25709
2915205,Itagibá - BA,BA,15310.0,165.0,1.1,934.69,77.98199,66.53189,83.33027000000001
2915304,Itagimirim - BA,BA,6347.0,72.0,1.1,888.0,81.44989,77.05757,85.37314
2915353,Itaguaçu da Bahia - BA,BA,12311.0,41.0,0.3,658.64,61.35029,6.409,58.75734
2915403,Itaju do Colônia - BA,BA,6037.0,36.0,0.6,793.34,81.05413,79.05983,82.66857
2915502,Itajuípe - BA,BA,18781.0,80.0,0.4,829.36,89.09844,66.26661,90.61295
2915601,Itamaraju - BA,BA,59605.0,622.0,1.0,997.27,82.63669,75.19658,85.19336
2915700,Itamari - BA,BA,7051.0,54.0,0.8,782.5,74.05088,37.02544,78.23875000000001
2915809,Itambé - BA,BA,24394.0,385.0,1.6,812.81,83.51051,80.24722,83.58467
2915908,Itanagra - BA,BA,5914.0,32.0,0.5,658.79,75.39874,7.8782,81.77864
2916005,Itanhém - BA,BA,17813.0,91.0,0.5,951.09,72.21569,68.58654,79.10667000000001
2916104,Itaparica - BA,BA,19789.0,339.0,1.7,857.63,94.28881,52.23982,90.47232
2916203,Itapé - BA,BA,10341.0,94.0,0.9,833.82,85.16824,73.51279,84.81831
2916302,Itapebi - BA,BA,9174.0,70.0,0.8,811.95,72.59819,1.571,84.4713
2916401,Itapetinga - BA,BA,65897.0,672.0,1.0,982.63,96.6747,94.02693,95.76856
2916500,Itapicuru - BA,BA,31679.0,250.0,0.8,662.46,80.19575,23.46354,61.767039999999994
2916609,Itapitanga - BA,BA,10279.0,42.0,0.4,655.6,82.59577,82.92602,81.01057
2916708,Itaquara - BA,BA,8153.0,59.0,0.7,636.45,77.62162,52.75676,75.24325
2916807,Itarantim - BA,BA,17052.0,230.0,1.4,823.97,82.86624,79.61783,85.06370000000001
2916856,Itatim - BA,BA,15737.0,105.0,0.7,715.27,94.8755,1.93071,78.79827
2916906,Itiruçu - BA,BA,10999.0,111.0,1.0,833.85,85.4518,39.79361,88.17013999999999
2917003,Itiúba - BA,BA,33872.0,286.0,0.8,702.63,61.46895,25.02694,56.876400000000004
2917102,Itororó - BA,BA,16617.0,117.0,0.7,900.14,92.31884,86.07085,91.93237
2917201,Ituaçu - BA,BA,17914.0,171.0,1.0,774.57,60.92715,6.91326,49.1843
2917300,Ituberá - BA,BA,21902.0,219.0,1.0,826.22,67.5084,47.50591,82.73418
2917334,Iuiu - BA,BA,11118.0,66.0,0.6,634.79,77.94916,44.13025,71.97943
2917359,Jaborandi - BA,BA,9275.0,102.0,1.1,648.51,77.34111,32.54529,59.68683
2917409,Jacaraci - BA,BA,14436.0,215.0,1.5,842.61,91.39102,16.51698,44.42497
2917508,Jacobina - BA,BA,82590.0,931.0,1.1,1083.02,90.86291,58.99311,93.78781000000001
2917607,Jaguaquara - BA,BA,45964.0,525.0,1.1,791.77,83.78888,45.60478,87.40182
2917706,Jaguarari - BA,BA,32703.0,396.0,1.2,882.99,78.45881,59.61555,78.30706
2917805,Jaguaripe - BA,BA,17659.0,104.0,0.6,627.54,57.41379,6.42633,56.95925
2917904,Jandaíra - BA,BA,9285.0,60.0,0.6,657.5,76.18587,2.48467,82.7041
2918001,Jequié - BA,BA,158813.0,2051.0,1.3,1013.69,92.12514,83.38778,93.15358
2918100,Jeremoabo - BA,BA,37626.0,208.0,0.6,764.11,72.78761,34.30678,70.60472
2918209,Jiquiriçá - BA,BA,13629.0,95.0,0.7,750.18,49.25187,31.56692,56.753949999999996
2918308,Jitaúna - BA,BA,14355.0,108.0,0.8,770.22,63.32748,48.56473,75.61023
2918357,João Dourado - BA,BA,24854.0,189.0,0.8,751.74,91.10303,1.90303,91.52727
2918407,Juazeiro - BA,BA,237821.0,2496.0,1.0,1047.97,94.83881,78.09411,89.4594
2918456,Jucuruçu - BA,BA,9655.0,96.0,1.0,827.44,39.09688,35.12432,56.98771
2918506,Jussara - BA,BA,16354.0,161.0,1.0,656.54,86.45683,0.82734,73.74101
2918555,Jussari - BA,BA,5888.0,55.0,0.9,788.28,86.875,66.77885,84.80770000000001
2918605,Jussiape - BA,BA,7379.0,33.0,0.5,757.64,75.91788,17.72602,45.20332
2918704,Lafaiete Coutinho - BA,BA,4075.0,18.0,0.5,794.63,60.57392,51.27885,84.09232999999999
2918753,Lagoa Real - BA,BA,14105.0,111.0,0.8,635.69,67.34507,0.25154,31.831699999999998
2918803,Laje - BA,BA,21052.0,298.0,1.4,672.28,45.44729,21.62701,50.39214
2918902,Lajedão - BA,BA,3845.0,35.0,0.9,939.41,73.41857,25.43742,75.70659
2919009,Lajedinho - BA,BA,3527.0,35.0,1.0,672.38,69.82759,29.31034,54.62383
2919058,Lajedo do Tabocal - BA,BA,7494.0,50.0,0.7,772.77,65.34799,0.54945,84.06593
2919108,Lamarão - BA,BA,9015.0,58.0,0.6,697.73,88.8534,16.64005,38.45417
2919157,Lapão - BA,BA,25736.0,419.0,1.6,703.21,94.61318,16.79083,84.61891
2919207,Lauro de Freitas - BA,BA,203331.0,2310.0,1.1,1879.69,97.73977,72.82675,99.17797
2919306,Lençóis - BA,BA,10774.0,111.0,1.0,1042.72,87.90508,47.51212,84.66444999999999
2919405,Licínio de Almeida - BA,BA,11834.0,137.0,1.2,846.36,76.43249,1.09616,58.146480000000004
2919504,Livramento de Nossa Senhora - BA,BA,43903.0,366.0,0.8,884.92,71.36642,33.73895,64.18763
2919553,Luís Eduardo Magalhães - BA,BA,107909.0,701.0,0.6,1644.88,92.05052,65.2028,99.04243000000001
2919603,Macajuba - BA,BA,10454.0,116.0,1.1,673.31,70.72919,39.19093,66.65808
2919702,Macarani - BA,BA,21599.0,100.0,0.5,667.69,85.30184,83.36787,83.78229
2919801,Macaúbas - BA,BA,41859.0,359.0,0.9,799.52,82.92977,27.02549,55.0664
2919900,Macururé - BA,BA,7256.0,98.0,1.3,659.19,69.95074,35.55008,31.321830000000002
2919926,Madre de Deus - BA,BA,18504.0,176.0,1.0,1046.58,99.57183,91.5547,99.5423
2919959,Maetinga - BA,BA,6973.0,15.0,0.2,748.52,61.04961,38.37638,50.0205
2920007,Maiquinique - BA,BA,8731.0,52.0,0.6,859.88,79.10495,73.17996,82.76079999999999
2920106,Mairi - BA,BA,17674.0,170.0,1.0,708.57,66.63008,48.09472,77.41885
2920205,Malhada - BA,BA,15398.0,99.0,0.6,586.1,59.86281,0.60279,66.51423
2920304,Malhada de Pedras - BA,BA,8670.0,53.0,0.6,743.95,48.14319,12.2449,42.25494
2920403,Manoel Vitorino - BA,BA,13860.0,216.0,1.6,672.33,57.82383,0.47668,57.59585
2920452,Mansidão - BA,BA,13919.0,74.0,0.5,611.87,61.78611,0.30795,43.1411
2920502,Maracás - BA,BA,27620.0,230.0,0.8,858.28,54.98998,2.44489,79.95992
2920601,Maragogipe - BA,BA,35859.0,488.0,1.4,649.73,64.73404,42.87038,66.77217
2920700,Maraú - BA,BA,24527.0,368.0,1.5,1029.95,22.14452,9.24242,70.9324
2920809,Marcionílio Souza - BA,BA,9267.0,108.0,1.2,762.8,74.99229,0.40086,74.52976000000001
2920908,Mascote - BA,BA,13544.0,113.0,0.8,677.4,84.24015,57.34834,86.47071000000001
2921005,Mata de São João - BA,BA,42566.0,477.0,1.1,894.54,89.76835,47.73246,94.10115
2921054,Matina - BA,BA,10330.0,58.0,0.6,731.93,45.17028,0.18576,43.37462
2921104,Medeiros Neto - BA,BA,22194.0,148.0,0.7,928.63,84.22668,48.79575,86.96575999999999
2921203,Miguel Calmon - BA,BA,24661.0,217.0,0.9,738.57,87.45427,44.07144,74.44588
2921302,Milagres - BA,BA,11071.0,83.0,0.7,752.9,90.76769,3.0858,81.76116
2921401,Mirangaba - BA,BA,15734.0,66.0,0.4,610.87,68.90244,18.48996,82.85509
2921450,Mirante - BA,BA,10187.0,262.0,2.6,627.62,28.53828,14.47216,33.35267
2921500,Monte Santo - BA,BA,47780.0,439.0,0.9,644.1,41.72777,4.12725,50.76277
2921609,Morpará - BA,BA,7996.0,150.0,1.9,615.4,67.49819,30.33261,61.82213
2921708,Morro do Chapéu - BA,BA,33594.0,365.0,1.1,858.19,69.28127,40.08584,79.11968
2921807,Mortugaba - BA,BA,11143.0,81.0,0.7,704.83,65.68602,4.84249,56.10518
2921906,Mucugê - BA,BA,12137.0,52.0,0.4,1009.75,63.86654,34.47705,70.65783
2922003,Mucuri - BA,BA,37977.0,406.0,1.1,1134.46,50.08224,36.33373,89.4363
2922052,Mulungu do Morro - BA,BA,13152.0,91.0,0.7,619.03,70.83518,0.62195,68.10307
2922102,Mundo Novo - BA,BA,17305.0,119.0,0.7,747.97,73.57465,23.93972,79.85086
2922201,Muniz Ferreira - BA,BA,7190.0,10.0,0.1,816.8,61.42187,27.42692,82.53339
2922250,Muquém do São Francisco - BA,BA,10443.0,82.0,0.8,658.83,73.33729,9.53088,54.72089999999999
2922300,Muritiba - BA,BA,28707.0,274.0,1.0,936.11,89.97097,43.4491,90.54149
2922409,Mutuípe - BA,BA,20037.0,223.0,1.1,713.0,54.90617,46.9437,56.662200000000006
2922508,Nazaré - BA,BA,27060.0,290.0,1.1,829.76,80.25471,53.44966,82.10991
2922607,Nilo Peçanha - BA,BA,12063.0,156.0,1.3,700.48,62.37185,21.48183,64.84157
2922656,Nordestina - BA,BA,18523.0,115.0,0.6,571.72,57.64994,1.76604,44.16856
2922706,Nova Canaã - BA,BA,13715.0,148.0,1.1,828.75,56.97698,48.64865,67.08709
2922730,Nova Fátima - BA,BA,7967.0,44.0,0.6,865.88,91.18611,69.56094,88.23722000000001
2922755,Nova Ibiá - BA,BA,6501.0,83.0,1.3,776.2,44.93961,46.89713,53.977509999999995
2922805,Nova Itarana - BA,BA,7780.0,45.0,0.6,639.57,78.98496,2.36842,79.66166
2922854,Nova Redenção - BA,BA,7538.0,89.0,1.2,678.6,91.15646,2.41875,67.42253
2922904,Nova Soure - BA,BA,24236.0,215.0,0.9,676.56,76.32033,1.57634,69.45116
2923001,Nova Viçosa - BA,BA,39509.0,478.0,1.2,905.71,58.49967,19.13431,91.1969
2923035,Novo Horizonte - BA,BA,11162.0,31.0,0.3,637.13,90.51633,0.13172,45.705999999999996
2923050,Novo Triunfo - BA,BA,10660.0,66.0,0.6,657.33,85.37707,65.11343,71.30595
2923100,Olindina - BA,BA,22633.0,264.0,1.2,659.41,89.20379,46.90765,78.35956
2923209,Oliveira dos Brejinhos - BA,BA,20715.0,327.0,1.6,719.07,80.75697,5.94954,61.288180000000004
2923308,Ouriçangas - BA,BA,7716.0,6.0,0.1,721.96,74.3083,12.00144,71.4337
2923357,Ourolândia - BA,BA,19243.0,123.0,0.6,583.09,54.14754,15.67213,83.59017
2923407,Palmas de Monte Alto - BA,BA,20078.0,180.0,0.9,776.26,46.27196,0.78252,53.41798
2923506,Palmeiras - BA,BA,10339.0,91.0,0.9,932.17,64.1147,31.23608,74.55456
2923605,Paramirim - BA,BA,20351.0,98.0,0.5,985.08,89.18959,27.832,69.56522
2923704,Paratinga - BA,BA,29252.0,242.0,0.8,652.63,46.70293,1.08792,40.88588
2923803,Paripiranga - BA,BA,26604.0,226.0,0.8,777.04,64.7144,21.70944,68.09809
2923902,Pau Brasil - BA,BA,9370.0,118.0,1.3,791.71,71.12933,64.14693,69.64177000000001
2924009,Paulo Afonso - BA,BA,112870.0,1581.0,1.4,1059.84,87.20144,82.44519,93.54397
2924058,Pé de Serra - BA,BA,13243.0,52.0,0.4,757.86,67.19967,13.81714,70.82821
2924108,Pedrão - BA,BA,6235.0,45.0,0.7,706.81,80.06645,5.03085,55.10204
2924207,Pedro Alexandre - BA,BA,13954.0,94.0,0.7,609.45,39.62264,7.48357,45.21942
2924306,Piatã - BA,BA,20086.0,111.0,0.6,790.79,57.228,3.49939,61.78178
2924405,Pilão Arcado - BA,BA,35357.0,241.0,0.7,514.71,43.14877,19.07159,41.09806
2924504,Pindaí - BA,BA,14731.0,73.0,0.5,780.64,38.12276,0.37864,38.54125
2924603,Pindobaçu - BA,BA,19083.0,248.0,1.3,693.36,73.57597,35.59698,86.66962000000001
2924652,Pintadas - BA,BA,10325.0,113.0,1.1,819.37,66.76949,47.95289,73.52776
2924678,Piraí do Norte - BA,BA,10974.0,150.0,1.4,576.78,44.90367,30.01865,51.33623
2924702,Piripá - BA,BA,9152.0,113.0,1.2,716.89,65.02766,4.60971,62.354029999999995
2924801,Piritiba - BA,BA,17566.0,188.0,1.1,741.19,83.61453,36.20611,83.47773000000001
2924900,Planaltino - BA,BA,8022.0,61.0,0.8,696.59,68.72005,0.8898,72.86106000000001
2925006,Planalto - BA,BA,23334.0,183.0,0.8,768.89,68.73572,0.42103,79.2614
2925105,Poções - BA,BA,48293.0,611.0,1.3,793.11,82.8995,67.55411,81.36970000000001
2925204,Pojuca - BA,BA,32136.0,511.0,1.6,981.96,85.65397,80.02195,94.38487
2925253,Ponto Novo - BA,BA,17938.0,261.0,1.5,629.55,87.33735,3.14186,79.86353
2925303,Porto Seguro - BA,BA,168326.0,1854.0,1.1,1293.05,65.68715,59.36348,91.63927
2925402,Potiraguá - BA,BA,10274.0,79.0,0.8,857.35,87.06587,76.1976,90.80838
2925501,Prado - BA,BA,35003.0,464.0,1.3,985.7,60.62772,5.61465,71.15083
2925600,Presidente Dutra - BA,BA,15130.0,86.0,0.6,752.48,96.4451,1.77745,91.409
2925709,Presidente Jânio Quadros - BA,BA,12621.0,151.0,1.2,670.52,41.72499,18.62723,42.966809999999995
2925758,Presidente Tancredo Neves - BA,BA,27734.0,347.0,1.3,813.19,54.89028,27.37722,59.2372
2925808,Queimadas - BA,BA,25988.0,170.0,0.7,662.08,66.66298,33.54739,69.66342
2925907,Quijingue - BA,BA,25272.0,240.0,0.9,698.98,78.35498,8.20232,77.35247000000001
2925931,Quixabeira - BA,BA,9461.0,129.0,1.4,666.94,82.88089,0.47091,77.03601
2925956,Rafael Jambeiro - BA,BA,19662.0,149.0,0.8,562.9,62.34196,20.01806,57.23961
2926004,Remanso - BA,BA,40586.0,429.0,1.1,802.97,63.47754,54.24758,65.68193
2926103,Retirolândia - BA,BA,13651.0,103.0,0.8,765.41,83.01469,28.81868,88.14651
2926202,Riachão das Neves - BA,BA,21642.0,251.0,1.2,697.01,68.44308,0.78125,54.896770000000004
2926301,Riachão do Jacuípe - BA,BA,33386.0,202.0,0.6,934.18,86.11422,59.55047,83.05072
2926400,Riacho de Santana - BA,BA,30711.0,267.0,0.9,720.89,63.72636,0.7524,49.87625
2926509,Ribeira do Amparo - BA,BA,13841.0,42.0,0.3,643.57,82.18666,3.82457,45.39597
2926608,Ribeira do Pombal - BA,BA,54010.0,567.0,1.0,869.51,90.6025,23.52484,77.24188000000001
2926657,Ribeirão do Largo - BA,BA,9740.0,65.0,0.7,677.52,54.08102,23.97219,47.40025
2926707,Rio de Contas - BA,BA,13184.0,69.0,0.5,888.97,80.33363,29.17032,67.03247999999999
2926806,Rio do Antônio - BA,BA,13146.0,89.0,0.7,723.78,66.94179,24.21807,49.60903
2926905,Rio do Pires - BA,BA,10497.0,38.0,0.4,739.04,65.37254,5.22409,62.51784
2927002,Rio Real - BA,BA,35362.0,393.0,1.1,749.58,78.66129,3.0936,83.69333
2927101,Rodelas - BA,BA,10308.0,81.0,0.8,697.59,96.28009,71.05345,95.02969
2927200,Ruy Barbosa - BA,BA,28282.0,239.0,0.8,819.06,80.78176,63.50804,84.15754
2927309,Salinas da Margarida - BA,BA,14987.0,100.0,0.7,675.29,98.18011,23.09568,98.79925
2927408,Salvador - BA,BA,2417678.0,28915.0,1.2,1770.35,99.12537,94.97222,98.14182
2927507,Santa Bárbara - BA,BA,20952.0,221.0,1.1,722.28,71.83079,9.38058,68.60321
2927606,Santa Brígida - BA,BA,14965.0,248.0,1.7,578.63,49.46626,31.91003,49.02783
2927705,Santa Cruz Cabrália - BA,BA,29185.0,319.0,1.1,1012.34,68.46847,36.75484,82.81578999999999
2927804,Santa Cruz da Vitória - BA,BA,4681.0,50.0,1.1,739.82,90.48463,75.1182,86.52483000000001
2927903,Santa Inês - BA,BA,10300.0,89.0,0.9,883.2,89.86393,77.47848,95.94557
2928000,Santaluz - BA,BA,37834.0,459.0,1.2,750.53,73.65763,53.77646,80.61641999999999
2928059,Santa Luzia - BA,BA,13896.0,132.0,1.0,769.97,62.28126,51.6129,63.92578
2928109,Santa Maria da Vitória - BA,BA,38604.0,219.0,0.6,954.86,83.69303,19.85361,70.08753
2928208,Santana - BA,BA,24755.0,210.0,0.8,777.82,74.75289,5.26378,57.41336
2928307,Santanópolis - BA,BA,8716.0,37.0,0.4,741.39,65.01813,1.6815,66.69964
2928406,Santa Rita de Cássia - BA,BA,27390.0,150.0,0.5,771.05,62.50958,12.15373,65.75057
2928505,Santa Terezinha - BA,BA,10441.0,109.0,1.0,708.89,86.16995,9.24495,65.56192
2928604,Santo Amaro - BA,BA,56012.0,619.0,1.1,787.73,82.04731,58.39582,87.36394000000001
2928703,Santo Antônio de Jesus - BA,BA,103055.0,1225.0,1.2,1214.78,91.64161,73.58101,90.05463999999999
2928802,Santo Estêvão - BA,BA,52276.0,400.0,0.8,816.54,87.50072,19.25441,69.63065
2928901,São Desidério - BA,BA,32828.0,249.0,0.8,921.65,73.88889,1.10153,65.14368
2928950,São Domingos - BA,BA,8426.0,49.0,0.6,842.87,92.0807,73.68263,88.58776999999999
2929008,São Félix - BA,BA,11026.0,113.0,1.0,759.68,64.17303,60.58524,66.05598
2929057,São Félix do Coribe - BA,BA,15194.0,106.0,0.7,965.83,80.59192,4.04098,76.09562000000001
2929107,São Felipe - BA,BA,20283.0,198.0,1.0,792.48,50.46322,16.56676,77.50681
2929206,São Francisco do Conde - BA,BA,38733.0,390.0,1.0,794.44,95.39549,55.58252,96.79469
2929255,São Gabriel - BA,BA,18600.0,138.0,0.7,689.5,81.71322,1.77875,83.55437
2929305,São Gonçalo dos Campos - BA,BA,39513.0,278.0,0.7,898.41,82.19188,13.19755,85.24321
2929354,São José da Vitória - BA,BA,5315.0,50.0,0.9,764.56,83.84279,75.44881,83.60019
2929370,São José do Jacuípe - BA,BA,10187.0,62.0,0.6,711.0,83.96226,35.19392,81.18449
2929404,São Miguel das Matas - BA,BA,10334.0,23.0,0.2,871.05,52.77778,19.02516,41.92872
2929503,São Sebastião do Passé - BA,BA,40958.0,277.0,0.7,884.62,75.87916,56.64331,85.821
2929602,Sapeaçu - BA,BA,17963.0,128.0,0.7,796.57,81.50071,10.22495,74.84663
2929701,Sátiro Dias - BA,BA,16008.0,91.0,0.6,665.74,86.27624,24.69571,60.71618
2929750,Saubara - BA,BA,11438.0,62.0,0.5,728.12,96.54705,33.03995,95.50891
2929800,Saúde - BA,BA,10478.0,119.0,1.1,828.22,76.85115,29.46677,73.89437000000001
2929909,Seabra - BA,BA,46160.0,318.0,0.7,892.99,78.24555,3.08351,74.75301
2930006,Sebastião Laranjeiras - BA,BA,9360.0,84.0,0.9,723.55,78.47942,2.35627,58.87528
2930105,Senhor do Bonfim - BA,BA,74523.0,777.0,1.0,1035.85,95.83938,63.25339,91.32552
2930154,Serra do Ramalho - BA,BA,34222.0,244.0,0.7,748.4,89.47741,3.23636,38.3323
2930204,Sento Sé - BA,BA,38154.0,424.0,1.1,604.61,82.56708,37.18168,74.86754
2930303,Serra Dourada - BA,BA,17066.0,114.0,0.7,736.13,58.79959,0.96643,49.18616
2930402,Serra Preta - BA,BA,17996.0,84.0,0.5,726.76,58.25759,20.76831,69.52496000000001
2930501,Serrinha - BA,BA,80435.0,833.0,1.0,924.48,93.9674,57.42567,80.63891
2930600,Serrolândia - BA,BA,13335.0,49.0,0.4,814.99,94.69231,4.78846,86.75
2930709,Simões Filho - BA,BA,114559.0,1288.0,1.1,884.11,94.17794,71.9573,94.27521
2930758,Sítio do Mato - BA,BA,13408.0,79.0,0.6,626.52,87.11932,31.87718,55.167249999999996
2930766,Sítio do Quinto - BA,BA,14773.0,71.0,0.5,654.99,72.27104,32.12263,75.27826999999999
2930774,Sobradinho - BA,BA,25475.0,363.0,1.4,846.24,92.09391,83.69669,90.345
2930808,Souto Soares - BA,BA,17054.0,71.0,0.4,634.01,73.33217,0.73542,58.34355
2930907,Tabocas do Brejo Velho - BA,BA,11979.0,67.0,0.6,655.88,62.4394,0.22965,39.47436
2931004,Tanhaçu - BA,BA,21006.0,187.0,0.9,716.18,47.60602,19.08345,49.12449
2931053,Tanque Novo - BA,BA,17158.0,103.0,0.6,672.28,65.78182,4.25455,55.50908999999999
2931103,Tanquinho - BA,BA,7717.0,18.0,0.2,789.95,82.158,49.9422,83.04431
2931202,Taperoá - BA,BA,18044.0,250.0,1.4,725.65,59.71782,31.88015,60.58972
2931301,Tapiramutá - BA,BA,15818.0,113.0,0.7,638.16,80.06267,1.37094,81.49236
2931350,Teixeira de Freitas - BA,BA,145216.0,1570.0,1.1,1204.69,78.44184,76.11107,96.7335
2931400,Teodoro Sampaio - BA,BA,7110.0,48.0,0.7,773.05,85.19939,25.38344,84.12577
2931509,Teofilândia - BA,BA,21176.0,170.0,0.8,794.16,82.17338,26.00733,78.11694
2931608,Teolândia - BA,BA,15332.0,100.0,0.7,818.79,41.22492,25.36431,44.39282
2931707,Terra Nova - BA,BA,10798.0,83.0,0.8,797.69,84.30079,68.44327,90.81794000000001
2931806,Tremedal - BA,BA,16296.0,166.0,1.0,667.27,38.3713,10.0306,34.9711
2931905,Tucano - BA,BA,48736.0,331.0,0.7,798.18,73.30764,49.56577,79.91603
2932002,Uauá - BA,BA,24665.0,311.0,1.3,701.98,54.44139,13.67903,59.60394
2932101,Ubaíra - BA,BA,18626.0,113.0,0.6,759.87,54.31324,41.8771,63.55276
2932200,Ubaitaba - BA,BA,17596.0,130.0,0.7,979.4,88.72632,76.08193,92.90005
2932309,Ubatã - BA,BA,16094.0,196.0,1.2,768.37,85.46571,68.76493,89.57692999999999
2932408,Uibaí - BA,BA,13432.0,108.0,0.8,871.38,96.90193,1.23102,97.2302
2932457,Umburanas - BA,BA,13642.0,173.0,1.3,641.0,74.40357,22.14047,70.39019
2932507,Una - BA,BA,18131.0,188.0,1.0,926.31,67.54108,35.83165,76.17469
2932606,Urandi - BA,BA,15355.0,38.0,0.2,970.15,71.29503,10.39922,59.844210000000004
2932705,Uruçuca - BA,BA,21420.0,138.0,0.6,975.66,71.0667,58.61762,78.05499
2932804,Utinga - BA,BA,16277.0,290.0,1.8,743.48,82.97334,1.8056,84.99831
2932903,Valença - BA,BA,85655.0,1134.0,1.3,935.55,74.87767,60.85785,75.8501
2933000,Valente - BA,BA,24362.0,269.0,1.1,868.25,90.70845,56.27897,93.14720000000001
2933059,Várzea da Roça - BA,BA,13800.0,111.0,0.8,635.29,75.4522,16.89525,77.47963
2933109,Várzea do Poço - BA,BA,8101.0,138.0,1.7,759.52,81.80124,32.1118,84.56522
2933158,Várzea Nova - BA,BA,13377.0,146.0,1.1,676.06,79.97942,59.44444,79.58847
2933174,Varzedo - BA,BA,9913.0,60.0,0.6,679.67,57.20596,29.43125,60.57427
2933208,Vera Cruz - BA,BA,42529.0,421.0,1.0,953.76,96.57985,30.17101,90.42843
2933257,Vereda - BA,BA,6003.0,50.0,0.8,798.6,59.43187,40.61252,74.87794000000001
2933307,Vitória da Conquista - BA,BA,370879.0,3686.0,1.0,1310.93,90.523,80.87093,93.20348999999999
2933406,Wagner - BA,BA,9503.0,61.0,0.6,680.62,85.4878,0.79268,77.71341
2933455,Wanderley - BA,BA,12968.0,177.0,1.4,803.96,64.71418,3.24629,58.597970000000004
2933505,Wenceslau Guimarães - BA,BA,24474.0,448.0,1.8,602.2,46.03823,28.66418,53.973789999999994
2933604,Xique-Xique - BA,BA,44757.0,462.0,1.0,761.53,81.08868,20.61978,74.0108
3100104,Abadia dos Dourados - MG,MG,6272.0,34.0,0.5,1435.0,70.88019,70.45366,75.7658
3100203,Abaeté - MG,MG,22675.0,167.0,0.7,1439.09,87.66896,85.18724,91.6242
3100302,Abre Campo - MG,MG,13927.0,110.0,0.8,1100.72,62.5,53.47222,68.0147
3100401,Acaiaca - MG,MG,3909.0,29.0,0.7,1142.1,74.65163,42.33577,89.18381
3100500,Açucena - MG,MG,8943.0,67.0,0.7,890.65,43.31811,46.14916,58.7519
3100609,Água Boa - MG,MG,12589.0,112.0,0.9,872.39,53.90642,36.1764,55.02575
3100708,Água Comprida - MG,MG,2108.0,8.0,0.4,1631.86,73.23601,74.57421,89.65937
3100807,Aguanil - MG,MG,4357.0,35.0,0.8,1383.44,72.62639,73.48952,94.45129999999999
3100906,Águas Formosas - MG,MG,18448.0,103.0,0.6,991.23,77.31818,76.87879,78.57575
3101003,Águas Vermelhas - MG,MG,14037.0,65.0,0.5,783.82,88.14815,39.83274,81.55317000000001
3101102,Aimorés - MG,MG,25269.0,201.0,0.8,1341.42,82.78972,78.94074,82.55899000000001
3101201,Aiuruoca - MG,MG,6233.0,58.0,0.9,1650.78,47.23902,40.95123,87.62594999999999
3101300,Alagoa - MG,MG,2749.0,25.0,0.9,1327.04,66.79688,53.22266,85.15625
3101409,Albertina - MG,MG,2952.0,41.0,1.4,1222.92,70.43478,70.91787,95.07245999999999
3101508,Além Paraíba - MG,MG,30717.0,218.0,0.7,1372.25,95.23606,69.03866,97.77626000000001
3101607,Alfenas - MG,MG,78970.0,835.0,1.1,1745.37,94.14632,94.13602,98.29368
3101631,Alfredo Vasconcelos - MG,MG,6931.0,36.0,0.5,1133.93,75.0,69.43994,96.30682
3101706,Almenara - MG,MG,40364.0,511.0,1.3,1088.43,85.144,81.7667,83.74887000000001
3101805,Alpercata - MG,MG,6903.0,53.0,0.8,1077.73,74.22868,76.26134,83.84755
3101904,Alpinópolis - MG,MG,18300.0,221.0,1.2,1427.77,81.99879,82.68123,94.7528
3102001,Alterosa - MG,MG,13915.0,141.0,1.0,1244.79,76.11742,75.81439,88.88257
3102050,Alto Caparaó - MG,MG,5795.0,101.0,1.7,1118.1,81.61765,67.1875,92.73897
3102100,Alto Rio Doce - MG,MG,10891.0,103.0,0.9,945.93,59.27318,46.89223,67.14285
3102209,Alvarenga - MG,MG,3975.0,27.0,0.7,961.67,50.0,44.87678,79.31258
3102308,Alvinópolis - MG,MG,15059.0,159.0,1.1,1234.09,72.01359,71.44134,83.72676000000001
3102407,Alvorada de Minas - MG,MG,4159.0,57.0,1.4,798.24,47.29136,37.92094,67.42314
3102506,Amparo do Serra - MG,MG,4541.0,65.0,1.4,1119.78,65.12071,56.79797,78.52605
3102605,Andradas - MG,MG,40553.0,362.0,0.9,1827.75,78.59735,79.36927,96.43729
3102704,Cachoeira de Pajeú - MG,MG,9110.0,73.0,0.8,704.82,66.25683,48.56557,68.68169999999999
3102803,Andrelândia - MG,MG,11927.0,81.0,0.7,1272.14,83.35176,81.36193,85.6069
3102852,Angelândia - MG,MG,7718.0,93.0,1.2,978.9,65.97622,58.458,62.44725
3102902,Antônio Carlos - MG,MG,11095.0,58.0,0.5,1252.15,77.58409,64.71888,87.38031
3103009,Antônio Dias - MG,MG,9219.0,139.0,1.5,1006.48,51.55763,42.18069,76.57321
3103108,Antônio Prado de Minas - MG,MG,1538.0,8.0,0.5,1266.27,66.94491,73.45576,84.97496
3103207,Araçaí - MG,MG,2181.0,9.0,0.4,1095.05,86.19855,69.85472,90.43583000000001
3103306,Aracitaba - MG,MG,2049.0,17.0,0.8,1076.41,81.96721,83.13817,87.35363
3103405,Araçuaí - MG,MG,34297.0,233.0,0.7,1140.9,78.51986,54.74237,75.95176000000001
3103504,Araguari - MG,MG,117808.0,1118.0,0.9,1693.43,92.48451,91.81965,96.23091
3103603,Arantina - MG,MG,2915.0,17.0,0.6,1178.03,91.54676,88.75899,95.86331
3103702,Araponga - MG,MG,8048.0,53.0,0.7,835.2,44.79385,37.59609,72.15234
3103751,Araporã - MG,MG,8479.0,93.0,1.1,1606.42,94.92703,94.3016,97.63725
3103801,Arapuá - MG,MG,2631.0,28.0,1.1,1770.7,79.33014,78.08612,82.9665
3103900,Araújos - MG,MG,9199.0,76.0,0.8,1655.99,86.04651,83.24389,95.94514
3104007,Araxá - MG,MG,111691.0,1418.0,1.3,1896.33,96.46408,97.27491,98.93129
3104106,Arceburgo - MG,MG,9177.0,53.0,0.6,1387.12,90.05344,88.27197,98.33729
3104205,Arcos - MG,MG,41416.0,432.0,1.0,1485.29,95.66315,93.44491,98.20681
3104304,Areado - MG,MG,13881.0,195.0,1.4,1355.26,86.9659,87.4167,97.04037
3104403,Argirita - MG,MG,2688.0,21.0,0.8,1184.26,73.81423,78.75494,87.94466
3104452,Aricanduva - MG,MG,4719.0,45.0,1.0,936.92,59.48687,52.08831,52.14797
3104502,Arinos - MG,MG,17272.0,221.0,1.3,1080.02,69.28317,46.74019,70.4833
3104601,Astolfo Dutra - MG,MG,14138.0,171.0,1.2,1207.03,89.99421,86.18891,91.88719
3104700,Ataléia - MG,MG,13736.0,149.0,1.1,850.69,59.19563,50.70736,60.448660000000004
3104809,Augusto de Lima - MG,MG,4538.0,51.0,1.1,992.15,62.62449,8.26011,79.20327999999999
3104908,Baependi - MG,MG,18366.0,148.0,0.8,1268.97,79.94696,79.4902,86.66569
3105004,Baldim - MG,MG,7492.0,36.0,0.5,1121.88,80.30664,55.74106,84.32709
3105103,Bambuí - MG,MG,23546.0,199.0,0.8,1499.46,87.98082,87.86615,93.04701
3105202,Bandeira - MG,MG,4741.0,48.0,1.0,903.55,64.76625,63.05587,64.76625
3105301,Bandeira do Sul - MG,MG,5943.0,75.0,1.3,1440.33,90.14337,86.15591,99.46236
3105400,Barão de Cocais - MG,MG,30778.0,312.0,1.0,1539.77,90.2609,85.78695,97.70179999999999
3105509,Barão do Monte Alto - MG,MG,4964.0,30.0,0.6,1031.59,80.06329,79.95781,90.66456000000001
3105608,Barbacena - MG,MG,125317.0,1345.0,1.1,1598.76,88.20933,88.65935,96.28407
3105707,Barra Longa - MG,MG,5666.0,47.0,0.8,1180.3,55.97422,37.58057,79.37531
3105905,Barroso - MG,MG,20080.0,291.0,1.5,1232.08,97.48971,93.15501,98.80659
3106002,Bela Vista de Minas - MG,MG,10167.0,117.0,1.1,1242.62,90.06954,77.44089,96.57859
3106101,Belmiro Braga - MG,MG,3244.0,13.0,0.4,1338.48,60.71734,42.01537,90.94791000000001
3106200,Belo Horizonte - MG,MG,2315560.0,30425.0,1.3,2748.85,99.33351,97.225,99.48100000000001
3106309,Belo Oriente - MG,MG,23928.0,197.0,0.8,958.65,72.28261,82.54694,93.02125000000001
3106408,Belo Vale - MG,MG,8627.0,89.0,1.0,1300.7,51.51048,40.16646,85.38841
3106507,Berilo - MG,MG,9826.0,202.0,2.1,907.52,53.46035,39.50686,53.43233
3106606,Bertópolis - MG,MG,4451.0,71.0,1.6,697.84,74.31621,62.90861,65.91061
3106655,Berizal - MG,MG,4201.0,25.0,0.6,764.89,83.40517,17.95977,82.68679
3106705,Betim - MG,MG,411846.0,5042.0,1.2,1399.69,98.37462,91.12136,99.4682
3106804,Bias Fortes - MG,MG,3361.0,27.0,0.8,1000.58,53.4902,25.41176,78.90196
3106903,Bicas - MG,MG,13978.0,126.0,0.9,1467.66,93.84953,87.57093,96.79663000000001
3107000,Biquinhas - MG,MG,2383.0,9.0,0.4,1325.89,73.22298,3.40798,76.53359
3107109,Boa Esperança - MG,MG,39848.0,567.0,1.4,1439.58,87.61229,89.51029,94.12489000000001
3107208,Bocaina de Minas - MG,MG,5348.0,30.0,0.6,1391.48,42.24333,30.30303,86.16011
3107307,Bocaiúva - MG,MG,48032.0,418.0,0.9,1035.32,83.41944,79.83253,85.40293
3107406,Bom Despacho - MG,MG,51737.0,455.0,0.9,1785.98,93.71545,92.42203,95.05059
3107505,Bom Jardim de Minas - MG,MG,6783.0,53.0,0.8,1164.24,88.8806,81.52985,95.0
3107604,Bom Jesus da Penha - MG,MG,4474.0,22.0,0.5,1448.73,73.11436,72.26277,93.79563
3107703,Bom Jesus do Amparo - MG,MG,5631.0,24.0,0.4,1079.93,54.25532,52.02634,87.2847
3107802,Bom Jesus do Galho - MG,MG,14536.0,131.0,0.9,1035.37,67.42806,62.03237,72.3741
3107901,Bom Repouso - MG,MG,12649.0,135.0,1.1,1274.15,57.5805,59.74955,94.74508
3108008,Bom Sucesso - MG,MG,17151.0,145.0,0.8,1366.27,89.52157,85.31765,95.10588
3108107,Bonfim - MG,MG,7434.0,43.0,0.6,1304.77,67.02685,45.51408,83.20236
3108206,Bonfinópolis de Minas - MG,MG,5528.0,73.0,1.3,1492.57,71.06017,68.48138,76.59981
3108255,Bonito de Minas - MG,MG,10204.0,96.0,0.9,706.44,51.23315,0.49326,37.55343
3108305,Borda da Mata - MG,MG,17404.0,166.0,1.0,1531.54,77.77278,81.93006,95.16735
3108404,Botelhos - MG,MG,14828.0,122.0,0.8,1402.29,77.78769,74.21945,95.07583
3108503,Botumirim - MG,MG,5790.0,43.0,0.7,760.09,62.55992,26.27037,57.95781
3108552,Brasilândia de Minas - MG,MG,15020.0,166.0,1.1,1225.72,88.48716,41.78877,90.39011
3108602,Brasília de Minas - MG,MG,32025.0,295.0,0.9,922.51,59.30406,54.54038,68.24525
3108701,Brás Pires - MG,MG,4260.0,44.0,1.0,926.17,56.60955,50.4284,77.60098
3108800,Braúnas - MG,MG,4441.0,117.0,2.6,847.02,42.33167,38.40399,49.31422
3108909,Brazópolis - MG,MG,14246.0,157.0,1.1,1252.06,64.80426,59.36409,97.27991
3109006,Brumadinho - MG,MG,38915.0,576.0,1.5,2128.23,78.82175,52.34352,98.29103
3109105,Bueno Brandão - MG,MG,10911.0,89.0,0.8,1501.73,52.09724,51.62059,94.51859
3109204,Buenópolis - MG,MG,9150.0,58.0,0.6,1087.41,83.35766,71.91241,81.05109
3109253,Bugre - MG,MG,4041.0,20.0,0.5,847.7,47.42698,57.51043,83.24060999999999
3109303,Buritis - MG,MG,24030.0,179.0,0.7,1128.1,72.99989,39.36134,79.64976
3109402,Buritizeiro - MG,MG,23910.0,181.0,0.8,923.83,89.65264,5.4183,89.38356
3109451,Cabeceira Grande - MG,MG,6627.0,54.0,0.8,1418.63,80.51499,0.9608,87.27902
3109501,Cabo Verde - MG,MG,11410.0,104.0,0.9,1263.99,64.09524,64.0,96.28571
3109600,Cachoeira da Prata - MG,MG,3693.0,42.0,1.1,1394.94,93.68192,85.9114,97.45825
3109709,Cachoeira de Minas - MG,MG,11883.0,70.0,0.6,1210.17,69.32783,68.52489,94.31063
3109808,Cachoeira Dourada - MG,MG,2315.0,5.0,0.2,1536.12,87.77393,91.81084,91.23415
3109907,Caetanópolis - MG,MG,11435.0,67.0,0.6,1269.47,78.75475,70.24715,78.54087999999999
3110004,Caeté - MG,MG,38776.0,420.0,1.1,1288.62,90.61648,81.97687,92.58304
3110103,Caiana - MG,MG,5304.0,33.0,0.6,932.52,50.95863,47.27548,89.15238
3110202,Cajuri - MG,MG,4088.0,30.0,0.7,1007.83,62.01117,50.55866,92.94693
3110301,Caldas - MG,MG,14217.0,84.0,0.6,1496.53,58.43974,48.24209,86.67133
3110400,Camacho - MG,MG,2838.0,19.0,0.7,989.79,63.14286,58.66667,74.09523999999999
3110509,Camanducaia - MG,MG,26097.0,277.0,1.1,1544.47,70.33513,67.17005,97.88995
3110608,Cambuí - MG,MG,29536.0,331.0,1.1,1743.77,84.96865,83.00804,98.9667
3110707,Cambuquira - MG,MG,12313.0,93.0,0.8,1375.16,87.79639,70.19796,92.06004
3110806,Campanário - MG,MG,2923.0,42.0,1.4,957.55,84.89871,87.20074,85.35911999999999
3110905,Campanha - MG,MG,15935.0,268.0,1.7,1448.88,82.54998,86.40828,93.24798
3111002,Campestre - MG,MG,20696.0,290.0,1.4,1278.69,60.89008,60.94109,86.72532
3111101,Campina Verde - MG,MG,18011.0,145.0,0.8,1558.18,77.22039,79.13925,84.81360000000001
3111150,Campo Azul - MG,MG,3714.0,44.0,1.2,831.73,45.21944,0.31348,58.30721
3111200,Campo Belo - MG,MG,52277.0,612.0,1.2,1379.8,95.00429,95.42312,98.41046
3111309,Campo do Meio - MG,MG,11377.0,164.0,1.4,1167.47,84.66258,85.39877,89.66871
3111408,Campo Florido - MG,MG,8466.0,76.0,0.9,1420.61,82.71768,83.31135,89.67679
3111507,Campos Altos - MG,MG,12979.0,123.0,1.0,1463.9,90.16884,90.38256,94.25090999999999
3111606,Campos Gerais - MG,MG,26105.0,216.0,0.8,1282.57,73.47477,75.59637,82.34114000000001
3111705,Canaã - MG,MG,4715.0,58.0,1.2,999.28,45.15561,36.52378,91.36818
3111804,Canápolis - MG,MG,10608.0,33.0,0.3,1330.4,88.82003,91.72038,94.9182
3111903,Cana Verde - MG,MG,5272.0,41.0,0.8,1162.96,82.54377,76.67353,96.1895
3112000,Candeias - MG,MG,14001.0,127.0,0.9,1219.12,78.22476,76.23178,82.96734000000001
3112059,Cantagalo - MG,MG,3974.0,36.0,0.9,940.19,55.08291,49.09877,67.26749
3112109,Caparaó - MG,MG,5048.0,24.0,0.5,986.29,44.16847,39.90281,86.01512
3112208,Capela Nova - MG,MG,4362.0,10.0,0.2,1032.86,66.40672,36.71266,81.34373000000001
3112307,Capelinha - MG,MG,39626.0,281.0,0.7,1211.15,82.9882,76.44356,84.35225
3112406,Capetinga - MG,MG,6562.0,57.0,0.9,1133.49,87.75168,86.19966,95.67953
3112505,Capim Branco - MG,MG,10663.0,77.0,0.7,1306.8,93.32963,34.21345,97.91551
3112604,Capinópolis - MG,MG,14655.0,125.0,0.8,1337.48,93.72085,96.98601,96.39397
3112653,Capitão Andrade - MG,MG,4585.0,54.0,1.2,1030.24,76.88442,76.94026,81.18369
3112703,Capitão Enéas - MG,MG,14108.0,271.0,1.9,885.31,73.08113,53.5972,82.61534999999999
3112802,Capitólio - MG,MG,10380.0,67.0,0.6,1679.34,77.40026,78.01802,96.85972000000001
3112901,Caputira - MG,MG,8936.0,82.0,0.9,1119.77,48.23567,48.78601,81.70929
3113008,Caraí - MG,MG,19548.0,212.0,1.1,710.86,49.22137,41.08572,55.101150000000004
3113107,Caranaíba - MG,MG,2933.0,11.0,0.4,1026.51,70.58262,43.36199,
3113206,Carandaí - MG,MG,23812.0,201.0,0.8,1152.8,86.14803,71.57664,94.59822
3113305,Carangola - MG,MG,31240.0,439.0,1.4,1342.69,84.70008,75.76828,89.87674999999999
3113404,Caratinga - MG,MG,87360.0,1206.0,1.4,1369.59,79.36819,77.66316,88.90964
3113503,Carbonita - MG,MG,8512.0,101.0,1.2,1075.86,87.33548,81.54431,86.926
3113602,Careaçu - MG,MG,6816.0,48.0,0.7,1366.57,77.41273,76.05749,96.79672
3113701,Carlos Chagas - MG,MG,18615.0,129.0,0.7,1052.33,72.52562,70.23726,73.7751
3113800,Carmésia - MG,MG,2605.0,10.0,0.4,1123.38,74.50549,47.36264,80.0
3113909,Carmo da Cachoeira - MG,MG,11547.0,80.0,0.7,1219.36,78.90327,77.96395,87.53491000000001
3114006,Carmo da Mata - MG,MG,11019.0,95.0,0.9,1422.49,92.07432,85.84196,94.19097
3114105,Carmo de Minas - MG,MG,13797.0,208.0,1.5,1189.7,79.40099,77.18164,89.07563
3114204,Carmo do Cajuru - MG,MG,23479.0,261.0,1.1,1484.94,90.67375,85.31145,97.13394
3114303,Carmo do Paranaíba - MG,MG,29011.0,413.0,1.4,1498.4,84.08104,88.04269,89.95116
3114402,Carmo do Rio Claro - MG,MG,20954.0,215.0,1.0,1360.13,74.60038,77.93581,95.3304
3114501,Carmópolis de Minas - MG,MG,18003.0,153.0,0.8,1381.32,79.99055,76.80794,91.72838
3114550,Carneirinho - MG,MG,9422.0,81.0,0.9,1588.77,74.82667,76.96,88.66666000000001
3114600,Carrancas - MG,MG,4049.0,29.0,0.7,1610.15,72.67905,67.44032,89.38992
3114709,Carvalhópolis - MG,MG,3341.0,44.0,1.3,1425.34,75.61375,75.45008,96.39935
3114808,Carvalhos - MG,MG,4422.0,26.0,0.6,1190.33,64.09496,47.95252,80.47476999999999
3114907,Casa Grande - MG,MG,2214.0,5.0,0.2,1418.0,70.19608,53.0719,81.96078
3115003,Cascalho Rico - MG,MG,2712.0,31.0,1.2,1254.67,69.28166,45.08507,78.73346000000001
3115102,Cássia - MG,MG,17155.0,146.0,0.8,1332.07,86.6417,90.07491,96.0206
3115201,Conceição da Barra de Minas - MG,MG,3560.0,15.0,0.4,1325.47,73.4139,54.90937,86.70694999999999
3115300,Cataguases - MG,MG,66261.0,1116.0,1.7,1422.54,95.44094,81.79528,97.96063000000001
3115359,Catas Altas - MG,MG,5473.0,27.0,0.5,1448.8,89.08451,86.51911,95.37223
3115409,Catas Altas da Noruega - MG,MG,3110.0,17.0,0.5,911.77,49.6337,46.337,53.66301
3115458,Catuji - MG,MG,7030.0,67.0,0.9,827.43,40.41784,39.57413,56.80997
3115474,Catuti - MG,MG,4739.0,19.0,0.4,743.35,49.70794,28.73832,66.00466999999999
3115508,Caxambu - MG,MG,21056.0,215.0,1.0,1615.69,97.55948,96.92176,98.83493
3115607,Cedro do Abaeté - MG,MG,1081.0,14.0,1.3,1156.11,90.20045,21.38085,93.98664
3115706,Central de Minas - MG,MG,6171.0,45.0,0.7,1098.14,85.6801,77.54288,86.47786
3115805,Centralina - MG,MG,10207.0,84.0,0.8,1367.47,83.37773,59.80288,96.75014
3115904,Chácara - MG,MG,3075.0,10.0,0.3,1295.5,78.63674,67.66417,94.43059
3116001,Chalé - MG,MG,6075.0,71.0,1.2,950.59,62.86484,40.90705,76.15627
3116100,Chapada do Norte - MG,MG,10337.0,60.0,0.6,981.72,54.21098,24.08738,46.565099999999994
3116159,Chapada Gaúcha - MG,MG,12355.0,99.0,0.8,1117.56,68.3153,0.95312,67.61979
3116209,Chiador - MG,MG,2800.0,11.0,0.4,1156.13,83.14066,83.81503,87.95760999999999
3116308,Cipotânea - MG,MG,5581.0,38.0,0.7,824.01,59.45152,39.12831,66.65034
3116407,Claraval - MG,MG,4658.0,26.0,0.6,1209.49,53.58218,52.19747,83.3233
3116506,Claro dos Poções - MG,MG,7166.0,73.0,1.0,861.27,75.68824,33.57168,73.82911
3116605,Cláudio - MG,MG,30159.0,181.0,0.6,1520.13,82.90717,84.48212,93.89476
3116704,Coimbra - MG,MG,7117.0,71.0,1.0,1226.61,64.94882,59.2658,95.62301
3116803,Coluna - MG,MG,8163.0,32.0,0.4,955.24,66.64427,47.19516,62.98287
3116902,Comendador Gomes - MG,MG,2773.0,22.0,0.8,1482.71,58.21033,63.74539,75.46126
3117009,Comercinho - MG,MG,6660.0,31.0,0.5,761.43,47.38086,39.70067,52.1859
3117108,Conceição da Aparecida - MG,MG,10371.0,90.0,0.9,1278.54,68.95373,69.87382,83.14931
3117207,Conceição das Pedras - MG,MG,2772.0,15.0,0.5,1103.41,84.59274,75.46614,97.93916
3117306,Conceição das Alagoas - MG,MG,28381.0,288.0,1.0,1299.73,93.11811,92.5716,95.52677
3117405,Conceição de Ipanema - MG,MG,4409.0,28.0,0.6,1040.28,52.97619,43.63095,76.25
3117504,Conceição do Mato Dentro - MG,MG,23163.0,151.0,0.7,1246.56,66.67923,63.75283,83.60965
3117603,Conceição do Pará - MG,MG,5415.0,35.0,0.6,1380.89,68.26318,43.97678,94.33962
3117702,Conceição do Rio Verde - MG,MG,12541.0,138.0,1.1,1256.41,90.1686,86.66521,93.62821000000001
3117801,Conceição dos Ouros - MG,MG,10880.0,139.0,1.3,1293.5,87.1407,78.21483,96.39436
3117836,Cônego Marinho - MG,MG,7237.0,52.0,0.7,703.42,82.72229,0.16856,58.61779
3117876,Confins - MG,MG,7350.0,90.0,1.2,1569.68,98.47878,3.1225,99.51961
3117900,Congonhal - MG,MG,11083.0,117.0,1.1,1442.78,74.43537,76.74195,92.69582000000001
3118007,Congonhas - MG,MG,52890.0,588.0,1.1,1419.41,91.48179,80.85627,99.16041
3118106,Congonhas do Norte - MG,MG,4831.0,78.0,1.6,958.62,79.01163,50.23256,79.94186
3118205,Conquista - MG,MG,6694.0,48.0,0.7,1504.91,87.91294,85.46444,94.40342
3118304,Conselheiro Lafaiete - MG,MG,131621.0,1395.0,1.1,1650.12,96.84788,93.02961,98.90936
3118403,Conselheiro Pena - MG,MG,20824.0,256.0,1.2,1260.69,82.89572,79.96999,81.983
3118502,Consolação - MG,MG,1563.0,39.0,2.5,1271.89,72.34727,69.93569,95.49839
3118601,Contagem - MG,MG,621863.0,8341.0,1.3,1662.86,99.34086,94.46244,99.68616
3118700,Coqueiral - MG,MG,9023.0,62.0,0.7,1177.95,79.81538,81.23077,83.13846
3118809,Coração de Jesus - MG,MG,25377.0,255.0,1.0,893.74,65.68047,29.63959,47.34804
3118908,Cordisburgo - MG,MG,7547.0,34.0,0.5,1109.52,69.78078,46.50927,69.54469
3119005,Cordislândia - MG,MG,3200.0,11.0,0.4,1028.84,83.08631,83.43505,94.24586
3119104,Corinto - MG,MG,23532.0,274.0,1.2,1046.63,89.38625,74.8731,90.22842
3119203,Coroaci - MG,MG,10884.0,48.0,0.4,1144.81,59.39964,51.63736,57.97453
3119302,Coromandel - MG,MG,28894.0,385.0,1.3,1675.41,82.1809,78.60136,88.71137
3119401,Coronel Fabriciano - MG,MG,104736.0,1214.0,1.2,1409.34,90.16735,90.89868,99.42743
3119500,Coronel Murta - MG,MG,8200.0,68.0,0.8,801.24,77.8279,48.88966,77.02984000000001
3119609,Coronel Pacheco - MG,MG,2762.0,23.0,0.8,1116.26,74.0404,65.55556,95.75757
3119708,Coronel Xavier Chaves - MG,MG,3486.0,5.0,0.2,1530.2,62.36133,56.81458,96.51347
3119807,Córrego Danta - MG,MG,2960.0,20.0,0.7,1524.19,71.01086,64.82874,76.44111
3119906,Córrego do Bom Jesus - MG,MG,4272.0,66.0,1.6,1580.09,60.92362,51.92422,97.63174000000001
3119955,Córrego Fundo - MG,MG,6133.0,34.0,0.6,1374.15,89.61749,71.03825,96.26594
3120003,Córrego Novo - MG,MG,2875.0,25.0,0.9,864.05,65.70093,58.50467,78.87850999999999
3120102,Couto de Magalhães de Minas - MG,MG,4245.0,38.0,0.9,989.82,90.81081,86.95946,90.54054
3120151,Crisólita - MG,MG,5265.0,31.0,0.6,796.13,64.55026,48.99471,66.03175
3120201,Cristais - MG,MG,12197.0,138.0,1.1,1226.45,82.73253,85.22474,86.5376
3120300,Cristália - MG,MG,5121.0,42.0,0.8,740.25,61.48492,37.06497,59.74478
3120409,Cristiano Otoni - MG,MG,4667.0,22.0,0.5,1022.92,82.29488,70.94386,93.5842
3120508,Cristina - MG,MG,10374.0,93.0,0.9,1226.32,67.25688,56.9872,91.58268
3120607,Crucilândia - MG,MG,5434.0,63.0,1.2,1229.03,76.68712,77.9613,97.92354999999999
3120706,Cruzeiro da Fortaleza - MG,MG,3521.0,16.0,0.4,1557.31,83.45382,85.78313,91.80723
3120805,Cruzília - MG,MG,15362.0,168.0,1.1,1260.02,91.70571,88.51293,92.903
3120839,Cuparaque - MG,MG,3983.0,43.0,1.1,1172.95,85.8209,86.25622,88.86816
3120870,Curral de Dentro - MG,MG,7406.0,55.0,0.7,810.26,74.19091,52.64236,85.90741
3120904,Curvelo - MG,MG,80665.0,881.0,1.1,1429.39,89.52052,81.84138,93.60016999999999
3121001,Datas - MG,MG,5465.0,39.0,0.7,862.29,72.11221,72.11221,84.26843
3121100,Delfim Moreira - MG,MG,7952.0,33.0,0.4,1261.35,43.45638,22.28188,94.36241000000001
3121209,Delfinópolis - MG,MG,8393.0,72.0,0.9,1458.39,71.34248,70.73987,94.81085
3121258,Delta - MG,MG,10494.0,49.0,0.5,1021.95,95.02262,90.4129,98.04865
3121308,Descoberto - MG,MG,4928.0,41.0,0.8,1143.37,79.352,75.23339,87.69906999999999
3121407,Desterro de Entre Rios - MG,MG,7653.0,30.0,0.4,1120.94,62.68756,54.81827,68.05602
3121506,Desterro do Melo - MG,MG,2994.0,21.0,0.7,928.67,51.00087,51.349,62.40208
3121605,Diamantina - MG,MG,47702.0,521.0,1.1,1544.4,85.7371,78.05253,88.49385000000001
3121704,Diogo de Vasconcelos - MG,MG,3549.0,11.0,0.3,920.07,54.94269,29.08309,66.26074
3121803,Dionísio - MG,MG,6847.0,78.0,1.1,1053.51,80.96525,72.43243,91.8919
3121902,Divinésia - MG,MG,4226.0,20.0,0.5,1282.56,70.80431,68.9677,94.1102
3122009,Divino - MG,MG,20706.0,224.0,1.1,1200.86,61.17968,59.54268,81.40834
3122108,Divino das Laranjeiras - MG,MG,4178.0,31.0,0.7,1015.31,80.01215,78.55407,84.99393
3122207,Divinolândia de Minas - MG,MG,6516.0,57.0,0.9,913.25,82.12581,69.718,89.93493000000001
3122306,Divinópolis - MG,MG,231091.0,3028.0,1.3,1835.09,96.38067,88.29804,98.88504
3122355,Divisa Alegre - MG,MG,6321.0,47.0,0.7,846.99,97.23884,21.35297,97.28486
3122405,Divisa Nova - MG,MG,5851.0,96.0,1.6,1160.89,85.47459,82.21477,95.30202
3122454,Divisópolis - MG,MG,10213.0,86.0,0.8,721.76,78.89734,46.29278,81.14702
3122470,Dom Bosco - MG,MG,3697.0,40.0,1.1,1136.6,72.19061,33.00142,74.32433
3122504,Dom Cavati - MG,MG,4904.0,60.0,1.2,1192.51,85.91549,82.88993,91.18414
3122603,Dom Joaquim - MG,MG,4899.0,38.0,0.8,1029.37,71.64352,52.31481,74.01621
3122702,Dom Silvério - MG,MG,5228.0,24.0,0.5,1266.36,79.56389,45.58824,88.03246
3122801,Dom Viçoso - MG,MG,3095.0,28.0,0.9,1209.15,76.14991,64.39523,90.03407
3122900,Dona Euzébia - MG,MG,6093.0,31.0,0.5,1113.39,85.99815,78.74307,89.41775
3123007,Dores de Campos - MG,MG,10007.0,97.0,1.0,1188.87,91.18367,88.05442,96.10884
3123106,Dores de Guanhães - MG,MG,5029.0,29.0,0.6,860.08,65.53899,29.12844,65.94036
3123205,Dores do Indaiá - MG,MG,12630.0,124.0,1.0,1495.21,94.09186,93.11988,95.34971999999999
3123304,Dores do Turvo - MG,MG,4987.0,52.0,1.0,1239.11,44.44444,43.7037,80.0
3123403,Doresópolis - MG,MG,1461.0,6.0,0.4,1181.2,83.70884,83.18891,87.69498
3123502,Douradoquara - MG,MG,1829.0,16.0,0.9,1368.13,79.13769,72.60083,80.80668
3123528,Durandé - MG,MG,7817.0,31.0,0.4,1202.37,44.10688,35.46852,81.55198
3123601,Elói Mendes - MG,MG,26336.0,195.0,0.7,1354.11,84.75207,87.75271,94.22218000000001
3123700,Engenheiro Caldas - MG,MG,13622.0,327.0,2.4,968.64,69.71174,73.1454,81.0513
3123809,Engenheiro Navarro - MG,MG,6354.0,20.0,0.3,907.19,69.15033,60.17429,79.5207
3123858,Entre Folhas - MG,MG,5179.0,59.0,1.1,953.02,74.19689,56.21762,82.22798
3123908,Entre Rios de Minas - MG,MG,14746.0,88.0,0.6,1410.08,82.50366,72.27306,93.31991000000001
3124005,Ervália - MG,MG,20255.0,170.0,0.8,1238.49,62.16745,43.59677,82.74647
3124104,Esmeraldas - MG,MG,85598.0,660.0,0.8,1207.13,83.29691,21.63388,93.08894
3124203,Espera Feliz - MG,MG,24102.0,358.0,1.5,1138.4,64.58244,64.23805,92.1115
3124302,Espinosa - MG,MG,30443.0,338.0,1.1,886.68,83.58856,14.06145,64.19147
3124401,Espírito Santo do Dourado - MG,MG,6611.0,44.0,0.7,1278.49,50.25689,48.3419,89.95797
3124500,Estiva - MG,MG,11502.0,95.0,0.8,1161.12,58.14674,49.52358,92.4726
3124609,Estrela Dalva - MG,MG,2186.0,27.0,1.2,988.21,92.56678,87.10801,93.96051
3124708,Estrela do Indaiá - MG,MG,2772.0,16.0,0.6,1427.99,84.452,71.36788,89.80457999999999
3124807,Estrela do Sul - MG,MG,6840.0,78.0,1.1,1511.39,80.42089,67.08005,87.44833
3124906,Eugenópolis - MG,MG,10801.0,127.0,1.2,1160.5,76.99741,74.28706,88.82866
3125002,Ewbank da Câmara - MG,MG,3875.0,55.0,1.4,991.7,70.72634,39.76522,97.21203
3125101,Extrema - MG,MG,53482.0,919.0,1.7,1657.54,81.3257,74.53901,99.04527999999999
3125200,Fama - MG,MG,2578.0,6.0,0.2,1435.88,69.59123,67.99601,96.01195999999999
3125309,Faria Lemos - MG,MG,3188.0,54.0,1.7,1089.64,74.19899,56.99831,89.46037
3125408,Felício dos Santos - MG,MG,5133.0,46.0,0.9,879.1,92.27941,0.36765,57.615539999999996
3125507,São Gonçalo do Rio Preto - MG,MG,3032.0,15.0,0.5,1029.69,67.53699,38.29417,77.63272
3125606,Felisburgo - MG,MG,6489.0,62.0,1.0,906.32,79.94848,81.23658,81.88064
3125705,Felixlândia - MG,MG,13978.0,85.0,0.6,1319.2,73.98026,34.68057,84.80164
3125804,Fernandes Tourinho - MG,MG,2789.0,22.0,0.8,1036.92,63.0063,69.12691,89.37893
3125903,Ferros - MG,MG,9590.0,48.0,0.5,1059.57,41.15712,20.15355,49.82177
3125952,Fervedouro - MG,MG,10445.0,116.0,1.1,944.84,51.52632,46.13158,73.23684
3126000,Florestal - MG,MG,8045.0,40.0,0.5,1858.14,81.25207,80.45711,91.9841
3126109,Formiga - MG,MG,68248.0,572.0,0.8,1636.39,93.4378,89.69234,96.32715999999999
3126208,Formoso - MG,MG,7949.0,73.0,0.9,959.33,69.7479,2.26525,68.83448999999999
3126307,Fortaleza de Minas - MG,MG,3477.0,40.0,1.1,1390.27,73.52518,82.51799,94.96403
3126406,Fortuna de Minas - MG,MG,3093.0,7.0,0.2,1481.31,83.8968,62.63345,91.01424
3126505,Francisco Badaró - MG,MG,7366.0,60.0,0.8,945.37,53.31921,13.62994,51.518370000000004
3126604,Francisco Dumont - MG,MG,4503.0,38.0,0.8,895.8,72.02839,37.3152,76.64104
3126703,Francisco Sá - MG,MG,23476.0,156.0,0.7,904.49,69.18932,52.87558,66.42025
3126752,Franciscópolis - MG,MG,5034.0,59.0,1.2,746.03,48.75759,48.64716,49.53064
3126802,Frei Gaspar - MG,MG,5640.0,34.0,0.6,814.37,58.92591,56.93685,61.46196
3126901,Frei Inocêncio - MG,MG,8226.0,110.0,1.3,913.56,78.78186,72.62496,79.17908
3126950,Frei Lagonegro - MG,MG,3391.0,26.0,0.8,894.84,37.47899,27.98319,51.42856999999999
3127008,Fronteira - MG,MG,14540.0,128.0,0.9,1354.64,86.71303,86.93265,96.70571
3127057,Fronteira dos Vales - MG,MG,4345.0,52.0,1.2,831.76,64.91113,48.71626,71.82357
3127073,Fruta de Leite - MG,MG,4647.0,16.0,0.3,672.44,62.18227,0.30998,60.818349999999995
3127107,Frutal - MG,MG,58588.0,1036.0,1.8,1600.24,88.57502,92.444,95.73675
3127206,Funilândia - MG,MG,4686.0,20.0,0.4,1229.5,76.44991,42.53076,92.50146
3127305,Galiléia - MG,MG,6222.0,128.0,2.1,1147.43,73.49241,78.61171,78.17787
3127339,Gameleiras - MG,MG,4793.0,25.0,0.5,723.32,75.90155,0.40069,56.72582
3127354,Glaucilândia - MG,MG,2928.0,18.0,0.6,894.79,49.49121,43.20074,59.38946
3127370,Goiabeira - MG,MG,2830.0,15.0,0.5,1272.17,84.04908,79.05346,82.55915999999999
3127388,Goianá - MG,MG,4053.0,35.0,0.9,1384.47,74.88789,75.52851,93.91414999999999
3127404,Gonçalves - MG,MG,4727.0,58.0,1.2,1786.45,39.86857,30.12048,97.26177000000001
3127503,Gonzaga - MG,MG,5230.0,33.0,0.6,866.16,68.44741,56.53868,68.44742
3127602,Gouveia - MG,MG,11331.0,36.0,0.3,1051.14,83.76218,72.57057,85.03622
3127701,Governador Valadares - MG,MG,257171.0,3361.0,1.3,1605.1,94.91326,94.53582,97.48885
3127800,Grão Mogol - MG,MG,13901.0,86.0,0.6,904.97,44.72425,26.2435,56.29552
3127909,Grupiara - MG,MG,1392.0,8.0,0.6,1419.3,84.90231,0.35524,92.8952
3128006,Guanhães - MG,MG,32244.0,282.0,0.9,1379.63,84.37081,76.51007,88.23826000000001
3128105,Guapé - MG,MG,13772.0,150.0,1.1,1354.23,72.33057,65.26356,82.23594999999999
3128204,Guaraciaba - MG,MG,9753.0,81.0,0.8,939.25,46.25213,34.18512,64.84952
3128253,Guaraciama - MG,MG,5051.0,24.0,0.5,925.01,72.32095,0.2154,64.72805
3128303,Guaranésia - MG,MG,19150.0,155.0,0.8,1386.82,91.96156,91.34993,98.25251
3128402,Guarani - MG,MG,7714.0,80.0,1.0,1345.45,81.58354,74.74712,87.61772
3128501,Guarará - MG,MG,3149.0,29.0,0.9,1219.41,90.34783,52.26087,93.3913
3128600,Guarda-Mor - MG,MG,6539.0,35.0,0.5,1829.31,64.4786,59.24387,78.8118
3128709,Guaxupé - MG,MG,50911.0,646.0,1.3,1699.14,95.12399,93.93638,99.39835000000001
3128808,Guidoval - MG,MG,7131.0,35.0,0.5,1330.9,73.66136,66.71491,85.81765
3128907,Guimarânia - MG,MG,8478.0,85.0,1.0,1410.72,82.16975,83.05955,89.32238
3129004,Guiricema - MG,MG,7778.0,68.0,0.9,1232.23,55.54459,47.21948,82.39551999999999
3129103,Gurinhatã - MG,MG,5192.0,31.0,0.6,1863.32,51.47265,52.82842,62.59934
3129202,Heliodora - MG,MG,6134.0,70.0,1.1,1086.85,78.68217,78.98363,98.23428
3129301,Iapu - MG,MG,12030.0,179.0,1.5,1057.55,64.15886,63.19684,86.28515
3129400,Ibertioga - MG,MG,5198.0,49.0,0.9,1060.87,78.29016,69.17098,88.96373
3129509,Ibiá - MG,MG,22229.0,223.0,1.0,1577.5,83.70538,82.27289,89.76961
3129608,Ibiaí - MG,MG,6286.0,149.0,2.4,774.15,75.83559,52.57453,85.00452
3129657,Ibiracatu - MG,MG,5081.0,38.0,0.7,702.48,83.59639,0.67644,67.02368
3129707,Ibiraci - MG,MG,10948.0,60.0,0.5,1255.07,78.47769,78.89764,98.11023
3129806,Ibirité - MG,MG,170537.0,2509.0,1.5,1185.48,99.21025,89.73159,99.52172999999999
3129905,Ibitiúra de Minas - MG,MG,3365.0,23.0,0.7,1530.84,69.161,69.91686,95.61602
3130002,Ibituruna - MG,MG,2698.0,24.0,0.9,1286.16,90.07239,88.93485,94.93278
3130051,Icaraí de Minas - MG,MG,10677.0,53.0,0.5,664.71,72.74115,21.24542,54.57875
3130101,Igarapé - MG,MG,45847.0,581.0,1.3,1434.96,94.94181,58.38943,98.31393
3130200,Igaratinga - MG,MG,10830.0,156.0,1.4,1150.85,78.19745,79.70826,95.31128
3130309,Iguatama - MG,MG,6826.0,44.0,0.6,1573.9,89.20916,85.7354,91.38950000000001
3130408,Ijaci - MG,MG,7003.0,41.0,0.6,1167.67,84.61538,79.75486,95.30854
3130507,Ilicínea - MG,MG,12741.0,76.0,0.6,1201.48,76.90641,74.09012,88.12825000000001
3130556,Imbé de Minas - MG,MG,6986.0,72.0,1.0,854.21,32.69079,33.08419,77.49803
3130606,Inconfidentes - MG,MG,7301.0,84.0,1.2,1353.68,58.19761,59.57293,98.15418
3130655,Indaiabira - MG,MG,6346.0,53.0,0.8,751.52,57.13624,19.83318,51.71455
3130705,Indianópolis - MG,MG,6171.0,21.0,0.3,1534.43,69.77464,67.25586,86.47813
3130804,Ingaí - MG,MG,2580.0,14.0,0.6,1349.36,67.94872,65.49145,78.63247
3130903,Inhapim - MG,MG,22692.0,202.0,0.9,1150.02,51.57773,37.76102,74.18794
3131000,Inhaúma - MG,MG,6239.0,51.0,0.8,1288.32,84.63262,25.58244,95.47491
3131109,Inimutaba - MG,MG,7371.0,37.0,0.5,989.42,81.53235,45.03072,81.85759999999999
3131158,Ipaba - MG,MG,17136.0,172.0,1.0,994.21,84.25265,82.28641,98.22517
3131208,Ipanema - MG,MG,19522.0,299.0,1.5,1163.65,85.35007,82.61559,88.44122
3131307,Ipatinga - MG,MG,227731.0,3520.0,1.5,1763.63,90.09089,98.54158,99.82033
3131406,Ipiaçu - MG,MG,3775.0,27.0,0.7,1429.29,91.78082,93.28115,93.21591
3131505,Ipuiúna - MG,MG,9135.0,86.0,0.9,1406.05,72.87123,64.35614,90.7081
3131604,Iraí de Minas - MG,MG,7180.0,32.0,0.4,1468.5,81.82912,89.2499,94.70518
3131703,Itabira - MG,MG,113343.0,1028.0,0.9,1619.03,92.90873,92.94144,96.87209
3131802,Itabirinha - MG,MG,10362.0,269.0,2.6,1040.93,78.7484,75.70881,84.98084
3131901,Itabirito - MG,MG,53365.0,408.0,0.8,1629.67,92.20343,85.49782,98.99168
3132008,Itacambira - MG,MG,4252.0,80.0,1.9,831.2,37.40563,7.8243,40.700070000000004
3132107,Itacarambi - MG,MG,17208.0,263.0,1.5,765.85,85.62594,47.67616,80.60345
3132206,Itaguara - MG,MG,13846.0,93.0,0.7,1429.51,78.29681,77.98923,91.79162
3132305,Itaipé - MG,MG,10463.0,70.0,0.7,757.17,56.93452,43.52302,54.16071
3132404,Itajubá - MG,MG,93073.0,1924.0,2.1,1765.13,93.97211,90.43031,99.80671000000001
3132503,Itamarandiba - MG,MG,32948.0,412.0,1.3,1041.12,76.55355,72.45918,76.91255000000001
3132602,Itamarati de Minas - MG,MG,3690.0,22.0,0.6,1027.88,81.22744,81.08303,93.1408
3132701,Itambacuri - MG,MG,21042.0,277.0,1.3,1048.66,75.79033,60.92948,73.35855
3132800,Itambé do Mato Dentro - MG,MG,2142.0,14.0,0.7,1014.0,55.31401,61.83575,67.51207
3132909,Itamogi - MG,MG,10770.0,68.0,0.6,1412.13,79.47134,79.8419,96.12154000000001
3133006,Itamonte - MG,MG,14786.0,112.0,0.8,1160.67,78.46474,58.40424,97.44754
3133105,Itanhandu - MG,MG,15236.0,95.0,0.6,1483.59,95.31961,94.22692,99.87252000000001
3133204,Itanhomi - MG,MG,11128.0,144.0,1.3,1161.06,79.30471,77.39151,84.25105
3133303,Itaobim - MG,MG,19151.0,245.0,1.3,1044.53,88.4554,46.70051,82.17549000000001
3133402,Itapagipe - MG,MG,13690.0,114.0,0.8,1635.17,79.24424,79.41014,90.15668
3133501,Itapecerica - MG,MG,21046.0,294.0,1.4,1320.83,81.42947,76.67712,88.47649000000001
3133600,Itapeva - MG,MG,12692.0,180.0,1.4,1207.05,66.70414,58.13849,97.30216
3133709,Itatiaiuçu - MG,MG,12966.0,148.0,1.1,1307.86,72.98475,65.29412,95.18519
3133758,Itaú de Minas - MG,MG,14406.0,125.0,0.9,1532.93,97.73613,97.27222,98.64539
3133808,Itaúna - MG,MG,97669.0,894.0,0.9,1859.49,96.96163,93.71399,99.38308
3133907,Itaverava - MG,MG,5642.0,50.0,0.9,1084.27,33.28321,31.4787,64.71178
3134004,Itinga - MG,MG,13745.0,87.0,0.6,685.0,67.81106,51.47606,65.14323
3134103,Itueta - MG,MG,6055.0,34.0,0.6,1287.31,58.21029,58.29978,64.11634000000001
3134202,Ituiutaba - MG,MG,102217.0,1049.0,1.0,1700.41,96.37041,96.25034,98.01135
3134301,Itumirim - MG,MG,6638.0,41.0,0.6,1162.49,86.40696,46.74679,90.30252999999999
3134400,Iturama - MG,MG,38295.0,367.0,1.0,1765.14,91.24807,91.16759,97.73992
3134509,Itutinga - MG,MG,4217.0,24.0,0.6,1471.5,78.60208,62.78357,87.43102
3134608,Jaboticatubas - MG,MG,20406.0,241.0,1.2,1322.35,60.41397,34.47607,81.79819
3134707,Jacinto - MG,MG,11042.0,127.0,1.1,903.94,78.32218,58.77151,75.1195
3134806,Jacuí - MG,MG,7495.0,32.0,0.4,1127.99,63.88494,62.10938,96.875
3134905,Jacutinga - MG,MG,25525.0,214.0,0.8,1537.09,87.91015,85.2015,98.94297
3135001,Jaguaraçu - MG,MG,3092.0,17.0,0.6,1331.52,66.63685,68.51521,95.97495
3135050,Jaíba - MG,MG,37660.0,293.0,0.8,865.12,86.75207,27.6281,74.96694000000001
3135076,Jampruca - MG,MG,4296.0,34.0,0.8,912.29,59.18627,47.4253,55.371900000000004
3135100,Janaúba - MG,MG,70699.0,666.0,0.9,1239.96,94.54441,32.43711,90.34462
3135209,Januária - MG,MG,65150.0,739.0,1.1,973.95,77.27018,24.4779,60.71228
3135308,Japaraíba - MG,MG,4506.0,19.0,0.4,1480.3,84.50065,74.51362,88.13229
3135357,Japonvar - MG,MG,8127.0,74.0,0.9,741.5,71.43357,1.18881,62.58741
3135407,Jeceaba - MG,MG,6197.0,29.0,0.5,1320.57,71.04332,34.83643,89.16887999999999
3135456,Jenipapo de Minas - MG,MG,6100.0,47.0,0.8,747.96,65.11293,45.45891,57.03988
3135506,Jequeri - MG,MG,12419.0,141.0,1.1,904.68,67.92159,62.93161,70.81755
3135605,Jequitaí - MG,MG,6484.0,76.0,1.2,954.71,79.63489,2.71805,78.66125000000001
3135704,Jequitibá - MG,MG,5883.0,43.0,0.7,1110.23,52.40214,30.02669,79.27046
3135803,Jequitinhonha - MG,MG,24007.0,347.0,1.4,877.23,79.32611,59.73526,78.33935
3135902,Jesuânia - MG,MG,5138.0,33.0,0.6,1172.13,71.31661,66.30094,93.36469
3136009,Joaíma - MG,MG,13888.0,105.0,0.8,767.77,72.99722,58.47041,71.37364
3136108,Joanésia - MG,MG,4329.0,3.0,0.1,1037.96,22.48662,40.63058,60.202259999999995
3136207,João Monlevade - MG,MG,80187.0,759.0,0.9,1607.09,96.89626,93.94292,99.53855
3136306,João Pinheiro - MG,MG,46801.0,508.0,1.1,1319.21,84.22901,80.63459,89.91920999999999
3136405,Joaquim Felício - MG,MG,3854.0,15.0,0.4,982.06,65.38988,38.98769,66.34747
3136504,Jordânia - MG,MG,10304.0,50.0,0.5,916.01,78.1682,70.96774,79.20506999999999
3136520,José Gonçalves de Minas - MG,MG,3969.0,49.0,1.2,935.5,36.41618,45.08671,60.69365
3136553,José Raydan - MG,MG,4268.0,34.0,0.8,839.6,55.90102,60.91371,66.1802
3136579,Josenópolis - MG,MG,3630.0,28.0,0.8,729.18,69.39935,51.94805,68.01948
3136603,Nova União - MG,MG,5909.0,29.0,0.5,1219.03,73.2965,71.17864,88.53591
3136652,Juatuba - MG,MG,30716.0,363.0,1.2,1183.0,96.53521,44.47887,96.14084
3136702,Juiz de Fora - MG,MG,540756.0,6988.0,1.3,1983.62,96.41863,94.32907,99.45343
3136801,Juramento - MG,MG,3768.0,54.0,1.4,885.82,72.83237,54.91329,79.76879
3136900,Juruaia - MG,MG,11084.0,37.0,0.3,1433.99,53.72911,53.72911,95.65977000000001
3136959,Juvenília - MG,MG,5789.0,82.0,1.4,678.48,85.18519,15.35948,76.90632
3137007,Ladainha - MG,MG,14383.0,239.0,1.7,759.02,44.13515,30.64173,41.39396
3137106,Lagamar - MG,MG,6631.0,46.0,0.7,1507.22,75.65624,69.97483,80.04315000000001
3137205,Lagoa da Prata - MG,MG,51412.0,694.0,1.3,1462.44,97.34066,97.39504,99.06461
3137304,Lagoa dos Patos - MG,MG,3313.0,26.0,0.8,841.04,76.78275,66.8325,78.93864
3137403,Lagoa Dourada - MG,MG,12769.0,61.0,0.5,1077.38,83.37795,69.0679,90.55731
3137502,Lagoa Formosa - MG,MG,18904.0,118.0,0.6,1516.86,80.58473,79.6906,82.37297000000001
3137536,Lagoa Grande - MG,MG,8969.0,32.0,0.4,1274.2,79.72853,58.51284,90.5872
3137601,Lagoa Santa - MG,MG,75145.0,778.0,1.0,2311.42,96.52947,69.23554,99.30371
3137700,Lajinha - MG,MG,20835.0,219.0,1.1,1298.14,62.04867,52.69492,84.236
3137809,Lambari - MG,MG,20414.0,159.0,0.8,1264.21,82.13013,75.06929,96.84572
3137908,Lamim - MG,MG,3184.0,30.0,0.9,991.2,58.47315,39.42953,64.51342
3138005,Laranjal - MG,MG,5963.0,33.0,0.6,1210.39,84.52485,82.82476,86.966
3138104,Lassance - MG,MG,7124.0,63.0,0.9,973.84,71.71362,4.38185,78.91236
3138203,Lavras - MG,MG,104761.0,1001.0,1.0,1886.69,95.71293,95.07847,98.19425
3138302,Leandro Ferreira - MG,MG,3199.0,11.0,0.3,1435.77,71.23967,69.17355,88.59504
3138351,Leme do Prado - MG,MG,4341.0,28.0,0.7,956.16,71.23198,68.9384,83.94495
3138401,Leopoldina - MG,MG,51145.0,904.0,1.8,1401.68,91.76005,89.06551,94.62136
3138500,Liberdade - MG,MG,4737.0,28.0,0.6,1231.78,76.04857,72.29581,79.80133
3138609,Lima Duarte - MG,MG,17221.0,197.0,1.1,1266.34,80.6719,59.07504,95.25887
3138625,Limeira do Oeste - MG,MG,8687.0,82.0,0.9,1567.05,76.65663,82.13855,90.90361999999999
3138658,Lontra - MG,MG,8790.0,100.0,1.1,846.8,93.65918,38.30911,77.67503
3138674,Luisburgo - MG,MG,6956.0,39.0,0.6,974.3,30.66502,30.37767,46.059110000000004
3138682,Luislândia - MG,MG,6210.0,55.0,0.9,592.92,44.37153,0.40384,50.47956
3138708,Luminárias - MG,MG,5586.0,78.0,1.4,1304.11,81.24411,76.0132,86.89914999999999
3138807,Luz - MG,MG,17875.0,127.0,0.7,1754.4,91.2247,90.91446,92.71679999999999
3138906,Machacalis - MG,MG,6487.0,43.0,0.7,941.72,80.56697,94.04273,79.78635999999999
3139003,Machado - MG,MG,37684.0,518.0,1.4,1431.7,83.84586,82.9607,92.12514
3139102,Madre de Deus de Minas - MG,MG,5191.0,42.0,0.8,1570.26,84.22153,66.56217,91.32706
3139201,Malacacheta - MG,MG,17516.0,211.0,1.2,972.9,70.09651,67.76152,69.95641
3139250,Mamonas - MG,MG,5997.0,11.0,0.2,795.96,61.60714,8.92857,56.46258
3139300,Manga - MG,MG,18886.0,286.0,1.5,833.49,79.10741,27.02305,72.66633999999999
3139409,Manhuaçu - MG,MG,91886.0,692.0,0.8,1343.65,82.75282,79.4861,94.58452
3139508,Manhumirim - MG,MG,20613.0,162.0,0.8,1249.19,82.08546,67.72508,89.36365
3139607,Mantena - MG,MG,26535.0,359.0,1.4,1387.38,85.70444,81.11647,85.73398
3139706,Maravilhas - MG,MG,7333.0,31.0,0.4,1202.04,76.45429,66.91729,86.50573999999999
3139805,Mar de Espanha - MG,MG,12721.0,142.0,1.1,1304.13,93.2047,88.02433,95.55369
3139904,Maria da Fé - MG,MG,14247.0,194.0,1.4,1275.1,65.43287,69.36428,95.23212
3140001,Mariana - MG,MG,61387.0,809.0,1.3,1553.36,89.5321,78.36879,96.38021
3140100,Marilac - MG,MG,4224.0,68.0,1.6,976.08,83.96166,81.85304,83.06710000000001
3140159,Mário Campos - MG,MG,15900.0,127.0,0.8,1367.25,92.62054,52.20832,99.24548999999999
3140209,Maripá de Minas - MG,MG,3387.0,34.0,1.0,1385.29,77.77778,72.10057,96.99919
3140308,Marliéria - MG,MG,4592.0,48.0,1.0,1319.11,49.18224,60.28037,96.90421
3140407,Marmelópolis - MG,MG,3200.0,27.0,0.8,1119.38,56.09756,36.41716,91.75778
3140506,Martinho Campos - MG,MG,14003.0,101.0,0.7,1396.61,84.12041,65.6444,91.21354000000001
3140530,Martins Soares - MG,MG,8396.0,51.0,0.6,910.71,51.55155,41.07441,81.31465
3140555,Mata Verde - MG,MG,9112.0,71.0,0.8,860.93,78.27728,77.38504,83.76801
3140605,Materlândia - MG,MG,3963.0,38.0,1.0,949.39,55.53987,51.37615,51.02329
3140704,Mateus Leme - MG,MG,37841.0,445.0,1.2,1176.11,87.06697,59.53378,94.39232
3140803,Matias Barbosa - MG,MG,14121.0,174.0,1.2,1435.48,86.6068,76.61444,98.58617
3140852,Matias Cardoso - MG,MG,8895.0,88.0,1.0,742.96,72.75563,8.11092,61.663779999999996
3140902,Matipó - MG,MG,18552.0,202.0,1.1,906.79,80.0612,74.42422,85.98808
3141009,Mato Verde - MG,MG,12038.0,76.0,0.6,970.08,76.54428,24.29806,76.41469
3141108,Matozinhos - MG,MG,37618.0,218.0,0.6,1233.49,97.19008,79.60932,98.74531
3141207,Matutina - MG,MG,3814.0,39.0,1.0,1804.53,84.25397,72.19048,92.19047
3141306,Medeiros - MG,MG,3900.0,29.0,0.7,1685.36,60.71429,58.7535,69.88795
3141405,Medina - MG,MG,20156.0,77.0,0.4,825.27,75.67642,71.92159,75.51076
3141504,Mendes Pimentel - MG,MG,5606.0,42.0,0.7,1068.8,59.19643,55.17857,
3141603,Mercês - MG,MG,10373.0,125.0,1.2,1172.23,76.06396,69.07749,83.73923
3141702,Mesquita - MG,MG,5040.0,36.0,0.7,1148.49,46.10778,61.4589,66.46707
3141801,Minas Novas - MG,MG,24405.0,208.0,0.9,976.97,63.80756,30.51877,56.214310000000005
3141900,Minduri - MG,MG,3741.0,40.0,1.1,1349.72,92.16556,85.80931,93.2003
3142007,Mirabela - MG,MG,13651.0,208.0,1.5,881.64,85.04076,49.21789,79.53293000000001
3142106,Miradouro - MG,MG,8968.0,66.0,0.7,1079.43,67.23308,66.18522,79.94903
3142205,Miraí - MG,MG,13633.0,142.0,1.0,1161.72,88.53707,80.58116,91.72345
3142254,Miravânia - MG,MG,3985.0,26.0,0.7,775.27,70.23634,0.14771,49.77843
3142304,Moeda - MG,MG,5125.0,19.0,0.4,1551.75,55.1427,30.91007,92.99947
3142403,Moema - MG,MG,7548.0,81.0,1.1,1289.48,93.13031,84.84419,95.50283
3142502,Monjolos - MG,MG,2169.0,5.0,0.3,1008.05,66.66667,1.57005,65.45893
3142601,Monsenhor Paulo - MG,MG,8340.0,40.0,0.5,1350.5,77.33023,77.26365,83.58855000000001
3142700,Montalvânia - MG,MG,14060.0,203.0,1.4,803.08,72.99833,17.24354,69.1201
3142809,Monte Alegre de Minas - MG,MG,20170.0,252.0,1.2,1418.59,81.05035,81.8298,94.49271999999999
3142908,Monte Azul - MG,MG,20328.0,143.0,0.7,951.14,72.78375,17.32885,68.86243
3143005,Monte Belo - MG,MG,13046.0,80.0,0.6,1358.18,75.83879,72.09493,88.27741
3143104,Monte Carmelo - MG,MG,47692.0,358.0,0.8,1490.73,90.10254,86.96606,94.48375
3143153,Monte Formoso - MG,MG,4381.0,41.0,0.9,590.22,46.49243,40.85282,44.0165
3143203,Monte Santo de Minas - MG,MG,20890.0,123.0,0.6,1325.93,83.43158,85.18751,93.74136999999999
3143302,Montes Claros - MG,MG,414240.0,5481.0,1.3,1517.61,92.07787,93.6891,96.23749
3143401,Monte Sião - MG,MG,24089.0,230.0,1.0,1480.8,83.46175,84.23223,97.34129
3143450,Montezuma - MG,MG,6888.0,40.0,0.6,840.43,67.09307,33.83326,54.565509999999996
3143500,Morada Nova de Minas - MG,MG,9067.0,51.0,0.6,1429.84,76.42774,67.68648,88.57809
3143609,Morro da Garça - MG,MG,2411.0,11.0,0.5,1035.11,68.37514,64.44929,73.6096
3143708,Morro do Pilar - MG,MG,3133.0,22.0,0.7,866.26,80.84154,67.86034,82.00537
3143807,Munhoz - MG,MG,7451.0,63.0,0.8,1280.96,57.73119,35.49232,97.07974
3143906,Muriaé - MG,MG,104108.0,1432.0,1.4,1569.08,93.66501,92.04891,96.73228999999999
3144003,Mutum - MG,MG,27635.0,193.0,0.7,1238.2,46.95873,49.82398,64.94230999999999
3144102,Muzambinho - MG,MG,21891.0,161.0,0.7,1798.02,76.53912,76.4778,94.81236
3144201,Nacip Raydan - MG,MG,2459.0,43.0,1.7,889.64,71.89189,70.05405,69.18919
3144300,Nanuque - MG,MG,35038.0,439.0,1.3,1211.08,94.44696,82.26341,93.39963999999999
3144359,Naque - MG,MG,6303.0,44.0,0.7,923.24,92.84404,82.88991,93.71560000000001
3144375,Natalândia - MG,MG,3520.0,40.0,1.1,1143.35,81.7552,69.36105,77.36721
3144409,Natércia - MG,MG,4691.0,37.0,0.8,1484.28,71.6097,51.81918,97.85005
3144508,Nazareno - MG,MG,8179.0,69.0,0.8,1296.31,85.48387,78.1922,97.61425000000001
3144607,Nepomuceno - MG,MG,25018.0,273.0,1.1,1284.35,83.75353,83.81006,88.96551
3144656,Ninheira - MG,MG,10588.0,69.0,0.6,854.27,73.43797,7.12345,58.04407
3144672,Nova Belém - MG,MG,3151.0,22.0,0.7,924.7,40.55885,46.06266,52.24386
3144706,Nova Era - MG,MG,17438.0,128.0,0.7,1342.77,88.19087,85.41131,96.99549999999999
3144805,Nova Lima - MG,MG,111697.0,1271.0,1.1,4299.91,91.19457,81.98216,99.58548
3144904,Nova Módica - MG,MG,3663.0,8.0,0.2,1067.6,68.67044,69.09477,67.11457
3145000,Nova Ponte - MG,MG,14598.0,74.0,0.5,1505.83,92.82353,94.0,98.25491
3145059,Nova Porteirinha - MG,MG,6706.0,46.0,0.7,867.32,95.56344,32.29814,80.39041999999999
3145109,Nova Resende - MG,MG,16387.0,167.0,1.0,1312.37,56.87595,55.5967,67.8337
3145208,Nova Serrana - MG,MG,105552.0,1235.0,1.2,1430.91,94.09872,93.52563,98.97004
3145307,Novo Cruzeiro - MG,MG,26975.0,254.0,0.9,783.61,45.67302,41.30746,44.54856
3145356,Novo Oriente de Minas - MG,MG,10275.0,140.0,1.4,834.08,62.0699,55.70306,62.39501
3145372,Novorizonte - MG,MG,4571.0,38.0,0.8,807.48,83.68356,10.19778,80.16069
3145406,Olaria - MG,MG,1945.0,23.0,1.2,960.76,80.95872,44.20772,95.07324
3145455,Olhos-d'Água - MG,MG,5385.0,46.0,0.8,939.63,68.14205,2.72774,72.77407
3145505,Olímpio Noronha - MG,MG,2555.0,18.0,0.7,1089.87,92.88747,94.58599,97.45223
3145604,Oliveira - MG,MG,39262.0,221.0,0.6,1428.74,92.10713,91.8804,95.1254
3145703,Oliveira Fortes - MG,MG,2027.0,7.0,0.4,1134.36,68.46966,63.06069,67.54617
3145802,Onça de Pitangui - MG,MG,2969.0,21.0,0.7,1216.35,51.07335,36.40429,84.61538999999999
3145851,Oratórios - MG,MG,4917.0,45.0,0.9,1169.9,70.56695,76.41737,79.97587
3145877,Orizânia - MG,MG,8437.0,76.0,0.9,923.59,48.75622,41.72471,73.93035
3145901,Ouro Branco - MG,MG,38724.0,357.0,0.9,1833.06,91.87962,89.44863,98.76254
3146008,Ouro Fino - MG,MG,32094.0,254.0,0.8,1461.23,79.87098,75.79618,98.42398
3146107,Ouro Preto - MG,MG,74821.0,516.0,0.7,1611.45,89.28061,77.4889,96.78305
3146206,Ouro Verde de Minas - MG,MG,5757.0,34.0,0.6,835.85,60.43347,58.16532,65.5746
3146255,Padre Carvalho - MG,MG,5058.0,20.0,0.4,707.54,81.36836,48.56445,78.92487
3146305,Padre Paraíso - MG,MG,17334.0,190.0,1.1,829.05,68.79933,64.46683,72.52729
3146404,Paineiras - MG,MG,4224.0,13.0,0.3,1322.83,78.65169,2.80899,86.06742
3146503,Pains - MG,MG,8142.0,112.0,1.4,1405.87,90.07558,88.20243,95.23496
3146552,Pai Pedro - MG,MG,5551.0,54.0,1.0,752.74,35.38928,0.25278,38.92821
3146602,Paiva - MG,MG,1474.0,2.0,0.1,1334.26,83.62069,61.03448,92.41379
3146701,Palma - MG,MG,5707.0,65.0,1.1,1296.82,81.80549,81.47976,86.73802
3146750,Palmópolis - MG,MG,6301.0,33.0,0.5,795.77,80.61655,56.29223,79.43413000000001
3146909,Papagaios - MG,MG,13920.0,103.0,0.7,1141.6,92.80621,74.43372,92.51259
3147006,Paracatu - MG,MG,94023.0,700.0,0.7,1559.79,85.35863,83.14699,92.41813
3147105,Pará de Minas - MG,MG,97139.0,1138.0,1.2,1716.59,94.81797,93.53303,98.59670999999999
3147204,Paraguaçu - MG,MG,21723.0,257.0,1.2,1407.18,81.72615,85.46398,97.31343
3147303,Paraisópolis - MG,MG,20445.0,388.0,1.9,1498.2,85.19929,82.43209,97.28357
3147402,Paraopeba - MG,MG,24107.0,152.0,0.6,1220.57,87.47293,76.37068,87.50713
3147501,Passabém - MG,MG,1600.0,17.0,1.1,1171.67,65.40984,12.13115,73.60656
3147600,Passa Quatro - MG,MG,15515.0,127.0,0.8,1257.17,87.84629,78.17694,98.83825
3147709,Passa Tempo - MG,MG,8473.0,47.0,0.6,1242.12,81.24041,81.60884,88.70125999999999
3147808,Passa Vinte - MG,MG,2233.0,11.0,0.5,1285.86,63.25843,63.59551,88.08988
3147907,Passos - MG,MG,111939.0,1368.0,1.2,1683.36,95.92119,95.92361,98.15568999999999
3147956,Patis - MG,MG,4837.0,19.0,0.4,744.88,89.11483,2.63158,55.741629999999994
3148004,Patos de Minas - MG,MG,159235.0,1548.0,1.0,2004.61,92.45789,93.12241,95.91797000000001
3148103,Patrocínio - MG,MG,89826.0,863.0,1.0,1660.45,88.55253,89.98897,95.90800999999999
3148202,Patrocínio do Muriaé - MG,MG,5576.0,16.0,0.3,1451.69,79.80857,78.76026,89.24339
3148301,Paula Cândido - MG,MG,8659.0,67.0,0.8,1095.6,58.21475,61.0608,89.74774000000001
3148400,Paulistas - MG,MG,4389.0,39.0,0.9,1000.87,64.98029,42.90407,60.24967
3148509,Pavão - MG,MG,8047.0,104.0,1.3,804.53,66.04396,62.71062,65.4945
3148608,Peçanha - MG,MG,17446.0,97.0,0.6,982.01,60.08172,47.48623,57.079409999999996
3148707,Pedra Azul - MG,MG,24410.0,202.0,0.8,900.24,85.74497,83.58389,89.91947
3148756,Pedra Bonita - MG,MG,7320.0,62.0,0.8,802.06,29.47146,30.52854,57.84355
3148806,Pedra do Anta - MG,MG,3311.0,28.0,0.9,1138.31,65.13834,69.48617,72.80632
3148905,Pedra do Indaiá - MG,MG,4112.0,31.0,0.8,1187.01,69.53686,65.23157,82.64841
3149002,Pedra Dourada - MG,MG,2757.0,15.0,0.5,1009.99,76.29482,75.1992,82.27092
3149101,Pedralva - MG,MG,10760.0,121.0,1.1,1200.49,55.31532,54.02831,95.90734
3149150,Pedras de Maria da Cruz - MG,MG,10433.0,101.0,1.0,777.73,59.19359,20.10295,62.6251
3149200,Pedrinópolis - MG,MG,3344.0,49.0,1.5,1741.6,87.24448,90.51513,95.66640000000001
3149309,Pedro Leopoldo - MG,MG,62580.0,505.0,0.8,1581.33,93.83202,76.07034,97.9278
3149408,Pedro Teixeira - MG,MG,1810.0,3.0,0.1,1111.61,77.00831,66.6205,90.72023
3149507,Pequeri - MG,MG,3351.0,31.0,0.9,1306.63,94.34109,94.88372,97.13178
3149606,Pequi - MG,MG,4155.0,34.0,0.8,1495.68,78.94398,36.83194,87.95879
3149705,Perdigão - MG,MG,12268.0,142.0,1.2,1374.87,87.10544,83.546,95.11976999999999
3149804,Perdizes - MG,MG,17151.0,136.0,0.8,1572.06,74.51146,80.9973,92.78976
3149903,Perdões - MG,MG,21384.0,231.0,1.1,1430.63,89.52785,84.03448,97.3112
3149952,Periquito - MG,MG,6553.0,39.0,0.6,873.94,76.84256,72.13258,83.73310000000001
3150000,Pescador - MG,MG,3570.0,43.0,1.2,965.48,77.00787,72.12598,81.81102
3150109,Piau - MG,MG,2796.0,15.0,0.5,1225.92,58.18015,46.59926,92.27941
3150158,Piedade de Caratinga - MG,MG,8529.0,86.0,1.0,1075.94,59.39755,66.11233,92.87731
3150208,Piedade de Ponte Nova - MG,MG,3976.0,15.0,0.4,1126.56,82.37519,70.34796,90.62027
3150307,Piedade do Rio Grande - MG,MG,4604.0,64.0,1.4,1286.04,79.53312,67.04669,88.11075000000001
3150406,Piedade dos Gerais - MG,MG,5019.0,43.0,0.9,1087.06,52.29124,3.05499,65.78412
3150505,Pimenta - MG,MG,8563.0,41.0,0.5,1514.49,91.64152,81.89499,93.69342
3150539,Pingo-d'Água - MG,MG,4706.0,26.0,0.6,929.14,88.62385,87.5841,94.55657000000001
3150570,Pintópolis - MG,MG,7084.0,72.0,1.0,795.88,50.35149,2.28471,43.409490000000005
3150604,Piracema - MG,MG,6700.0,89.0,1.3,1357.43,57.76588,52.94568,82.97628
3150703,Pirajuba - MG,MG,5537.0,47.0,0.9,1418.83,93.68576,96.62261,97.69947
3150802,Piranga - MG,MG,17018.0,92.0,0.5,970.68,42.29464,31.56823,61.42227
3150901,Piranguçu - MG,MG,6041.0,74.0,1.2,1241.17,54.31426,49.09173,93.73297
3151008,Piranguinho - MG,MG,9120.0,131.0,1.4,1409.41,71.58844,61.05067,98.44574999999999
3151107,Pirapetinga - MG,MG,11077.0,87.0,0.8,1352.97,88.54854,85.62677,93.37888000000001
3151206,Pirapora - MG,MG,55606.0,562.0,1.0,1339.03,97.66723,49.71168,96.95428999999999
3151305,Piraúba - MG,MG,11610.0,134.0,1.2,1245.52,79.01806,86.98472,90.52802000000001
3151404,Pitangui - MG,MG,26685.0,533.0,2.0,1309.25,82.97649,87.19563,93.52435
3151503,Piumhi - MG,MG,36062.0,381.0,1.1,1708.76,94.31925,94.00768,97.54366
3151602,Planura - MG,MG,11145.0,146.0,1.3,1330.63,95.86512,94.90524,98.62169999999999
3151701,Poço Fundo - MG,MG,16390.0,206.0,1.3,1458.51,60.37921,60.62439,80.41844
3151800,Poços de Caldas - MG,MG,163742.0,1674.0,1.0,1994.5,97.76948,97.96577,99.67072999999999
3151909,Pocrane - MG,MG,8350.0,64.0,0.8,1000.98,66.24809,50.01531,70.26034
3152006,Pompéu - MG,MG,31047.0,204.0,0.7,1419.04,87.40362,84.51677,89.93186
3152105,Ponte Nova - MG,MG,57776.0,895.0,1.5,1524.53,92.18353,83.63765,96.60705999999999
3152131,Ponto Chique - MG,MG,3747.0,26.0,0.7,788.63,70.6761,39.70126,70.36164
3152170,Ponto dos Volantes - MG,MG,10883.0,109.0,1.0,685.33,54.18667,33.89333,58.24
3152204,Porteirinha - MG,MG,37438.0,434.0,1.2,948.26,79.38982,28.56307,62.99386
3152303,Porto Firme - MG,MG,10569.0,120.0,1.1,950.39,63.54813,61.93044,71.79833
3152402,Poté - MG,MG,13666.0,91.0,0.7,840.81,66.25099,57.71971,67.41884
3152501,Pouso Alegre - MG,MG,152217.0,2322.0,1.5,1875.32,90.3524,90.61165,97.59882999999999
3152600,Pouso Alto - MG,MG,6566.0,52.0,0.8,1248.01,64.4822,52.34628,92.35437
3152709,Prados - MG,MG,9048.0,41.0,0.5,1246.38,83.13401,76.6636,92.76296
3152808,Prata - MG,MG,28342.0,185.0,0.7,1557.71,78.72402,81.07098,86.44507
3152907,Pratápolis - MG,MG,8406.0,79.0,0.9,1441.15,87.5,87.37923,95.9843
3153004,Pratinha - MG,MG,3559.0,25.0,0.7,1414.64,58.89299,63.24723,77.26937000000001
3153103,Presidente Bernardes - MG,MG,4850.0,52.0,1.1,1065.38,49.32508,16.08549,78.74015999999999
3153202,Presidente Juscelino - MG,MG,3465.0,37.0,1.1,1096.77,64.71483,45.01901,63.650189999999995
3153301,Presidente Kubitschek - MG,MG,3071.0,7.0,0.2,842.67,79.32099,78.7037,84.87654
3153400,Presidente Olegário - MG,MG,18765.0,81.0,0.4,1444.15,77.80814,71.44028,82.03061000000001
3153509,Alto Jequitibá - MG,MG,8397.0,102.0,1.2,1163.6,56.44814,32.90243,86.30348000000001
3153608,Prudente de Morais - MG,MG,11466.0,163.0,1.4,1218.79,95.98586,72.02727,98.35900000000001
3153707,Quartel Geral - MG,MG,3179.0,22.0,0.7,1266.0,82.7957,38.78648,85.86789
3153806,Queluzito - MG,MG,1770.0,5.0,0.3,1420.97,71.38643,53.24484,72.71387
3153905,Raposos - MG,MG,16279.0,103.0,0.6,1370.14,97.33643,89.88202,98.14087
3154002,Raul Soares - MG,MG,23423.0,374.0,1.6,1124.02,70.14841,58.62379,78.15381
3154101,Recreio - MG,MG,11007.0,100.0,0.9,1221.25,88.11602,85.83162,93.45483
3154150,Reduto - MG,MG,7848.0,46.0,0.6,1143.36,61.93548,58.3871,87.70609
3154200,Resende Costa - MG,MG,11230.0,109.0,1.0,1360.95,84.47467,47.39681,89.37617
3154309,Resplendor - MG,MG,17226.0,198.0,1.1,1045.69,76.69594,76.52938,84.52453
3154408,Ressaquinha - MG,MG,4548.0,26.0,0.6,1235.77,67.68293,42.56098,90.2439
3154457,Riachinho - MG,MG,6863.0,58.0,0.8,1056.93,59.43323,0.50466,63.237579999999994
3154507,Riacho dos Machados - MG,MG,8756.0,82.0,0.9,858.76,73.52409,41.39804,58.56574
3154606,Ribeirão das Neves - MG,MG,329794.0,3816.0,1.2,1126.97,97.88491,87.29088,98.13073
3154705,Ribeirão Vermelho - MG,MG,4080.0,29.0,0.7,1337.9,92.04082,90.40816,98.77551
3154804,Rio Acima - MG,MG,10261.0,83.0,0.8,1428.13,87.21887,80.08777,97.9978
3154903,Rio Casca - MG,MG,12789.0,60.0,0.5,1235.03,77.89159,66.47461,90.95177000000001
3155009,Rio Doce - MG,MG,2484.0,34.0,1.4,1332.87,79.15309,82.41042,97.61129
3155108,Rio do Prado - MG,MG,4639.0,40.0,0.9,839.03,72.15482,63.66262,73.02136999999999
3155207,Rio Espera - MG,MG,5429.0,41.0,0.8,959.91,51.11434,22.38372,75.4845
3155306,Rio Manso - MG,MG,5568.0,81.0,1.5,1284.38,67.29444,3.35324,93.43133
3155405,Rio Novo - MG,MG,8518.0,55.0,0.6,1292.52,85.42536,84.36597,96.40449
3155504,Rio Paranaíba - MG,MG,14532.0,123.0,0.8,1446.33,81.27781,80.60153,86.06514
3155603,Rio Pardo de Minas - MG,MG,28271.0,193.0,0.7,805.02,48.07775,20.46436,46.60907
3155702,Rio Piracicaba - MG,MG,14631.0,128.0,0.9,1311.82,82.97671,74.09582,93.71330999999999
3155801,Rio Pomba - MG,MG,17443.0,199.0,1.1,1509.58,86.59383,87.45017,94.38949
3155900,Rio Preto - MG,MG,5141.0,16.0,0.3,1203.03,82.35005,74.48378,95.72271
3156007,Rio Vermelho - MG,MG,12641.0,154.0,1.2,904.3,45.74125,35.4512,48.34254
3156106,Ritápolis - MG,MG,4994.0,25.0,0.5,1335.21,78.27621,16.07863,89.56654
3156205,Rochedo de Minas - MG,MG,2291.0,24.0,1.0,1125.9,92.46411,47.60766,96.17224999999999
3156304,Rodeiro - MG,MG,8664.0,86.0,1.0,1186.6,91.13924,90.4901,94.77442
3156403,Romaria - MG,MG,3386.0,20.0,0.6,1291.69,77.71334,76.30489,89.31235000000001
3156452,Rosário da Limeira - MG,MG,4734.0,55.0,1.2,1075.93,55.61441,55.72034,86.33474
3156502,Rubelita - MG,MG,5679.0,58.0,1.0,828.98,66.17925,20.75472,54.33963
3156601,Rubim - MG,MG,10298.0,55.0,0.5,812.9,79.82327,76.96613,79.70545
3156700,Sabará - MG,MG,129380.0,1400.0,1.1,1462.1,95.59475,85.50067,96.84559
3156809,Sabinópolis - MG,MG,14240.0,121.0,0.9,984.74,68.05155,58.22274,70.07116
3156908,Sacramento - MG,MG,26670.0,212.0,0.8,1829.52,82.82651,86.36223,92.31007
3157005,Salinas - MG,MG,40178.0,531.0,1.3,1106.52,91.72039,73.56299,83.27289999999999
3157104,Salto da Divisa - MG,MG,6110.0,30.0,0.5,810.38,82.8585,76.06838,82.71604
3157203,Santa Bárbara - MG,MG,30466.0,322.0,1.1,1324.19,90.43035,87.56134,97.41412
3157252,Santa Bárbara do Leste - MG,MG,8458.0,77.0,0.9,1083.66,45.69472,36.13829,85.06197
3157278,Santa Bárbara do Monte Verde - MG,MG,3095.0,37.0,1.2,953.43,68.1555,65.67411,86.02151
3157302,Santa Bárbara do Tugúrio - MG,MG,4208.0,51.0,1.2,1035.66,56.93291,41.85304,67.53994
3157336,Santa Cruz de Minas - MG,MG,8109.0,86.0,1.1,1112.25,99.04891,99.52446,100.0
3157377,Santa Cruz de Salinas - MG,MG,3910.0,45.0,1.2,783.39,51.75258,34.15808,53.2646
3157401,Santa Cruz do Escalvado - MG,MG,4673.0,42.0,0.9,912.04,46.92575,40.19722,86.60093
3157500,Santa Efigênia de Minas - MG,MG,4039.0,65.0,1.6,915.08,65.10204,67.89116,73.67347
3157609,Santa Fé de Minas - MG,MG,3522.0,30.0,0.8,924.03,69.98382,0.40453,54.36893
3157658,Santa Helena de Minas - MG,MG,5938.0,28.0,0.5,673.3,77.97403,49.97403,67.53247
3157708,Santa Juliana - MG,MG,15734.0,88.0,0.6,1600.94,89.90519,93.38167,97.82487
3157807,Santa Luzia - MG,MG,219132.0,3349.0,1.5,1305.74,97.39692,86.07298,98.28085
3157906,Santa Margarida - MG,MG,16395.0,55.0,0.3,933.07,51.75202,50.36837,86.45103
3158003,Santa Maria de Itabira - MG,MG,10485.0,72.0,0.7,1194.25,60.11645,56.41921,75.98253
3158102,Santa Maria do Salto - MG,MG,4755.0,114.0,2.4,791.94,75.19597,66.68533,75.47593
3158201,Santa Maria do Suaçuí - MG,MG,12788.0,128.0,1.0,1032.69,72.59763,65.55507,73.95788
3158300,Santana da Vargem - MG,MG,6691.0,28.0,0.4,1385.2,82.95697,86.40818,88.41074
3158409,Santana de Cataguases - MG,MG,3489.0,23.0,0.7,1005.32,86.42534,79.71342,90.04525
3158508,Santana de Pirapama - MG,MG,7030.0,64.0,0.9,910.44,41.98556,36.24549,43.4296
3158607,Santana do Deserto - MG,MG,3747.0,12.0,0.3,1164.44,65.23379,56.03318,96.75717
3158706,Santana do Garambéu - MG,MG,2137.0,18.0,0.9,1087.43,69.83312,70.98845,82.54172000000001
3158805,Santana do Jacaré - MG,MG,4214.0,16.0,0.4,1217.31,97.78462,96.18462,98.52308000000001
3158904,Santana do Manhuaçu - MG,MG,8987.0,115.0,1.3,829.24,48.16456,40.88608,71.58228
3158953,Santana do Paraíso - MG,MG,44800.0,729.0,1.6,1389.43,85.49043,90.80742,99.1567
3159001,Santana do Riacho - MG,MG,5313.0,23.0,0.4,1345.61,71.52352,4.85685,84.66257
3159100,Santana dos Montes - MG,MG,3469.0,23.0,0.7,938.09,70.39877,58.81902,74.30982
3159209,Santa Rita de Caldas - MG,MG,8460.0,30.0,0.4,1494.51,66.86532,61.08462,87.00833999999999
3159308,Santa Rita de Jacutinga - MG,MG,4755.0,42.0,0.9,1178.73,81.04987,62.20472,88.08399
3159357,Santa Rita de Minas - MG,MG,6773.0,114.0,1.7,1018.16,75.58046,57.20576,91.31305
3159407,Santa Rita de Ibitipoca - MG,MG,3301.0,22.0,0.7,965.3,60.33333,50.5,80.0
3159506,Santa Rita do Itueto - MG,MG,5826.0,47.0,0.8,1088.91,46.07354,24.19428,77.43986
3159605,Santa Rita do Sapucaí - MG,MG,40635.0,465.0,1.1,1701.65,87.75049,87.28479,96.81766999999999
3159704,Santa Rosa da Serra - MG,MG,3382.0,35.0,1.0,1205.38,90.7131,57.13101,94.02985
3159803,Santa Vitória - MG,MG,20973.0,144.0,0.7,1529.62,85.41566,85.52441,92.23053999999999
3159902,Santo Antônio do Amparo - MG,MG,17285.0,60.0,0.3,1176.11,87.76906,85.58318,96.92975
3160009,Santo Antônio do Aventureiro - MG,MG,3769.0,19.0,0.5,1154.37,74.2268,43.43643,91.68384999999999
3160108,Santo Antônio do Grama - MG,MG,4229.0,39.0,0.9,1170.3,81.97597,81.84246,88.18425
3160207,Santo Antônio do Itambé - MG,MG,3915.0,105.0,2.7,719.21,35.67164,18.73134,35.89552
3160306,Santo Antônio do Jacinto - MG,MG,10327.0,136.0,1.3,721.83,60.49709,51.58646,63.5907
3160405,Santo Antônio do Monte - MG,MG,27295.0,238.0,0.9,1404.17,88.35238,87.90895,92.79661
3160454,Santo Antônio do Retiro - MG,MG,6629.0,20.0,0.3,763.14,58.08356,27.79292,56.13079
3160504,Santo Antônio do Rio Abaixo - MG,MG,1808.0,19.0,1.0,1420.41,54.53149,23.34869,64.20891
3160603,Santo Hipólito - MG,MG,2717.0,9.0,0.3,1070.64,73.89341,1.80668,73.0804
3160702,Santos Dumont - MG,MG,42406.0,400.0,0.9,1222.91,86.11425,72.04018,96.46579
3160801,São Bento Abade - MG,MG,4713.0,79.0,1.7,1108.08,93.28311,91.65097,96.23352
3160900,São Brás do Suaçuí - MG,MG,3989.0,38.0,1.0,1526.19,91.34809,6.97518,98.39034
3160959,São Domingos das Dores - MG,MG,5626.0,35.0,0.6,1159.89,32.87037,50.46296,96.60494
3161007,São Domingos do Prata - MG,MG,17392.0,125.0,0.7,1153.05,65.73279,63.41316,88.04037
3161056,São Félix de Minas - MG,MG,3200.0,41.0,1.3,1061.23,68.08,57.36,75.28
3161106,São Francisco - MG,MG,52762.0,614.0,1.2,813.04,78.20365,41.10619,67.25696
3161205,São Francisco de Paula - MG,MG,6187.0,33.0,0.5,1205.09,84.79021,78.14685,90.82168
3161304,São Francisco de Sales - MG,MG,5732.0,49.0,0.9,1313.75,78.3023,83.84582,85.7081
3161403,São Francisco do Glória - MG,MG,4800.0,45.0,0.9,1258.54,62.34705,37.98665,80.47831
3161502,São Geraldo - MG,MG,10282.0,98.0,1.0,1086.63,81.38473,78.74715,90.61628
3161601,São Geraldo da Piedade - MG,MG,3305.0,22.0,0.7,918.91,71.32645,53.53455,72.43844
3161650,São Geraldo do Baixio - MG,MG,3143.0,15.0,0.5,951.67,74.14062,71.875,73.67187
3161700,São Gonçalo do Abaeté - MG,MG,7375.0,59.0,0.8,1212.62,82.05128,69.52806,89.63211
3161809,São Gonçalo do Pará - MG,MG,11770.0,89.0,0.8,1395.03,84.78815,77.56425,96.24913000000001
3161908,São Gonçalo do Rio Abaixo - MG,MG,11850.0,105.0,0.9,1260.15,76.00101,56.36087,96.4521
3162005,São Gonçalo do Sapucaí - MG,MG,23959.0,480.0,2.0,1245.0,84.76908,88.53793,95.88417999999999
3162104,São Gotardo - MG,MG,40910.0,332.0,0.8,1594.93,91.56819,90.51856,96.54525000000001
3162203,São João Batista do Glória - MG,MG,7652.0,50.0,0.7,1378.85,86.18234,85.57692,99.25213
3162252,São João da Lagoa - MG,MG,4822.0,24.0,0.5,949.31,59.95671,0.59524,58.06277
3162302,São João da Mata - MG,MG,2914.0,36.0,1.2,1052.04,65.82168,75.61189,88.98601
3162401,São João da Ponte - MG,MG,23930.0,187.0,0.8,816.07,88.75522,15.5882,38.204390000000004
3162450,São João das Missões - MG,MG,13024.0,98.0,0.7,657.0,59.63889,0.47222,24.13889
3162500,São João del Rei - MG,MG,90225.0,755.0,0.8,1691.04,91.88547,87.0863,97.64389
3162559,São João do Manhuaçu - MG,MG,11246.0,84.0,0.7,930.4,47.78174,51.65732,82.17746
3162575,São João do Manteninha - MG,MG,5331.0,23.0,0.4,1096.76,70.8353,84.09627,93.34592
3162609,São João do Oriente - MG,MG,7070.0,64.0,0.9,1045.13,83.52559,84.03028,88.46431
3162658,São João do Pacuí - MG,MG,3972.0,21.0,0.5,772.21,48.05285,1.11266,56.119609999999994
3162708,São João do Paraíso - MG,MG,23910.0,202.0,0.8,807.01,72.49805,41.59085,63.53002
3162807,São João Evangelista - MG,MG,15315.0,176.0,1.2,1109.19,74.14131,62.92935,76.56167
3162906,São João Nepomuceno - MG,MG,25565.0,185.0,0.7,1374.08,95.23374,91.6565,98.35366
3162922,São Joaquim de Bicas - MG,MG,34348.0,505.0,1.5,1067.53,95.4036,49.42074,94.46171
3162948,São José da Barra - MG,MG,7793.0,49.0,0.6,1391.61,74.66473,74.66473,96.19426999999999
3162955,São José da Lapa - MG,MG,26090.0,266.0,1.0,1319.2,97.78224,87.87474,99.28675
3163003,São José da Safira - MG,MG,3806.0,27.0,0.7,854.9,77.16237,73.89985,
3163102,São José da Varginha - MG,MG,4536.0,48.0,1.1,1189.68,66.87752,56.06671,93.96205
3163201,São José do Alegre - MG,MG,4133.0,51.0,1.2,910.86,81.65563,74.10596,94.63576
3163300,São José do Divino - MG,MG,3464.0,17.0,0.5,1016.23,73.14815,74.30556,75.30864
3163409,São José do Goiabal - MG,MG,5396.0,25.0,0.5,1115.9,70.93845,71.39253,85.1665
3163508,São José do Jacuri - MG,MG,6197.0,76.0,1.2,819.84,40.02714,38.67028,43.1479
3163607,São José do Mantimento - MG,MG,2753.0,22.0,0.8,1087.61,67.93207,62.83716,77.12288
3163706,São Lourenço - MG,MG,44798.0,713.0,1.6,1781.22,98.57878,96.67213,99.70172
3163805,São Miguel do Anta - MG,MG,6334.0,45.0,0.7,1126.44,56.67838,50.21968,87.34623
3163904,São Pedro da União - MG,MG,4885.0,45.0,0.9,1414.88,68.97275,66.77149,90.51363
3164001,São Pedro dos Ferros - MG,MG,7166.0,55.0,0.8,1096.96,85.6926,81.78368,89.90512
3164100,São Pedro do Suaçuí - MG,MG,5103.0,83.0,1.6,993.57,56.3007,37.8583,60.897780000000004
3164209,São Romão - MG,MG,10315.0,77.0,0.7,726.62,73.10555,48.68065,70.2977
3164308,São Roque de Minas - MG,MG,7129.0,65.0,0.9,2002.71,70.80586,65.6044,77.36264
3164407,São Sebastião da Bela Vista - MG,MG,6387.0,80.0,1.3,1300.15,58.81561,62.67384,97.26335
3164431,São Sebastião da Vargem Alegre - MG,MG,3113.0,14.0,0.4,1261.02,62.61682,61.93713,72.98215
3164472,São Sebastião do Anta - MG,MG,6194.0,56.0,0.9,921.38,45.99824,67.06245,89.05013
3164506,São Sebastião do Maranhão - MG,MG,10079.0,65.0,0.6,756.62,46.75829,33.88109,39.498059999999995
3164605,São Sebastião do Oeste - MG,MG,8815.0,62.0,0.7,1321.95,72.24556,66.00969,91.14701
3164704,São Sebastião do Paraíso - MG,MG,71796.0,672.0,0.9,1629.1,93.23438,93.52674,97.80726
3164803,São Sebastião do Rio Preto - MG,MG,1259.0,12.0,0.9,1044.03,57.59494,4.85232,65.40084
3164902,São Sebastião do Rio Verde - MG,MG,2300.0,15.0,0.7,1208.85,95.4597,94.89217,76.27696
3165008,São Tiago - MG,MG,11192.0,119.0,1.1,1406.52,82.31589,73.20736,91.61822000000001
3165107,São Tomás de Aquino - MG,MG,6740.0,31.0,0.5,1243.41,80.81015,76.02291,93.73977000000001
3165206,São Tomé das Letras - MG,MG,6904.0,95.0,1.4,1341.66,58.67384,57.02509,82.11469000000001
3165305,São Vicente de Minas - MG,MG,6804.0,44.0,0.7,1395.09,89.76819,87.29017,91.08713
3165404,Sapucaí-Mirim - MG,MG,6311.0,34.0,0.5,1269.56,65.90616,62.37624,99.22514
3165503,Sardoá - MG,MG,5104.0,118.0,2.3,845.55,65.23375,45.88931,56.098870000000005
3165537,Sarzedo - MG,MG,36844.0,403.0,1.1,1461.78,97.19811,93.78848,99.65271999999999
3165552,Setubinha - MG,MG,9917.0,89.0,0.9,825.56,42.40996,27.09525,37.1592
3165560,Sem-Peixe - MG,MG,2433.0,61.0,2.5,1066.41,52.59875,48.44075,64.76091
3165578,Senador Amaral - MG,MG,6206.0,88.0,1.4,1195.38,63.60593,62.50598,94.16547
3165602,Senador Cortes - MG,MG,2240.0,28.0,1.3,1126.28,70.78652,78.02747,92.50936
3165701,Senador Firmino - MG,MG,7716.0,55.0,0.7,1233.96,73.50721,55.45642,87.37131
3165800,Senador José Bento - MG,MG,2068.0,13.0,0.6,1282.2,44.94949,39.89899,94.82324
3165909,Senador Modestino Gonçalves - MG,MG,4008.0,31.0,0.8,935.44,48.23451,41.57229,49.90006
3166006,Senhora de Oliveira - MG,MG,5483.0,30.0,0.5,885.56,74.0337,68.78097,94.99504999999999
3166105,Senhora do Porto - MG,MG,3067.0,17.0,0.5,961.01,58.70736,46.14004,59.06643
3166204,Senhora dos Remédios - MG,MG,10384.0,99.0,1.0,990.54,79.08602,52.84946,74.46236
3166303,Sericita - MG,MG,7345.0,27.0,0.4,996.25,54.0163,50.87311,71.86652
3166402,Seritinga - MG,MG,1819.0,12.0,0.6,1450.73,86.00289,84.12698,91.77489
3166501,Serra Azul de Minas - MG,MG,3792.0,10.0,0.3,738.71,65.94724,66.7466,53.95683
3166600,Serra da Saudade - MG,MG,833.0,4.0,0.5,1411.95,66.76558,66.17211,76.85459999999999
3166709,Serra dos Aimorés - MG,MG,6944.0,68.0,1.0,1016.56,89.75701,62.8785,91.43925
3166808,Serra do Salitre - MG,MG,11801.0,88.0,0.7,1573.89,76.90393,78.34744,90.21901000000001
3166907,Serrania - MG,MG,7621.0,57.0,0.8,1155.32,92.34415,90.59424,94.45862
3166956,Serranópolis de Minas - MG,MG,4399.0,20.0,0.4,811.29,68.0865,0.13106,53.407599999999995
3167004,Serranos - MG,MG,1990.0,9.0,0.4,1182.63,81.4077,73.83798,93.09429
3167103,Serro - MG,MG,21952.0,203.0,0.9,923.2,66.13366,48.62649,70.63004
3167202,Sete Lagoas - MG,MG,227397.0,2319.0,1.0,1668.6,97.5666,94.65116,98.89679
3167301,Silveirânia - MG,MG,2323.0,39.0,1.7,1213.4,72.16036,67.59465,81.7372
3167400,Silvianópolis - MG,MG,6179.0,87.0,1.4,1597.35,61.77194,59.14684,76.98933
3167509,Simão Pereira - MG,MG,2947.0,49.0,1.7,1350.4,74.27773,67.47437,91.7987
3167608,Simonésia - MG,MG,19750.0,152.0,0.8,1037.28,49.50114,46.12315,77.90764
3167707,Sobrália - MG,MG,5137.0,42.0,0.8,1139.19,69.95025,66.71642,78.40796
3167806,Soledade de Minas - MG,MG,5613.0,28.0,0.5,1255.32,70.01414,63.36634,94.29513999999999
3167905,Tabuleiro - MG,MG,4014.0,38.0,0.9,1166.15,72.26512,73.68082,88.61004
3168002,Taiobeiras - MG,MG,33050.0,277.0,0.8,1079.79,78.18786,60.44153,93.82884
3168051,Taparuba - MG,MG,3387.0,29.0,0.8,949.47,72.60274,70.70015,85.69254000000001
3168101,Tapira - MG,MG,4118.0,27.0,0.7,1554.17,59.37282,61.46341,82.64809
3168200,Tapiraí - MG,MG,1690.0,19.0,1.1,1331.31,59.66514,57.38204,76.56012
3168309,Taquaraçu de Minas - MG,MG,4224.0,26.0,0.6,1209.1,59.57313,30.32015,69.8054
3168408,Tarumirim - MG,MG,14709.0,217.0,1.5,993.4,65.90822,63.93881,78.81454000000001
3168507,Teixeiras - MG,MG,12255.0,102.0,0.8,1233.73,66.74409,56.50338,81.03885
3168606,Teófilo Otoni - MG,MG,137418.0,1365.0,1.0,1338.49,84.52204,78.8379,88.00793999999999
3168705,Timóteo - MG,MG,81579.0,1353.0,1.7,1630.44,91.46406,94.53141,99.36388
3168804,Tiradentes - MG,MG,7744.0,85.0,1.1,1872.35,84.57781,72.88904,98.08095
3168903,Tiros - MG,MG,7883.0,115.0,1.5,1633.94,77.85645,75.73222,84.29352999999999
3169000,Tocantins - MG,MG,16185.0,277.0,1.7,1244.19,82.35294,83.21417,88.08905
3169059,Tocos do Moji - MG,MG,3826.0,112.0,2.9,1301.34,55.71429,23.87755,96.87075
3169109,Toledo - MG,MG,7214.0,115.0,1.6,1257.12,55.4444,54.55945,95.49827
3169208,Tombos - MG,MG,8609.0,94.0,1.1,1491.51,86.04792,75.94783,94.26751
3169307,Três Corações - MG,MG,75485.0,908.0,1.2,1370.02,92.68154,90.96669,96.36162999999999
3169356,Três Marias - MG,MG,28895.0,217.0,0.8,1333.18,92.05157,83.24986,93.92506
3169406,Três Pontas - MG,MG,55255.0,637.0,1.2,1459.07,91.90689,92.56533,93.95478999999999
3169505,Tumiritinga - MG,MG,5886.0,58.0,1.0,895.69,75.52014,54.139,81.85037
3169604,Tupaciguara - MG,MG,25470.0,271.0,1.1,1424.49,91.83548,93.60548,96.72601
3169703,Turmalina - MG,MG,20000.0,252.0,1.3,1093.34,86.90156,70.34696,85.59709
3169802,Turvolândia - MG,MG,4935.0,58.0,1.2,1172.12,67.07453,67.18576,86.15127
3169901,Ubá - MG,MG,103365.0,1736.0,1.7,1507.27,87.5698,86.13032,98.38891000000001
3170008,Ubaí - MG,MG,11708.0,96.0,0.8,803.38,62.42357,3.58533,59.977759999999996
3170057,Ubaporanga - MG,MG,13017.0,140.0,1.1,1088.96,44.96357,51.35019,72.97471
3170107,Uberaba - MG,MG,337836.0,3944.0,1.2,1939.6,96.24339,97.17862,98.75146
3170206,Uberlândia - MG,MG,713224.0,8641.0,1.2,2079.68,97.76876,96.08973,99.56718000000001
3170305,Umburatiba - MG,MG,2684.0,3.0,0.1,927.61,82.69231,66.15385,82.40384999999999
3170404,Unaí - MG,MG,86619.0,796.0,0.9,1760.5,83.57925,79.43836,86.49849
3170438,União de Minas - MG,MG,3828.0,37.0,1.0,1279.07,61.29887,64.08217,72.43207
3170479,Uruana de Minas - MG,MG,3282.0,25.0,0.8,1091.98,72.27488,58.60979,75.75039
3170503,Urucânia - MG,MG,10600.0,115.0,1.1,1080.19,78.26697,81.04319,90.77398
3170529,Urucuia - MG,MG,17479.0,108.0,0.6,727.87,56.19458,16.0556,56.86556
3170578,Vargem Alegre - MG,MG,5780.0,40.0,0.7,1037.57,86.08971,84.68509,88.49117
3170602,Vargem Bonita - MG,MG,2158.0,9.0,0.4,1496.78,76.48402,74.65753,87.44293
3170651,Vargem Grande do Rio Pardo - MG,MG,4633.0,38.0,0.8,881.5,76.74419,0.28189,67.65327
3170701,Varginha - MG,MG,136467.0,1210.0,0.9,1874.49,96.92047,96.74669,99.17554999999999
3170750,Varjão de Minas - MG,MG,6969.0,87.0,1.2,1349.13,83.4544,86.03713,90.63761
3170800,Várzea da Palma - MG,MG,33744.0,281.0,0.8,1062.12,92.25439,51.70927,91.12258
3170909,Varzelândia - MG,MG,18840.0,180.0,1.0,738.74,71.37411,15.01191,57.4583
3171006,Vazante - MG,MG,19975.0,210.0,1.1,1572.32,87.01643,84.85692,93.37573
3171030,Verdelândia - MG,MG,7672.0,60.0,0.8,764.71,66.01749,23.01272,64.26868
3171071,Veredinha - MG,MG,5181.0,36.0,0.7,898.68,82.36828,62.49348,79.86437
3171105,Veríssimo - MG,MG,3411.0,27.0,0.8,1352.42,60.33358,56.05511,77.73749
3171154,Vermelho Novo - MG,MG,4899.0,86.0,1.8,859.63,40.54505,37.8198,55.17242
3171204,Vespasiano - MG,MG,129246.0,1625.0,1.3,1291.72,98.83438,94.5829,99.20625
3171303,Viçosa - MG,MG,76430.0,892.0,1.2,1864.42,91.12373,89.20324,96.78196
3171402,Vieiras - MG,MG,3700.0,48.0,1.3,1216.73,57.19323,49.43583,85.4725
3171501,Mathias Lobato - MG,MG,3038.0,50.0,1.7,907.26,88.05834,85.87056,88.60529
3171600,Virgem da Lapa - MG,MG,11804.0,61.0,0.5,959.9,76.42709,57.56875,63.76242
3171709,Virgínia - MG,MG,8908.0,45.0,0.5,987.85,58.8717,57.65848,67.24295000000001
3171808,Virginópolis - MG,MG,10314.0,112.0,1.1,1116.83,59.48691,62.15927,82.04169
3171907,Virgolândia - MG,MG,4552.0,46.0,1.0,927.5,73.83754,67.33894,74.28571
3172004,Visconde do Rio Branco - MG,MG,39160.0,653.0,1.7,1493.02,86.59445,85.93771,96.43196
3172103,Volta Grande - MG,MG,4443.0,43.0,1.0,1153.24,90.84928,89.17464,93.7201
3172202,Wenceslau Braz - MG,MG,2356.0,15.0,0.6,1240.48,45.90542,3.34487,97.69319999999999
3200102,Afonso Cláudio - ES,ES,30684.0,463.0,1.5,1191.25,55.33229,46.17258,70.90292
3200136,Águia Branca - ES,ES,9711.0,203.0,2.1,1242.59,36.96903,33.07756,53.08303
3200169,Água Doce do Norte - ES,ES,12042.0,98.0,0.8,965.09,59.6518,35.88683,71.77367000000001
3200201,Alegre - ES,ES,29177.0,210.0,0.7,1336.26,80.07744,60.82365,88.44596999999999
3200300,Alfredo Chaves - ES,ES,13836.0,174.0,1.3,1469.82,48.92225,48.32564,96.09314
3200359,Alto Rio Novo - ES,ES,7434.0,67.0,0.9,1247.98,57.83595,51.06457,70.29668000000001
3200409,Anchieta - ES,ES,29984.0,307.0,1.0,1257.88,83.41941,42.80149,98.27852
3200508,Apiacá - ES,ES,7223.0,71.0,1.0,1138.77,71.81355,63.47414,78.91478
3200607,Aracruz - ES,ES,94765.0,950.0,1.0,1507.13,90.08665,81.8118,95.30421
3200706,Atílio Vivácqua - ES,ES,10540.0,80.0,0.8,1103.7,73.36108,59.54735,94.06868
3200805,Baixo Guandu - ES,ES,30674.0,407.0,1.3,1257.09,84.52297,80.34023,88.75833
3200904,Barra de São Francisco - ES,ES,42498.0,528.0,1.2,1262.47,68.54367,60.17192,79.09556
3201001,Boa Esperança - ES,ES,13608.0,112.0,0.8,1151.53,74.73705,66.87835,78.94423
3201100,Bom Jesus do Norte - ES,ES,10254.0,91.0,0.9,1133.04,93.77025,92.57413,95.48966
3201159,Brejetuba - ES,ES,12985.0,103.0,0.8,1016.25,33.38479,30.12128,79.44874
3201209,Cachoeiro de Itapemirim - ES,ES,185786.0,2418.0,1.3,1516.3,94.18734,91.72619,97.96570999999999
3201308,Cariacica - ES,ES,353491.0,5086.0,1.4,1244.17,97.09712,81.37451,98.28993
3201407,Castelo - ES,ES,36930.0,324.0,0.9,1634.05,74.79795,66.35041,84.62295
3201506,Colatina - ES,ES,120033.0,1789.0,1.5,1603.31,89.92398,86.03385,93.73134999999999
3201605,Conceição da Barra - ES,ES,27458.0,293.0,1.1,1122.43,81.08193,26.70294,87.41237000000001
3201704,Conceição do Castelo - ES,ES,11937.0,133.0,1.1,1352.34,57.07568,58.91178,89.65517
3201803,Divino de São Lourenço - ES,ES,5083.0,50.0,1.0,1119.67,46.95058,41.5878,74.02734000000001
3201902,Domingos Martins - ES,ES,35416.0,411.0,1.2,1477.15,34.87222,30.69668,79.07667000000001
3202009,Dores do Rio Preto - ES,ES,6596.0,44.0,0.7,1182.1,56.86117,50.94567,94.20523
3202108,Ecoporanga - ES,ES,21992.0,231.0,1.0,1062.01,68.92708,51.47469,69.82118
3202207,Fundão - ES,ES,18014.0,413.0,2.3,1406.78,83.76768,56.11318,91.52644000000001
3202256,Governador Lindenberg - ES,ES,11009.0,125.0,1.1,1407.77,42.07884,47.40146,65.98042000000001
3202306,Guaçuí - ES,ES,29358.0,287.0,1.0,1302.02,79.1271,73.31994,90.59532
3202405,Guarapari - ES,ES,124656.0,1740.0,1.4,1656.5,89.4524,65.13449,97.721
3202454,Ibatiba - ES,ES,25380.0,221.0,0.9,1074.38,50.41954,55.93804,87.00516999999999
3202504,Ibiraçu - ES,ES,11723.0,162.0,1.4,1466.2,87.50294,77.28877,93.52789
3202553,Ibitirama - ES,ES,9520.0,62.0,0.7,941.8,45.61818,36.79551,75.39097000000001
3202603,Iconha - ES,ES,12326.0,89.0,0.7,1398.56,65.6681,49.63362,97.15517
3202652,Irupi - ES,ES,13710.0,96.0,0.7,1269.82,37.77114,41.29353,66.58706
3202702,Itaguaçu - ES,ES,13589.0,108.0,0.8,1255.55,61.20084,55.51967,85.38857
3202801,Itapemirim - ES,ES,39832.0,551.0,1.4,1072.13,81.04566,21.96738,97.16504
3202900,Itarana - ES,ES,10597.0,105.0,1.0,1524.8,53.51393,42.95937,83.51648
3203007,Iúna - ES,ES,28590.0,237.0,0.8,1187.08,61.51549,56.97088,82.12952999999999
3203056,Jaguaré - ES,ES,28931.0,294.0,1.0,1288.05,69.45664,60.3746,87.6695
3203106,Jerônimo Monteiro - ES,ES,11575.0,85.0,0.7,1357.18,80.16945,74.14701,89.21457000000001
3203130,João Neiva - ES,ES,14079.0,103.0,0.7,1585.86,90.90733,85.11051,92.98177
3203163,Laranja da Terra - ES,ES,11094.0,38.0,0.3,1256.48,39.28741,36.31829,68.36104
3203205,Linhares - ES,ES,166786.0,2380.0,1.4,1472.5,87.42627,80.76267,94.11544
3203304,Mantenópolis - ES,ES,12770.0,159.0,1.2,1099.96,63.2919,57.35766,80.03208000000001
3203320,Marataízes - ES,ES,41929.0,503.0,1.2,1247.27,87.16424,55.73968,95.02873
3203346,Marechal Floriano - ES,ES,17641.0,98.0,0.6,1433.67,53.89738,43.1058,96.32208
3203353,Marilândia - ES,ES,12387.0,148.0,1.2,1480.41,59.14207,62.96454,88.36271
3203403,Mimoso do Sul - ES,ES,24475.0,166.0,0.7,1139.0,64.88606,43.80498,76.80975000000001
3203502,Montanha - ES,ES,18900.0,201.0,1.1,1129.12,76.94171,78.96537,84.52329999999999
3203601,Mucurici - ES,ES,5466.0,61.0,1.1,1025.33,69.60831,76.40396,78.62199000000001
3203700,Muniz Freire - ES,ES,18153.0,157.0,0.9,1075.2,46.20083,36.42729,74.65733
3203809,Muqui - ES,ES,13745.0,106.0,0.8,1359.97,71.54455,55.46535,83.40594
3203908,Nova Venécia - ES,ES,49065.0,396.0,0.8,1462.06,72.56442,59.38996,79.12744
3204005,Pancas - ES,ES,18893.0,221.0,1.2,1188.19,49.98599,45.81232,56.0084
3204054,Pedro Canário - ES,ES,21522.0,202.0,0.9,1091.36,90.18075,75.29804,93.03936
3204104,Pinheiros - ES,ES,23915.0,393.0,1.6,1123.49,78.69524,78.35559,83.54416
3204203,Piúma - ES,ES,22300.0,290.0,1.3,1247.95,96.11765,63.94118,98.87058
3204252,Ponto Belo - ES,ES,6497.0,70.0,1.1,900.2,80.5712,74.69831,85.72003
3204302,Presidente Kennedy - ES,ES,13696.0,131.0,1.0,1101.94,67.85924,30.98729,95.17106
3204351,Rio Bananal - ES,ES,19274.0,158.0,0.8,1231.12,43.1027,45.02383,63.686260000000004
3204401,Rio Novo do Sul - ES,ES,11069.0,61.0,0.6,1277.89,57.89346,46.80387,96.15012
3204500,Santa Leopoldina - ES,ES,13106.0,96.0,0.7,1155.17,24.48526,10.98103,66.91561999999999
3204559,Santa Maria de Jetibá - ES,ES,41636.0,327.0,0.8,1374.43,28.60445,33.6279,72.01414
3204609,Santa Teresa - ES,ES,22808.0,170.0,0.7,1744.55,55.1748,59.62848,91.06957
3204658,São Domingos do Norte - ES,ES,8589.0,94.0,1.1,1228.15,44.96124,35.52972,66.53747
3204708,São Gabriel da Palha - ES,ES,32252.0,517.0,1.6,1370.65,67.98162,72.43346,82.67585
3204807,São José do Calçado - ES,ES,10878.0,96.0,0.9,1293.72,82.55569,73.99766,91.27784
3204906,São Mateus - ES,ES,123752.0,1273.0,1.0,1400.64,68.31469,53.99991,88.17273
3204955,São Roque do Canaã - ES,ES,10886.0,144.0,1.3,1243.74,49.96337,45.54335,84.42002
3205002,Serra - ES,ES,520653.0,8807.0,1.7,1541.03,94.8785,91.23197,99.58632
3205010,Sooretama - ES,ES,26502.0,274.0,1.0,1154.25,73.2172,59.71693,87.8933
3205036,Vargem Alta - ES,ES,19563.0,162.0,0.8,1316.67,46.74249,24.19264,93.80792
3205069,Venda Nova do Imigrante - ES,ES,23831.0,268.0,1.1,1683.88,61.26713,65.7268,98.07907999999999
3205101,Viana - ES,ES,73423.0,1180.0,1.6,1186.66,89.53507,79.02708,96.16859
3205150,Vila Pavão - ES,ES,8911.0,97.0,1.1,1069.92,38.61119,23.79527,56.95899
3205176,Vila Valério - ES,ES,13728.0,88.0,0.6,1199.07,32.04868,37.58621,49.85801
3205200,Vila Velha - ES,ES,467722.0,7936.0,1.7,2232.27,98.82732,90.59374,99.34562
3205309,Vitória - ES,ES,322869.0,4540.0,1.4,3351.64,99.52028,99.67112,99.73643
3300100,Angra dos Reis - RJ,RJ,167434.0,2073.0,1.2,1463.14,87.74104,70.4874,99.1646
3300159,Aperibé - RJ,RJ,11034.0,118.0,1.1,1360.14,86.77896,85.00231,96.07751999999999
3300209,Araruama - RJ,RJ,129671.0,1489.0,1.1,1311.77,95.1832,32.84314,96.41907
3300225,Areal - RJ,RJ,11828.0,91.0,0.8,1352.93,71.16521,41.95226,98.18010000000001
3300233,Armação dos Búzios - RJ,RJ,40006.0,634.0,1.6,1619.56,94.41019,31.86997,99.59115
3300258,Arraial do Cabo - RJ,RJ,30986.0,356.0,1.1,1466.08,78.5999,69.40738,99.37619000000001
3300308,Barra do Piraí - RJ,RJ,92883.0,873.0,0.9,1422.6,80.63843,78.28647,98.03954999999999
3300407,Barra Mansa - RJ,RJ,169894.0,1538.0,0.9,1407.8,93.49658,82.05915,99.48482
3300456,Belford Roxo - RJ,RJ,483087.0,7576.0,1.6,915.03,74.24113,88.11176,87.78504
3300506,Bom Jardim - RJ,RJ,28102.0,274.0,1.0,1392.13,57.80474,44.39235,98.3269
3300605,Bom Jesus do Itabapoana - RJ,RJ,35173.0,314.0,0.9,1537.4,86.87238,81.27615,95.28542
3300704,Cabo Frio - RJ,RJ,222161.0,2440.0,1.1,1549.33,87.16089,61.53752,96.46284
3300803,Cachoeiras de Macacu - RJ,RJ,56943.0,548.0,1.0,1212.66,75.46822,66.39569,93.39321000000001
3300902,Cambuci - RJ,RJ,14616.0,112.0,0.8,1315.25,73.56441,55.19917,86.98051000000001
3300936,Carapebus - RJ,RJ,13847.0,113.0,0.8,1132.9,23.36114,59.35638,92.25268
3300951,Comendador Levy Gasparian - RJ,RJ,8741.0,48.0,0.6,1127.61,94.22886,74.99171,97.97677999999999
3301009,Campos dos Goytacazes - RJ,RJ,483540.0,6614.0,1.4,1385.75,81.00646,64.81189,97.13275999999999
3301108,Cantagalo - RJ,RJ,19390.0,53.0,0.3,1207.29,81.08108,76.05982,94.96502
3301157,Cardoso Moreira - RJ,RJ,12958.0,189.0,1.5,1077.5,72.35707,50.15045,89.72919
3301207,Carmo - RJ,RJ,17198.0,207.0,1.2,1309.8,91.62053,85.81475,98.54856000000001
3301306,Casimiro de Abreu - RJ,RJ,46110.0,724.0,1.6,1378.38,87.98131,66.78299,99.04773
3301405,Conceição de Macabu - RJ,RJ,21104.0,183.0,0.9,1267.02,44.67789,61.81496,94.88672000000001
3301504,Cordeiro - RJ,RJ,20783.0,160.0,0.8,1414.42,94.71039,86.07865,99.15818999999999
3301603,Duas Barras - RJ,RJ,10980.0,152.0,1.4,1155.27,70.3445,34.44953,96.98867
3301702,Duque de Caxias - RJ,RJ,808161.0,12290.0,1.5,1100.31,59.29331,89.26204,97.08754
3301801,Engenheiro Paulo de Frontin - RJ,RJ,12242.0,107.0,0.9,1284.42,49.61386,45.25151,99.1651
3301850,Guapimirim - RJ,RJ,51696.0,546.0,1.1,1197.43,63.5366,56.64937,97.11861
3301876,Iguaba Grande - RJ,RJ,27920.0,385.0,1.4,1526.99,96.6059,52.44375,98.64236
3301900,Itaboraí - RJ,RJ,224267.0,3365.0,1.5,1101.64,25.24023,65.99141,96.52938
3302007,Itaguaí - RJ,RJ,116841.0,1385.0,1.2,1199.57,80.80371,82.95844,97.5023
3302056,Italva - RJ,RJ,14073.0,86.0,0.6,1227.13,86.37013,82.0293,93.14041
3302106,Itaocara - RJ,RJ,22919.0,108.0,0.5,1421.51,81.40615,73.66792,91.30002
3302205,Itaperuna - RJ,RJ,101041.0,1185.0,1.2,1520.46,91.95665,90.82097,96.14855
3302254,Itatiaia - RJ,RJ,30908.0,380.0,1.2,1527.73,88.85177,69.64129,99.36698
3302270,Japeri - RJ,RJ,96289.0,924.0,1.0,786.34,61.90283,71.67549,95.62442
3302304,Laje do Muriaé - RJ,RJ,7336.0,93.0,1.3,1145.6,76.39296,65.17595,91.27566
3302403,Macaé - RJ,RJ,246391.0,4110.0,1.7,1876.38,81.22223,84.20877,98.78985
3302452,Macuco - RJ,RJ,5415.0,29.0,0.5,1289.93,90.56701,86.18557,97.37114000000001
3302502,Magé - RJ,RJ,228127.0,2508.0,1.1,1036.31,30.70345,68.56802,97.42117999999999
3302601,Mangaratiba - RJ,RJ,41220.0,403.0,1.0,1501.02,51.07517,36.40977,98.93435
3302700,Maricá - RJ,RJ,197277.0,2580.0,1.3,1707.99,35.21932,34.65843,99.10012
3302809,Mendes - RJ,RJ,17502.0,141.0,0.8,1399.3,71.37487,64.91253,99.3928
3302858,Mesquita - RJ,RJ,167127.0,1965.0,1.2,1115.94,91.0479,97.06282,99.49529
3302908,Miguel Pereira - RJ,RJ,26582.0,182.0,0.7,1784.0,70.17561,69.88293,99.32683
3303005,Miracema - RJ,RJ,26881.0,222.0,0.8,1414.6,87.84502,91.40715,96.8545
3303104,Natividade - RJ,RJ,15074.0,121.0,0.8,1393.71,81.65525,69.79441,94.21894
3303203,Nilópolis - RJ,RJ,146774.0,1928.0,1.3,1298.9,92.00246,98.80011,99.60355000000001
3303302,Niterói - RJ,RJ,481749.0,5604.0,1.2,3577.32,97.96238,92.48761,99.37735
3303401,Nova Friburgo - RJ,RJ,189939.0,2256.0,1.2,1757.65,78.10358,74.54469,99.43339
3303500,Nova Iguaçu - RJ,RJ,785867.0,12574.0,1.6,1102.46,67.85842,88.67827,97.95212000000001
3303609,Paracambi - RJ,RJ,41375.0,445.0,1.1,1349.13,60.27193,73.65742,97.76494
3303708,Paraíba do Sul - RJ,RJ,42063.0,458.0,1.1,1216.57,90.80445,81.16819,97.57942
3303807,Paraty - RJ,RJ,45243.0,555.0,1.2,1639.12,63.47751,17.71595,98.45086
3303856,Paty do Alferes - RJ,RJ,29619.0,229.0,0.8,1210.31,60.58267,49.18666,96.38820000000001
3303906,Petrópolis - RJ,RJ,278881.0,3213.0,1.2,1822.76,72.93649,75.93359,99.57778
3303955,Pinheiral - RJ,RJ,24298.0,403.0,1.7,1366.9,91.97867,91.58157,98.87679
3304003,Piraí - RJ,RJ,27474.0,164.0,0.6,1462.21,86.82724,73.48597,97.89869999999999
3304102,Porciúncula - RJ,RJ,17288.0,178.0,1.0,1404.53,78.49245,75.12848,88.64663
3304110,Porto Real - RJ,RJ,20373.0,227.0,1.1,1237.94,98.44163,94.50397,99.77738000000001
3304128,Quatis - RJ,RJ,13682.0,80.0,0.6,1274.65,86.35551,86.09732,98.11321
3304144,Queimados - RJ,RJ,140523.0,1370.0,1.0,958.95,77.44108,88.87479,97.70388
3304151,Quissamã - RJ,RJ,22393.0,263.0,1.2,1108.09,72.1941,76.93542,97.48117
3304201,Resende - RJ,RJ,129612.0,1510.0,1.2,1881.11,96.00888,93.85152,99.42124999999999
3304300,Rio Bonito - RJ,RJ,56276.0,657.0,1.2,1407.84,49.41238,76.81597,96.78105000000001
3304409,Rio Claro - RJ,RJ,17401.0,140.0,0.8,1232.33,74.1855,55.682,94.54404
3304508,Rio das Flores - RJ,RJ,8954.0,71.0,0.8,1181.25,85.32992,73.83088,96.31646
3304524,Rio das Ostras - RJ,RJ,156491.0,2448.0,1.6,1840.11,64.37556,62.45746,99.62756
3304557,Rio de Janeiro - RJ,RJ,6211223.0,88164.0,1.4,2515.32,98.35755,94.89867,99.13798
3304607,Santa Maria Madalena - RJ,RJ,10232.0,112.0,1.1,1337.53,51.99298,49.81198,93.10604000000001
3304706,Santo Antônio de Pádua - RJ,RJ,41325.0,267.0,0.6,1308.22,86.99501,84.64943,93.55123999999999
3304755,São Francisco de Itabapoana - RJ,RJ,45059.0,428.0,1.0,939.48,22.54312,3.20639,93.5988
3304805,São Fidélis - RJ,RJ,38961.0,461.0,1.2,1296.11,80.33271,70.66005,90.0322
3304904,São Gonçalo - RJ,RJ,896744.0,13740.0,1.5,1209.5,84.5698,83.71558,97.06677
3305000,São João da Barra - RJ,RJ,36573.0,413.0,1.1,985.72,76.82522,26.5625,98.95603
3305109,São João de Meriti - RJ,RJ,440962.0,5475.0,1.2,1042.94,91.59097,97.60267,98.73616
3305133,São José de Ubá - RJ,RJ,7070.0,49.0,0.7,1150.71,60.02983,59.69426,94.18345000000001
3305158,São José do Vale do Rio Preto - RJ,RJ,22080.0,132.0,0.6,1203.03,52.86216,54.35072,98.80189
3305208,São Pedro da Aldeia - RJ,RJ,104029.0,1175.0,1.1,1462.39,95.31796,67.86217,97.86896
3305307,São Sebastião do Alto - RJ,RJ,7750.0,38.0,0.5,1123.79,53.0417,46.85578,87.21805
3305406,Sapucaia - RJ,RJ,17729.0,126.0,0.7,1246.5,73.86822,70.1778,93.82937
3305505,Saquarema - RJ,RJ,89559.0,1082.0,1.2,1491.0,50.37371,27.35879,97.6903
3305554,Seropédica - RJ,RJ,80596.0,1265.0,1.6,1181.47,96.06766,73.79012,97.10104999999999
3305604,Silva Jardim - RJ,RJ,21352.0,256.0,1.2,1042.66,40.90275,57.19538,95.63839
3305703,Sumidouro - RJ,RJ,15206.0,60.0,0.4,1223.03,27.2542,25.53914,96.04347
3305752,Tanguá - RJ,RJ,31086.0,268.0,0.9,959.96,42.59612,70.75684,97.93037
3305802,Teresópolis - RJ,RJ,165123.0,1796.0,1.1,1860.47,69.98059,54.90802,98.65249
3305901,Trajano de Moraes - RJ,RJ,10302.0,78.0,0.8,1120.83,40.0,33.83825,84.62129999999999
3306008,Três Rios - RJ,RJ,78346.0,697.0,0.9,1438.62,95.18064,78.042,98.75822000000001
3306107,Valença - RJ,RJ,68088.0,688.0,1.0,1443.99,81.70454,76.21822,97.4266
3306156,Varre-Sai - RJ,RJ,10207.0,79.0,0.8,1108.62,39.20596,58.25751,88.91646
3306206,Vassouras - RJ,RJ,33976.0,361.0,1.1,1519.05,82.65393,70.10637,98.0278
3306305,Volta Redonda - RJ,RJ,261563.0,2656.0,1.0,1787.91,99.17237,95.99147,99.67446000000001
3500105,Adamantina - SP,SP,34687.0,301.0,0.9,1868.26,97.01833,97.04042,98.638
3500204,Adolfo - SP,SP,4351.0,77.0,1.8,1514.8,88.42424,92.9697,98.06061000000001
3500303,Aguaí - SP,SP,32072.0,330.0,1.0,1321.67,93.36237,93.223,94.97387
3500402,Águas da Prata - SP,SP,7369.0,31.0,0.4,1684.99,89.85866,88.37456,98.48057
3500501,Águas de Lindóia - SP,SP,17930.0,201.0,1.1,1742.52,94.10207,92.76364,99.29401
3500550,Águas de Santa Bárbara - SP,SP,7177.0,64.0,0.9,1946.69,87.38007,60.2583,96.93727
3500600,Águas de São Pedro - SP,SP,2780.0,29.0,1.0,2932.68,100.0,99.65308,100.0
3500709,Agudos - SP,SP,37680.0,349.0,0.9,1590.76,95.09895,94.27953,97.92054
3500758,Alambari - SP,SP,6141.0,40.0,0.7,1317.23,81.72043,52.73492,97.10145
3500808,Alfredo Marcondes - SP,SP,4445.0,18.0,0.4,1485.42,88.00695,84.93627,94.438
3500907,Altair - SP,SP,3451.0,27.0,0.8,1313.69,83.95931,87.01095,91.62754
3501004,Altinópolis - SP,SP,16818.0,157.0,0.9,1391.26,91.26357,91.04969,95.72227000000001
3501103,Alto Alegre - SP,SP,3841.0,43.0,1.1,1349.61,81.62055,82.93808,93.083
3501152,Alumínio - SP,SP,17301.0,161.0,0.9,1523.42,90.96568,74.04105,99.91588
3501202,Álvares Florence - SP,SP,3915.0,38.0,1.0,1429.27,68.94977,68.88454,82.90933
3501301,Álvares Machado - SP,SP,27255.0,393.0,1.4,1462.07,90.41443,89.47208,95.83544
3501400,Álvaro de Carvalho - SP,SP,4808.0,25.0,0.5,1137.02,91.86644,93.32192,96.14726
3501509,Alvinlândia - SP,SP,2885.0,39.0,1.4,1203.52,93.24727,93.9424,99.30485999999999
3501608,Americana - SP,SP,237240.0,2303.0,1.0,2358.27,95.711,98.29158,99.92376999999999
3501707,Américo Brasiliense - SP,SP,33019.0,357.0,1.1,1233.06,99.33398,99.24634,99.82473
3501806,Américo de Campos - SP,SP,5870.0,35.0,0.6,1580.65,89.15714,89.15714,93.05379
3501905,Amparo - SP,SP,68008.0,769.0,1.1,1986.75,89.82483,85.95811,98.93022
3502002,Analândia - SP,SP,4589.0,19.0,0.4,1677.47,85.2293,83.68076,94.22275
3502101,Andradina - SP,SP,59783.0,588.0,1.0,1774.02,95.37219,93.64703,96.41731999999999
3502200,Angatuba - SP,SP,24022.0,247.0,1.0,1526.22,83.42164,70.05769,92.06405
3502309,Anhembi - SP,SP,5674.0,17.0,0.3,1188.66,78.82181,81.25609,97.46836
3502408,Anhumas - SP,SP,4023.0,26.0,0.6,1409.42,85.34774,86.02296,92.91019
3502507,Aparecida - SP,SP,32569.0,300.0,0.9,1468.76,98.53045,96.36572,98.56564
3502606,Aparecida d'Oeste - SP,SP,4086.0,28.0,0.7,1418.94,83.78713,83.78713,93.68812000000001
3502705,Apiaí - SP,SP,24585.0,336.0,1.4,1148.15,80.63931,58.71684,92.55270999999999
3502754,Araçariguama - SP,SP,21522.0,124.0,0.6,1464.76,79.05122,60.77848,95.5129
3502804,Araçatuba - SP,SP,200124.0,2380.0,1.2,2088.68,97.30501,97.40402,99.37768
3502903,Araçoiaba da Serra - SP,SP,32443.0,453.0,1.4,1993.37,84.84463,37.56156,99.21888
3503000,Aramina - SP,SP,5420.0,29.0,0.5,1628.68,93.65634,94.35564,98.20179
3503109,Arandu - SP,SP,6885.0,53.0,0.8,1251.83,77.88502,78.17877,97.5661
3503158,Arapeí - SP,SP,2330.0,22.0,0.9,1149.76,80.33898,72.54237,96.72316000000001
3503208,Araraquara - SP,SP,242228.0,3075.0,1.3,2128.11,98.55262,98.73098,99.58709
3503307,Araras - SP,SP,130866.0,1259.0,1.0,1910.5,96.35428,97.13178,99.48304999999999
3503356,Arco-Íris - SP,SP,2044.0,7.0,0.3,1178.32,75.03411,99.18145,82.26465999999999
3503406,Arealva - SP,SP,8130.0,66.0,0.8,1731.53,77.038,72.49107,93.34199000000001
3503505,Areias - SP,SP,3577.0,20.0,0.6,1093.27,78.71649,70.99919,95.28839
3503604,Areiópolis - SP,SP,10130.0,72.0,0.7,1345.98,94.85294,94.67647,98.52941
3503703,Ariranha - SP,SP,7602.0,37.0,0.5,1546.55,96.38135,96.86848,98.81698
3503802,Artur Nogueira - SP,SP,51456.0,564.0,1.1,1649.8,88.65565,88.97521,99.00275
3503901,Arujá - SP,SP,86678.0,923.0,1.1,1982.83,94.88892,81.24915,99.50593
3503950,Aspásia - SP,SP,1842.0,6.0,0.3,1361.65,79.67599,82.91605,88.0707
3504008,Assis - SP,SP,101409.0,943.0,0.9,1997.74,96.94452,96.23438,98.89677999999999
3504107,Atibaia - SP,SP,158647.0,1759.0,1.1,2283.78,76.2588,60.93026,99.34008
3504206,Auriflama - SP,SP,13692.0,150.0,1.1,1494.63,91.285,91.19229,96.60671
3504305,Avaí - SP,SP,4483.0,51.0,1.1,1349.49,78.77502,69.07216,93.02607
3504404,Avanhandava - SP,SP,11263.0,91.0,0.8,1246.92,96.43967,97.11783,96.72224
3504503,Avaré - SP,SP,92805.0,997.0,1.1,1769.85,94.15138,93.92138,98.34219999999999
3504602,Bady Bassitt - SP,SP,27260.0,167.0,0.6,1808.97,95.39064,95.52119,98.93553
3504701,Balbinos - SP,SP,3887.0,,,1703.84,91.88192,92.25092,95.38746
3504800,Bálsamo - SP,SP,9596.0,104.0,1.1,1568.8,92.90723,94.7411,97.81554
3504909,Bananal - SP,SP,9969.0,103.0,1.0,1340.96,82.10243,81.50943,96.28032999999999
3505005,Barão de Antonina - SP,SP,3531.0,22.0,0.6,1066.93,75.52395,74.8503,99.32634999999999
3505104,Barbosa - SP,SP,5640.0,46.0,0.8,1080.41,91.89573,91.99052,93.55449999999999
3505203,Bariri - SP,SP,31595.0,160.0,0.5,1755.66,96.29756,96.45076,98.05089
3505302,Barra Bonita - SP,SP,34346.0,231.0,0.7,1853.96,98.55747,98.44114,99.31751000000001
3505351,Barra do Chapéu - SP,SP,5179.0,34.0,0.7,888.5,51.33262,37.10021,85.87419999999999
3505401,Barra do Turvo - SP,SP,6876.0,52.0,0.8,1094.16,46.09709,40.38835,89.90292
3505500,Barretos - SP,SP,122485.0,1585.0,1.3,1844.44,97.12194,97.88626,98.39149
3505609,Barrinha - SP,SP,32092.0,367.0,1.1,1385.51,98.49053,98.16899,99.74991
3505708,Barueri - SP,SP,316473.0,3942.0,1.2,2412.35,99.64462,97.64297,99.97442000000001
3505807,Bastos - SP,SP,21503.0,152.0,0.7,1449.37,85.02057,86.20141,92.71593
3505906,Batatais - SP,SP,58402.0,544.0,0.9,1826.35,97.19927,97.17593,98.25887999999999
3506003,Bauru - SP,SP,379146.0,4123.0,1.1,2210.1,95.96881,97.0714,99.41085000000001
3506102,Bebedouro - SP,SP,76373.0,770.0,1.0,1734.11,96.55037,97.05693,98.36258000000001
3506201,Bento de Abreu - SP,SP,2606.0,31.0,1.2,1550.41,93.00323,93.11087,
3506300,Bernardino de Campos - SP,SP,11607.0,71.0,0.6,1515.11,91.91555,91.81256,97.2966
3506359,Bertioga - SP,SP,64188.0,965.0,1.5,1511.97,93.10542,72.21489,99.42802
3506409,Bilac - SP,SP,7319.0,32.0,0.4,1639.46,93.10222,94.42459,96.92637
3506508,Birigui - SP,SP,118979.0,1406.0,1.2,1732.98,96.50194,97.82005,99.03236000000001
3506607,Biritiba Mirim - SP,SP,29683.0,446.0,1.5,1243.58,67.30548,63.13722,95.60176000000001
3506706,Boa Esperança do Sul - SP,SP,12978.0,187.0,1.4,1261.94,94.52202,94.58647,97.16434000000001
3506805,Bocaina - SP,SP,11259.0,93.0,0.8,1595.83,94.53297,94.01814,97.94067000000001
3506904,Bofete - SP,SP,10460.0,76.0,0.7,1480.67,70.58376,64.79695,98.27411000000001
3507001,Boituva - SP,SP,61081.0,772.0,1.3,1819.01,91.33938,84.39615,99.7928
3507100,Bom Jesus dos Perdões - SP,SP,22006.0,202.0,0.9,1604.07,86.22654,81.35922,99.31392
3507159,Bom Sucesso de Itararé - SP,SP,3555.0,12.0,0.4,1141.43,71.48936,68.34043,98.46809
3507209,Borá - SP,SP,907.0,4.0,0.5,1323.39,82.91925,84.78261,91.30434
3507308,Boracéia - SP,SP,4715.0,48.0,1.0,1269.35,92.84404,94.37309,97.06422
3507407,Borborema - SP,SP,14226.0,143.0,1.0,1614.88,92.26701,92.54058,94.78388
3507456,Borebi - SP,SP,2713.0,20.0,0.8,1282.36,88.71636,88.09524,95.34161999999999
3507506,Botucatu - SP,SP,145155.0,1851.0,1.3,1991.29,97.21263,95.7041,99.40284
3507605,Bragança Paulista - SP,SP,176811.0,1797.0,1.0,1941.5,88.85316,84.74245,99.72574
3507704,Braúna - SP,SP,5356.0,20.0,0.4,1369.89,91.19593,91.04326,94.45293
3507753,Brejo Alegre - SP,SP,2565.0,12.0,0.5,1329.38,86.38254,80.45738,97.7131
3507803,Brodowski - SP,SP,25201.0,388.0,1.5,1711.42,97.28573,97.48846,98.88501
3507902,Brotas - SP,SP,23898.0,256.0,1.1,1482.87,92.83395,92.79917,97.80845
3508009,Buri - SP,SP,20250.0,431.0,2.1,996.87,83.14687,79.30293,91.55192
3508108,Buritama - SP,SP,17210.0,152.0,0.9,1627.85,92.2916,85.56917,97.1467
3508207,Buritizal - SP,SP,4356.0,15.0,0.3,1763.97,85.49067,87.35701,94.70197999999999
3508306,Cabrália Paulista - SP,SP,4299.0,18.0,0.4,1242.79,82.78021,82.65498,88.04007
3508405,Cabreúva - SP,SP,47011.0,451.0,1.0,1480.46,88.09003,84.23794,99.4984
3508504,Caçapava - SP,SP,96202.0,1219.0,1.3,1632.59,95.78381,87.07214,99.5038
3508603,Cachoeira Paulista - SP,SP,31564.0,187.0,0.6,1383.47,93.61761,88.92251,98.89959
3508702,Caconde - SP,SP,17101.0,109.0,0.6,1386.07,70.00966,69.47843,92.83645
3508801,Cafelândia - SP,SP,16654.0,118.0,0.7,1524.12,92.06019,92.55643,94.82952
3508900,Caiabu - SP,SP,3712.0,15.0,0.4,1359.73,85.07157,80.43626,90.66121000000001
3509007,Caieiras - SP,SP,95032.0,913.0,1.0,1668.47,96.70175,87.53519,99.78277
3509106,Caiuá - SP,SP,5466.0,48.0,0.9,1214.27,59.38607,55.07674,65.40732
3509205,Cajamar - SP,SP,92689.0,1069.0,1.2,1728.39,92.32537,79.8989,99.56801
3509254,Cajati - SP,SP,28515.0,275.0,1.0,1206.25,80.38326,71.59859,97.61977
3509304,Cajobi - SP,SP,9133.0,35.0,0.4,1564.43,94.0222,96.52718,97.18189
3509403,Cajuru - SP,SP,23830.0,113.0,0.5,1447.0,88.26809,89.33674,95.65571
3509452,Campina do Monte Alegre - SP,SP,5954.0,32.0,0.5,1336.83,87.96718,80.1732,98.22242
3509502,Campinas - SP,SP,1139047.0,15588.0,1.4,2678.6,98.85553,94.19686,99.76952
3509601,Campo Limpo Paulista - SP,SP,77632.0,793.0,1.0,1564.93,92.0201,79.844,99.68126000000001
3509700,Campos do Jordão - SP,SP,46974.0,586.0,1.2,1626.97,89.5441,84.5887,99.65312
3509809,Campos Novos Paulista - SP,SP,4888.0,26.0,0.5,1334.45,82.07965,82.19027,92.20133
3509908,Cananéia - SP,SP,12289.0,142.0,1.2,1281.29,85.88985,80.83751,96.17660000000001
3509957,Canas - SP,SP,4931.0,35.0,0.7,1174.28,93.96825,86.34921,97.90476
3510005,Cândido Mota - SP,SP,29449.0,466.0,1.6,1531.52,94.41028,93.8045,97.79715
3510104,Cândido Rodrigues - SP,SP,2889.0,10.0,0.3,1528.06,89.2922,89.65517,92.3775
3510153,Canitar - SP,SP,6283.0,40.0,0.6,1266.24,93.74097,96.72605,98.94077999999999
3510203,Capão Bonito - SP,SP,46337.0,512.0,1.1,1240.46,87.6971,79.58242,95.55625
3510302,Capela do Alto - SP,SP,22866.0,544.0,2.4,1062.65,83.76176,69.50414,99.18527999999999
3510401,Capivari - SP,SP,50068.0,548.0,1.1,1570.15,96.94062,92.29338,99.48235000000001
3510500,Caraguatatuba - SP,SP,134873.0,2059.0,1.5,1578.4,95.44539,84.36626,99.50855
3510609,Carapicuíba - SP,SP,386984.0,5170.0,1.3,1432.95,99.19952,88.35028,99.91301
3510708,Cardoso - SP,SP,11345.0,79.0,0.7,1515.63,90.70172,90.24549,96.93678
3510807,Casa Branca - SP,SP,28083.0,244.0,0.9,1545.95,89.05416,90.45958,95.30160000000001
3510906,Cássia dos Coqueiros - SP,SP,2799.0,10.0,0.4,1539.7,70.07435,64.77695,91.44982
3511003,Castilho - SP,SP,19977.0,204.0,1.0,1419.26,75.58013,77.05433,87.70134
3511102,Catanduva - SP,SP,115791.0,1006.0,0.9,1898.84,97.95738,98.23654,99.54835
3511201,Catiguá - SP,SP,7003.0,42.0,0.6,1398.86,95.61753,95.65737,98.24700999999999
3511300,Cedral - SP,SP,12618.0,98.0,0.8,1810.97,88.83162,88.16581,95.46822
3511409,Cerqueira César - SP,SP,21469.0,213.0,1.0,1459.9,90.97175,90.05271,95.36424
3511508,Cerquilho - SP,SP,44695.0,558.0,1.2,1839.05,94.49195,93.70599,99.46553999999999
3511607,Cesário Lange - SP,SP,19048.0,166.0,0.9,1256.04,82.42671,72.99674,98.58306
3511706,Charqueada - SP,SP,15535.0,67.0,0.4,1454.08,97.30337,83.44569,99.13857
3511904,Clementina - SP,SP,6982.0,76.0,1.1,1390.17,96.14186,96.45362,97.62276
3512001,Colina - SP,SP,18486.0,105.0,0.6,1572.33,95.42683,97.07317,96.70732
3512100,Colômbia - SP,SP,6629.0,44.0,0.7,1282.7,82.99613,86.13861,90.01290999999999
3512209,Conchal - SP,SP,28101.0,292.0,1.0,1349.53,93.46447,93.75,98.27623
3512308,Conchas - SP,SP,15232.0,139.0,0.9,1601.09,79.81405,76.13088,93.65277999999999
3512407,Cordeirópolis - SP,SP,24514.0,309.0,1.3,1684.38,95.94373,93.03634,99.12075
3512506,Coroados - SP,SP,5400.0,38.0,0.7,1464.68,85.99703,92.03365,95.89313
3512605,Coronel Macedo - SP,SP,4280.0,44.0,1.0,1281.73,84.09915,80.71342,91.53567
3512704,Corumbataí - SP,SP,4195.0,60.0,1.4,1543.11,68.31276,63.44307,85.39094999999999
3512803,Cosmópolis - SP,SP,59773.0,632.0,1.1,1614.71,94.97302,93.71858,99.65872
3512902,Cosmorama - SP,SP,8719.0,78.0,0.9,1404.7,82.24671,82.64463,89.2562
3513009,Cotia - SP,SP,274413.0,3618.0,1.3,2275.73,93.49351,64.58331,99.45692
3513108,Cravinhos - SP,SP,33281.0,175.0,0.5,1576.75,98.20248,98.14962,99.21579
3513207,Cristais Paulista - SP,SP,9272.0,44.0,0.5,1581.65,75.75107,76.48682,91.93746
3513306,Cruzália - SP,SP,2108.0,9.0,0.4,1505.41,85.15815,85.27981,96.10705
3513405,Cruzeiro - SP,SP,74961.0,570.0,0.8,1498.46,98.29698,94.67807,99.50328999999999
3513504,Cubatão - SP,SP,112476.0,1481.0,1.3,1246.76,96.3059,77.97012,99.18186
3513603,Cunha - SP,SP,22110.0,187.0,0.8,1243.82,59.72708,57.83765,79.33287
3513702,Descalvado - SP,SP,31756.0,313.0,1.0,1726.15,91.84211,92.9386,94.36842
3513801,Diadema - SP,SP,393237.0,4973.0,1.3,1522.03,99.83566,98.8158,99.73485
3513850,Dirce Reis - SP,SP,1620.0,7.0,0.4,1358.16,86.76012,86.13707,97.04050000000001
3513900,Divinolândia - SP,SP,11158.0,99.0,0.9,1682.61,68.41728,61.85247,89.97373999999999
3514007,Dobrada - SP,SP,8759.0,64.0,0.7,1361.96,97.59428,97.85436,98.9922
3514106,Dois Córregos - SP,SP,24510.0,523.0,2.1,1357.54,95.99142,97.65131,98.04652
3514205,Dolcinópolis - SP,SP,2207.0,12.0,0.5,1359.18,90.64262,91.09357,95.03945999999999
3514304,Dourado - SP,SP,8096.0,91.0,1.1,1694.59,94.90815,95.84273,98.90429
3514403,Dracena - SP,SP,45474.0,437.0,1.0,1886.73,96.00608,93.0121,98.00012
3514502,Duartina - SP,SP,12328.0,98.0,0.8,1624.7,88.68476,88.78914,95.82464
3514601,Dumont - SP,SP,9471.0,46.0,0.5,1673.48,97.78519,97.78519,98.87743
3514700,Echaporã - SP,SP,6205.0,24.0,0.4,1387.75,85.54534,84.40648,94.08673
3514809,Eldorado - SP,SP,13069.0,137.0,1.0,1096.71,57.24228,56.1331,85.95041
3514908,Elias Fausto - SP,SP,17699.0,125.0,0.7,1295.02,84.98408,84.58187,98.67604999999999
3514924,Elisiário - SP,SP,3138.0,36.0,1.2,1535.69,93.3277,93.83446,99.40879
3514957,Embaúba - SP,SP,2323.0,24.0,1.1,1354.87,87.83482,89.0625,92.74554
3515004,Embu das Artes - SP,SP,250691.0,2680.0,1.1,1249.69,98.38959,79.48517,99.05556999999999
3515103,Embu-Guaçu - SP,SP,66970.0,863.0,1.3,1386.48,78.97931,45.67875,98.91007
3515129,Emilianópolis - SP,SP,3014.0,30.0,1.0,1334.16,88.53016,87.93543,96.09176000000001
3515152,Engenheiro Coelho - SP,SP,19566.0,175.0,0.9,1609.27,73.57641,73.03893,97.71935
3515186,Espírito Santo do Pinhal - SP,SP,39816.0,317.0,0.8,1838.17,91.28469,91.53509,97.89942
3515194,Espírito Santo do Turvo - SP,SP,4157.0,32.0,0.8,1193.58,86.16734,86.43725,94.06208000000001
3515202,Estrela d'Oeste - SP,SP,9417.0,65.0,0.7,1667.09,85.62356,84.29561,92.09007
3515301,Estrela do Norte - SP,SP,2703.0,18.0,0.7,1405.87,80.84449,81.5654,81.77136999999999
3515350,Euclides da Cunha Paulista - SP,SP,7924.0,85.0,1.1,1077.55,69.92058,62.54136,73.59364
3515400,Fartura - SP,SP,16641.0,110.0,0.7,1482.13,81.90002,80.90339,94.93651
3515509,Fernandópolis - SP,SP,71186.0,529.0,0.7,1853.8,96.633,96.78505,97.93998
3515608,Fernando Prestes - SP,SP,5942.0,22.0,0.4,1600.05,90.70599,91.06345,92.98481
3515657,Fernão - SP,SP,1656.0,14.0,0.8,1270.67,60.68515,60.68515,
3515707,Ferraz de Vasconcelos - SP,SP,179198.0,2099.0,1.2,1201.71,98.16316,89.18778,99.45841
3515806,Flora Rica - SP,SP,1487.0,6.0,0.4,1376.01,85.7377,85.90164,
3515905,Floreal - SP,SP,2733.0,28.0,1.0,1699.56,86.121,86.6548,93.68327
3516002,Flórida Paulista - SP,SP,12958.0,41.0,0.3,1313.48,91.74971,92.67671,94.39165000000001
3516101,Florínea - SP,SP,3851.0,27.0,0.7,1361.28,88.51992,87.76091,95.63567
3516200,Franca - SP,SP,352536.0,3621.0,1.0,1734.79,98.35758,97.92059,99.6451
3516309,Francisco Morato - SP,SP,165139.0,2225.0,1.3,1035.25,97.96594,68.5857,98.71506
3516408,Franco da Rocha - SP,SP,144849.0,1609.0,1.1,1397.55,98.18326,78.89454,99.28223
3516507,Gabriel Monteiro - SP,SP,2763.0,21.0,0.8,1710.43,88.51541,88.79552,95.42483
3516606,Gália - SP,SP,6380.0,47.0,0.7,1433.66,80.82753,83.98197,93.19951
3516705,Garça - SP,SP,42110.0,272.0,0.6,1612.63,95.67738,96.43754,97.96431
3516804,Gastão Vidigal - SP,SP,3252.0,12.0,0.4,1377.87,90.04815,90.60995,97.5923
3516853,Gavião Peixoto - SP,SP,4702.0,57.0,1.2,1489.75,95.06098,94.81707,98.04878
3516903,General Salgado - SP,SP,10312.0,111.0,1.1,1735.05,90.84349,89.74869,95.57104000000001
3517000,Getulina - SP,SP,10232.0,99.0,1.0,1290.17,88.40962,88.1162,93.72066
3517109,Glicério - SP,SP,4138.0,38.0,0.9,1412.75,81.0567,78.22165,95.03866
3517208,Guaiçara - SP,SP,11239.0,37.0,0.3,1305.59,91.61871,91.41856,98.24868000000001
3517307,Guaimbê - SP,SP,5512.0,18.0,0.3,1235.95,89.51456,89.80583,94.51456
3517406,Guaíra - SP,SP,39279.0,376.0,1.0,1685.85,97.05582,97.72217,97.85136
3517505,Guapiaçu - SP,SP,21711.0,90.0,0.4,1671.55,92.82482,87.86037,96.50937
3517604,Guapiara - SP,SP,17071.0,163.0,1.0,1032.99,60.39636,37.99545,89.89604
3517703,Guará - SP,SP,18606.0,93.0,0.5,1332.26,89.2082,96.90166,97.65006
3517802,Guaraçaí - SP,SP,7441.0,82.0,1.1,1542.83,83.64502,83.06698,86.16117
3517901,Guaraci - SP,SP,10350.0,83.0,0.8,1492.66,86.66667,88.37803,95.93869
3518008,Guarani d'Oeste - SP,SP,1968.0,24.0,1.2,1226.38,86.5099,87.12871,95.29702999999999
3518107,Guarantã - SP,SP,6427.0,64.0,1.0,1310.94,82.13508,81.52505,87.71242
3518206,Guararapes - SP,SP,31043.0,253.0,0.8,1575.63,95.02103,95.51893,96.95253
3518305,Guararema - SP,SP,31236.0,361.0,1.2,1601.96,72.69529,61.1943,98.29515
3518404,Guaratinguetá - SP,SP,118044.0,1067.0,0.9,1872.42,95.84298,89.34017,99.41773
3518503,Guareí - SP,SP,15013.0,137.0,0.9,1385.89,84.76528,59.18955,94.24269
3518602,Guariba - SP,SP,37498.0,274.0,0.7,1320.05,95.2178,98.40335,99.61247
3518701,Guarujá - SP,SP,287634.0,4262.0,1.5,1416.67,94.24176,85.53648,99.7716
3518800,Guarulhos - SP,SP,1291771.0,17919.0,1.4,1643.73,98.77929,92.01792,99.30863
3518859,Guatapará - SP,SP,7320.0,21.0,0.3,1428.08,90.80142,93.6439,92.69641
3518909,Guzolândia - SP,SP,4246.0,19.0,0.5,1208.8,89.44785,90.06135,95.58282
3519006,Herculândia - SP,SP,9125.0,123.0,1.3,1172.66,87.51134,92.68219,93.89174
3519055,Holambra - SP,SP,15094.0,177.0,1.2,2545.63,78.44277,77.70676,99.41894
3519071,Hortolândia - SP,SP,236641.0,2806.0,1.2,1619.28,98.60771,96.35653,99.96535
3519105,Iacanga - SP,SP,10437.0,62.0,0.6,1415.72,91.33182,89.5628,93.60627
3519204,Iacri - SP,SP,6131.0,52.0,0.8,1368.52,85.97345,84.64602,89.46902
3519253,Iaras - SP,SP,8010.0,41.0,0.5,1284.97,66.33166,64.48911,71.52429000000001
3519303,Ibaté - SP,SP,32178.0,367.0,1.1,1285.02,98.41327,98.22395,99.63037
3519402,Ibirá - SP,SP,11690.0,40.0,0.3,1717.95,93.05177,95.04995,97.50227000000001
3519501,Ibirarema - SP,SP,6385.0,19.0,0.3,1429.78,93.42489,94.5901,96.58760000000001
3519600,Ibitinga - SP,SP,60033.0,1271.0,2.1,1437.98,96.59659,97.08279,99.13114
3519709,Ibiúna - SP,SP,75605.0,762.0,1.0,1324.95,48.75152,29.11354,93.51852000000001
3519808,Icém - SP,SP,7819.0,42.0,0.5,1574.21,90.01542,94.06322,97.64842
3519907,Iepê - SP,SP,7619.0,62.0,0.8,1401.72,89.24509,88.07308,95.69113999999999
3520004,Igaraçu do Tietê - SP,SP,23106.0,341.0,1.5,1348.69,98.60857,97.87624,98.9015
3520103,Igarapava - SP,SP,26212.0,340.0,1.3,1501.48,95.60718,97.67678,98.59997
3520202,Igaratá - SP,SP,10605.0,98.0,0.9,1478.86,65.94498,39.86246,95.84819
3520301,Iguape - SP,SP,29115.0,329.0,1.1,1336.34,74.94925,64.49529,90.02583
3520400,Ilhabela - SP,SP,34934.0,424.0,1.2,1970.57,84.02832,62.43902,99.00079
3520426,Ilha Comprida - SP,SP,13419.0,266.0,2.0,1392.2,93.32446,47.33739,99.67668
3520442,Ilha Solteira - SP,SP,25549.0,153.0,0.6,2147.45,94.60016,87.64427,95.37304
3520509,Indaiatuba - SP,SP,255748.0,3374.0,1.3,2601.91,96.37682,96.03742,99.87879000000001
3520608,Indiana - SP,SP,5090.0,39.0,0.8,1627.06,86.45128,87.33715,96.76915000000001
3520707,Indiaporã - SP,SP,4035.0,47.0,1.2,1550.8,82.37064,80.02407,95.72804
3520806,Inúbia Paulista - SP,SP,3615.0,23.0,0.6,1419.58,92.55319,93.61702,98.86019
3520905,Ipaussu - SP,SP,13712.0,117.0,0.9,1441.01,92.2825,95.92631,98.34187
3521002,Iperó - SP,SP,36459.0,573.0,1.6,1304.0,86.25584,67.24182,99.00551999999999
3521101,Ipeúna - SP,SP,6831.0,63.0,0.9,1722.53,92.30769,84.36455,97.9515
3521150,Ipiguá - SP,SP,6761.0,22.0,0.3,1353.73,65.88957,68.05726,95.29652
3521200,Iporanga - SP,SP,4046.0,31.0,0.8,1124.95,56.88828,56.33996,80.67169000000001
3521309,Ipuã - SP,SP,14454.0,138.0,1.0,1452.66,97.60255,98.05207,98.35175000000001
3521408,Iracemápolis - SP,SP,21967.0,129.0,0.6,1866.43,99.49622,99.58902,99.78789
3521507,Irapuã - SP,SP,6867.0,36.0,0.5,1334.09,91.01991,91.79195,97.52132999999999
3521606,Irapuru - SP,SP,7085.0,91.0,1.3,1356.24,90.04237,89.27966,91.69491000000001
3521705,Itaberá - SP,SP,17983.0,128.0,0.7,1205.06,69.84809,66.42627,88.92128
3521804,Itaí - SP,SP,25180.0,169.0,0.7,1400.91,81.84651,80.42701,93.97577000000001
3521903,Itajobi - SP,SP,16989.0,73.0,0.4,1572.71,88.04698,88.72265,91.98841
3522000,Itaju - SP,SP,3618.0,25.0,0.7,1371.85,76.58761,78.34736,92.19587
3522109,Itanhaém - SP,SP,112476.0,1765.0,1.6,1374.2,93.46106,63.1446,97.87198
3522158,Itaoca - SP,SP,3422.0,26.0,0.8,1008.01,69.9683,31.77496,97.22663
3522208,Itapecerica da Serra - SP,SP,158522.0,1791.0,1.1,1248.65,90.83995,63.50091,98.72624
3522307,Itapetininga - SP,SP,157790.0,1813.0,1.1,1671.4,94.16283,90.04895,98.50404
3522406,Itapeva - SP,SP,89728.0,1039.0,1.2,1443.07,88.96547,80.63765,96.63551
3522505,Itapevi - SP,SP,232297.0,2993.0,1.3,1138.47,96.56268,82.00054,99.03555
3522604,Itapira - SP,SP,72022.0,729.0,1.0,1823.28,93.14885,93.43893,99.41602999999999
3522653,Itapirapuã Paulista - SP,SP,4306.0,36.0,0.8,1084.01,71.96921,60.23092,87.04297
3522703,Itápolis - SP,SP,39493.0,555.0,1.4,1675.41,93.36711,93.33378,95.12699
3522802,Itaporanga - SP,SP,14085.0,122.0,0.9,1283.91,82.39801,75.73262,88.45048999999999
3522901,Itapuí - SP,SP,13659.0,130.0,1.0,1421.09,96.50453,96.60981,98.94713999999999
3523008,Itapura - SP,SP,3979.0,13.0,0.3,1299.95,84.27632,78.42105,96.97368
3523107,Itaquaquecetuba - SP,SP,369275.0,4477.0,1.2,1101.16,97.94734,76.61667,99.59797999999999
3523206,Itararé - SP,SP,44438.0,527.0,1.2,1297.43,94.43268,88.98033,97.53101
3523305,Itariri - SP,SP,15528.0,168.0,1.1,1027.49,77.23735,67.24443,93.65051
3523404,Itatiba - SP,SP,121590.0,1377.0,1.1,2282.1,92.31086,86.336,99.72800000000001
3523503,Itatinga - SP,SP,19070.0,160.0,0.8,1388.79,89.52697,87.71784,97.9419
3523602,Itirapina - SP,SP,16148.0,128.0,0.8,1659.02,91.68755,77.90309,98.05764
3523701,Itirapuã - SP,SP,5779.0,34.0,0.6,1202.12,86.73317,90.67332,92.96758
3523800,Itobi - SP,SP,8046.0,56.0,0.7,1439.31,88.50654,88.88507,92.2574
3523909,Itu - SP,SP,168240.0,1928.0,1.1,1874.09,92.03795,90.56008,98.93358
3524006,Itupeva - SP,SP,70616.0,501.0,0.7,2035.47,83.66399,78.90249,99.47235
3524105,Ituverava - SP,SP,37571.0,334.0,0.9,1788.4,96.24403,97.22044,98.34652
3524204,Jaborandi - SP,SP,6221.0,57.0,0.9,1584.97,82.57243,95.03951,96.57595
3524303,Jaboticabal - SP,SP,71821.0,737.0,1.0,1948.36,95.91867,97.79141,98.82451999999999
3524402,Jacareí - SP,SP,240275.0,2669.0,1.1,1799.5,97.07438,93.22253,99.7273
3524501,Jaci - SP,SP,7613.0,68.0,0.9,1443.85,90.292,90.48161,96.8904
3524600,Jacupiranga - SP,SP,16097.0,112.0,0.7,1256.95,69.90391,65.92313,94.61222000000001
3524709,Jaguariúna - SP,SP,59347.0,945.0,1.6,2045.01,96.52101,94.26386,99.84144
3524808,Jales - SP,SP,48776.0,479.0,1.0,2077.24,94.19811,94.44969,96.71384
3524907,Jambeiro - SP,SP,6397.0,32.0,0.5,1751.77,68.6983,48.93339,97.91032
3525003,Jandira - SP,SP,118045.0,1444.0,1.2,1628.78,99.04544,87.10038,99.96906
3525102,Jardinópolis - SP,SP,45282.0,391.0,0.9,1536.17,94.5468,96.23453,98.74932
3525201,Jarinu - SP,SP,37535.0,383.0,1.0,1368.78,68.53066,38.90474,99.40610000000001
3525300,Jaú - SP,SP,133497.0,1392.0,1.0,1751.62,97.48562,97.57631,99.38995
3525409,Jeriquara - SP,SP,3863.0,19.0,0.5,1491.08,88.31563,88.01214,91.4264
3525508,Joanópolis - SP,SP,12815.0,60.0,0.5,1780.73,73.42912,72.24962,98.79906
3525607,João Ramalho - SP,SP,4371.0,51.0,1.2,1261.53,90.01944,88.2048,96.30590000000001
3525706,José Bonifácio - SP,SP,36633.0,509.0,1.4,1697.31,92.40231,93.57984,96.14489999999999
3525805,Júlio Mesquita - SP,SP,4254.0,41.0,1.0,1240.61,97.63124,99.87196,
3525854,Jumirim - SP,SP,3056.0,32.0,1.0,1366.75,79.04192,56.98603,96.80639000000001
3525904,Jundiaí - SP,SP,443221.0,5057.0,1.1,2774.36,95.87548,95.02448,99.89095
3526001,Junqueirópolis - SP,SP,20448.0,181.0,0.9,1638.65,92.93805,92.6304,94.8259
3526100,Juquiá - SP,SP,17154.0,193.0,1.1,1160.51,69.66735,61.54816,88.08135000000001
3526209,Juquitiba - SP,SP,27404.0,480.0,1.8,1076.35,59.45027,33.18341,93.8031
3526308,Lagoinha - SP,SP,5083.0,42.0,0.8,1368.11,60.55796,57.91246,96.633
3526407,Laranjal Paulista - SP,SP,26261.0,294.0,1.1,1556.49,88.9846,87.54172,98.46020999999999
3526506,Lavínia - SP,SP,9689.0,25.0,0.3,1527.78,84.9755,85.79205,94.82852
3526605,Lavrinhas - SP,SP,7171.0,51.0,0.7,1164.45,94.14716,80.14214,97.53344
3526704,Leme - SP,SP,98161.0,1943.0,2.0,1577.91,97.60054,98.28011,98.96806000000001
3526803,Lençóis Paulista - SP,SP,66505.0,594.0,0.9,1795.57,97.17378,96.53405,99.53553
3526902,Limeira - SP,SP,291869.0,2940.0,1.0,1932.42,96.21137,96.5302,99.44181
3527009,Lindóia - SP,SP,7014.0,84.0,1.2,1690.27,89.57931,82.86376,99.22809000000001
3527108,Lins - SP,SP,74779.0,1003.0,1.3,1864.07,98.15701,98.24494,99.21216
3527207,Lorena - SP,SP,84855.0,1025.0,1.2,1673.5,96.1965,96.13988,98.85428999999999
3527256,Lourdes - SP,SP,1950.0,15.0,0.8,1400.55,86.5285,86.39896,98.18653
3527306,Louveira - SP,SP,51847.0,791.0,1.5,2025.97,90.69378,87.91197,99.73746000000001
3527405,Lucélia - SP,SP,20061.0,210.0,1.0,1571.18,95.51719,95.29002,97.98577
3527504,Lucianópolis - SP,SP,2372.0,20.0,0.8,1464.02,81.34831,78.42697,96.29214
3527603,Luís Antônio - SP,SP,12265.0,58.0,0.5,1381.42,97.48141,97.40945,98.92060000000001
3527702,Luiziânia - SP,SP,4701.0,9.0,0.2,1314.88,92.36553,92.53904,95.72007
3527801,Lupércio - SP,SP,3981.0,11.0,0.3,1073.89,90.8288,91.03261,97.41848
3527900,Lutécia - SP,SP,2661.0,18.0,0.7,1451.06,81.17761,80.69498,89.67181
3528007,Macatuba - SP,SP,16829.0,143.0,0.8,1555.42,96.00283,98.05447,99.38097
3528106,Macaubal - SP,SP,7481.0,57.0,0.8,1516.91,89.99335,89.72739,93.68351
3528205,Macedônia - SP,SP,3963.0,37.0,0.9,1428.56,73.49636,74.95043,88.16919999999999
3528304,Magda - SP,SP,3165.0,13.0,0.4,1547.56,85.04375,84.9642,93.87431
3528403,Mairinque - SP,SP,50027.0,445.0,0.9,1607.36,83.54185,69.15125,98.36123
3528502,Mairiporã - SP,SP,93853.0,1092.0,1.2,1825.67,62.99534,35.25924,97.84621
3528601,Manduri - SP,SP,9871.0,56.0,0.6,1661.83,87.85579,88.69612,94.93088
3528700,Marabá Paulista - SP,SP,4573.0,44.0,1.0,1197.87,59.65293,51.98843,54.157630000000005
3528809,Maracaí - SP,SP,12673.0,83.0,0.7,1465.29,88.64954,88.60812,94.36619
3528858,Marapoama - SP,SP,3292.0,5.0,0.2,1526.46,89.66074,89.90307,94.18417
3528908,Mariápolis - SP,SP,3513.0,50.0,1.4,1361.35,88.2055,86.75832,97.9016
3529005,Marília - SP,SP,237627.0,2705.0,1.1,2024.26,97.64816,97.54975,99.39253000000001
3529104,Marinópolis - SP,SP,1860.0,5.0,0.3,1441.96,81.45049,81.45049,93.0265
3529203,Martinópolis - SP,SP,24881.0,195.0,0.8,1439.59,89.84737,88.00452,94.09836
3529302,Matão - SP,SP,79033.0,926.0,1.2,1700.46,98.06391,99.08747,99.78141
3529401,Mauá - SP,SP,418261.0,6076.0,1.5,1478.74,98.86515,93.24462,99.42603
3529500,Mendonça - SP,SP,6159.0,57.0,0.9,1756.32,87.77538,93.82289,96.80345
3529609,Meridiano - SP,SP,4572.0,27.0,0.6,1579.55,81.69177,81.17034,94.49595
3529658,Mesópolis - SP,SP,1952.0,6.0,0.3,1278.93,83.17631,83.71467,87.75236
3529708,Miguelópolis - SP,SP,19441.0,256.0,1.3,1416.73,87.15326,94.00392,96.3295
3529807,Mineiros do Tietê - SP,SP,11230.0,80.0,0.7,1304.7,95.81924,95.14258,98.69502
3529906,Miracatu - SP,SP,18553.0,248.0,1.3,1125.4,62.22612,58.07771,86.95589
3530003,Mira Estrela - SP,SP,3126.0,18.0,0.6,1291.65,74.73854,76.66935,91.7136
3530102,Mirandópolis - SP,SP,27983.0,164.0,0.6,1683.93,85.67194,82.74045,94.2029
3530201,Mirante do Paranapanema - SP,SP,15917.0,92.0,0.6,1182.36,63.623,58.1346,65.56681
3530300,Mirassol - SP,SP,63337.0,580.0,0.9,2049.55,96.4158,96.21333,99.12118
3530409,Mirassolândia - SP,SP,4669.0,69.0,1.5,1322.05,87.10052,68.681,90.64498
3530508,Mococa - SP,SP,67681.0,691.0,1.0,1693.15,93.0596,93.24587,97.70813
3530607,Mogi das Cruzes - SP,SP,451505.0,5273.0,1.2,1851.39,90.63286,81.4201,98.93064
3530706,Mogi Guaçu - SP,SP,153658.0,1517.0,1.0,1747.34,97.24415,96.31031,99.39876
3530805,Mogi Mirim - SP,SP,92558.0,1008.0,1.1,2026.17,94.81284,92.65572,97.86655
3530904,Mombuca - SP,SP,3722.0,27.0,0.7,1274.03,86.2013,85.22727,98.05194999999999
3531001,Monções - SP,SP,1937.0,7.0,0.4,1338.77,91.23905,91.48936,95.61952000000001
3531100,Mongaguá - SP,SP,61951.0,1562.0,2.5,1287.82,95.16966,86.1209,98.88744
3531209,Monte Alegre do Sul - SP,SP,8627.0,107.0,1.2,1992.61,70.12947,56.59679,97.25647
3531308,Monte Alto - SP,SP,47574.0,344.0,0.7,1861.15,96.31025,96.65374,97.14682
3531407,Monte Aprazível - SP,SP,22280.0,91.0,0.4,1691.5,92.362,93.02164,96.48188999999999
3531506,Monte Azul Paulista - SP,SP,18151.0,161.0,0.9,1799.99,93.7657,94.90324,97.84311
3531605,Monte Castelo - SP,SP,4222.0,36.0,0.8,1402.16,83.94834,84.25584,93.97294
3531704,Monteiro Lobato - SP,SP,4138.0,37.0,0.9,1471.13,47.51276,40.43367,96.42857000000001
3531803,Monte Mor - SP,SP,64662.0,599.0,0.9,1367.63,91.83828,86.30333,98.7313
3531902,Morro Agudo - SP,SP,27933.0,255.0,0.9,1397.0,90.11779,95.95728,97.12518
3532009,Morungaba - SP,SP,13720.0,198.0,1.4,1680.58,84.99686,84.74576,98.66081
3532058,Motuca - SP,SP,4034.0,35.0,0.9,1479.74,82.08215,74.64589,94.47592
3532108,Murutinga do Sul - SP,SP,3737.0,20.0,0.5,1502.97,74.45946,77.09459,79.66216
3532157,Nantes - SP,SP,2660.0,11.0,0.4,1361.26,91.91821,95.22882,97.07887000000001
3532207,Narandiba - SP,SP,5713.0,28.0,0.5,1397.19,89.48134,88.85119,94.08627999999999
3532306,Natividade da Serra - SP,SP,6999.0,43.0,0.6,1183.61,49.64764,42.67089,91.43763
3532405,Nazaré Paulista - SP,SP,18217.0,225.0,1.2,1356.62,53.30161,21.40095,94.48245
3532504,Neves Paulista - SP,SP,9699.0,83.0,0.9,1828.88,88.78429,85.9064,95.37386
3532603,Nhandeara - SP,SP,9852.0,45.0,0.5,1668.97,84.13845,85.60757,93.17729
3532702,Nipoã - SP,SP,4750.0,36.0,0.8,1346.36,89.0971,91.25497,95.40034
3532801,Nova Aliança - SP,SP,6693.0,50.0,0.7,1565.88,89.56417,90.16393,95.60176000000001
3532827,Nova Campina - SP,SP,8497.0,49.0,0.6,926.06,72.36301,58.86986,95.06849
3532843,Nova Canaã Paulista - SP,SP,2032.0,10.0,0.5,1499.45,66.91087,66.17827,86.32477999999999
3532868,Nova Castilho - SP,SP,1062.0,2.0,0.2,1681.27,74.62312,74.87437,92.21105
3532900,Nova Europa - SP,SP,9311.0,80.0,0.9,1301.87,96.26445,96.17551,98.57694000000001
3533007,Nova Granada - SP,SP,19419.0,96.0,0.5,1455.77,91.57172,92.35415,96.10158
3533106,Nova Guataporanga - SP,SP,2156.0,29.0,1.3,1356.94,90.88812,91.34948,97.46251
3533205,Nova Independência - SP,SP,4609.0,28.0,0.6,1422.32,88.17131,90.3467,93.47383
3533254,Novais - SP,SP,4412.0,36.0,0.8,1145.17,93.53421,93.72254,95.41744999999999
3533304,Nova Luzitânia - SP,SP,2837.0,10.0,0.3,1254.56,91.53298,94.91979,97.95008
3533403,Nova Odessa - SP,SP,62019.0,715.0,1.2,1934.32,98.09434,97.95918,99.85584
3533502,Novo Horizonte - SP,SP,38324.0,408.0,1.1,1693.96,93.93898,95.07797,97.41017
3533601,Nuporanga - SP,SP,7391.0,30.0,0.4,1765.43,93.5592,93.63366,98.28742
3533700,Ocauçu - SP,SP,4331.0,31.0,0.7,1349.57,85.69667,96.11591,89.51911
3533809,Óleo - SP,SP,2512.0,12.0,0.5,1376.51,80.06166,70.9147,90.75026
3533908,Olímpia - SP,SP,55074.0,660.0,1.2,1674.78,95.58233,96.6794,97.95279000000001
3534005,Onda Verde - SP,SP,4771.0,18.0,0.4,1480.85,84.3805,85.37874,96.06576
3534104,Oriente - SP,SP,6085.0,33.0,0.5,1590.53,93.46049,93.68756,98.18347
3534203,Orindiúva - SP,SP,6024.0,51.0,0.8,1567.59,91.96977,93.19792,98.15777
3534302,Orlândia - SP,SP,38319.0,274.0,0.7,1737.14,97.92758,98.56922,98.71672
3534401,Osasco - SP,SP,728615.0,12624.0,1.7,1951.14,99.59843,93.71599,99.52691
3534500,Oscar Bressane - SP,SP,2470.0,3.0,0.1,1469.93,83.95833,83.54167,96.25
3534609,Osvaldo Cruz - SP,SP,31272.0,275.0,0.9,1773.28,96.25032,96.23331,96.96455
3534708,Ourinhos - SP,SP,103970.0,1193.0,1.1,1834.77,97.5396,97.86327,99.60265000000001
3534757,Ouroeste - SP,SP,10294.0,69.0,0.7,1715.52,91.46884,91.66667,96.38971
3534807,Ouro Verde - SP,SP,7779.0,56.0,0.7,1167.79,94.60567,93.27416,96.58586
3534906,Pacaembu - SP,SP,14877.0,75.0,0.5,1561.57,91.73187,88.96714,94.00103999999999
3535002,Palestina - SP,SP,11476.0,73.0,0.6,1569.56,88.4097,90.27403,92.56514
3535101,Palmares Paulista - SP,SP,9650.0,44.0,0.5,1390.3,97.52403,98.194,98.83483
3535200,Palmeira d'Oeste - SP,SP,8903.0,55.0,0.6,1515.31,83.39463,84.1867,89.19377999999999
3535309,Palmital - SP,SP,19594.0,196.0,1.0,1582.67,94.83906,95.08353,96.38734
3535408,Panorama - SP,SP,14964.0,157.0,1.1,1347.66,96.22882,91.32811,98.05065
3535507,Paraguaçu Paulista - SP,SP,41120.0,362.0,0.9,1546.02,92.60708,93.51096,95.70995
3535606,Paraibuna - SP,SP,17667.0,148.0,0.8,1390.47,62.40193,40.14786,95.08147
3535705,Paraíso - SP,SP,6099.0,90.0,1.5,1744.46,86.02293,88.40388,95.06173
3535804,Paranapanema - SP,SP,19395.0,194.0,1.0,1579.99,81.48473,71.31375,94.03771
3535903,Paranapuã - SP,SP,4031.0,22.0,0.5,1515.68,91.70477,93.0111,94.77466000000001
3536000,Parapuã - SP,SP,10580.0,197.0,1.9,1490.2,87.49391,88.71282,90.83373999999999
3536109,Pardinho - SP,SP,7153.0,41.0,0.6,1633.36,75.15974,76.91693,97.92332999999999
3536208,Pariquera-Açu - SP,SP,19233.0,138.0,0.7,1435.07,75.34566,70.17901,96.69626
3536257,Parisi - SP,SP,2892.0,19.0,0.7,1359.26,87.99639,87.72563,93.77257
3536307,Patrocínio Paulista - SP,SP,14512.0,141.0,1.0,1342.63,84.27235,83.33665,92.63389
3536406,Paulicéia - SP,SP,7955.0,56.0,0.7,1196.6,89.04437,49.21502,93.07168
3536505,Paulínia - SP,SP,110537.0,1095.0,1.0,2680.07,99.18725,96.82552,99.93929999999999
3536570,Paulistânia - SP,SP,2090.0,26.0,1.2,1337.04,69.1906,68.14621,96.2141
3536604,Paulo de Faria - SP,SP,7400.0,35.0,0.5,1373.91,91.11797,91.39232,95.43896
3536703,Pederneiras - SP,SP,44827.0,418.0,0.9,1528.3,92.14016,91.67254,95.83627
3536802,Pedra Bela - SP,SP,6557.0,53.0,0.8,1372.0,24.89846,19.98375,98.1316
3536901,Pedranópolis - SP,SP,2787.0,6.0,0.2,1530.81,63.59316,61.12167,87.26236
3537008,Pedregulho - SP,SP,15525.0,133.0,0.9,1428.33,83.2675,83.98564,97.14542
3537107,Pedreira - SP,SP,43112.0,471.0,1.1,1769.5,96.87163,96.50359,99.47967
3537156,Pedrinhas Paulista - SP,SP,2804.0,37.0,1.3,1839.31,86.45343,88.05268,93.88523
3537206,Pedro de Toledo - SP,SP,11281.0,211.0,1.9,1125.29,72.97845,60.60837,91.60963000000001
3537305,Penápolis - SP,SP,61679.0,1006.0,1.6,1737.74,95.92452,95.96329,97.41512999999999
3537404,Pereira Barreto - SP,SP,24095.0,192.0,0.8,1619.12,92.84477,92.52003,95.21540999999999
3537503,Pereiras - SP,SP,8737.0,91.0,1.0,1397.46,79.29926,70.00964,96.04629
3537602,Peruíbe - SP,SP,68352.0,1268.0,1.9,1407.11,93.83195,73.50895,98.82476
3537701,Piacatu - SP,SP,5519.0,30.0,0.6,1450.85,92.55166,92.69582,97.93369
3537800,Piedade - SP,SP,52970.0,563.0,1.1,1446.28,57.49895,39.11104,96.56801
3537909,Pilar do Sul - SP,SP,27619.0,337.0,1.2,1571.17,82.43653,68.07021,96.79239000000001
3538006,Pindamonhangaba - SP,SP,165428.0,1643.0,1.0,1610.98,97.33593,95.23054,99.59479
3538105,Pindorama - SP,SP,14542.0,42.0,0.3,1694.67,94.30299,95.47536,97.69189
3538204,Pinhalzinho - SP,SP,15224.0,145.0,1.0,1382.52,55.67941,47.94763,98.86766
3538303,Piquerobi - SP,SP,3264.0,21.0,0.7,1304.25,84.57944,84.34579,86.29284
3538501,Piquete - SP,SP,12490.0,98.0,0.8,1321.99,91.81619,74.44201,98.4245
3538600,Piracaia - SP,SP,26029.0,424.0,1.6,1603.66,82.80134,71.96556,98.46703
3538709,Piracicaba - SP,SP,423323.0,4038.0,1.0,2145.67,98.67012,97.01727,99.7465
3538808,Piraju - SP,SP,29436.0,196.0,0.7,1659.91,92.70484,91.87007,98.01288
3538907,Pirajuí - SP,SP,22431.0,190.0,0.8,1707.81,93.96045,96.07162,96.7798
3539004,Pirangi - SP,SP,10885.0,85.0,0.8,1696.01,91.95631,92.8004,94.66237000000001
3539103,Pirapora do Bom Jesus - SP,SP,18370.0,150.0,0.8,1199.19,92.08197,70.70492,97.72130999999999
3539202,Pirapozinho - SP,SP,25348.0,185.0,0.7,1546.97,95.43142,92.72491,98.51684
3539301,Pirassununga - SP,SP,73545.0,778.0,1.1,2014.47,96.10634,95.93973,97.31971
3539400,Piratininga - SP,SP,15108.0,165.0,1.1,2157.6,76.72512,76.1342,94.83416000000001
3539509,Pitangueiras - SP,SP,33674.0,470.0,1.4,1363.54,96.22879,96.37998,98.0766
3539608,Planalto - SP,SP,4389.0,20.0,0.5,1363.79,87.90274,89.3617,93.61702
3539707,Platina - SP,SP,3025.0,15.0,0.5,1317.54,82.96558,84.64254,93.46866
3539806,Poá - SP,SP,103765.0,1342.0,1.3,1476.59,99.06719,96.75778,99.66645
3539905,Poloni - SP,SP,5592.0,50.0,0.9,1589.47,91.19004,92.29705,92.89668
3540002,Pompéia - SP,SP,20196.0,287.0,1.4,1904.12,95.65158,97.03268,97.74374
3540101,Pongaí - SP,SP,3395.0,14.0,0.4,1724.87,87.30741,88.04109,96.11151000000001
3540200,Pontal - SP,SP,37607.0,437.0,1.2,1384.14,98.67327,99.03164,99.71789
3540259,Pontalinda - SP,SP,4127.0,25.0,0.6,1217.5,84.31246,83.796,92.57584999999999
3540309,Pontes Gestal - SP,SP,2387.0,17.0,0.7,1493.44,91.11808,91.53605,95.4023
3540408,Populina - SP,SP,4127.0,21.0,0.5,1340.0,87.73234,88.04213,94.67163000000001
3540507,Porangaba - SP,SP,10451.0,139.0,1.3,1451.19,81.06041,49.60489,96.04894
3540606,Porto Feliz - SP,SP,56497.0,632.0,1.1,1626.03,86.92996,85.28482,98.1673
3540705,Porto Ferreira - SP,SP,52649.0,768.0,1.5,1719.41,98.29387,96.98672,99.11282
3540754,Potim - SP,SP,20392.0,92.0,0.5,1092.82,97.63149,98.86799,99.75618
3540804,Potirendaba - SP,SP,18496.0,104.0,0.6,1696.31,91.06933,91.18684,97.73795
3540853,Pracinha - SP,SP,2578.0,20.0,0.8,1252.86,93.16081,92.79113,
3540903,Pradópolis - SP,SP,17078.0,103.0,0.6,1538.35,97.03325,92.95823,94.21995
3541000,Praia Grande - SP,SP,349935.0,6416.0,1.8,1795.56,99.51632,97.85307,99.67318999999999
3541059,Pratânia - SP,SP,5126.0,28.0,0.5,1368.51,85.71429,91.14286,98.0
3541109,Presidente Alves - SP,SP,3804.0,33.0,0.9,1520.64,87.21493,87.97512,95.09329000000001
3541208,Presidente Bernardes - SP,SP,14490.0,132.0,0.9,1619.0,78.55795,75.43492,87.04674
3541307,Presidente Epitácio - SP,SP,39505.0,520.0,1.3,1428.42,93.10643,86.71143,96.03802999999999
3541406,Presidente Prudente - SP,SP,225668.0,2047.0,0.9,2104.17,97.96172,98.02622,99.27992
3541505,Presidente Venceslau - SP,SP,35201.0,210.0,0.6,1954.88,95.36226,94.79258,96.40666
3541604,Promissão - SP,SP,35131.0,315.0,0.9,1506.74,84.11193,87.46211,89.69297
3541653,Quadra - SP,SP,3405.0,26.0,0.8,1517.01,55.23013,34.30962,94.39331000000001
3541703,Quatá - SP,SP,13163.0,111.0,0.8,1377.34,95.62875,95.58732,97.32754
3541802,Queiroz - SP,SP,3265.0,17.0,0.5,1374.71,90.12245,90.77551,97.71429
3541901,Queluz - SP,SP,9159.0,113.0,1.2,1157.07,88.88889,84.24131,97.99938
3542008,Quintana - SP,SP,7038.0,67.0,1.0,1452.52,94.56349,93.92857,95.79365
3542107,Rafard - SP,SP,8965.0,58.0,0.6,1616.59,91.93808,93.61496,99.45179
3542206,Rancharia - SP,SP,28588.0,285.0,1.0,1424.04,90.3499,90.82449,94.10942999999999
3542305,Redenção da Serra - SP,SP,4494.0,39.0,0.9,1108.67,42.91667,37.32143,92.61904
3542404,Regente Feijó - SP,SP,20145.0,165.0,0.8,1607.09,91.99362,91.35523,97.56617
3542503,Reginópolis - SP,SP,7662.0,56.0,0.7,1654.56,90.28945,93.83754,96.12510999999999
3542602,Registro - SP,SP,59947.0,663.0,1.1,1533.08,88.88057,84.8465,96.91127
3542701,Restinga - SP,SP,6404.0,63.0,1.0,1215.0,82.50115,83.46312,97.06825
3542800,Ribeira - SP,SP,3132.0,37.0,1.2,1092.39,69.04557,36.54342,92.60533
3542909,Ribeirão Bonito - SP,SP,10989.0,171.0,1.6,1436.29,93.18632,94.22696,97.96828000000001
3543006,Ribeirão Branco - SP,SP,18627.0,151.0,0.8,1023.29,74.12034,60.45697,91.56131
3543105,Ribeirão Corrente - SP,SP,4608.0,28.0,0.6,1222.84,80.05051,81.37626,96.52777999999999
3543204,Ribeirão do Sul - SP,SP,4677.0,33.0,0.7,1402.27,68.89401,73.21429,94.64285
3543238,Ribeirão dos Índios - SP,SP,2025.0,2.0,0.1,1309.36,88.84804,87.5,94.60785
3543253,Ribeirão Grande - SP,SP,7450.0,44.0,0.6,1110.8,81.66854,41.2645,93.41563
3543303,Ribeirão Pires - SP,SP,115559.0,2126.0,1.8,1660.3,96.9482,88.49485,99.62607
3543402,Ribeirão Preto - SP,SP,698642.0,8738.0,1.3,2507.29,99.17047,98.26048,99.81575
3543501,Riversul - SP,SP,5599.0,71.0,1.3,1032.65,78.20331,73.47518,89.3617
3543600,Rifaina - SP,SP,4049.0,39.0,1.0,1599.06,86.2543,87.35395,98.69416
3543709,Rincão - SP,SP,9098.0,76.0,0.8,1396.8,91.98554,89.48478,97.98132
3543808,Rinópolis - SP,SP,9259.0,83.0,0.9,1359.86,90.73756,92.42424,91.85248
3543907,Rio Claro - SP,SP,201418.0,2070.0,1.0,2056.67,98.42341,97.55818,99.48572
3544004,Rio das Pedras - SP,SP,31328.0,312.0,1.0,1563.69,94.51939,94.02286,98.39798
3544103,Rio Grande da Serra - SP,SP,44170.0,549.0,1.2,1233.69,96.53113,82.02033,98.81195000000001
3544202,Riolândia - SP,SP,10309.0,242.0,2.3,1152.39,93.84359,93.94343,97.13811000000001
3544251,Rosana - SP,SP,17440.0,197.0,1.1,1598.65,79.35415,77.15029,85.26171000000001
3544301,Roseira - SP,SP,10832.0,74.0,0.7,1393.07,88.67198,87.79214,97.93786
3544400,Rubiácea - SP,SP,2700.0,25.0,0.9,1214.43,90.0,90.5,97.10000000000001
3544509,Rubinéia - SP,SP,3833.0,33.0,0.9,1417.38,85.54297,76.28248,97.6016
3544608,Sabino - SP,SP,5112.0,25.0,0.5,1431.47,89.23833,88.15725,94.84029
3544707,Sagres - SP,SP,2474.0,17.0,0.7,1184.76,82.988,80.04362,92.14831
3544806,Sales - SP,SP,6437.0,39.0,0.6,1449.56,89.57154,90.25869,96.16007
3544905,Sales Oliveira - SP,SP,11411.0,72.0,0.6,1668.02,94.94629,94.43359,97.36328
3545001,Salesópolis - SP,SP,15202.0,165.0,1.1,1326.05,61.44154,56.16083,89.53122
3545100,Salmourão - SP,SP,4808.0,34.0,0.7,1280.67,92.71413,92.82536,97.27475
3545159,Saltinho - SP,SP,8161.0,72.0,0.9,1814.85,84.04803,83.67067,99.58833999999999
3545209,Salto - SP,SP,134319.0,2115.0,1.6,1902.87,96.8736,94.1404,99.73074000000001
3545308,Salto de Pirapora - SP,SP,43748.0,671.0,1.5,1536.7,96.19658,77.40818,99.13737
3545407,Salto Grande - SP,SP,9050.0,75.0,0.8,1320.5,91.62194,73.49434,96.18366
3545506,Sandovalina - SP,SP,3645.0,7.0,0.2,1322.62,72.68253,72.92863,80.7219
3545605,Santa Adélia - SP,SP,14018.0,57.0,0.4,1450.23,94.83711,96.22785,97.56144
3545704,Santa Albertina - SP,SP,6393.0,48.0,0.8,1489.31,87.19346,86.84313,95.95173
3545803,Santa Bárbara d'Oeste - SP,SP,183347.0,1564.0,0.9,1877.28,99.43094,99.05409,99.92584000000001
3546009,Santa Branca - SP,SP,13975.0,124.0,0.9,1448.84,71.5559,65.23929,98.13989000000001
3546108,Santa Clara d'Oeste - SP,SP,2598.0,12.0,0.5,1467.76,80.0843,79.13593,93.88829999999999
3546207,Santa Cruz da Conceição - SP,SP,4277.0,22.0,0.5,1761.73,82.46475,79.15389,94.60454
3546256,Santa Cruz da Esperança - SP,SP,2116.0,6.0,0.3,1486.5,71.35417,82.03125,91.01562
3546306,Santa Cruz das Palmeiras - SP,SP,28864.0,241.0,0.8,1607.04,96.8807,97.41818,98.51232999999999
3546405,Santa Cruz do Rio Pardo - SP,SP,46442.0,516.0,1.1,1738.78,92.89261,91.91146,97.93
3546504,Santa Ernestina - SP,SP,6118.0,54.0,0.9,1533.31,95.7804,96.64247,98.8657
3546603,Santa Fé do Sul - SP,SP,34794.0,152.0,0.4,1938.25,95.62071,95.80722,98.09012
3546702,Santa Gertrudes - SP,SP,23611.0,276.0,1.2,1593.01,98.47685,98.57511,99.5578
3546801,Santa Isabel - SP,SP,53174.0,481.0,0.9,1412.6,71.74505,53.50451,98.12097
3546900,Santa Lúcia - SP,SP,7149.0,30.0,0.4,1388.3,92.69184,98.25416,97.76695000000001
3547007,Santa Maria da Serra - SP,SP,5243.0,37.0,0.7,1491.6,89.85976,91.10032,97.51888000000001
3547106,Santa Mercedes - SP,SP,2956.0,8.0,0.3,1549.88,91.5937,78.37128,95.79685
3547205,Santana da Ponte Pensa - SP,SP,1670.0,7.0,0.4,1574.52,77.06147,77.06147,86.05696999999999
3547304,Santana de Parnaíba - SP,SP,154105.0,1580.0,1.0,3465.07,94.85204,75.02676,99.82796
3547403,Santa Rita d'Oeste - SP,SP,2733.0,6.0,0.2,1350.25,79.5225,76.49219,88.42975
3547502,Santa Rita do Passa Quatro - SP,SP,24833.0,307.0,1.2,1753.02,93.24039,92.57499,96.82087
3547601,Santa Rosa de Viterbo - SP,SP,23411.0,190.0,0.8,1588.13,96.62673,97.20833,98.73212
3547650,Santa Salete - SP,SP,1645.0,8.0,0.5,1589.31,75.387,74.30341,91.02167
3547700,Santo Anastácio - SP,SP,17963.0,161.0,0.9,1557.89,93.32172,92.92973,95.86237
3547809,Santo André - SP,SP,748919.0,11090.0,1.5,2460.93,99.02279,96.68033,99.91191
3547908,Santo Antônio da Alegria - SP,SP,6775.0,30.0,0.4,1366.48,80.55339,79.92985,96.8823
3548005,Santo Antônio de Posse - SP,SP,23244.0,261.0,1.1,1423.41,91.61032,82.81993,99.0859
3548054,Santo Antônio do Aracanguá - SP,SP,8379.0,62.0,0.7,1499.77,72.04712,72.39733,92.13626000000001
3548104,Santo Antônio do Jardim - SP,SP,6126.0,45.0,0.7,1487.79,64.53868,65.28425,94.82759
3548203,Santo Antônio do Pinhal - SP,SP,7133.0,65.0,0.9,1728.57,53.2617,40.25326,97.42901
3548302,Santo Expedito - SP,SP,3000.0,21.0,0.7,1258.52,92.62982,88.94472,97.48744
3548401,Santópolis do Aguapeí - SP,SP,3899.0,30.0,0.8,1254.45,96.19048,98.23129,97.00680999999999
3548500,Santos - SP,SP,418608.0,5295.0,1.3,3237.52,99.15511,96.29444,99.46560000000001
3548609,São Bento do Sapucaí - SP,SP,11674.0,86.0,0.7,1710.26,67.19515,53.22919,98.27466
3548708,São Bernardo do Campo - SP,SP,810729.0,12910.0,1.6,2229.41,98.79574,93.85965,99.79813
3548807,São Caetano do Sul - SP,SP,165655.0,2233.0,1.3,3884.58,99.77418,99.94838,99.98226
3548906,São Carlos - SP,SP,254857.0,3176.0,1.2,2281.26,96.63017,96.68088,99.60361
3549003,São Francisco - SP,SP,2602.0,23.0,0.9,1574.4,81.32184,82.18391,86.87738999999999
3549102,São João da Boa Vista - SP,SP,92547.0,775.0,0.8,1961.78,95.23219,95.40237,98.60686
3549201,São João das Duas Pontes - SP,SP,2580.0,7.0,0.3,1560.38,85.20408,89.69388,94.38776
3549250,São João de Iracema - SP,SP,1846.0,5.0,0.3,1454.39,84.86172,83.11499,96.65211000000001
3549300,São João do Pau d'Alho - SP,SP,2242.0,8.0,0.3,1578.37,89.18919,88.10811,94.37837999999999
3549409,São Joaquim da Barra - SP,SP,48558.0,486.0,1.0,1577.23,96.19119,97.9491,99.07508
3549508,São José da Bela Vista - SP,SP,7626.0,40.0,0.5,1171.92,80.72741,90.70116,96.73791
3549607,São José do Barreiro - SP,SP,3853.0,43.0,1.1,1251.77,73.5823,63.00138,92.11618
3549706,São José do Rio Pardo - SP,SP,52205.0,592.0,1.1,1547.43,91.53781,88.53578,95.60094
3549805,São José do Rio Preto - SP,SP,480393.0,5196.0,1.1,2410.09,89.72758,95.42323,99.86371
3549904,São José dos Campos - SP,SP,697054.0,10142.0,1.5,2276.81,97.29804,95.85589,99.7507
3549953,São Lourenço da Serra - SP,SP,16067.0,128.0,0.8,1374.59,58.89402,42.95497,97.07242
3550001,São Luiz do Paraitinga - SP,SP,10337.0,62.0,0.6,1465.87,56.06242,53.34934,96.68666999999999
3550100,São Manuel - SP,SP,37289.0,409.0,1.1,1448.66,95.97901,94.79636,98.35908
3550209,São Miguel Arcanjo - SP,SP,32039.0,314.0,1.0,1302.75,73.46794,59.38806,94.15635999999999
3550308,São Paulo - SP,SP,11451999.0,157376.0,1.4,2713.36,99.15186,95.22642,99.71924999999999
3550407,São Pedro - SP,SP,38256.0,389.0,1.0,1747.04,91.00769,85.80766,98.57789
3550506,São Pedro do Turvo - SP,SP,7217.0,47.0,0.7,1416.03,76.15945,76.42775,89.53622999999999
3550605,São Roque - SP,SP,79484.0,862.0,1.1,2014.74,81.48161,63.83786,98.96378
3550704,São Sebastião - SP,SP,81595.0,779.0,1.0,1607.55,69.0224,64.26033,98.33672
3550803,São Sebastião da Grama - SP,SP,10441.0,87.0,0.8,1428.62,85.49974,90.41947,97.38477
3550902,São Simão - SP,SP,13442.0,64.0,0.5,1642.69,90.67241,91.08241,94.69045
3551009,São Vicente - SP,SP,329911.0,4810.0,1.5,1451.91,98.39326,92.12921,99.69921000000001
3551108,Sarapuí - SP,SP,10369.0,80.0,0.8,1495.18,85.30997,58.59838,97.19676
3551207,Sarutaiá - SP,SP,3704.0,15.0,0.4,1165.06,91.92364,88.03231,98.16445999999999
3551306,Sebastianópolis do Sul - SP,SP,3130.0,28.0,0.9,1667.35,83.42674,85.58847,93.19455
3551405,Serra Azul - SP,SP,12746.0,45.0,0.3,1340.01,87.03105,87.12807,97.96248
3551504,Serrana - SP,SP,43909.0,379.0,0.9,1283.46,98.79785,98.76427,99.71121
3551603,Serra Negra - SP,SP,29894.0,447.0,1.5,1836.39,82.40923,74.02969,99.02522
3551702,Sertãozinho - SP,SP,126887.0,1396.0,1.1,1797.64,98.9733,99.28937,99.66866999999999
3551801,Sete Barras - SP,SP,12730.0,85.0,0.7,1004.06,66.09413,57.10462,93.06268
3551900,Severínia - SP,SP,14576.0,72.0,0.5,1360.31,95.67023,98.06248,98.59629000000001
3552007,Silveiras - SP,SP,6186.0,47.0,0.8,1153.4,56.1435,52.6009,90.22421
3552106,Socorro - SP,SP,40122.0,275.0,0.7,1787.74,60.73437,58.03506,97.46609000000001
3552205,Sorocaba - SP,SP,723682.0,8728.0,1.2,2165.31,98.63312,97.28001,99.82871
3552304,Sud Mennucci - SP,SP,7355.0,30.0,0.4,1361.7,86.54804,87.58007,95.30250000000001
3552403,Sumaré - SP,SP,279545.0,3193.0,1.1,1586.3,96.40882,94.00996,99.67731
3552502,Suzano - SP,SP,307429.0,3392.0,1.1,1407.5,94.85494,89.75811,99.49315
3552551,Suzanápolis - SP,SP,3408.0,43.0,1.3,1343.1,79.98436,82.79906,86.23925
3552601,Tabapuã - SP,SP,11323.0,63.0,0.6,1674.01,92.3893,93.24262,96.03321
3552700,Tabatinga - SP,SP,14769.0,178.0,1.2,1493.36,91.03098,94.05689,94.74543
3552809,Taboão da Serra - SP,SP,273542.0,4026.0,1.5,1740.2,99.33818,96.54205,99.40155
3552908,Taciba - SP,SP,6260.0,37.0,0.6,1391.05,85.36375,90.83082,92.29444
3553005,Taguaí - SP,SP,12669.0,108.0,0.8,1290.18,89.47852,89.96095,97.38112
3553104,Taiaçu - SP,SP,5677.0,59.0,1.0,1340.52,93.57622,93.38447,95.63758
3553203,Taiúva - SP,SP,6548.0,66.0,1.0,1644.9,93.74104,94.12327,96.4644
3553302,Tambaú - SP,SP,21435.0,209.0,1.0,1702.58,93.28172,90.67052,95.36806
3553401,Tanabi - SP,SP,25265.0,246.0,1.0,1480.38,89.69526,90.63776,94.44968
3553500,Tapiraí - SP,SP,7996.0,77.0,1.0,1156.39,65.25605,62.01991,94.41679
3553609,Tapiratiba - SP,SP,11816.0,65.0,0.6,1422.36,91.24851,91.08205,97.14626000000001
3553658,Taquaral - SP,SP,2619.0,13.0,0.5,1606.61,95.99579,96.20653,
3553708,Taquaritinga - SP,SP,52260.0,617.0,1.2,1620.23,95.56834,96.09832,97.05734000000001
3553807,Taquarituba - SP,SP,24350.0,219.0,0.9,1515.25,89.10264,88.12283,93.95387
3553856,Taquarivaí - SP,SP,6876.0,60.0,0.9,1253.48,78.43053,43.43911,96.69811
3553906,Tarabai - SP,SP,6536.0,47.0,0.7,1266.7,91.81387,91.21069,94.70056
3553955,Tarumã - SP,SP,14882.0,104.0,0.7,1307.96,96.06194,96.08106,97.74422
3554003,Tatuí - SP,SP,123942.0,1489.0,1.2,1558.09,94.72863,89.57716,99.4344
3554102,Taubaté - SP,SP,310739.0,3184.0,1.0,1941.51,97.19431,95.44053,99.87062
3554201,Tejupá - SP,SP,4127.0,20.0,0.5,1042.07,70.9205,61.71548,84.6583
3554300,Teodoro Sampaio - SP,SP,22173.0,180.0,0.8,1337.3,87.0311,85.24186,86.74727999999999
3554409,Terra Roxa - SP,SP,7904.0,48.0,0.6,1605.47,86.53912,96.78852,98.59925
3554508,Tietê - SP,SP,37663.0,329.0,0.9,2011.6,92.57626,89.36678,99.06751
3554607,Timburi - SP,SP,2464.0,21.0,0.8,1241.59,77.94872,76.92308,97.02564000000001
3554656,Torre de Pedra - SP,SP,2046.0,16.0,0.8,1344.68,89.31204,73.58722,99.7543
3554706,Torrinha - SP,SP,9335.0,44.0,0.5,1525.18,87.4488,88.41428,95.72849
3554755,Trabiju - SP,SP,1682.0,30.0,1.8,1217.77,92.14047,91.13712,95.65218
3554805,Tremembé - SP,SP,51173.0,507.0,1.0,1946.41,95.13193,90.97625,98.87204
3554904,Três Fronteiras - SP,SP,6804.0,49.0,0.7,1569.16,90.95477,91.68922,93.11945
3554953,Tuiuti - SP,SP,6778.0,35.0,0.5,1438.03,51.64226,30.3522,96.20102999999999
3555000,Tupã - SP,SP,63928.0,715.0,1.1,1848.89,93.83126,94.36713,97.49512
3555109,Tupi Paulista - SP,SP,15854.0,99.0,0.6,1947.45,90.02333,88.55195,93.89916000000001
3555208,Turiúba - SP,SP,1818.0,19.0,1.0,1691.07,83.59788,87.83069,91.53439
3555307,Turmalina - SP,SP,1669.0,30.0,1.8,1793.09,79.38289,81.48668,91.86535
3555356,Ubarana - SP,SP,5365.0,28.0,0.5,1156.09,90.11446,91.15505,98.33506
3555406,Ubatuba - SP,SP,92981.0,1155.0,1.2,1615.62,72.63452,37.83005,99.51191
3555505,Ubirajara - SP,SP,5132.0,47.0,0.9,1339.15,76.4738,69.59607,92.13974
3555604,Uchoa - SP,SP,10394.0,73.0,0.7,1575.95,92.89302,93.34505,94.7765
3555703,União Paulista - SP,SP,1603.0,13.0,0.8,1330.0,85.12821,86.66667,90.59829
3555802,Urânia - SP,SP,8833.0,108.0,1.2,1502.78,88.00233,88.81771,90.39021000000001
3555901,Uru - SP,SP,1387.0,14.0,1.0,1489.99,76.99443,82.00371,95.91837
3556008,Urupês - SP,SP,13744.0,118.0,0.9,1630.42,92.89145,93.96734,95.90778
3556107,Valentim Gentil - SP,SP,14098.0,105.0,0.7,1475.19,93.40808,94.52929,97.31297
3556206,Valinhos - SP,SP,126373.0,1315.0,1.0,3127.28,92.34254,91.44521,99.86195000000001
3556305,Valparaíso - SP,SP,24241.0,270.0,1.1,1439.26,96.27865,96.61344,98.68658
3556354,Vargem - SP,SP,10512.0,118.0,1.1,1452.82,55.19126,51.53005,98.90709999999999
3556404,Vargem Grande do Sul - SP,SP,40133.0,216.0,0.5,1350.12,94.83314,95.15521,97.03282
3556453,Vargem Grande Paulista - SP,SP,50415.0,624.0,1.2,1929.62,93.14603,55.01869,99.51853
3556503,Várzea Paulista - SP,SP,115771.0,1380.0,1.2,1446.57,97.56248,95.58431,99.97776999999999
3556602,Vera Cruz - SP,SP,10176.0,128.0,1.3,1513.7,88.74265,90.61887,93.64323999999999
3556701,Vinhedo - SP,SP,76540.0,847.0,1.1,3247.77,96.95787,92.40927,99.83586
3556800,Viradouro - SP,SP,17414.0,123.0,0.7,1399.34,97.01445,97.12681,98.79615
3556909,Vista Alegre do Alto - SP,SP,8109.0,87.0,1.1,1473.26,94.66155,94.97558,96.75506
3556958,Vitória Brasil - SP,SP,1794.0,15.0,0.8,1415.49,85.13709,86.14719,93.65079
3557006,Votorantim - SP,SP,127923.0,1480.0,1.2,1837.4,96.79711,95.53851,99.7361
3557105,Votuporanga - SP,SP,96634.0,1116.0,1.2,1789.36,97.07615,97.20735,98.81654
3557154,Zacarias - SP,SP,2692.0,13.0,0.5,1437.75,80.49242,81.53409,85.79545
3557204,Chavantes - SP,SP,12211.0,110.0,0.9,1348.48,97.53627,93.92125,99.00991
3557303,Estiva Gerbi - SP,SP,11295.0,89.0,0.8,1645.48,90.94963,89.45435,98.42603
4100103,Abatiá - PR,PR,7241.0,44.0,0.6,1096.83,79.55048,45.76271,84.63522999999999
4100202,Adrianópolis - PR,PR,6256.0,80.0,1.3,1182.06,52.52264,32.51401,79.86201
4100301,Agudos do Sul - PR,PR,10233.0,194.0,1.9,1296.35,56.7575,19.98348,88.27416
4100400,Almirante Tamandaré - PR,PR,119825.0,1590.0,1.3,1352.58,94.94068,69.65879,99.39455
4100459,Altamira do Paraná - PR,PR,3590.0,34.0,0.9,1382.24,63.90977,11.8797,73.1579
4100509,Altônia - PR,PR,18742.0,153.0,0.8,1362.99,81.96471,50.61831,84.97985
4100608,Alto Paraná - PR,PR,13909.0,150.0,1.1,1448.91,87.60118,59.19052,91.45114
4100707,Alto Piquiri - PR,PR,9727.0,139.0,1.4,1180.6,86.53272,56.93728,93.72793999999999
4100806,Alvorada do Sul - PR,PR,10326.0,47.0,0.5,1538.57,83.61626,0.48868,94.16152
4100905,Amaporã - PR,PR,4762.0,36.0,0.8,1067.49,79.13545,37.52161,87.83862
4101002,Ampére - PR,PR,19620.0,225.0,1.1,1815.06,80.41958,65.50117,81.22858
4101051,Anahy - PR,PR,2918.0,7.0,0.3,1370.33,82.61649,0.89606,86.02151
4101101,Andirá - PR,PR,19878.0,227.0,1.1,1578.21,95.67893,62.51505,97.19063999999999
4101150,Ângulo - PR,PR,3235.0,10.0,0.3,1394.7,85.74939,2.1294,
4101200,Antonina - PR,PR,18091.0,296.0,1.6,1211.84,87.70504,60.27901,94.89498
4101309,Antônio Olinto - PR,PR,7018.0,47.0,0.7,1190.28,31.4327,2.20137,59.36485
4101408,Apucarana - PR,PR,130134.0,1315.0,1.0,1770.29,96.45981,80.43962,98.20082000000001
4101507,Arapongas - PR,PR,119138.0,1203.0,1.0,1778.09,95.26669,74.68213,99.02649000000001
4101606,Arapoti - PR,PR,25777.0,221.0,0.9,1526.02,87.49728,70.20675,93.17737000000001
4101655,Arapuã - PR,PR,3527.0,14.0,0.4,1226.76,50.41137,0.52356,75.16829
4101705,Araruna - PR,PR,14485.0,58.0,0.4,1513.63,84.43793,52.28854,89.98536
4101804,Araucária - PR,PR,151666.0,2172.0,1.4,1600.99,85.94674,79.56572,99.63777999999999
4101853,Ariranha do Ivaí - PR,PR,2329.0,25.0,1.1,1383.07,56.59955,1.566,60.73825
4101903,Assaí - PR,PR,13797.0,193.0,1.4,1275.36,88.94072,74.42177,91.48688
4102000,Assis Chateaubriand - PR,PR,36808.0,460.0,1.3,1672.22,89.81808,38.39793,93.55001
4102109,Astorga - PR,PR,25475.0,372.0,1.5,1554.91,93.30544,71.5795,94.51883
4102208,Atalaia - PR,PR,3980.0,15.0,0.4,1709.41,91.21852,4.15248,
4102307,Balsa Nova - PR,PR,13395.0,171.0,1.3,1606.33,86.1227,21.97412,97.91318
4102406,Bandeirantes - PR,PR,31273.0,521.0,1.7,1502.12,91.85152,91.71012,93.30976000000001
4102505,Barbosa Ferraz - PR,PR,10795.0,157.0,1.5,1309.84,82.536,35.27636,87.9006
4102604,Barracão - PR,PR,9759.0,54.0,0.6,1469.89,87.45142,5.71904,81.48251
4102703,Barra do Jacaré - PR,PR,2814.0,39.0,1.4,1473.07,72.3445,6.88995,79.90431
4102752,Bela Vista da Caroba - PR,PR,4031.0,9.0,0.2,1750.4,62.28611,1.57426,56.26283
4102802,Bela Vista do Paraíso - PR,PR,14833.0,168.0,1.1,1399.26,96.6022,45.16537,97.39743
4102901,Bituruna - PR,PR,15533.0,153.0,1.0,1382.61,63.16805,41.01872,74.03048000000001
4103008,Boa Esperança - PR,PR,4558.0,20.0,0.4,1556.08,77.81629,1.61756,89.71692999999999
4103024,Boa Esperança do Iguaçu - PR,PR,2455.0,12.0,0.5,2185.28,47.10556,1.24858,77.63904
4103040,Boa Ventura de São Roque - PR,PR,6378.0,61.0,1.0,1567.86,44.35016,2.50112,59.312200000000004
4103057,Boa Vista da Aparecida - PR,PR,7924.0,86.0,1.1,1272.15,74.84472,26.15597,86.88750999999999
4103107,Bocaiúva do Sul - PR,PR,13299.0,141.0,1.1,1328.2,68.55914,39.13978,93.65592000000001
4103156,Bom Jesus do Sul - PR,PR,3980.0,49.0,1.2,1545.13,83.76623,0.58442,63.636359999999996
4103206,Bom Sucesso - PR,PR,6581.0,54.0,0.8,1387.3,88.11475,1.31148,94.13934
4103222,Bom Sucesso do Sul - PR,PR,3202.0,35.0,1.1,1788.27,53.34462,0.67739,60.711259999999996
4103305,Borrazópolis - PR,PR,7735.0,87.0,1.1,1549.47,87.09889,0.49116,86.77145
4103354,Braganey - PR,PR,4854.0,19.0,0.4,1317.26,78.08808,0.16112,87.11063
4103370,Brasilândia do Sul - PR,PR,3708.0,28.0,0.8,1443.73,79.35393,0.8427,92.13483000000001
4103404,Cafeara - PR,PR,2627.0,18.0,0.7,1490.03,82.44048,0.69444,88.59127
4103453,Cafelândia - PR,PR,18997.0,230.0,1.2,1712.31,90.12692,80.13577,95.79397999999999
4103479,Cafezal do Sul - PR,PR,4473.0,68.0,1.5,1393.28,85.54913,0.86705,88.03468
4103503,Califórnia - PR,PR,8710.0,60.0,0.7,1415.61,85.30612,15.63579,89.9529
4103602,Cambará - PR,PR,23212.0,200.0,0.9,1436.07,93.38754,94.11694,95.53987000000001
4103701,Cambé - PR,PR,107208.0,1107.0,1.0,1753.93,96.34037,94.14919,98.57751999999999
4103800,Cambira - PR,PR,9460.0,75.0,0.8,1624.96,86.23229,14.50425,89.2068
4103909,Campina da Lagoa - PR,PR,15723.0,231.0,1.5,1619.88,88.39256,1.90966,90.25241
4103958,Campina do Simão - PR,PR,3936.0,46.0,1.2,1316.21,41.7694,0.50761,61.05874
4104006,Campina Grande do Sul - PR,PR,47825.0,634.0,1.3,1514.06,86.06959,77.68654,98.41082
4104055,Campo Bonito - PR,PR,4027.0,37.0,0.9,1444.58,67.1907,0.61517,74.50445
4104105,Campo do Tenente - PR,PR,7508.0,100.0,1.3,1119.38,89.47154,30.60976,96.17885999999999
4104204,Campo Largo - PR,PR,136327.0,2043.0,1.5,1755.14,88.02075,70.61517,96.43783
4104253,Campo Magro - PR,PR,30160.0,279.0,0.9,1402.36,78.43805,50.36335,92.54898
4104303,Campo Mourão - PR,PR,99432.0,1209.0,1.2,2064.25,95.41803,87.9894,97.7291
4104402,Cândido de Abreu - PR,PR,15244.0,62.0,0.4,1245.36,54.52756,24.94631,43.55762
4104428,Candói - PR,PR,14973.0,129.0,0.9,1389.16,60.29716,35.1514,77.50612
4104451,Cantagalo - PR,PR,10933.0,87.0,0.8,1380.05,78.53107,45.45455,85.02825
4104501,Capanema - PR,PR,20481.0,182.0,0.9,1827.28,82.81131,44.18131,81.48714
4104600,Capitão Leônidas Marques - PR,PR,14648.0,124.0,0.8,1698.36,83.54592,2.67857,96.72012000000001
4104659,Carambeí - PR,PR,23283.0,290.0,1.2,1600.57,79.299,72.84575,98.38036
4104709,Carlópolis - PR,PR,16905.0,108.0,0.6,1441.28,71.91393,65.76606,93.91684
4104808,Cascavel - PR,PR,348051.0,4655.0,1.3,2217.32,87.61215,91.27629,98.30347
4104907,Castro - PR,PR,73075.0,808.0,1.1,1568.37,78.74151,68.77747,86.38434
4105003,Catanduvas - PR,PR,10446.0,63.0,0.6,1376.45,67.72471,0.53397,81.63749
4105102,Centenário do Sul - PR,PR,10832.0,117.0,1.1,1244.49,86.73109,21.98916,95.59274
4105201,Cerro Azul - PR,PR,16134.0,136.0,0.8,935.0,53.87909,31.8719,57.35571
4105300,Céu Azul - PR,PR,11087.0,102.0,0.9,1771.19,83.36126,67.96744,89.25066
4105409,Chopinzinho - PR,PR,21085.0,275.0,1.3,1839.01,74.56004,56.8323,77.36802
4105508,Cianorte - PR,PR,79527.0,490.0,0.6,1868.11,91.76291,60.86367,97.68671
4105607,Cidade Gaúcha - PR,PR,11467.0,119.0,1.0,1589.25,92.62488,86.87559,97.33742000000001
4105706,Clevelândia - PR,PR,15070.0,93.0,0.6,1590.88,88.51008,78.18798,91.0906
4105805,Colombo - PR,PR,232212.0,3438.0,1.5,1526.6,96.43731,85.10081,99.7651
4105904,Colorado - PR,PR,22896.0,173.0,0.8,1845.18,95.30079,88.77412,96.0613
4106001,Congonhinhas - PR,PR,8320.0,84.0,1.0,1207.32,58.53426,0.41244,71.22462
4106100,Conselheiro Mairinck - PR,PR,3461.0,35.0,1.0,1357.56,79.2692,70.61894,94.33259
4106209,Contenda - PR,PR,19128.0,133.0,0.7,1234.23,70.77693,51.86875,93.81989
4106308,Corbélia - PR,PR,17470.0,206.0,1.2,1707.15,86.86302,61.58641,95.247
4106407,Cornélio Procópio - PR,PR,45206.0,408.0,0.9,1919.99,96.36771,90.83672,97.5942
4106456,Coronel Domingos Soares - PR,PR,5649.0,25.0,0.4,1162.7,50.44865,11.96411,51.89432
4106506,Coronel Vivida - PR,PR,23331.0,164.0,0.7,1923.36,75.15709,44.15872,83.17430999999999
4106555,Corumbataí do Sul - PR,PR,3760.0,54.0,1.4,1219.96,67.77929,56.60763,73.02452000000001
4106571,Cruzeiro do Iguaçu - PR,PR,4133.0,22.0,0.5,1665.75,72.46283,0.90498,88.17065
4106605,Cruzeiro do Oeste - PR,PR,23831.0,204.0,0.9,1571.31,87.53157,62.46843,91.87142
4106704,Cruzeiro do Sul - PR,PR,4494.0,28.0,0.6,1407.88,79.58357,0.75188,85.59862
4106803,Cruz Machado - PR,PR,15978.0,133.0,0.8,1245.38,35.60366,15.29391,52.921510000000005
4106852,Cruzmaltina - PR,PR,2892.0,36.0,1.3,1308.84,68.02974,1.30112,74.44238
4106902,Curitiba - PR,PR,1773718.0,24998.0,1.4,3137.92,97.65555,97.16537,99.85945000000001
4107009,Curiúva - PR,PR,13647.0,90.0,0.7,1174.71,73.67169,4.28232,88.40207
4107108,Diamante do Norte - PR,PR,5142.0,30.0,0.6,1508.14,87.44038,57.18071,93.16375
4107124,Diamante do Sul - PR,PR,3171.0,43.0,1.4,1190.65,59.50972,0.67625,53.423500000000004
4107157,Diamante D'Oeste - PR,PR,4557.0,50.0,1.1,1469.26,71.01363,2.43035,76.22999999999999
4107207,Dois Vizinhos - PR,PR,44869.0,348.0,0.8,2032.62,82.22013,57.86712,90.99805
4107256,Douradina - PR,PR,9161.0,50.0,0.5,1609.13,90.11846,1.82028,91.70759
4107306,Doutor Camargo - PR,PR,6327.0,21.0,0.3,1607.28,89.98813,41.9074,93.19351
4107405,Enéas Marques - PR,PR,5999.0,15.0,0.2,2211.98,62.34708,1.99366,58.72225
4107504,Engenheiro Beltrão - PR,PR,12454.0,105.0,0.8,1697.37,90.89204,18.02835,94.58108
4107520,Esperança Nova - PR,PR,1849.0,20.0,1.1,1417.1,75.59944,0.84626,
4107538,Entre Rios do Oeste - PR,PR,4575.0,20.0,0.4,2240.05,96.02572,1.69492,89.65517
4107546,Espigão Alto do Iguaçu - PR,PR,4797.0,23.0,0.5,1363.45,50.86505,0.17301,63.66782
4107553,Farol - PR,PR,3039.0,37.0,1.2,1519.69,67.37027,0.96746,80.47493
4107603,Faxinal - PR,PR,16389.0,167.0,1.0,1452.98,89.02719,38.55224,91.9096
4107652,Fazenda Rio Grande - PR,PR,148873.0,1644.0,1.1,1448.37,97.1726,90.99633,99.56974
4107702,Fênix - PR,PR,4492.0,26.0,0.6,1434.14,85.7868,1.07163,92.21658
4107736,Fernandes Pinheiro - PR,PR,6255.0,40.0,0.6,1162.7,69.34813,5.36292,81.41470000000001
4107751,Figueira - PR,PR,8062.0,45.0,0.6,1371.25,91.98914,42.93958,97.21657
4107801,Floraí - PR,PR,4792.0,57.0,1.2,1468.8,94.25763,21.62442,97.41335000000001
4107850,Flor da Serra do Sul - PR,PR,4364.0,36.0,0.8,1957.58,52.61538,1.6,63.138459999999995
4107900,Floresta - PR,PR,10458.0,111.0,1.1,1457.38,96.97831,2.81508,98.68285
4108007,Florestópolis - PR,PR,11446.0,78.0,0.7,1226.32,93.80863,53.56473,96.97467999999999
4108106,Flórida - PR,PR,2652.0,20.0,0.7,903.94,95.86777,92.04545,96.59091
4108205,Formosa do Oeste - PR,PR,7635.0,62.0,0.8,1600.27,74.18713,0.49768,79.52886
4108304,Foz do Iguaçu - PR,PR,285415.0,4150.0,1.5,1910.76,96.23086,79.33357,99.58497
4108320,Francisco Alves - PR,PR,8116.0,40.0,0.5,1363.92,86.44778,50.15718,90.25497
4108403,Francisco Beltrão - PR,PR,96666.0,902.0,0.9,2277.74,87.43014,70.62239,97.29774
4108452,Foz do Jordão - PR,PR,4926.0,44.0,0.9,1270.58,86.80517,1.516,96.12577
4108502,General Carneiro - PR,PR,11062.0,123.0,1.1,1246.29,79.00913,54.91525,88.63103000000001
4108551,Godoy Moreira - PR,PR,2977.0,26.0,0.9,1320.61,65.28716,0.08446,78.71621999999999
4108601,Goioerê - PR,PR,28437.0,418.0,1.5,1577.15,93.4021,58.12657,94.62875
4108650,Goioxim - PR,PR,6566.0,46.0,0.7,1183.13,42.4295,0.34707,50.845980000000004
4108700,Grandes Rios - PR,PR,5641.0,29.0,0.5,1258.21,70.53277,0.33003,84.34701
4108809,Guaíra - PR,PR,32097.0,266.0,0.8,1631.65,92.30049,55.25935,93.54399000000001
4108908,Guairaçá - PR,PR,6587.0,73.0,1.1,1274.78,85.19128,0.74044,92.80131999999999
4108957,Guamiranga - PR,PR,7856.0,139.0,1.8,1305.12,52.23774,0.21482,74.00644
4109005,Guapirama - PR,PR,4626.0,42.0,0.9,1337.57,83.46821,69.42197,94.27746
4109104,Guaporema - PR,PR,2191.0,15.0,0.7,1850.26,80.79232,0.12005,94.11765
4109203,Guaraci - PR,PR,4748.0,23.0,0.5,1709.29,84.29752,0.77135,89.69697
4109302,Guaraniaçu - PR,PR,13735.0,169.0,1.2,1490.34,60.87536,34.46242,72.69266999999999
4109401,Guarapuava - PR,PR,182093.0,1816.0,1.0,1703.75,93.11585,81.58701,95.55235
4109500,Guaraqueçaba - PR,PR,7430.0,43.0,0.6,974.13,31.04385,29.76329,67.7532
4109609,Guaratuba - PR,PR,42062.0,979.0,2.3,1685.43,85.07715,70.6296,97.48682000000001
4109658,Honório Serpa - PR,PR,4941.0,17.0,0.3,1708.91,49.85915,3.32394,54.92958
4109708,Ibaiti - PR,PR,28830.0,403.0,1.4,1437.92,85.32477,30.96036,91.81090999999999
4109757,Ibema - PR,PR,6218.0,20.0,0.3,1329.26,87.87234,0.46809,92.12766
4109807,Ibiporã - PR,PR,51603.0,532.0,1.0,1651.74,98.50953,95.92782,99.16427
4109906,Icaraíma - PR,PR,8991.0,51.0,0.6,1338.6,81.28936,0.68966,88.27586
4110003,Iguaraçu - PR,PR,5338.0,58.0,1.1,1388.72,94.27695,9.04446,96.4231
4110052,Iguatu - PR,PR,2144.0,31.0,1.5,1480.17,80.7971,2.657,81.15942
4110078,Imbaú - PR,PR,14249.0,98.0,0.7,1176.57,80.55146,44.53799,93.09618999999999
4110102,Imbituva - PR,PR,29924.0,310.0,1.0,1254.07,86.72678,58.11518,89.13128
4110201,Inácio Martins - PR,PR,9670.0,90.0,0.9,1124.11,70.24894,39.40498,78.26351
4110300,Inajá - PR,PR,2536.0,15.0,0.6,1139.89,94.27711,2.61044,95.88353000000001
4110409,Indianópolis - PR,PR,4448.0,27.0,0.6,1380.22,87.82244,1.19976,89.44211
4110508,Ipiranga - PR,PR,14142.0,57.0,0.4,1507.37,46.2963,32.43793,74.07407
4110607,Iporã - PR,PR,15746.0,94.0,0.6,1543.14,90.15796,39.80212,89.41156
4110656,Iracema do Oeste - PR,PR,2343.0,22.0,0.9,1353.34,82.90993,2.30947,94.45728
4110706,Irati - PR,PR,59250.0,451.0,0.8,1765.52,83.70841,74.81706,86.8977
4110805,Iretama - PR,PR,10684.0,135.0,1.3,1310.73,70.87968,3.58948,78.71587
4110904,Itaguajé - PR,PR,4481.0,49.0,1.1,1391.9,83.84982,6.49583,86.4124
4110953,Itaipulândia - PR,PR,11485.0,49.0,0.4,1555.62,84.2233,34.66019,98.39806
4111001,Itambaracá - PR,PR,5908.0,64.0,1.1,1287.62,88.36996,71.10806,90.88828
4111100,Itambé - PR,PR,6111.0,35.0,0.6,1536.99,93.23051,66.83805,96.70093999999999
4111209,Itapejara d'Oeste - PR,PR,12344.0,85.0,0.7,1613.14,75.06129,2.18409,82.88389000000001
4111258,Itaperuçu - PR,PR,31217.0,304.0,1.0,1035.18,81.55968,58.56396,89.53875000000001
4111308,Itaúna do Sul - PR,PR,3572.0,16.0,0.4,1251.41,83.47296,0.76161,95.20183
4111407,Ivaí - PR,PR,13229.0,88.0,0.7,1289.23,69.02269,36.80192,62.478190000000005
4111506,Ivaiporã - PR,PR,32720.0,322.0,1.0,1764.64,90.97179,13.75392,92.93887
4111555,Ivaté - PR,PR,6831.0,43.0,0.6,1318.3,83.68849,43.20031,88.06663999999999
4111605,Ivatuba - PR,PR,2708.0,25.0,0.9,1780.15,77.76735,32.55159,96.62289
4111704,Jaboti - PR,PR,5427.0,44.0,0.8,1482.44,77.22385,13.63636,88.56305
4111803,Jacarezinho - PR,PR,40375.0,512.0,1.3,1591.93,92.75282,86.59758,96.27209
4111902,Jaguapitã - PR,PR,15122.0,91.0,0.6,1517.31,92.84417,91.39121,94.4061
4112009,Jaguariaíva - PR,PR,35141.0,368.0,1.0,1418.37,91.10345,81.54123,91.9101
4112108,Jandaia do Sul - PR,PR,21408.0,187.0,0.9,1763.44,92.06563,56.81401,95.91037
4112207,Janiópolis - PR,PR,5870.0,39.0,0.7,1208.61,79.29991,1.08038,84.96111
4112306,Japira - PR,PR,4972.0,43.0,0.9,1339.86,61.86579,6.71031,95.90835
4112405,Japurá - PR,PR,9144.0,48.0,0.5,1684.55,92.59793,63.91129,96.80300000000001
4112504,Jardim Alegre - PR,PR,12004.0,92.0,0.8,1312.61,67.89232,18.29722,76.05603
4112603,Jardim Olinda - PR,PR,1343.0,5.0,0.3,1120.71,74.79839,2.41935,92.94354999999999
4112702,Jataizinho - PR,PR,11813.0,88.0,0.7,1263.41,94.69484,90.49296,97.01878
4112751,Jesuítas - PR,PR,10506.0,93.0,0.9,1610.56,81.86378,1.39916,85.21647
4112801,Joaquim Távora - PR,PR,11945.0,106.0,0.9,1481.83,89.90616,80.15564,98.35202
4112900,Jundiaí do Sul - PR,PR,3333.0,62.0,1.8,1278.67,73.70104,2.07834,79.37650000000001
4112959,Juranda - PR,PR,7771.0,57.0,0.7,1524.76,87.33788,1.29693,89.82935
4113007,Jussara - PR,PR,6690.0,43.0,0.6,1489.41,95.55288,92.38782,97.15545
4113106,Kaloré - PR,PR,4582.0,31.0,0.7,1400.13,88.12785,0.85616,88.41324
4113205,Lapa - PR,PR,45003.0,340.0,0.8,1508.11,73.46302,56.5682,81.48415
4113254,Laranjal - PR,PR,5600.0,25.0,0.4,1001.65,48.83475,0.52966,52.01271
4113304,Laranjeiras do Sul - PR,PR,32227.0,286.0,0.9,1801.68,84.7652,44.75171,88.58444
4113403,Leópolis - PR,PR,3752.0,17.0,0.4,1313.79,78.71287,0.70721,91.58416
4113429,Lidianópolis - PR,PR,3938.0,33.0,0.8,1256.59,72.81617,0.71708,79.59583
4113452,Lindoeste - PR,PR,5175.0,31.0,0.6,1258.41,63.07938,2.87693,73.25519
4113502,Loanda - PR,PR,23225.0,164.0,0.7,1760.13,93.00642,73.36836,95.0613
4113601,Lobato - PR,PR,4601.0,23.0,0.5,1604.37,93.02191,93.19493,93.59862
4113700,Londrina - PR,PR,555965.0,7403.0,1.3,2332.51,95.01144,92.78294,98.71955
4113734,Luiziana - PR,PR,6690.0,53.0,0.8,1271.33,79.92656,0.93839,84.86332
4113759,Lunardelli - PR,PR,4872.0,36.0,0.7,1265.28,73.39305,29.92624,83.14014999999999
4113809,Lupionópolis - PR,PR,4813.0,29.0,0.6,1332.01,94.48903,0.53505,97.11075
4113908,Mallet - PR,PR,13428.0,67.0,0.5,1481.24,66.34186,27.2432,87.96184
4114005,Mamborê - PR,PR,13452.0,148.0,1.1,1688.63,83.36202,64.84988,88.98451
4114104,Mandaguaçu - PR,PR,31457.0,397.0,1.3,1651.0,92.09619,37.88348,97.12669
4114203,Mandaguari - PR,PR,36716.0,370.0,1.0,1604.93,95.3519,68.74223,96.33121
4114302,Mandirituba - PR,PR,27439.0,394.0,1.4,1269.58,65.68053,20.5547,91.01181
4114351,Manfrinópolis - PR,PR,2770.0,17.0,0.6,1680.04,54.50145,0.19361,72.21685
4114401,Mangueirinha - PR,PR,16603.0,155.0,0.9,1500.51,70.42611,46.34765,79.16807
4114500,Manoel Ribas - PR,PR,14240.0,111.0,0.8,1828.41,62.07734,13.97044,77.70803
4114609,Marechal Cândido Rondon - PR,PR,55836.0,452.0,0.8,2069.05,95.62387,29.06966,89.56571
4114708,Maria Helena - PR,PR,5865.0,84.0,1.4,1434.22,79.58736,0.65847,80.7726
4114807,Marialva - PR,PR,41851.0,376.0,0.9,1696.15,89.02135,71.14503,96.41032
4114906,Marilândia do Sul - PR,PR,8677.0,39.0,0.4,1533.15,80.08286,24.69726,83.81134
4115002,Marilena - PR,PR,7253.0,40.0,0.6,1287.26,80.64759,24.7741,93.67469
4115101,Mariluz - PR,PR,9847.0,51.0,0.5,1300.28,88.81633,61.85034,87.02041
4115200,Maringá - PR,PR,409657.0,4649.0,1.1,2646.96,86.45387,95.05485,99.69395999999999
4115309,Mariópolis - PR,PR,6371.0,52.0,0.8,2076.62,76.70666,6.33016,86.26397
4115358,Maripá - PR,PR,6555.0,47.0,0.7,1580.45,78.38071,1.46425,83.89319
4115408,Marmeleiro - PR,PR,15901.0,98.0,0.6,2013.84,71.63649,41.20833,89.42291
4115457,Marquinho - PR,PR,4504.0,10.0,0.2,1563.73,43.93463,0.69139,60.46512
4115507,Marumbi - PR,PR,4699.0,54.0,1.2,1424.62,87.07709,0.49917,92.84525
4115606,Matelândia - PR,PR,18450.0,225.0,1.2,1633.1,88.07876,62.62114,97.27735
4115705,Matinhos - PR,PR,39259.0,492.0,1.3,1729.34,93.50433,82.75816,98.994
4115739,Mato Rico - PR,PR,3267.0,31.0,1.0,1179.56,45.54374,1.06296,59.93459
4115754,Mauá da Serra - PR,PR,9383.0,67.0,0.7,1055.56,90.88155,6.78582,97.60678
4115804,Medianeira - PR,PR,54369.0,573.0,1.1,2049.11,91.32614,38.44423,97.25361
4115853,Mercedes - PR,PR,5931.0,37.0,0.6,1778.11,88.50628,3.11773,85.10935
4115903,Mirador - PR,PR,2238.0,14.0,0.6,1213.96,83.61858,0.12225,
4116000,Miraselva - PR,PR,1966.0,15.0,0.8,1212.39,86.95073,1.86418,90.54594
4116059,Missal - PR,PR,11064.0,99.0,0.9,1858.61,80.59521,1.98403,87.70868
4116109,Moreira Sales - PR,PR,11175.0,189.0,1.7,1204.28,90.1891,28.65406,91.05673
4116208,Morretes - PR,PR,18309.0,167.0,0.9,1394.05,68.49233,36.36774,94.28227000000001
4116307,Munhoz de Melo - PR,PR,3951.0,41.0,1.0,1704.22,86.74863,10.99727,96.10655
4116406,Nossa Senhora das Graças - PR,PR,3669.0,23.0,0.6,1612.61,84.38416,0.58651,93.25513
4116505,Nova Aliança do Ivaí - PR,PR,1323.0,14.0,1.0,1455.89,76.66667,2.91667,81.875
4116604,Nova América da Colina - PR,PR,3280.0,42.0,1.3,1149.02,86.34021,18.12715,89.60480999999999
4116703,Nova Aurora - PR,PR,13765.0,153.0,1.1,1730.42,81.25383,50.194,84.72535
4116802,Nova Cantu - PR,PR,6790.0,61.0,0.9,1355.91,68.214,16.05035,72.14792
4116901,Nova Esperança - PR,PR,26585.0,266.0,1.0,1663.04,87.96676,62.49875,93.17249
4116950,Nova Esperança do Sudoeste - PR,PR,5597.0,52.0,0.9,2953.34,47.39659,0.72993,60.6326
4117008,Nova Fátima - PR,PR,7225.0,30.0,0.4,1230.27,89.31577,0.62203,92.38932
4117057,Nova Laranjeiras - PR,PR,12074.0,88.0,0.7,1149.47,44.27823,20.06981,35.70182
4117107,Nova Londrina - PR,PR,12923.0,104.0,0.8,1559.23,91.85606,87.79461,95.30724
4117206,Nova Olímpia - PR,PR,5833.0,49.0,0.8,1373.96,91.55615,37.79841,93.81079
4117214,Nova Santa Bárbara - PR,PR,4184.0,34.0,0.8,1183.28,87.9375,0.625,
4117222,Nova Santa Rosa - PR,PR,8322.0,68.0,0.8,1713.57,85.59923,2.3518,82.44201
4117255,Nova Prata do Iguaçu - PR,PR,12699.0,144.0,1.1,2106.68,75.79181,7.81838,79.35769
4117271,Nova Tebas - PR,PR,6848.0,60.0,0.9,1473.55,62.78431,0.5098,75.41177
4117297,Novo Itacolomi - PR,PR,3125.0,29.0,0.9,1568.06,70.57808,1.72563,73.51165
4117305,Ortigueira - PR,PR,24192.0,177.0,0.7,1156.6,56.75892,41.2054,72.32388
4117404,Ourizona - PR,PR,3187.0,18.0,0.5,1624.55,93.22742,1.4214,96.07023
4117453,Ouro Verde do Oeste - PR,PR,6785.0,64.0,0.9,1323.87,78.33131,8.78898,81.12596
4117503,Paiçandu - PR,PR,45962.0,496.0,1.1,1423.93,98.45336,81.02948,98.88834999999999
4117602,Palmas - PR,PR,48247.0,772.0,1.6,1515.41,93.69712,74.38381,94.25506
4117701,Palmeira - PR,PR,33855.0,174.0,0.5,1563.68,77.94952,61.11157,77.12736
4117800,Palmital - PR,PR,13033.0,135.0,1.0,1265.43,63.4583,33.86689,67.18618000000001
4117909,Palotina - PR,PR,35011.0,485.0,1.4,2272.86,91.27824,59.48807,94.16968999999999
4118006,Paraíso do Norte - PR,PR,13245.0,132.0,1.0,1575.83,95.93878,73.2449,96.61225
4118105,Paranacity - PR,PR,9557.0,86.0,0.9,1362.04,94.16142,60.93303,96.45106
4118204,Paranaguá - PR,PR,145829.0,2370.0,1.6,1570.84,82.44526,80.94529,98.6735
4118303,Paranapoema - PR,PR,2398.0,12.0,0.5,1089.81,87.56876,2.53025,
4118402,Paranavaí - PR,PR,92001.0,1128.0,1.2,1810.85,95.6841,79.72024,97.89888
4118451,Pato Bragado - PR,PR,5733.0,28.0,0.5,1801.41,91.91871,1.65406,93.85634
4118501,Pato Branco - PR,PR,91836.0,724.0,0.8,2309.92,94.91229,79.20625,97.91071000000001
4118600,Paula Freitas - PR,PR,5666.0,48.0,0.8,1665.15,60.89494,1.99416,74.27043
4118709,Paulo Frontin - PR,PR,6343.0,40.0,0.6,1462.14,60.88657,4.08518,64.4937
4118808,Peabiru - PR,PR,13346.0,139.0,1.0,1549.52,87.81219,3.6963,89.63037
4118857,Perobal - PR,PR,7189.0,62.0,0.9,1393.26,81.39447,27.6241,86.77529
4118907,Pérola - PR,PR,11878.0,129.0,1.1,1485.86,89.81706,1.89553,93.58606999999999
4119004,Pérola d'Oeste - PR,PR,6221.0,22.0,0.4,2376.5,81.61734,2.58441,77.78241000000001
4119103,Piên - PR,PR,13655.0,216.0,1.6,1421.44,77.43306,3.08117,89.75775999999999
4119152,Pinhais - PR,PR,127019.0,1552.0,1.2,2122.76,98.22149,97.81827,99.96294999999999
4119202,Pinhalão - PR,PR,6566.0,27.0,0.4,1351.43,70.20661,4.46281,85.24793000000001
4119251,Pinhal de São Bento - PR,PR,2761.0,10.0,0.4,1639.07,73.01255,0.20921,76.77824
4119301,Pinhão - PR,PR,29886.0,245.0,0.8,1121.81,62.67869,32.79286,69.20273
4119400,Piraí do Sul - PR,PR,23651.0,134.0,0.6,1409.0,72.83237,61.76541,85.15173
4119509,Piraquara - PR,PR,118730.0,1597.0,1.3,1420.03,95.31484,89.96451,99.69502
4119608,Pitanga - PR,PR,33567.0,319.0,0.9,1584.1,67.14599,46.07198,71.90674
4119657,Pitangueiras - PR,PR,3046.0,6.0,0.2,1609.52,80.98271,2.82075,
4119707,Planaltina do Paraná - PR,PR,4070.0,12.0,0.3,1178.56,69.86395,0.88435,
4119806,Planalto - PR,PR,14374.0,75.0,0.5,2090.83,76.55809,0.75315,67.33195
4119905,Ponta Grossa - PR,PR,358371.0,3809.0,1.1,1891.65,97.79045,91.54089,99.26766
4119954,Pontal do Paraná - PR,PR,30425.0,392.0,1.3,1644.82,94.33126,65.36527,99.53968
4120002,Porecatu - PR,PR,11624.0,163.0,1.4,1614.47,93.92265,93.3011,97.42173
4120101,Porto Amazonas - PR,PR,4098.0,51.0,1.3,1567.66,91.16247,82.25697,98.09653
4120150,Porto Barreiro - PR,PR,3110.0,7.0,0.2,1915.74,37.42277,0.17652,44.48368000000001
4120200,Porto Rico - PR,PR,3182.0,16.0,0.5,2008.51,78.38795,67.22764,86.27104
4120309,Porto Vitória - PR,PR,3562.0,,,1212.67,54.6042,16.07431,73.26332
4120333,Prado Ferreira - PR,PR,3709.0,31.0,0.8,1321.84,94.22936,92.40321,94.4485
4120358,Pranchita - PR,PR,5737.0,33.0,0.6,2502.72,76.4432,51.62942,79.05027000000001
4120408,Presidente Castelo Branco - PR,PR,4336.0,34.0,0.8,1492.24,96.07465,75.28958,98.06949999999999
4120507,Primeiro de Maio - PR,PR,10082.0,145.0,1.4,1561.86,88.6495,56.17446,94.16709999999999
4120606,Prudentópolis - PR,PR,49393.0,293.0,0.6,1411.17,66.299,49.69172,75.79048999999999
4120655,Quarto Centenário - PR,PR,4201.0,32.0,0.8,1287.55,77.95734,9.69619,87.45960000000001
4120705,Quatiguá - PR,PR,8099.0,54.0,0.7,1506.45,93.52175,78.69165,97.42775
4120804,Quatro Barras - PR,PR,24191.0,304.0,1.3,2002.85,93.80834,76.55678,99.11379
4120853,Quatro Pontes - PR,PR,4480.0,39.0,0.9,2437.06,88.14858,9.61085,73.87971
4120903,Quedas do Iguaçu - PR,PR,30738.0,367.0,1.2,1425.0,70.45618,41.88218,73.53627
4121000,Querência do Norte - PR,PR,10685.0,113.0,1.1,1373.66,69.1446,4.83707,75.05092
4121109,Quinta do Sol - PR,PR,5001.0,76.0,1.5,1463.1,77.1842,0.83472,85.25319999999999
4121208,Quitandinha - PR,PR,18398.0,231.0,1.3,1211.25,69.66159,8.12768,87.88237000000001
4121257,Ramilândia - PR,PR,4221.0,28.0,0.7,1122.96,71.0274,0.54795,79.52055
4121307,Rancho Alegre - PR,PR,3512.0,20.0,0.6,1381.13,90.58074,1.13314,93.90935
4121356,Rancho Alegre D'Oeste - PR,PR,2618.0,14.0,0.5,1077.07,87.9257,4.33437,
4121406,Realeza - PR,PR,19247.0,173.0,0.9,2238.89,80.92353,60.01616,86.77974999999999
4121505,Rebouças - PR,PR,14514.0,145.0,1.0,1322.81,77.12726,50.0,73.58811
4121604,Renascença - PR,PR,6845.0,38.0,0.6,1626.85,61.45542,53.45862,75.36985
4121703,Reserva - PR,PR,24573.0,446.0,1.8,1228.72,75.62416,53.05395,77.76415999999999
4121752,Reserva do Iguaçu - PR,PR,6553.0,50.0,0.8,1098.19,61.93864,43.26367,82.39218000000001
4121802,Ribeirão Claro - PR,PR,12364.0,66.0,0.5,1565.81,80.12219,75.56186,97.01069
4121901,Ribeirão do Pinhal - PR,PR,13060.0,121.0,0.9,1275.58,89.2879,62.64028,95.36829
4122008,Rio Azul - PR,PR,14025.0,55.0,0.4,1310.29,57.78364,43.77918,80.25166999999999
4122107,Rio Bom - PR,PR,3197.0,12.0,0.4,1418.24,73.70968,0.64516,85.56451999999999
4122156,Rio Bonito do Iguaçu - PR,PR,13929.0,68.0,0.5,1218.66,39.53151,0.37313,43.304309999999994
4122172,Rio Branco do Ivaí - PR,PR,3808.0,30.0,0.8,1163.27,55.78182,0.29091,69.74545
4122206,Rio Branco do Sul - PR,PR,37558.0,405.0,1.1,1030.48,75.55939,48.21294,88.83466
4122305,Rio Negro - PR,PR,31324.0,309.0,1.0,1799.19,86.30698,54.78118,95.23246
4122404,Rolândia - PR,PR,71670.0,923.0,1.3,1663.39,95.33323,51.32283,98.10692
4122503,Roncador - PR,PR,11251.0,119.0,1.1,1349.95,73.90802,1.01687,77.90617
4122602,Rondon - PR,PR,9097.0,72.0,0.8,1514.88,86.7695,51.94304,94.74933999999999
4122651,Rosário do Ivaí - PR,PR,5435.0,34.0,0.6,1324.47,58.34536,38.09524,80.85618000000001
4122701,Sabáudia - PR,PR,8822.0,82.0,0.9,1580.46,89.36909,1.67192,92.42902000000001
4122800,Salgado Filho - PR,PR,4075.0,34.0,0.8,1865.95,74.51613,0.90323,82.83871
4122909,Salto do Itararé - PR,PR,5192.0,44.0,0.8,1385.52,75.06259,45.61843,85.02754
4123006,Salto do Lontra - PR,PR,15223.0,86.0,0.6,1937.98,67.30018,47.31794,72.34458
4123105,Santa Amélia - PR,PR,3394.0,58.0,1.7,1219.36,79.37984,47.82946,95.03876
4123204,Santa Cecília do Pavão - PR,PR,3365.0,23.0,0.7,1194.03,89.5465,66.103,90.93006
4123303,Santa Cruz de Monte Castelo - PR,PR,8613.0,76.0,0.9,1566.91,83.56589,24.55814,84.86822
4123402,Santa Fé - PR,PR,11378.0,101.0,0.9,1458.51,89.22029,56.78722,94.08173
4123501,Santa Helena - PR,PR,25492.0,290.0,1.1,2128.29,94.56111,37.79924,92.58714
4123600,Santa Inês - PR,PR,1748.0,13.0,0.7,1333.84,67.06056,7.0901,87.00147
4123709,Santa Isabel do Ivaí - PR,PR,8912.0,105.0,1.2,1425.9,90.516,78.69703,90.74660999999999
4123808,Santa Izabel do Oeste - PR,PR,14070.0,107.0,0.8,1908.59,68.25734,2.82071,77.64683
4123824,Santa Lúcia - PR,PR,3644.0,43.0,1.2,1305.23,68.7545,12.16703,92.22462
4123857,Santa Maria do Oeste - PR,PR,9934.0,80.0,0.8,1045.38,43.20577,0.5269,55.823620000000005
4123907,Santa Mariana - PR,PR,11066.0,147.0,1.3,1464.31,92.33871,70.27989,95.44592
4123956,Santa Mônica - PR,PR,3356.0,27.0,0.8,1158.56,81.70927,1.11821,91.21406
4124004,Santana do Itararé - PR,PR,5514.0,31.0,0.6,1360.85,71.17675,34.11148,85.13578
4124020,Santa Tereza do Oeste - PR,PR,13174.0,164.0,1.2,1489.9,90.31498,6.08528,96.12169999999999
4124053,Santa Terezinha de Itaipu - PR,PR,24262.0,252.0,1.0,1690.18,91.75078,81.15791,96.05523000000001
4124103,Santo Antônio da Platina - PR,PR,44369.0,516.0,1.2,1439.66,87.86634,85.09738,94.62386
4124202,Santo Antônio do Caiuá - PR,PR,2493.0,11.0,0.4,1309.09,88.97959,3.77551,92.14285000000001
4124301,Santo Antônio do Paraíso - PR,PR,2125.0,15.0,0.7,1340.41,86.81319,1.0989,90.23199
4124400,Santo Antônio do Sudoeste - PR,PR,23673.0,258.0,1.1,1734.86,78.8583,55.39268,83.38696
4124509,Santo Inácio - PR,PR,6181.0,88.0,1.4,1660.45,86.60518,49.93412,94.24682
4124608,São Carlos do Ivaí - PR,PR,6587.0,54.0,0.8,1514.76,94.17722,1.18143,97.46836
4124707,São Jerônimo da Serra - PR,PR,10830.0,97.0,0.9,1168.93,73.13244,0.45581,69.84046
4124806,São João - PR,PR,11886.0,151.0,1.3,1693.11,70.71507,43.89439,80.83608000000001
4124905,São João do Caiuá - PR,PR,5586.0,42.0,0.7,1220.35,90.86737,83.38687,93.57503
4125001,São João do Ivaí - PR,PR,10667.0,129.0,1.2,1435.26,87.25374,58.10586,89.57988
4125100,São João do Triunfo - PR,PR,13726.0,93.0,0.7,1474.27,65.85167,10.98207,82.66096
4125209,São Jorge d'Oeste - PR,PR,9378.0,65.0,0.7,1829.04,72.0551,7.22519,83.52544
4125308,São Jorge do Ivaí - PR,PR,5168.0,46.0,0.9,1785.31,89.87013,82.38961,95.53247
4125357,São Jorge do Patrocínio - PR,PR,6504.0,51.0,0.8,1373.72,76.9996,1.91007,83.68484
4125407,São José da Boa Vista - PR,PR,6040.0,67.0,1.1,1395.21,63.01951,28.32909,78.88041
4125456,São José das Palmeiras - PR,PR,3957.0,16.0,0.4,1557.1,82.68341,1.18969,78.12293
4125506,São José dos Pinhais - PR,PR,329628.0,5004.0,1.5,1823.68,89.24291,79.81764,99.31701
4125555,São Manoel do Paraná - PR,PR,2138.0,14.0,0.7,1301.92,79.9505,1.73267,88.86139
4125605,São Mateus do Sul - PR,PR,42366.0,451.0,1.1,1568.37,62.2768,40.59821,77.85083
4125704,São Miguel do Iguaçu - PR,PR,29122.0,219.0,0.8,1733.78,76.55592,52.35377,89.90173
4125753,São Pedro do Iguaçu - PR,PR,5784.0,33.0,0.6,1478.95,73.66274,15.14053,79.60109
4125803,São Pedro do Ivaí - PR,PR,8690.0,31.0,0.4,1588.58,90.21772,52.6096,94.92991
4125902,São Pedro do Paraná - PR,PR,2661.0,7.0,0.3,1682.34,68.12183,0.60914,78.17258
4126009,São Sebastião da Amoreira - PR,PR,8063.0,126.0,1.6,1305.25,91.69179,1.60804,93.83585
4126108,São Tomé - PR,PR,5232.0,22.0,0.4,1352.04,91.48718,53.4359,96.82051
4126207,Sapopema - PR,PR,6695.0,41.0,0.6,1074.17,73.63599,42.85714,80.38317
4126256,Sarandi - PR,PR,118455.0,1531.0,1.3,1461.61,97.9649,43.76167,99.62892000000001
4126272,Saudade do Iguaçu - PR,PR,6108.0,52.0,0.9,1875.4,76.87588,1.36857,84.66258
4126306,Sengés - PR,PR,17270.0,143.0,0.8,1315.97,80.88838,61.51451,91.08342999999999
4126355,Serranópolis do Iguaçu - PR,PR,5007.0,53.0,1.1,1990.96,78.65291,3.74796,93.31885
4126405,Sertaneja - PR,PR,5616.0,36.0,0.6,1730.01,90.09585,31.76632,96.07485
4126504,Sertanópolis - PR,PR,15930.0,168.0,1.1,1843.32,92.77274,83.04504,95.05052
4126603,Siqueira Campos - PR,PR,22811.0,286.0,1.3,1562.88,82.79745,66.46547,96.39001999999999
4126652,Sulina - PR,PR,3440.0,30.0,0.9,2593.96,59.62687,0.14925,78.50746
4126678,Tamarana - PR,PR,10707.0,94.0,0.9,1129.05,68.52957,33.01682,75.71894
4126702,Tamboara - PR,PR,4880.0,34.0,0.7,1407.37,89.65147,0.64343,91.58176999999999
4126801,Tapejara - PR,PR,15869.0,78.0,0.5,1355.43,90.40413,88.06535,94.23904
4126900,Tapira - PR,PR,5745.0,47.0,0.8,1376.12,72.36784,2.62106,82.62993999999999
4127007,Teixeira Soares - PR,PR,9547.0,97.0,1.0,1413.01,64.01082,28.17198,83.94468
4127106,Telêmaco Borba - PR,PR,75042.0,782.0,1.0,1683.23,97.74103,87.43,99.70108
4127205,Terra Boa - PR,PR,17568.0,230.0,1.3,1465.38,92.76942,64.27694,94.81117
4127304,Terra Rica - PR,PR,14842.0,113.0,0.8,1486.82,86.57257,51.53818,90.80709999999999
4127403,Terra Roxa - PR,PR,18119.0,131.0,0.7,1587.77,85.30238,47.86337,91.48307000000001
4127502,Tibagi - PR,PR,19961.0,216.0,1.1,1248.88,70.99573,52.26174,89.06117
4127601,Tijucas do Sul - PR,PR,17621.0,149.0,0.8,1318.51,60.65625,2.20312,93.17188
4127700,Toledo - PR,PR,150470.0,1699.0,1.1,2165.17,93.45794,75.03059,94.27726000000001
4127809,Tomazina - PR,PR,8426.0,65.0,0.8,1530.72,46.24531,38.36045,79.81851999999999
4127858,Três Barras do Paraná - PR,PR,11135.0,148.0,1.3,1602.6,62.5427,40.72718,85.50511999999999
4127882,Tunas do Paraná - PR,PR,6219.0,70.0,1.1,1119.88,67.87072,22.19582,94.72433
4127908,Tuneiras do Oeste - PR,PR,8067.0,76.0,0.9,1190.36,72.61789,48.71545,86.76423
4127957,Tupãssi - PR,PR,8077.0,59.0,0.7,1663.51,88.21018,2.10181,88.07882000000001
4127965,Turvo - PR,PR,14231.0,100.0,0.7,1317.98,57.92622,19.16251,70.60818
4128005,Ubiratã - PR,PR,24749.0,257.0,1.0,1637.48,90.79874,35.56952,94.29934
4128104,Umuarama - PR,PR,117095.0,1670.0,1.4,1959.13,92.0396,86.28741,96.4967
4128203,União da Vitória - PR,PR,55033.0,588.0,1.1,1628.91,89.51556,69.2223,97.08237
4128302,Uniflor - PR,PR,2136.0,21.0,1.0,1318.4,81.86335,0.49689,
4128401,Uraí - PR,PR,10406.0,113.0,1.1,1578.68,88.96313,77.06013,93.19475
4128500,Wenceslau Braz - PR,PR,19188.0,182.0,0.9,1431.15,82.39437,53.57746,91.35211
4128534,Ventania - PR,PR,9681.0,84.0,0.9,1263.37,81.2137,27.26481,86.26597
4128559,Vera Cruz do Oeste - PR,PR,8215.0,132.0,1.6,1368.31,79.90446,65.06369,84.77707
4128609,Verê - PR,PR,7932.0,82.0,1.0,1887.7,63.7265,1.98291,70.11966
4128625,Alto Paraíso - PR,PR,3055.0,27.0,0.9,1217.29,79.47137,5.28634,85.99119
4128633,Doutor Ulysses - PR,PR,5697.0,36.0,0.6,893.21,35.41364,16.30382,32.075469999999996
4128658,Virmond - PR,PR,3811.0,23.0,0.6,1641.92,64.88604,10.11396,77.92023
4128708,Vitorino - PR,PR,9706.0,83.0,0.9,1800.07,78.04878,3.50072,88.86657
4128807,Xambrê - PR,PR,5798.0,48.0,0.8,1278.58,74.13636,39.77273,83.18182
4200051,Abdon Batista - SC,SC,2598.0,19.0,0.7,2127.38,71.00103,32.19814,79.97936
4200101,Abelardo Luz - SC,SC,17392.0,144.0,0.8,1685.84,64.39469,2.33831,70.29851
4200200,Agrolândia - SC,SC,10990.0,134.0,1.2,1683.01,72.84108,53.42361,99.28462
4200309,Agronômica - SC,SC,6055.0,52.0,0.9,2206.89,51.7721,40.87035,84.70165999999999
4200408,Água Doce - SC,SC,6508.0,36.0,0.5,2200.72,57.94239,21.48148,82.55144
4200507,Águas de Chapecó - SC,SC,6036.0,38.0,0.6,1626.84,63.06069,11.65347,60.90589
4200556,Águas Frias - SC,SC,2839.0,15.0,0.5,2175.45,55.94542,1.16959,65.88694
4200606,Águas Mornas - SC,SC,6743.0,126.0,1.9,1876.74,33.29268,0.89431,97.27642
4200705,Alfredo Wagner - SC,SC,10481.0,88.0,0.8,1625.18,32.69972,14.84716,78.6283
4200754,Alto Bela Vista - SC,SC,1856.0,4.0,0.2,2513.02,41.7931,0.55172,93.37931
4200804,Anchieta - SC,SC,5943.0,52.0,0.9,2515.03,64.01582,0.70299,80.22846999999999
4200903,Angelina - SC,SC,5358.0,64.0,1.2,1380.1,15.95585,0.95334,93.6277
4201000,Anita Garibaldi - SC,SC,8285.0,79.0,1.0,1468.32,58.848,21.888,82.62400000000001
4201109,Anitápolis - SC,SC,3593.0,31.0,0.9,1642.76,38.99324,1.50263,90.90908999999999
4201208,Antônio Carlos - SC,SC,11224.0,112.0,1.0,1801.02,52.63437,15.46201,98.14668
4201257,Apiúna - SC,SC,9811.0,140.0,1.4,1835.23,67.80764,34.05941,97.19943
4201273,Arabutã - SC,SC,4378.0,13.0,0.3,2056.91,44.7352,14.26791,98.00623
4201307,Araquari - SC,SC,45283.0,409.0,0.9,1494.49,75.63394,74.29617,99.64058999999999
4201406,Araranguá - SC,SC,71922.0,601.0,0.8,1922.77,70.38849,38.92417,99.09227
4201505,Armazém - SC,SC,8834.0,23.0,0.3,2061.11,43.75385,39.75385,92.92307
4201604,Arroio Trinta - SC,SC,3556.0,7.0,0.2,2168.63,75.77283,66.21136,95.25521
4201653,Arvoredo - SC,SC,2510.0,42.0,1.7,2237.43,44.71264,1.26437,85.40229
4201703,Ascurra - SC,SC,8319.0,73.0,0.9,1713.62,85.72375,84.73004,99.37065
4201802,Atalanta - SC,SC,3227.0,48.0,1.5,2095.5,40.16667,40.91667,91.25
4201901,Aurora - SC,SC,6780.0,46.0,0.7,2233.37,34.51255,18.26409,85.27355
4201950,Balneário Arroio do Silva - SC,SC,15820.0,177.0,1.1,1530.6,93.42193,1.57807,99.70100000000001
4202008,Balneário Camboriú - SC,SC,139155.0,1980.0,1.4,3583.85,97.05852,98.05053,99.89112
4202057,Balneário Barra do Sul - SC,SC,14912.0,194.0,1.3,1709.56,90.94359,5.98585,99.81025000000001
4202073,Balneário Gaivota - SC,SC,15669.0,194.0,1.2,1743.57,51.8593,0.78727,99.866
4202081,Bandeirante - SC,SC,3144.0,9.0,0.3,1849.34,55.30237,0.08764,68.53637
4202099,Barra Bonita - SC,SC,1668.0,13.0,0.8,2909.71,37.97054,,61.37479
4202107,Barra Velha - SC,SC,45369.0,773.0,1.7,1670.39,88.94528,45.66105,99.47388000000001
4202131,Bela Vista do Toldo - SC,SC,5872.0,42.0,0.7,1195.56,20.85536,0.19222,62.8544
4202156,Belmonte - SC,SC,2658.0,11.0,0.4,1798.71,63.6936,0.20986,69.35991
4202206,Benedito Novo - SC,SC,10520.0,65.0,0.6,1654.16,37.95424,2.18035,98.68101999999999
4202305,Biguaçu - SC,SC,76773.0,923.0,1.2,1899.63,85.9894,47.25088,99.51236
4202404,Blumenau - SC,SC,361261.0,4837.0,1.3,2633.68,93.96643,67.61702,99.88053
4202438,Bocaina do Sul - SC,SC,3515.0,76.0,2.2,1561.31,38.51964,15.93656,86.63141999999999
4202453,Bombinhas - SC,SC,25058.0,357.0,1.4,1964.03,86.49603,16.94616,99.9669
4202503,Bom Jardim da Serra - SC,SC,4026.0,39.0,1.0,1591.86,49.34555,36.1911,89.79057
4202537,Bom Jesus - SC,SC,2777.0,26.0,0.9,1602.98,63.86037,8.00821,73.30595
4202578,Bom Jesus do Oeste - SC,SC,2187.0,17.0,0.8,2347.75,84.20398,0.74627,97.51243000000001
4202602,Bom Retiro - SC,SC,8418.0,65.0,0.8,1710.21,74.8436,59.23609,96.83899
4202701,Botuverá - SC,SC,5363.0,72.0,1.3,1804.04,39.67611,15.53644,98.93725
4202800,Braço do Norte - SC,SC,33773.0,240.0,0.7,1873.21,64.02665,51.3917,94.9224
4202859,Braço do Trombudo - SC,SC,4026.0,63.0,1.6,1932.61,66.13119,33.60107,98.79517999999999
4202875,Brunópolis - SC,SC,2489.0,25.0,1.0,1449.82,58.28877,34.11765,76.14974
4202909,Brusque - SC,SC,141385.0,2249.0,1.6,2235.17,88.04376,78.49229,99.819
4203006,Caçador - SC,SC,73720.0,775.0,1.1,1873.8,88.80112,57.08806,97.83922000000001
4203105,Caibi - SC,SC,6304.0,27.0,0.4,2564.39,65.06494,3.85281,77.27273000000001
4203154,Calmon - SC,SC,3443.0,26.0,0.8,1031.92,65.48358,6.8323,67.34694
4203204,Camboriú - SC,SC,103074.0,1341.0,1.3,1838.18,92.32519,85.17666,99.82732
4203253,Capão Alto - SC,SC,2625.0,35.0,1.3,1338.98,41.31737,30.83832,74.4511
4203303,Campo Alegre - SC,SC,12501.0,104.0,0.8,1633.87,68.66485,23.297,95.34514
4203402,Campo Belo do Sul - SC,SC,7257.0,56.0,0.8,1293.18,64.52336,54.16822,76.33645
4203501,Campo Erê - SC,SC,9623.0,62.0,0.6,1921.14,77.15925,3.18508,86.85795999999999
4203600,Campos Novos - SC,SC,36932.0,473.0,1.3,1809.2,84.7631,79.44379,91.84815
4203709,Canelinha - SC,SC,12821.0,199.0,1.6,1639.81,74.49889,32.49443,96.28062
4203808,Canoinhas - SC,SC,55016.0,540.0,1.0,1821.76,79.45768,28.57577,90.29397
4203907,Capinzal - SC,SC,23314.0,176.0,0.8,1812.66,91.08181,16.93116,98.58068
4203956,Capivari de Baixo - SC,SC,23975.0,305.0,1.3,1711.32,94.28139,89.99534,99.89518000000001
4204004,Catanduvas - SC,SC,10566.0,107.0,1.0,1900.84,87.83359,57.69231,97.22658
4204103,Caxambu do Sul - SC,SC,4614.0,49.0,1.1,2494.4,56.0597,0.23881,66.74627000000001
4204152,Celso Ramos - SC,SC,2805.0,13.0,0.4,1552.72,58.48691,0.87294,90.59165999999999
4204178,Cerro Negro - SC,SC,3317.0,32.0,1.0,1203.24,48.62155,1.08605,52.88221
4204194,Chapadão do Lageado - SC,SC,2950.0,7.0,0.2,1770.31,15.39889,10.48237,94.34137000000001
4204202,Chapecó - SC,SC,254785.0,1952.0,0.8,2385.86,76.3608,38.38329,97.30586
4204251,Cocal do Sul - SC,SC,17240.0,189.0,1.1,2094.01,93.90048,65.98716,99.72712
4204301,Concórdia - SC,SC,81646.0,796.0,1.0,2277.94,88.81949,33.5251,96.10112
4204350,Cordilheira Alta - SC,SC,4781.0,33.0,0.7,2130.12,52.28365,13.46154,74.03846
4204400,Coronel Freitas - SC,SC,10388.0,59.0,0.6,2249.78,63.7463,30.31443,74.97984000000001
4204459,Coronel Martins - SC,SC,2065.0,4.0,0.2,2083.12,47.6378,6.03675,60.49869
4204509,Corupá - SC,SC,15267.0,138.0,0.9,1989.39,70.79418,59.27769,98.94969999999999
4204558,Correia Pinto - SC,SC,15727.0,134.0,0.9,1531.4,86.22096,78.87923,93.50949
4204608,Criciúma - SC,SC,214493.0,2657.0,1.2,2235.77,97.10439,80.57687,99.83453
4204707,Cunha Porã - SC,SC,10953.0,52.0,0.5,2191.07,65.57651,4.46407,83.19408
4204756,Cunhataí - SC,SC,1968.0,14.0,0.7,2169.22,45.94595,0.14225,69.98577999999999
4204806,Curitibanos - SC,SC,40045.0,453.0,1.1,1806.18,86.0626,69.23292,98.06484
4204905,Descanso - SC,SC,8530.0,40.0,0.5,2412.49,57.67263,1.37468,80.33887
4205001,Dionísio Cerqueira - SC,SC,15008.0,62.0,0.4,2292.36,80.39076,34.88455,79.82238000000001
4205100,Dona Emma - SC,SC,4221.0,39.0,0.9,1899.35,55.12027,4.67354,90.58419
4205159,Doutor Pedrinho - SC,SC,3637.0,35.0,1.0,1771.6,58.69406,14.45341,97.0653
4205175,Entre Rios - SC,SC,3402.0,10.0,0.3,1241.72,33.33333,7.58738,40.83547
4205191,Ermo - SC,SC,2269.0,9.0,0.4,1847.57,43.63412,17.67614,95.30285
4205209,Erval Velho - SC,SC,4885.0,55.0,1.1,1649.61,73.29787,48.40426,94.04255
4205308,Faxinal dos Guedes - SC,SC,11192.0,92.0,0.8,1884.75,80.96654,67.43494,91.77199
4205357,Flor do Sertão - SC,SC,1783.0,12.0,0.7,2168.65,77.97888,0.75415,50.82956
4205407,Florianópolis - SC,SC,537211.0,7227.0,1.3,3636.13,94.5904,57.10456,99.8257
4205431,Formosa do Sul - SC,SC,2682.0,17.0,0.6,2102.36,55.35714,5.04202,86.7647
4205456,Forquilhinha - SC,SC,31431.0,639.0,2.0,1664.12,88.19195,68.06669,98.19471
4205506,Fraiburgo - SC,SC,33481.0,239.0,0.7,1714.52,84.78516,70.54381,92.86672999999999
4205555,Frei Rogério - SC,SC,2411.0,18.0,0.7,1788.63,39.37644,1.7321,86.37413000000001
4205605,Galvão - SC,SC,3210.0,5.0,0.2,2170.52,68.91775,0.60606,75.06493
4205704,Garopaba - SC,SC,29959.0,314.0,1.0,2120.74,76.15706,8.12828,99.66244
4205803,Garuva - SC,SC,18545.0,210.0,1.1,1603.44,74.79479,62.7877,99.16305
4205902,Gaspar - SC,SC,72570.0,1238.0,1.7,2016.67,86.29506,64.25422,99.81819
4206009,Governador Celso Ramos - SC,SC,16915.0,249.0,1.5,1823.64,93.24237,16.73164,99.61014
4206108,Grão-Pará - SC,SC,6277.0,49.0,0.8,2306.62,54.59137,49.58678,70.33976
4206207,Gravatal - SC,SC,12435.0,99.0,0.8,1841.83,56.98227,39.32123,97.94639000000001
4206306,Guabiruba - SC,SC,24543.0,387.0,1.6,1933.97,52.07362,57.41604,99.58169000000001
4206405,Guaraciaba - SC,SC,10796.0,30.0,0.3,2834.02,53.76317,6.84897,80.50677
4206504,Guaramirim - SC,SC,46711.0,536.0,1.1,1850.72,78.50834,58.80152,99.70559
4206603,Guarujá do Sul - SC,SC,4829.0,44.0,0.9,2492.22,80.11305,0.46249,85.25179
4206652,Guatambú - SC,SC,8425.0,35.0,0.4,1858.24,48.78133,1.75077,74.04737
4206702,Herval d'Oeste - SC,SC,21724.0,164.0,0.8,1922.35,92.41088,76.66465,95.74622
4206751,Ibiam - SC,SC,2008.0,5.0,0.2,2299.32,39.6648,21.22905,72.2067
4206801,Ibicaré - SC,SC,3269.0,20.0,0.6,1917.72,67.04,1.84,86.24
4206900,Ibirama - SC,SC,19862.0,279.0,1.4,2075.03,84.89189,32.19942,98.62277999999999
4207007,Içara - SC,SC,59035.0,940.0,1.6,1976.0,85.30457,53.95117,98.43565000000001
4207106,Ilhota - SC,SC,17046.0,167.0,1.0,1724.1,53.28442,60.80874,99.01041000000001
4207205,Imaruí - SC,SC,11881.0,151.0,1.3,1397.34,48.21195,12.86524,93.6764
4207304,Imbituba - SC,SC,52579.0,956.0,1.8,1867.08,78.8529,5.76055,99.21287
4207403,Imbuia - SC,SC,5982.0,29.0,0.5,1900.55,34.60128,15.26123,88.35931
4207502,Indaial - SC,SC,71549.0,931.0,1.3,1941.73,91.41164,60.16503,99.6746
4207577,Iomerê - SC,SC,2877.0,21.0,0.7,2700.4,43.62101,13.60225,97.93620999999999
4207601,Ipira - SC,SC,4578.0,23.0,0.5,2074.85,70.02725,0.54496,96.07629999999999
4207650,Iporã do Oeste - SC,SC,9335.0,20.0,0.2,2584.82,65.0691,0.9703,91.00265
4207684,Ipuaçu - SC,SC,7730.0,75.0,1.0,1290.53,46.0443,0.51424,47.11234
4207700,Ipumirim - SC,SC,7816.0,55.0,0.7,2372.79,62.76671,2.95164,97.19061
4207759,Iraceminha - SC,SC,3986.0,19.0,0.5,2149.25,71.2824,0.27285,55.59346
4207809,Irani - SC,SC,10195.0,54.0,0.5,1801.71,76.40941,8.867,93.43185
4207858,Irati - SC,SC,2069.0,21.0,1.0,2193.15,80.55909,1.01652,
4207908,Irineópolis - SC,SC,10285.0,73.0,0.7,1443.53,42.79767,17.81848,80.5995
4208005,Itá - SC,SC,7067.0,34.0,0.5,2845.16,75.64055,52.02377,93.5388
4208104,Itaiópolis - SC,SC,22051.0,156.0,0.7,1585.77,56.6429,11.39339,81.69800000000001
4208203,Itajaí - SC,SC,264054.0,5140.0,1.9,2365.7,96.07668,80.50567,99.89581
4208302,Itapema - SC,SC,75940.0,810.0,1.1,2579.53,91.51807,65.99205,99.90884
4208401,Itapiranga - SC,SC,16638.0,76.0,0.5,2634.98,86.59227,48.63424,86.44237
4208450,Itapoá - SC,SC,30750.0,383.0,1.2,1795.93,93.75163,1.88843,99.53007
4208500,Ituporanga - SC,SC,26525.0,342.0,1.3,2112.88,65.00946,48.29725,97.54046
4208609,Jaborá - SC,SC,4310.0,31.0,0.7,2085.55,53.92093,1.68503,88.46403
4208708,Jacinto Machado - SC,SC,10624.0,125.0,1.2,1613.26,62.38927,11.92103,86.35788
4208807,Jaguaruna - SC,SC,20375.0,154.0,0.8,1851.84,69.73702,7.49306,99.37888000000001
4208906,Jaraguá do Sul - SC,SC,182660.0,2354.0,1.3,2341.61,89.36577,86.36638,99.64598
4208955,Jardinópolis - SC,SC,1776.0,,,2584.16,69.82249,0.59172,79.43787
4209003,Joaçaba - SC,SC,30146.0,494.0,1.6,2837.07,92.4142,60.1682,96.68705
4209102,Joinville - SC,SC,616317.0,8617.0,1.4,2260.92,96.38185,78.02436,99.93107
4209151,José Boiteux - SC,SC,5985.0,85.0,1.4,1488.38,62.9393,9.74441,83.22684000000001
4209177,Jupiá - SC,SC,2555.0,8.0,0.3,2527.58,58.50053,0.52798,77.40232
4209201,Lacerdópolis - SC,SC,2248.0,34.0,1.5,2588.1,58.02171,0.84439,98.06996
4209300,Lages - SC,SC,164981.0,2246.0,1.4,2029.41,96.69475,79.80312,99.27088
4209409,Laguna - SC,SC,42785.0,699.0,1.6,1700.15,87.59071,50.49088,99.7012
4209458,Lajeado Grande - SC,SC,1702.0,8.0,0.5,2948.12,58.73288,4.62329,92.12328
4209508,Laurentino - SC,SC,7932.0,92.0,1.2,2054.57,70.59224,48.67257,94.86045
4209607,Lauro Müller - SC,SC,14381.0,145.0,1.0,1957.24,77.01193,52.52793,98.71237
4209706,Lebon Régis - SC,SC,11472.0,109.0,0.9,1252.95,70.857,30.38203,77.62003
4209805,Leoberto Leal - SC,SC,3330.0,13.0,0.4,1675.05,25.55464,10.84634,66.88579
4209854,Lindóia do Sul - SC,SC,4549.0,8.0,0.2,1702.86,55.77276,9.52963,94.68540999999999
4209904,Lontras - SC,SC,12873.0,178.0,1.4,1799.95,70.10088,56.04207,97.01653
4210001,Luiz Alves - SC,SC,11684.0,128.0,1.1,1830.61,31.4006,37.5502,97.43975999999999
4210035,Luzerna - SC,SC,5794.0,22.0,0.4,2502.26,80.80455,69.21732,94.1408
4210050,Macieira - SC,SC,1778.0,10.0,0.5,1809.53,36.7284,11.11111,80.70987
4210100,Mafra - SC,SC,55286.0,636.0,1.2,1806.38,81.59769,5.32397,88.57513
4210209,Major Gercino - SC,SC,3214.0,27.0,0.8,1622.58,34.0249,2.15768,99.25312000000001
4210308,Major Vieira - SC,SC,7425.0,44.0,0.6,1244.76,38.47591,22.97348,63.167730000000006
4210407,Maracajá - SC,SC,7815.0,44.0,0.6,1861.57,57.03353,38.70262,98.68805
4210506,Maravilha - SC,SC,28251.0,308.0,1.1,2146.03,90.95018,5.41482,91.64704
4210555,Marema - SC,SC,2184.0,7.0,0.3,3440.45,45.14825,0.13477,91.64421
4210605,Massaranduba - SC,SC,17162.0,198.0,1.2,1903.58,36.39587,47.74339,98.16247
4210704,Matos Costa - SC,SC,2761.0,29.0,1.0,1198.14,54.35685,29.46058,73.75519
4210803,Meleiro - SC,SC,7006.0,22.0,0.3,1822.0,49.51719,41.3287,86.17227
4210852,Mirim Doce - SC,SC,2511.0,33.0,1.3,1380.51,41.90687,38.6918,90.35477
4210902,Modelo - SC,SC,4080.0,8.0,0.2,2525.48,76.35532,3.98432,87.26323000000001
4211009,Mondaí - SC,SC,10066.0,69.0,0.7,2163.03,82.765,2.22046,89.02987
4211058,Monte Carlo - SC,SC,9117.0,77.0,0.8,1157.98,90.96937,72.84496,93.49543000000001
4211108,Monte Castelo - SC,SC,7736.0,142.0,1.8,1235.91,56.24066,10.50075,88.26607
4211207,Morro da Fumaça - SC,SC,18537.0,237.0,1.3,1720.72,89.57812,82.89062,99.35937
4211256,Morro Grande - SC,SC,3010.0,17.0,0.6,1647.35,59.55882,8.63971,98.16176
4211306,Navegantes - SC,SC,86401.0,1257.0,1.5,1738.92,93.50248,83.39787,99.77923000000001
4211405,Nova Erechim - SC,SC,5155.0,6.0,0.1,2798.97,80.04269,4.80256,93.75667
4211454,Nova Itaberaba - SC,SC,4536.0,13.0,0.3,2406.86,49.04988,2.31591,65.85511
4211504,Nova Trento - SC,SC,13727.0,142.0,1.0,2047.66,69.71202,54.83615,95.43196999999999
4211603,Nova Veneza - SC,SC,13664.0,101.0,0.7,1877.88,83.16222,51.31417,98.41889
4211652,Novo Horizonte - SC,SC,2643.0,16.0,0.6,2185.28,44.27313,0.11013,53.964749999999995
4211702,Orleans - SC,SC,23661.0,174.0,0.7,2065.31,78.15971,66.1873,90.0152
4211751,Otacílio Costa - SC,SC,17312.0,134.0,0.8,1792.79,91.81861,72.41161,97.97050999999999
4211801,Ouro - SC,SC,7032.0,39.0,0.6,2446.42,73.6545,33.91043,92.58562
4211850,Ouro Verde - SC,SC,2181.0,15.0,0.7,1508.02,48.41169,1.27065,70.64802999999999
4211876,Paial - SC,SC,1927.0,2.0,0.1,1673.43,60.69364,0.57803,72.10982999999999
4211892,Painel - SC,SC,2215.0,11.0,0.5,1156.41,43.75743,23.42449,84.78002
4211900,Palhoça - SC,SC,222598.0,3220.0,1.4,2029.43,92.69582,54.97712,99.68923000000001
4212007,Palma Sola - SC,SC,7605.0,31.0,0.4,2139.93,79.30291,0.46712,90.33417
4212056,Palmeira - SC,SC,2561.0,31.0,1.2,1501.95,48.85417,36.66667,93.22917
4212106,Palmitos - SC,SC,15626.0,121.0,0.8,1913.03,77.05026,0.82672,76.70304
4212205,Papanduva - SC,SC,19150.0,129.0,0.7,1568.58,59.33875,53.56729,79.27785
4212239,Paraíso - SC,SC,4267.0,9.0,0.2,2750.48,42.12198,0.06353,78.58958
4212254,Passo de Torres - SC,SC,12897.0,200.0,1.6,1750.71,59.75558,3.2027,99.81036999999999
4212270,Passos Maia - SC,SC,4034.0,11.0,0.3,1587.67,46.74645,6.13313,65.22064
4212304,Paulo Lopes - SC,SC,9063.0,96.0,1.1,1513.69,55.66353,2.09535,98.14759000000001
4212403,Pedras Grandes - SC,SC,4245.0,36.0,0.8,1875.23,45.78086,12.09068,89.60956999999999
4212502,Penha - SC,SC,33663.0,365.0,1.1,1753.22,86.63829,82.10649,99.89151
4212601,Peritiba - SC,SC,2992.0,10.0,0.3,2454.13,72.25,0.66667,93.66666000000001
4212650,Pescaria Brava - SC,SC,10190.0,100.0,1.0,1490.29,53.26883,4.81172,97.96025
4212700,Petrolândia - SC,SC,6716.0,58.0,0.9,3308.39,39.37781,34.22022,95.94761
4212809,Balneário Piçarras - SC,SC,27127.0,370.0,1.4,2255.06,83.91623,60.94957,99.65433
4212908,Pinhalzinho - SC,SC,21972.0,89.0,0.4,2285.95,83.13725,6.39706,94.19118
4213005,Pinheiro Preto - SC,SC,3473.0,10.0,0.3,2022.36,67.91489,52.59574,98.12765999999999
4213104,Piratuba - SC,SC,5769.0,58.0,1.0,1775.54,78.02102,6.17338,98.20490000000001
4213153,Planalto Alegre - SC,SC,2946.0,20.0,0.7,1901.26,56.99433,0.09452,72.49526999999999
4213203,Pomerode - SC,SC,34289.0,369.0,1.1,2135.56,80.29124,34.78952,99.54808
4213302,Ponte Alta - SC,SC,4437.0,58.0,1.3,1329.52,76.42276,33.39587,92.49531
4213351,Ponte Alta do Norte - SC,SC,3210.0,45.0,1.4,1197.09,88.61712,77.70461,96.98965000000001
4213401,Ponte Serrada - SC,SC,10649.0,98.0,0.9,1564.49,82.61905,33.75661,93.30687999999999
4213500,Porto Belo - SC,SC,27688.0,350.0,1.3,2069.1,88.88101,16.54684,99.6962
4213609,Porto União - SC,SC,32970.0,289.0,0.9,1898.25,84.13474,72.58947,96.26106
4213708,Pouso Redondo - SC,SC,17123.0,225.0,1.3,1720.92,54.13373,60.12846,85.40843
4213807,Praia Grande - SC,SC,8270.0,115.0,1.4,1478.65,69.8609,41.08192,96.41422
4213906,Presidente Castello Branco - SC,SC,1689.0,18.0,1.1,1871.95,64.19142,0.9901,
4214003,Presidente Getúlio - SC,SC,20010.0,201.0,1.0,1966.13,83.76142,66.21005,98.08789999999999
4214102,Presidente Nereu - SC,SC,2301.0,20.0,0.9,1951.22,37.71234,16.53454,92.41223
4214151,Princesa - SC,SC,2964.0,6.0,0.2,2349.85,73.37603,0.18298,71.63769
4214201,Quilombo - SC,SC,11022.0,47.0,0.4,1806.72,65.99064,4.9662,88.27353
4214300,Rancho Queimado - SC,SC,3279.0,14.0,0.4,2011.61,36.42914,27.46197,98.95916
4214409,Rio das Antas - SC,SC,6253.0,64.0,1.0,1809.13,53.72934,6.74408,90.66548
4214508,Rio do Campo - SC,SC,6452.0,48.0,0.7,2058.98,58.1306,45.28382,92.61631
4214607,Rio do Oeste - SC,SC,7747.0,59.0,0.8,2489.7,58.33333,57.01754,86.33041
4214706,Rio dos Cedros - SC,SC,10865.0,140.0,1.3,1654.22,55.92208,21.97403,98.23377
4214805,Rio do Sul - SC,SC,72587.0,922.0,1.3,2416.85,92.02291,65.06055,99.50028999999999
4214904,Rio Fortuna - SC,SC,4847.0,22.0,0.5,1801.19,41.27686,37.73704,70.79646
4215000,Rio Negrinho - SC,SC,39261.0,712.0,1.8,1592.73,93.26881,61.83962,97.97700999999999
4215059,Rio Rufino - SC,SC,2397.0,26.0,1.1,1770.92,35.01722,28.47302,96.09644
4215075,Riqueza - SC,SC,4768.0,16.0,0.3,1853.54,73.34059,2.72035,68.71600000000001
4215109,Rodeio - SC,SC,12757.0,178.0,1.4,1885.06,57.50479,59.2293,97.84969000000001
4215208,Romelândia - SC,SC,4823.0,49.0,1.0,2356.31,60.67778,3.38892,54.70684
4215307,Salete - SC,SC,7489.0,113.0,1.5,1842.19,63.86463,52.00146,83.98836
4215356,Saltinho - SC,SC,3632.0,14.0,0.4,1583.41,51.9174,0.51622,63.348079999999996
4215406,Salto Veloso - SC,SC,4390.0,25.0,0.6,1953.74,82.92243,4.14913,96.4522
4215455,Sangão - SC,SC,12882.0,140.0,1.1,1365.46,52.36415,29.52247,97.38885
4215505,Santa Cecília - SC,SC,15546.0,161.0,1.0,1544.14,84.86537,81.20706,95.00464
4215554,Santa Helena - SC,SC,2425.0,14.0,0.6,2133.42,79.79569,1.5891,66.62883000000001
4215604,Santa Rosa de Lima - SC,SC,2088.0,12.0,0.6,1903.24,30.39349,10.04071,93.08005
4215653,Santa Rosa do Sul - SC,SC,9792.0,44.0,0.4,1531.38,54.30049,1.55144,97.95863
4215679,Santa Terezinha - SC,SC,8066.0,43.0,0.5,1685.25,20.38043,7.20109,51.49455999999999
4215687,Santa Terezinha do Progresso - SC,SC,2576.0,7.0,0.3,1861.87,44.39791,0.41885,70.15707
4215695,Santiago do Sul - SC,SC,1651.0,48.0,2.9,1422.63,79.37608,2.42634,85.61525
4215703,Santo Amaro da Imperatriz - SC,SC,27272.0,593.0,2.2,1906.51,84.69087,48.12561,99.26399
4215752,São Bernardino - SC,SC,2684.0,23.0,0.9,2364.31,43.61593,0.30644,51.276810000000005
4215802,São Bento do Sul - SC,SC,83277.0,903.0,1.1,1941.74,95.44834,45.09067,99.59408
4215901,São Bonifácio - SC,SC,2946.0,,,1564.53,19.98224,2.04263,89.254
4216008,São Carlos - SC,SC,10282.0,63.0,0.6,2123.6,73.97366,3.92461,82.46837
4216057,São Cristóvão do Sul - SC,SC,6084.0,63.0,1.0,1488.6,86.50847,64.94915,91.05084000000001
4216107,São Domingos - SC,SC,9226.0,83.0,0.9,2247.77,73.24066,22.96554,80.97306999999999
4216206,São Francisco do Sul - SC,SC,52674.0,587.0,1.1,1869.82,89.8761,23.13887,99.42694999999999
4216255,São João do Oeste - SC,SC,6295.0,26.0,0.4,3215.69,56.02897,1.7043,78.86664
4216305,São João Batista - SC,SC,32687.0,320.0,1.0,1715.92,89.91915,49.81937,99.63014
4216354,São João do Itaperiú - SC,SC,4463.0,38.0,0.8,1695.69,33.22148,13.15436,98.25503
4216404,São João do Sul - SC,SC,8668.0,113.0,1.3,1534.99,21.5468,3.49082,96.14806
4216503,São Joaquim - SC,SC,25939.0,324.0,1.2,1604.93,69.65964,50.02088,96.28314999999999
4216602,São José - SC,SC,270299.0,4269.0,1.6,2396.69,98.29892,72.02595,99.87781
4216701,São José do Cedro - SC,SC,14167.0,78.0,0.6,2548.44,78.99175,1.40555,76.9865
4216800,São José do Cerrito - SC,SC,8708.0,42.0,0.5,1223.88,29.12534,21.13015,58.25067
4216909,São Lourenço do Oeste - SC,SC,24791.0,173.0,0.7,2140.03,79.60182,11.40029,83.99511000000001
4217006,São Ludgero - SC,SC,13509.0,46.0,0.3,2064.29,81.52361,82.38197,98.3691
4217105,São Martinho - SC,SC,3405.0,14.0,0.4,2224.39,28.08219,24.14384,94.34932
4217154,São Miguel da Boa Vista - SC,SC,1781.0,4.0,0.2,2281.1,48.64048,0.30211,59.66767
4217204,São Miguel do Oeste - SC,SC,44330.0,253.0,0.6,2515.12,71.57968,10.31154,96.65915000000001
4217253,São Pedro de Alcântara - SC,SC,5776.0,39.0,0.7,2167.98,45.29277,19.34558,95.80941999999999
4217303,Saudades - SC,SC,10265.0,69.0,0.7,2154.73,71.62312,0.63924,94.10784000000001
4217402,Schroeder - SC,SC,20061.0,142.0,0.7,1978.64,76.86906,66.93489,99.72202
4217501,Seara - SC,SC,18620.0,91.0,0.5,2097.28,65.94181,30.69886,95.38092
4217550,Serra Alta - SC,SC,3303.0,29.0,0.9,1823.32,78.61789,2.03252,79.3496
4217600,Siderópolis - SC,SC,13714.0,102.0,0.7,1838.15,82.1407,47.87341,99.13324
4217709,Sombrio - SC,SC,29991.0,282.0,0.9,1687.98,41.6727,33.95185,98.69659
4217758,Sul Brasil - SC,SC,2832.0,9.0,0.3,3151.9,62.66266,30.73073,80.18018
4217808,Taió - SC,SC,18310.0,166.0,0.9,2065.3,57.67374,54.20629,88.17849000000001
4217907,Tangará - SC,SC,8143.0,54.0,0.7,1861.19,62.98361,1.14754,74.72131
4217956,Tigrinhos - SC,SC,2329.0,10.0,0.4,1442.85,43.45307,0.81112,49.01506
4218004,Tijucas - SC,SC,51592.0,505.0,1.0,1989.06,94.67332,56.20714,99.70376
4218103,Timbé do Sul - SC,SC,5386.0,54.0,1.0,1777.55,71.17117,15.36537,94.79478999999999
4218202,Timbó - SC,SC,46099.0,571.0,1.2,2129.74,88.52038,66.37983,99.75499
4218251,Timbó Grande - SC,SC,7342.0,177.0,2.4,1221.89,67.30159,19.28571,81.03175
4218301,Três Barras - SC,SC,19746.0,201.0,1.0,1287.6,85.56215,11.44074,98.58512
4218350,Treviso - SC,SC,3782.0,25.0,0.7,1977.65,56.90285,33.38203,99.26953999999999
4218400,Treze de Maio - SC,SC,7362.0,45.0,0.6,1556.82,37.62568,23.85924,95.05027
4218509,Treze Tílias - SC,SC,8787.0,74.0,0.8,2521.03,74.08546,39.502,95.57332
4218608,Trombudo Central - SC,SC,7274.0,109.0,1.5,2025.72,68.39207,51.90896,98.56828
4218707,Tubarão - SC,SC,110088.0,1300.0,1.2,2160.06,91.03036,76.17194,99.64872000000001
4218756,Tunápolis - SC,SC,4916.0,17.0,0.4,3288.15,70.12472,9.86395,85.03402
4218806,Turvo - SC,SC,13043.0,98.0,0.8,2009.39,63.34025,48.90041,95.16598
4218855,União do Oeste - SC,SC,2774.0,2.0,0.1,2224.06,54.5809,0.19493,54.19103
4218905,Urubici - SC,SC,10834.0,64.0,0.6,2017.81,71.51163,50.32861,95.44994
4218954,Urupema - SC,SC,2656.0,32.0,1.2,1649.66,58.00416,15.59252,97.0894
4219002,Urussanga - SC,SC,20919.0,310.0,1.5,1838.88,83.95364,49.81326,96.60013
4219101,Vargeão - SC,SC,3634.0,16.0,0.4,2062.19,61.73509,18.74516,90.54996
4219150,Vargem - SC,SC,2627.0,10.0,0.4,1330.09,50.74331,3.27056,56.7889
4219176,Vargem Bonita - SC,SC,4576.0,53.0,1.2,1899.82,69.62733,20.37267,90.49689
4219200,Vidal Ramos - SC,SC,6189.0,71.0,1.2,1633.53,36.78112,4.59227,88.32618
4219309,Videira - SC,SC,55466.0,530.0,1.0,2199.25,90.36168,62.89247,97.02575
4219358,Vitor Meireles - SC,SC,5370.0,44.0,0.8,1613.42,48.28304,11.13424,72.78876
4219408,Witmarsum - SC,SC,4255.0,41.0,1.0,2324.29,45.31762,10.01965,94.89195
4219507,Xanxerê - SC,SC,51607.0,349.0,0.7,2120.34,62.68587,12.31542,94.62722
4219606,Xavantina - SC,SC,3653.0,37.0,1.0,2639.27,42.93695,23.94254,79.88826
4219705,Xaxim - SC,SC,31918.0,228.0,0.7,1900.05,78.19555,7.4427,90.72882000000001
4219853,Zortéa - SC,SC,3930.0,28.0,0.7,1456.33,89.8838,0.68353,97.33424000000001
4220000,Balneário Rincão - SC,SC,15981.0,258.0,1.6,1651.68,87.18831,4.29923,99.79364000000001
4300034,Aceguá - RS,RS,4170.0,118.0,2.8,1644.79,36.90552,13.95054,81.80088
4300059,Água Santa - RS,RS,3912.0,15.0,0.4,2262.1,44.21129,6.58466,91.60636
4300109,Agudo - RS,RS,16041.0,118.0,0.7,1720.07,61.64384,49.67384,86.52968000000001
4300208,Ajuricaba - RS,RS,6720.0,38.0,0.6,2357.63,85.37809,6.25,85.06943999999999
4300307,Alecrim - RS,RS,6123.0,28.0,0.4,1732.26,80.53271,0.66588,89.54172
4300406,Alegrete - RS,RS,72409.0,800.0,1.1,1653.21,87.75004,76.44893,91.46043
4300455,Alegria - RS,RS,3651.0,31.0,0.9,2205.9,87.06125,0.55058,68.41018
4300471,Almirante Tamandaré do Sul - RS,RS,1969.0,24.0,1.2,2128.82,65.66416,18.54637,85.46365999999999
4300505,Alpestre - RS,RS,7117.0,59.0,0.8,2094.44,53.35677,12.61863,44.32338
4300554,Alto Alegre - RS,RS,1800.0,7.0,0.4,1652.45,93.8307,0.14347,83.21377
4300570,Alto Feliz - RS,RS,3072.0,13.0,0.4,1814.97,68.04878,14.06504,97.39837
4300604,Alvorada - RS,RS,187315.0,3008.0,1.6,1332.84,98.12723,92.18321,98.7321
4300638,Amaral Ferrador - RS,RS,5310.0,23.0,0.4,1018.29,71.42147,3.03181,55.3678
4300646,Ametista do Sul - RS,RS,7650.0,52.0,0.7,1500.41,77.14581,4.79145,73.35401999999999
4300661,André da Rocha - RS,RS,1135.0,4.0,0.3,1705.55,79.40503,13.50114,86.72769000000001
4300703,Anta Gorda - RS,RS,5957.0,41.0,0.7,2682.97,88.14318,39.19463,91.23042
4300802,Antônio Prado - RS,RS,13045.0,81.0,0.6,2153.43,78.5857,68.23811,94.98601
4300851,Arambaré - RS,RS,4112.0,39.0,1.0,1556.44,81.6657,11.85656,96.29844
4300877,Araricá - RS,RS,8525.0,110.0,1.3,1362.38,10.91757,56.45412,99.09797999999999
4300901,Aratiba - RS,RS,6483.0,45.0,0.7,2353.81,60.78508,43.10144,91.68286
4301008,Arroio do Meio - RS,RS,21958.0,149.0,0.7,2120.87,90.16296,5.06721,99.58368
4301057,Arroio do Sal - RS,RS,11057.0,96.0,0.9,1638.58,68.04031,3.38186,99.75364
4301073,Arroio do Padre - RS,RS,2599.0,26.0,1.0,1613.45,19.80559,0.12151,94.41068999999999
4301107,Arroio dos Ratos - RS,RS,14601.0,111.0,0.8,1504.33,95.2476,52.2583,97.33358
4301206,Arroio do Tigre - RS,RS,12058.0,130.0,1.1,1519.14,66.26235,11.4106,66.06019
4301305,Arroio Grande - RS,RS,17558.0,162.0,0.9,1360.17,86.60063,84.50956,92.40611
4301404,Arvorezinha - RS,RS,10322.0,140.0,1.4,1561.86,76.29102,56.57593,82.29458
4301503,Augusto Pestana - RS,RS,7149.0,76.0,1.1,2387.12,94.56598,1.34086,71.84192
4301552,Áurea - RS,RS,3396.0,14.0,0.4,1517.58,47.11684,19.65099,
4301602,Bagé - RS,RS,117938.0,1525.0,1.3,1662.21,96.97565,85.16965,98.27590000000001
4301636,Balneário Pinhal - RS,RS,14955.0,238.0,1.6,1475.9,58.96721,6.59016,99.60656
4301651,Barão - RS,RS,6461.0,37.0,0.6,2268.93,84.83725,23.60939,98.47548
4301701,Barão de Cotegipe - RS,RS,7144.0,65.0,0.9,2068.99,75.63433,21.60448,89.55224000000001
4301750,Barão do Triunfo - RS,RS,5889.0,44.0,0.7,1185.44,11.78912,1.57742,42.756330000000005
4301800,Barracão - RS,RS,4831.0,24.0,0.5,1797.57,69.96375,4.76437,73.53703
4301859,Barra do Guarita - RS,RS,3161.0,9.0,0.3,1418.41,86.59881,0.25445,80.66158
4301875,Barra do Quaraí - RS,RS,4241.0,40.0,0.9,1229.26,72.84542,72.09302,89.39808
4301909,Barra do Ribeiro - RS,RS,12225.0,122.0,1.0,1523.42,76.68891,74.16597,96.14262000000001
4301925,Barra do Rio Azul - RS,RS,1696.0,13.0,0.8,2481.84,65.80645,,77.09677
4301958,Barra Funda - RS,RS,2498.0,6.0,0.2,1991.52,92.85714,1.45089,93.30357000000001
4302006,Barros Cassal - RS,RS,9296.0,83.0,0.9,1364.7,42.89581,27.46955,70.8525
4302055,Benjamin Constant do Sul - RS,RS,2082.0,7.0,0.3,1631.91,73.7931,7.86207,69.93103
4302105,Bento Gonçalves - RS,RS,123151.0,959.0,0.8,2516.92,96.27968,83.50235,99.39975
4302154,Boa Vista das Missões - RS,RS,1933.0,13.0,0.6,1653.55,91.75393,1.83246,75.52356
4302204,Boa Vista do Buricá - RS,RS,6966.0,8.0,0.1,1976.81,82.77879,6.65448,90.89579
4302220,Boa Vista do Cadeado - RS,RS,2229.0,14.0,0.6,2133.19,42.33918,0.11696,47.485380000000006
4302238,Boa Vista do Incra - RS,RS,2271.0,8.0,0.4,1302.75,47.55662,0.23838,51.72825
4302253,Boa Vista do Sul - RS,RS,2779.0,10.0,0.3,2314.5,83.93536,3.23194,97.90874000000001
4302303,Bom Jesus - RS,RS,11202.0,155.0,1.4,1183.2,76.79848,72.62982,88.16103000000001
4302352,Bom Princípio - RS,RS,13142.0,100.0,0.8,2002.51,73.01841,60.10809,99.47959
4302378,Bom Progresso - RS,RS,2096.0,28.0,1.4,1621.07,75.03045,0.60901,96.58953
4302402,Bom Retiro do Sul - RS,RS,12294.0,108.0,0.9,1774.79,92.10526,22.06003,98.95148
4302451,Boqueirão do Leão - RS,RS,6247.0,57.0,0.9,1647.73,58.44262,2.37705,73.93442999999999
4302501,Bossoroca - RS,RS,5890.0,56.0,0.9,1390.7,85.71429,4.40865,66.25689
4302584,Bozano - RS,RS,2151.0,14.0,0.6,1638.05,79.05824,0.37175,63.07311
4302600,Braga - RS,RS,3268.0,27.0,0.8,1343.57,62.11632,7.91599,75.52504
4302659,Brochier - RS,RS,4966.0,31.0,0.6,1992.92,86.3794,6.14165,94.79939999999999
4302709,Butiá - RS,RS,19084.0,211.0,1.1,1374.61,96.61363,55.07956,98.8848
4302808,Caçapava do Sul - RS,RS,32515.0,279.0,0.9,1519.48,79.5967,55.15291,88.20596
4302907,Cacequi - RS,RS,11157.0,80.0,0.7,1367.34,80.5432,24.02248,83.56357
4303004,Cachoeira do Sul - RS,RS,80070.0,698.0,0.9,1757.97,88.35388,43.78224,96.85809
4303103,Cachoeirinha - RS,RS,136258.0,2001.0,1.5,1884.12,89.43488,97.25059,99.79804
4303202,Cacique Doble - RS,RS,4603.0,38.0,0.8,1246.35,42.40964,26.80723,81.08434
4303301,Caibaté - RS,RS,4704.0,15.0,0.3,1856.95,96.56992,1.05541,76.781
4303400,Caiçara - RS,RS,4836.0,25.0,0.5,2241.76,65.21271,17.39365,71.62089
4303509,Camaquã - RS,RS,62200.0,519.0,0.8,1605.16,79.90192,77.08106,91.52904
4303558,Camargo - RS,RS,2981.0,13.0,0.4,2309.51,76.41844,22.78369,96.36525
4303608,Cambará do Sul - RS,RS,6361.0,57.0,0.9,1511.6,70.40099,53.28648,97.35428
4303673,Campestre da Serra - RS,RS,3242.0,16.0,0.5,1371.16,39.17445,32.32087,93.69158999999999
4303707,Campina das Missões - RS,RS,5882.0,33.0,0.6,2384.95,92.61191,39.33073,90.69969
4303806,Campinas do Sul - RS,RS,5284.0,20.0,0.4,1877.21,81.16505,65.67961,96.35922000000001
4303905,Campo Bom - RS,RS,62886.0,799.0,1.3,1991.18,64.66309,95.7185,99.97506
4304002,Campo Novo - RS,RS,4975.0,34.0,0.7,1441.24,83.48958,1.14583,95.625
4304101,Campos Borges - RS,RS,3613.0,43.0,1.2,1859.44,90.13699,3.49315,83.21918
4304200,Candelária - RS,RS,28906.0,439.0,1.5,1375.38,69.56445,47.85739,85.73060000000001
4304309,Cândido Godói - RS,RS,6294.0,21.0,0.3,2260.55,92.82493,4.26404,70.6437
4304358,Candiota - RS,RS,10710.0,60.0,0.6,1372.47,84.59664,73.50719,84.4504
4304408,Canela - RS,RS,48946.0,485.0,1.0,2181.94,94.04983,73.57119,99.60113
4304507,Canguçu - RS,RS,49680.0,582.0,1.2,1501.9,42.91557,38.78967,53.33644
4304606,Canoas - RS,RS,347657.0,4537.0,1.3,2066.82,98.15545,97.70298,99.85168
4304614,Canudos do Vale - RS,RS,1656.0,2.0,0.1,1812.7,69.29012,0.92593,89.96914
4304622,Capão Bonito do Sul - RS,RS,1733.0,10.0,0.6,1683.27,37.33719,0.57887,81.47612
4304630,Capão da Canoa - RS,RS,63594.0,743.0,1.2,1932.27,90.63612,30.76343,99.36765
4304655,Capão do Cipó - RS,RS,3119.0,14.0,0.5,1746.81,89.46015,1.79949,43.016279999999995
4304663,Capão do Leão - RS,RS,26487.0,377.0,1.4,1171.22,88.8867,38.03372,98.98432
4304671,Capivari do Sul - RS,RS,3991.0,36.0,0.9,1622.38,73.46257,45.12032,98.79679
4304689,Capela de Santana - RS,RS,11159.0,127.0,1.1,1406.12,20.37299,44.7356,98.98489000000001
4304697,Capitão - RS,RS,2921.0,16.0,0.6,1761.46,84.25047,29.41176,89.65845
4304705,Carazinho - RS,RS,61804.0,516.0,0.8,2049.08,93.86769,24.7894,98.98415
4304713,Caraá - RS,RS,7394.0,104.0,1.4,1436.47,66.94297,1.88992,91.8435
4304804,Carlos Barbosa - RS,RS,30420.0,307.0,1.0,2626.72,93.32189,75.06438,98.103
4304853,Carlos Gomes - RS,RS,1368.0,12.0,0.9,1475.2,76.41326,5.84795,39.181290000000004
4304903,Casca - RS,RS,9465.0,44.0,0.5,2626.19,91.68049,12.46545,96.87673
4304952,Caseiros - RS,RS,3000.0,36.0,1.2,1774.11,84.95495,83.87387,87.83784
4305009,Catuípe - RS,RS,8674.0,58.0,0.7,1787.11,93.23442,6.20178,78.57567
4305108,Caxias do Sul - RS,RS,463501.0,5430.0,1.2,2330.62,95.87217,90.07698,99.34647000000001
4305116,Centenário - RS,RS,2721.0,3.0,0.1,1378.3,72.55092,9.11736,57.225989999999996
4305124,Cerrito - RS,RS,5808.0,20.0,0.3,1229.98,61.09285,32.00493,68.81675999999999
4305132,Cerro Branco - RS,RS,3802.0,26.0,0.7,1507.25,78.9507,6.95322,90.01264
4305157,Cerro Grande - RS,RS,2379.0,15.0,0.6,1824.62,98.03279,1.0929,54.86339
4305173,Cerro Grande do Sul - RS,RS,9178.0,138.0,1.5,1300.87,26.28492,16.06145,82.06703999999999
4305207,Cerro Largo - RS,RS,13705.0,68.0,0.5,1996.14,97.58879,19.34579,98.48598000000001
4305306,Chapada - RS,RS,9540.0,39.0,0.4,1849.22,90.2989,9.28159,80.80756
4305355,Charqueadas - RS,RS,35012.0,378.0,1.1,1785.15,96.59943,72.26204,99.13319
4305371,Charrua - RS,RS,2768.0,33.0,1.2,1739.81,31.90824,1.6684,50.782070000000004
4305405,Chiapetta - RS,RS,3913.0,24.0,0.6,1954.81,90.93894,1.6415,84.37295
4305439,Chuí - RS,RS,6262.0,55.0,0.9,1448.23,95.4717,79.28721,98.49056
4305447,Chuvisca - RS,RS,4597.0,17.0,0.4,1608.16,10.18574,1.19832,35.17076
4305454,Cidreira - RS,RS,17071.0,222.0,1.3,1526.55,87.40319,8.95806,99.6785
4305504,Ciríaco - RS,RS,4149.0,33.0,0.8,1730.43,62.2619,44.34524,91.84524
4305587,Colinas - RS,RS,2423.0,42.0,1.7,2243.77,93.98734,6.96203,
4305603,Colorado - RS,RS,3258.0,7.0,0.2,2130.43,83.75,0.85938,87.8125
4305702,Condor - RS,RS,6406.0,36.0,0.6,1895.81,79.23977,1.83793,89.68254
4305801,Constantina - RS,RS,10385.0,82.0,0.8,2063.36,88.86544,1.45119,87.30871
4305835,Coqueiro Baixo - RS,RS,1290.0,8.0,0.6,2430.83,55.37849,41.83267,95.41833
4305850,Coqueiros do Sul - RS,RS,2211.0,19.0,0.9,2555.61,81.25,0.44643,78.79463999999999
4305871,Coronel Barros - RS,RS,2822.0,21.0,0.7,2178.56,85.89744,0.27473,67.85714
4305900,Coronel Bicaco - RS,RS,6144.0,85.0,1.4,1313.41,79.99141,4.93774,81.15071
4305934,Coronel Pilar - RS,RS,1607.0,7.0,0.5,2882.39,73.09735,7.78761,86.90266000000001
4305959,Cotiporã - RS,RS,3846.0,30.0,0.8,2003.46,59.17655,41.80042,97.41801000000001
4305975,Coxilha - RS,RS,2667.0,69.0,2.6,1655.79,74.55796,2.25933,80.15717
4306007,Crissiumal - RS,RS,12886.0,152.0,1.2,1902.99,81.12778,3.30359,76.76097
4306056,Cristal - RS,RS,7299.0,36.0,0.5,1456.88,72.70427,65.50976,89.11786000000001
4306072,Cristal do Sul - RS,RS,2692.0,14.0,0.5,1402.3,90.35005,0.47304,58.37276
4306106,Cruz Alta - RS,RS,58913.0,461.0,0.8,1995.66,95.00263,32.27209,97.35201
4306130,Cruzaltense - RS,RS,1635.0,,,1965.07,26.46104,9.9026,
4306205,Cruzeiro do Sul - RS,RS,11600.0,97.0,0.8,1693.59,87.19738,6.28135,98.60414
4306304,David Canabarro - RS,RS,4321.0,5.0,0.1,1785.56,58.68516,36.67069,92.09891
4306320,Derrubadas - RS,RS,2751.0,45.0,1.6,1783.0,72.81192,0.37244,60.148979999999995
4306353,Dezesseis de Novembro - RS,RS,2507.0,10.0,0.4,1659.75,97.34513,1.27827,84.07079999999999
4306379,Dilermando de Aguiar - RS,RS,2806.0,9.0,0.3,1705.85,34.2633,10.72363,82.47603000000001
4306403,Dois Irmãos - RS,RS,30709.0,509.0,1.7,2188.04,92.15801,76.59146,99.75676999999999
4306429,Dois Irmãos das Missões - RS,RS,2090.0,12.0,0.6,1288.19,92.73183,1.50376,78.07018
4306452,Dois Lajeados - RS,RS,3097.0,21.0,0.7,1823.9,61.06804,60.89578,94.14298000000001
4306502,Dom Feliciano - RS,RS,13051.0,164.0,1.3,1327.63,27.69261,14.76022,67.98349
4306551,Dom Pedro de Alcântara - RS,RS,2562.0,5.0,0.2,1374.7,86.28571,0.7619,99.80951999999999
4306601,Dom Pedrito - RS,RS,36981.0,412.0,1.1,1515.04,91.1035,88.15431,92.43132999999999
4306700,Dona Francisca - RS,RS,3079.0,4.0,0.1,1460.43,62.14227,61.07931,94.68520000000001
4306734,Doutor Maurício Cardoso - RS,RS,4470.0,12.0,0.3,2041.23,92.1978,0.43956,80.10989
4306759,Doutor Ricardo - RS,RS,1888.0,7.0,0.4,2045.38,83.80282,5.21127,91.2676
4306767,Eldorado do Sul - RS,RS,39559.0,532.0,1.3,1573.59,78.52405,68.04865,98.55583
4306809,Encantado - RS,RS,22962.0,198.0,0.9,2213.18,87.30616,71.21179,98.07266999999999
4306908,Encruzilhada do Sul - RS,RS,23819.0,228.0,1.0,1425.04,72.98845,63.68273,82.49193
4306924,Engenho Velho - RS,RS,1296.0,4.0,0.3,1746.89,96.8254,1.36054,
4306932,Entre-Ijuís - RS,RS,9158.0,60.0,0.6,1554.23,75.99107,3.46175,69.84925
4306957,Entre Rios do Sul - RS,RS,2685.0,19.0,0.7,1596.55,73.04508,12.14351,98.43607
4306973,Erebango - RS,RS,3054.0,27.0,0.9,1452.05,71.56221,4.77081,82.31993
4307005,Erechim - RS,RS,105705.0,865.0,0.8,2385.71,95.97986,78.5292,98.69874
4307054,Ernestina - RS,RS,3034.0,19.0,0.6,1833.01,91.44,3.04,82.48
4307104,Herval - RS,RS,6191.0,35.0,0.6,1225.78,72.26387,60.15742,75.71214
4307203,Erval Grande - RS,RS,4930.0,39.0,0.8,1448.46,66.46217,19.27403,92.79141
4307302,Erval Seco - RS,RS,6787.0,59.0,0.9,1414.36,88.42468,10.61709,84.97509
4307401,Esmeralda - RS,RS,3195.0,46.0,1.4,1412.83,69.55128,33.97436,87.66026
4307450,Esperança do Sul - RS,RS,3226.0,15.0,0.5,1449.92,84.01254,2.42947,66.06583
4307500,Espumoso - RS,RS,15173.0,179.0,1.2,1984.0,86.54244,34.97239,88.02622
4307559,Estação - RS,RS,5582.0,24.0,0.4,1792.35,85.81952,63.8582,93.69244
4307609,Estância Velha - RS,RS,47924.0,460.0,1.0,1975.46,69.35322,81.80853,99.80452
4307708,Esteio - RS,RS,76137.0,1156.0,1.5,1899.78,96.91619,94.75446,99.92487
4307807,Estrela - RS,RS,32183.0,329.0,1.0,2031.92,95.88467,62.66409,99.57317
4307815,Estrela Velha - RS,RS,3070.0,12.0,0.4,1666.27,85.87425,31.43842,67.95866000000001
4307831,Eugênio de Castro - RS,RS,2633.0,13.0,0.5,1771.7,83.18345,0.17986,69.42446
4307864,Fagundes Varela - RS,RS,2566.0,2.0,0.1,2086.7,60.92865,53.79388,97.05550000000001
4307906,Farroupilha - RS,RS,70286.0,598.0,0.9,2099.9,86.68617,71.47989,98.83342
4308003,Faxinal do Soturno - RS,RS,6702.0,27.0,0.4,1987.81,74.97094,69.27547,92.98720999999999
4308052,Faxinalzinho - RS,RS,2520.0,33.0,1.3,1922.21,69.72112,0.59761,89.14343
4308078,Fazenda Vilanova - RS,RS,4291.0,30.0,0.7,1500.24,90.03645,3.09842,99.0887
4308102,Feliz - RS,RS,13764.0,84.0,0.6,2300.06,83.46311,37.63441,99.6663
4308201,Flores da Cunha - RS,RS,30892.0,315.0,1.0,2303.59,85.5291,74.55732,98.66983
4308250,Floriano Peixoto - RS,RS,1668.0,2.0,0.1,1586.03,48.1268,1.15274,34.43804
4308300,Fontoura Xavier - RS,RS,9550.0,62.0,0.6,1460.29,52.55198,8.9387,68.53903
4308409,Formigueiro - RS,RS,6413.0,64.0,1.0,1436.99,53.15457,26.41956,92.46846
4308433,Forquetinha - RS,RS,2393.0,4.0,0.2,1608.56,88.90052,1.46597,97.17277
4308458,Fortaleza dos Valos - RS,RS,4477.0,18.0,0.4,2095.83,76.18497,6.01156,89.13294
4308508,Frederico Westphalen - RS,RS,32627.0,390.0,1.2,2257.68,91.87574,61.93472,93.70822
4308607,Garibaldi - RS,RS,34335.0,318.0,0.9,2487.48,90.50817,81.9118,99.7239
4308656,Garruchos - RS,RS,2688.0,5.0,0.2,1367.69,89.39394,1.51515,49.242419999999996
4308706,Gaurama - RS,RS,5665.0,36.0,0.6,2655.63,67.63769,16.7046,86.8457
4308805,General Câmara - RS,RS,7612.0,104.0,1.4,1484.84,78.87548,6.13088,88.59593
4308854,Gentil - RS,RS,1744.0,3.0,0.2,2888.72,92.41486,0.77399,82.97212999999999
4308904,Getúlio Vargas - RS,RS,16602.0,149.0,0.9,2249.9,89.83533,50.28443,93.20359
4309001,Giruá - RS,RS,16013.0,87.0,0.5,1632.65,86.65797,2.18561,83.96673
4309050,Glorinha - RS,RS,7658.0,108.0,1.4,1564.64,55.43297,34.53694,97.99398000000001
4309100,Gramado - RS,RS,40134.0,279.0,0.7,2622.73,88.70034,61.07535,99.77895
4309126,Gramado dos Loureiros - RS,RS,2014.0,11.0,0.5,1252.53,92.2545,7.33057,95.71231
4309159,Gramado Xavier - RS,RS,3304.0,19.0,0.6,1202.09,48.95498,4.42122,61.09325
4309209,Gravataí - RS,RS,265074.0,4246.0,1.6,1696.73,78.55353,79.92611,99.55394
4309258,Guabiju - RS,RS,1417.0,2.0,0.1,1705.26,59.25267,16.90391,90.92527
4309308,Guaíba - RS,RS,92924.0,1113.0,1.2,1668.25,91.78113,85.3397,99.39425
4309407,Guaporé - RS,RS,25268.0,419.0,1.7,2065.92,92.87418,87.13826,98.43377000000001
4309506,Guarani das Missões - RS,RS,7415.0,45.0,0.6,1956.16,97.18059,0.74946,79.6217
4309555,Harmonia - RS,RS,5378.0,19.0,0.4,2119.47,82.39367,19.73294,99.40653
4309571,Herveiras - RS,RS,2565.0,31.0,1.2,1484.1,59.97932,0.31024,71.87177
4309605,Horizontina - RS,RS,18851.0,88.0,0.5,2203.71,94.67471,17.2744,94.46484
4309654,Hulha Negra - RS,RS,5976.0,58.0,1.0,1219.72,63.31066,40.36281,71.42857000000001
4309704,Humaitá - RS,RS,4681.0,37.0,0.8,1799.56,67.62056,0.42395,90.24907
4309753,Ibarama - RS,RS,3732.0,18.0,0.5,1515.91,24.77064,0.63514,80.87509
4309803,Ibiaçá - RS,RS,4527.0,12.0,0.3,1840.85,68.19209,35.64972,82.09039
4309902,Ibiraiaras - RS,RS,6776.0,36.0,0.5,2287.25,75.0495,52.91089,91.88119
4309951,Ibirapuitã - RS,RS,3723.0,53.0,1.4,1762.16,78.11218,7.45554,73.66620999999999
4310009,Ibirubá - RS,RS,21583.0,164.0,0.8,2923.72,91.65671,2.39063,86.0985
4310108,Igrejinha - RS,RS,32808.0,313.0,1.0,1769.21,72.7529,86.50172,99.5772
4310207,Ijuí - RS,RS,84780.0,880.0,1.0,2280.37,96.81544,48.10955,94.44854
4310306,Ilópolis - RS,RS,4157.0,31.0,0.8,2139.37,76.40822,23.19417,93.24056
4310330,Imbé - RS,RS,26824.0,434.0,1.6,1774.31,93.98432,2.53443,99.91392
4310363,Imigrante - RS,RS,3080.0,13.0,0.4,2396.68,88.74788,2.62267,96.78511
4310405,Independência - RS,RS,6427.0,40.0,0.6,1910.25,71.65862,2.97907,78.26087000000001
4310413,Inhacorá - RS,RS,2014.0,8.0,0.4,1245.23,94.62916,0.63939,81.20204000000001
4310439,Ipê - RS,RS,5399.0,10.0,0.2,1802.03,61.90922,57.60412,96.30323
4310462,Ipiranga do Sul - RS,RS,1720.0,4.0,0.3,2773.2,35.85185,2.51852,64.88889
4310504,Iraí - RS,RS,7482.0,23.0,0.3,1572.85,70.68783,16.8254,79.01235
4310538,Itaara - RS,RS,5572.0,26.0,0.5,2136.25,80.52009,3.12057,96.73759
4310553,Itacurubi - RS,RS,2995.0,21.0,0.7,1298.07,88.97436,31.79487,50.0
4310579,Itapuca - RS,RS,1937.0,9.0,0.5,2035.46,39.44828,1.93103,83.44827
4310603,Itaqui - RS,RS,35768.0,337.0,0.9,1442.82,87.34314,74.42293,91.30132
4310652,Itati - RS,RS,2638.0,26.0,1.0,1327.12,78.09798,1.44092,97.21422
4310702,Itatiba do Sul - RS,RS,3208.0,33.0,1.0,1459.71,72.37354,10.50584,76.26459
4310751,Ivorá - RS,RS,1929.0,11.0,0.6,1960.11,45.27027,28.24324,88.10811000000001
4310801,Ivoti - RS,RS,22983.0,240.0,1.0,2380.0,95.27623,73.61885,99.95357999999999
4310850,Jaboticaba - RS,RS,3779.0,24.0,0.6,1329.75,90.86057,3.26885,64.6431
4310876,Jacuizinho - RS,RS,2040.0,27.0,1.3,1148.0,76.14796,11.47959,34.82143
4310900,Jacutinga - RS,RS,3338.0,26.0,0.8,1979.26,72.25211,51.19139,95.54189
4311007,Jaguarão - RS,RS,26603.0,177.0,0.7,1581.33,94.1399,74.29863,95.70874
4311106,Jaguari - RS,RS,10579.0,29.0,0.3,1871.31,60.01392,13.85472,81.22534
4311122,Jaquirana - RS,RS,3690.0,62.0,1.7,1058.77,63.62329,58.59094,94.10496
4311130,Jari - RS,RS,3349.0,4.0,0.1,1331.59,54.05405,0.3003,36.786789999999996
4311155,Jóia - RS,RS,7184.0,62.0,0.9,1881.4,86.11511,2.94964,45.64748
4311205,Júlio de Castilhos - RS,RS,18226.0,124.0,0.7,1699.46,83.87653,62.91457,89.6626
4311239,Lagoa Bonita do Sul - RS,RS,2251.0,14.0,0.6,1502.05,39.26097,,75.05773
4311254,Lagoão - RS,RS,5341.0,56.0,1.0,1280.03,42.25283,17.70782,41.66257
4311270,Lagoa dos Três Cantos - RS,RS,1738.0,15.0,0.9,2326.25,81.49847,0.61162,94.95412999999999
4311304,Lagoa Vermelha - RS,RS,27659.0,316.0,1.1,1855.38,89.87283,84.55398,96.43554
4311403,Lajeado - RS,RS,93646.0,875.0,0.9,2490.87,94.49843,21.48745,99.66553
4311429,Lajeado do Bugre - RS,RS,2601.0,13.0,0.5,1182.61,51.06816,0.30519,47.30417
4311502,Lavras do Sul - RS,RS,7157.0,101.0,1.4,1521.74,80.99795,56.63021,86.43199
4311601,Liberato Salzano - RS,RS,4781.0,71.0,1.5,1705.05,85.27641,2.07991,77.44937
4311627,Lindolfo Collor - RS,RS,6248.0,90.0,1.4,1516.47,91.77489,78.61472,99.78355
4311643,Linha Nova - RS,RS,1683.0,5.0,0.3,1864.49,83.15789,1.35338,94.58645999999999
4311700,Machadinho - RS,RS,5735.0,18.0,0.3,1501.06,67.97215,17.88512,94.73454999999998
4311718,Maçambará - RS,RS,4425.0,36.0,0.8,1297.03,55.45343,49.32598,54.53432
4311734,Mampituba - RS,RS,3131.0,17.0,0.6,1297.67,62.69262,5.75831,96.75588
4311759,Manoel Viana - RS,RS,6801.0,65.0,1.0,1491.49,76.47271,5.02349,80.55656
4311775,Maquiné - RS,RS,7418.0,72.0,1.0,1494.9,51.49639,4.98796,95.97523
4311791,Maratá - RS,RS,2470.0,15.0,0.6,2028.04,87.46146,2.56937,96.30011
4311809,Marau - RS,RS,45124.0,479.0,1.1,2256.96,79.78243,73.97292,98.06156
4311908,Marcelino Ramos - RS,RS,4320.0,32.0,0.7,2070.86,54.38799,3.69515,81.58199
4311981,Mariana Pimentel - RS,RS,3916.0,31.0,0.8,1441.03,44.2953,15.13118,94.50885
4312005,Mariano Moro - RS,RS,1858.0,,,2243.73,63.01189,2.90621,93.39498
4312054,Marques de Souza - RS,RS,3969.0,31.0,0.8,1825.9,81.19441,1.77891,94.85388
4312104,Mata - RS,RS,4698.0,29.0,0.6,1543.63,50.17866,7.45278,86.06432000000001
4312138,Mato Castelhano - RS,RS,2553.0,9.0,0.4,1605.58,48.0,2.05405,86.5946
4312153,Mato Leitão - RS,RS,4859.0,42.0,0.9,1637.84,98.14126,2.28359,98.83165
4312179,Mato Queimado - RS,RS,1795.0,5.0,0.3,1352.71,97.27403,0.43042,76.901
4312203,Maximiliano de Almeida - RS,RS,4191.0,4.0,0.1,1564.17,68.87538,50.94225,89.60487
4312252,Minas do Leão - RS,RS,7505.0,82.0,1.1,1237.25,96.94059,79.79367,98.57702
4312302,Miraguaí - RS,RS,4427.0,36.0,0.8,1413.56,80.57901,3.5585,67.85283
4312351,Montauri - RS,RS,1499.0,,,2821.46,73.64486,2.99065,97.19627
4312377,Monte Alegre dos Campos - RS,RS,3180.0,22.0,0.7,1166.56,32.1608,11.05528,67.75545
4312385,Monte Belo do Sul - RS,RS,2557.0,42.0,1.6,1921.88,87.78626,3.38059,98.69138
4312401,Montenegro - RS,RS,64322.0,870.0,1.4,1897.77,80.46355,70.09945,99.42468
4312427,Mormaço - RS,RS,2756.0,18.0,0.6,1549.13,87.14556,8.97921,90.17013
4312443,Morrinhos do Sul - RS,RS,3071.0,20.0,0.7,1608.45,91.0086,1.64191,98.59265
4312450,Morro Redondo - RS,RS,6046.0,61.0,1.0,1503.22,43.22709,10.75697,83.78486
4312476,Morro Reuter - RS,RS,6029.0,37.0,0.6,1806.64,76.61886,19.94785,99.56540000000001
4312500,Mostardas - RS,RS,12090.0,93.0,0.8,1246.83,20.85783,54.75724,92.03135
4312609,Muçum - RS,RS,4601.0,26.0,0.6,2114.86,92.38095,61.12045,98.15126000000001
4312617,Muitos Capões - RS,RS,2879.0,15.0,0.5,1418.99,37.13504,10.12774,81.0219
4312625,Muliterno - RS,RS,1721.0,7.0,0.4,2360.89,46.61157,9.09091,94.54545999999999
4312658,Não-Me-Toque - RS,RS,17898.0,167.0,0.9,2175.25,93.67651,18.02409,94.86665
4312674,Nicolau Vergueiro - RS,RS,1932.0,15.0,0.8,2530.73,93.62809,2.73082,84.6554
4312708,Nonoai - RS,RS,13719.0,126.0,0.9,1582.13,82.44007,1.57864,85.42195
4312757,Nova Alvorada - RS,RS,3163.0,5.0,0.2,2575.7,88.65188,19.28328,90.87031
4312807,Nova Araçá - RS,RS,4954.0,38.0,0.8,2136.64,80.7841,70.62396,99.3926
4312906,Nova Bassano - RS,RS,9649.0,82.0,0.9,2046.8,83.95624,49.77211,99.54420999999999
4312955,Nova Boa Vista - RS,RS,2042.0,6.0,0.3,2487.62,72.23618,2.13568,64.44724
4313003,Nova Bréscia - RS,RS,3044.0,14.0,0.5,2582.36,78.73042,4.36933,94.8887
4313011,Nova Candelária - RS,RS,3061.0,19.0,0.6,2547.55,89.1709,12.35195,87.05584
4313037,Nova Esperança do Sul - RS,RS,4865.0,25.0,0.5,1628.39,87.77545,19.15005,93.02203
4313060,Nova Hartz - RS,RS,20088.0,187.0,0.9,1487.48,17.10474,62.83186,99.64338000000001
4313086,Nova Pádua - RS,RS,2343.0,7.0,0.3,2241.7,58.02469,38.76543,95.67900999999999
4313102,Nova Palma - RS,RS,5586.0,27.0,0.5,1829.37,65.11514,30.0343,92.40568
4313201,Nova Petrópolis - RS,RS,23300.0,205.0,0.9,2219.28,78.8519,6.64749,98.36301
4313300,Nova Prata - RS,RS,25692.0,160.0,0.6,2089.33,85.66947,60.30766,99.16
4313334,Nova Ramada - RS,RS,2163.0,12.0,0.6,3024.38,87.03704,0.92593,66.78241
4313359,Nova Roma do Sul - RS,RS,3466.0,22.0,0.6,2294.79,67.41573,53.04976,86.27609
4313375,Nova Santa Rita - RS,RS,29024.0,295.0,1.0,1533.62,49.58621,34.85542,99.22111
4313391,Novo Cabrais - RS,RS,3568.0,23.0,0.6,1644.07,81.41289,1.44033,97.18793
4313409,Novo Hamburgo - RS,RS,227646.0,2495.0,1.1,2138.48,76.02729,90.28916,99.81524
4313425,Novo Machado - RS,RS,3198.0,26.0,0.8,1276.42,88.26687,0.15337,77.45398
4313441,Novo Tiradentes - RS,RS,2146.0,16.0,0.7,1617.01,92.42979,40.78144,65.07936
4313466,Novo Xingu - RS,RS,1646.0,17.0,1.0,2118.7,95.81994,0.16077,77.17042000000001
4313490,Novo Barreiro - RS,RS,4272.0,25.0,0.6,1322.87,69.03461,1.70006,67.45598
4313508,Osório - RS,RS,47396.0,400.0,0.8,2065.29,69.62517,51.21004,99.33026
4313607,Paim Filho - RS,RS,3629.0,27.0,0.7,1670.92,62.30552,12.02263,82.4611
4313656,Palmares do Sul - RS,RS,12844.0,151.0,1.2,1325.77,41.19466,12.56524,98.5115
4313706,Palmeira das Missões - RS,RS,33216.0,595.0,1.8,1578.86,91.27611,25.87434,91.6282
4313805,Palmitinho - RS,RS,7839.0,52.0,0.7,1562.57,87.8203,14.4426,78.06989
4313904,Panambi - RS,RS,43515.0,426.0,1.0,2086.21,91.24659,8.99606,97.69487000000001
4313953,Pantano Grande - RS,RS,10212.0,147.0,1.4,1438.55,84.86527,76.07656,93.62881
4314001,Paraí - RS,RS,7194.0,35.0,0.5,2303.16,70.00754,52.93896,99.84929
4314027,Paraíso do Sul - RS,RS,6519.0,70.0,1.1,1115.75,72.75506,15.85785,91.28773
4314035,Pareci Novo - RS,RS,4319.0,29.0,0.7,1816.63,64.70238,23.92857,99.40476000000001
4314050,Parobé - RS,RS,52058.0,483.0,0.9,1535.37,48.46641,85.17196,99.30611999999999
4314068,Passa Sete - RS,RS,3983.0,23.0,0.6,1266.84,37.44262,0.59016,52.78689
4314076,Passo do Sobrado - RS,RS,6025.0,28.0,0.5,1493.09,71.31457,25.1575,90.80217999999999
4314100,Passo Fundo - RS,RS,206215.0,2803.0,1.4,2343.36,95.12502,56.78949,99.25867
4314134,Paulo Bento - RS,RS,2144.0,4.0,0.2,2959.51,82.34552,1.89155,77.9319
4314159,Paverama - RS,RS,7978.0,36.0,0.4,1447.12,85.64624,1.52429,95.96698
4314175,Pedras Altas - RS,RS,2061.0,11.0,0.6,1529.35,70.66975,47.45958,47.57506
4314209,Pedro Osório - RS,RS,7484.0,131.0,1.8,1254.09,93.09339,67.54215,98.15175
4314308,Pejuçara - RS,RS,3745.0,13.0,0.4,1691.27,72.8,6.25455,90.76364
4314407,Pelotas - RS,RS,325685.0,3795.0,1.2,1959.93,95.11632,78.45564,98.77679
4314423,Picada Café - RS,RS,5351.0,28.0,0.5,2056.94,82.96406,35.1551,99.70458
4314456,Pinhal - RS,RS,2959.0,13.0,0.4,1426.23,82.73646,26.35445,88.98071999999999
4314464,Pinhal da Serra - RS,RS,2248.0,24.0,1.1,1382.28,91.86441,0.79096,92.42938
4314472,Pinhal Grande - RS,RS,3805.0,38.0,1.0,2173.71,72.72727,47.69335,61.058339999999994
4314498,Pinheirinho do Vale - RS,RS,4540.0,27.0,0.6,1757.29,56.07311,2.88915,80.71933999999999
4314506,Pinheiro Machado - RS,RS,11214.0,120.0,1.1,1416.97,80.80705,75.95248,85.14953
4314548,Pinto Bandeira - RS,RS,2723.0,19.0,0.7,2510.66,42.9815,0.87051,93.90642000000001
4314555,Pirapó - RS,RS,2260.0,11.0,0.5,1342.02,96.18321,0.54526,86.04144
4314605,Piratini - RS,RS,17504.0,189.0,1.1,1240.96,64.83429,39.77106,71.39625000000001
4314704,Planalto - RS,RS,10406.0,75.0,0.7,1342.22,77.45122,9.80489,74.31465
4314753,Poço das Antas - RS,RS,2171.0,19.0,0.9,1915.28,93.11164,0.23753,99.40618
4314779,Pontão - RS,RS,3296.0,16.0,0.5,1695.82,66.00477,18.3479,64.09849
4314787,Ponte Preta - RS,RS,1575.0,,,2431.26,64.10256,1.19658,52.13675
4314803,Portão - RS,RS,34071.0,499.0,1.5,1627.56,40.7731,76.0804,99.62118
4314902,Porto Alegre - RS,RS,1332845.0,20246.0,1.5,3203.31,99.1185,93.00961,99.46243
4315008,Porto Lucena - RS,RS,4360.0,30.0,0.7,1673.28,93.91447,1.26096,76.58991
4315057,Porto Mauá - RS,RS,2142.0,14.0,0.7,1373.97,98.45789,1.66074,97.62752
4315073,Porto Vera Cruz - RS,RS,1560.0,6.0,0.4,1544.81,89.77444,8.42105,91.8797
4315107,Porto Xavier - RS,RS,9938.0,84.0,0.8,1572.31,75.55386,39.29208,81.74179
4315131,Pouso Novo - RS,RS,1739.0,7.0,0.4,1783.78,60.90226,1.95489,
4315149,Presidente Lucena - RS,RS,3077.0,57.0,1.8,1581.99,99.55036,97.84173,100.0
4315156,Progresso - RS,RS,5340.0,27.0,0.5,1524.47,66.477,8.86676,74.82219
4315172,Protásio Alves - RS,RS,2025.0,6.0,0.3,2219.02,86.56915,0.39894,94.28191000000001
4315206,Putinga - RS,RS,3747.0,17.0,0.5,1838.13,50.65886,40.99561,78.77013
4315305,Quaraí - RS,RS,23500.0,282.0,1.2,1391.76,90.97718,79.33856,93.76585
4315313,Quatro Irmãos - RS,RS,1552.0,4.0,0.2,1947.15,75.90988,0.34662,71.40381000000001
4315321,Quevedos - RS,RS,2507.0,20.0,0.8,1417.51,88.09293,0.58083,64.47241
4315354,Quinze de Novembro - RS,RS,3910.0,46.0,1.2,2866.59,73.97892,1.77866,97.16733
4315404,Redentora - RS,RS,9738.0,154.0,1.6,851.69,67.55885,1.93486,49.27443
4315453,Relvado - RS,RS,1796.0,5.0,0.3,1810.47,87.48201,26.61871,90.07194
4315503,Restinga Sêca - RS,RS,14939.0,119.0,0.8,1470.95,84.86285,30.88385,96.73214
4315552,Rio dos Índios - RS,RS,2835.0,31.0,1.1,1646.66,54.3538,0.73327,32.63062
4315602,Rio Grande - RS,RS,191900.0,2655.0,1.4,1671.01,92.49966,39.64463,99.245
4315701,Rio Pardo - RS,RS,34654.0,567.0,1.6,1477.03,76.54776,60.22258,92.79186
4315750,Riozinho - RS,RS,4473.0,13.0,0.3,1519.68,59.46728,24.78286,97.1048
4315800,Roca Sales - RS,RS,10418.0,50.0,0.5,1866.11,77.30304,48.85157,96.44355999999999
4315909,Rodeio Bonito - RS,RS,6654.0,36.0,0.5,1960.07,95.00387,1.12316,91.05345
4315958,Rolador - RS,RS,2291.0,22.0,1.0,1225.08,83.13253,19.16758,69.33187
4316006,Rolante - RS,RS,21253.0,167.0,0.8,1643.72,60.52472,37.53188,97.41285
4316105,Ronda Alta - RS,RS,9777.0,42.0,0.4,2330.21,90.58724,18.01068,91.96403
4316204,Rondinha - RS,RS,4991.0,21.0,0.4,2559.5,80.2849,14.30199,70.99715
4316303,Roque Gonzales - RS,RS,6576.0,30.0,0.5,1796.07,96.51838,1.70213,83.36558
4316402,Rosário do Sul - RS,RS,36630.0,290.0,0.8,1627.08,80.42455,69.86162,90.63248
4316428,Sagrada Família - RS,RS,2480.0,18.0,0.7,1376.32,79.95889,1.74717,66.49538
4316436,Saldanha Marinho - RS,RS,2575.0,17.0,0.7,1873.11,77.77778,6.66667,93.33333
4316451,Salto do Jacuí - RS,RS,10203.0,90.0,0.9,1561.65,92.17002,43.57445,88.29232
4316477,Salvador das Missões - RS,RS,2877.0,8.0,0.3,1696.82,81.84258,1.34168,
4316501,Salvador do Sul - RS,RS,6879.0,157.0,2.3,1967.63,91.68228,5.73248,98.08917
4316600,Sananduva - RS,RS,16399.0,289.0,1.8,1943.31,76.18328,45.25934,83.16952
4316709,Santa Bárbara do Sul - RS,RS,8122.0,50.0,0.6,1887.18,83.56207,11.32252,90.70493
4316733,Santa Cecília do Sul - RS,RS,1674.0,8.0,0.5,2248.46,41.97731,0.97245,90.76175
4316758,Santa Clara do Sul - RS,RS,6887.0,70.0,1.0,1832.22,96.51163,3.64341,97.86821
4316808,Santa Cruz do Sul - RS,RS,133230.0,1372.0,1.0,2192.33,93.70177,84.77167,99.3588
4316907,Santa Maria - RS,RS,271735.0,3320.0,1.2,2365.64,93.50448,77.05637,98.95488999999999
4316956,Santa Maria do Herval - RS,RS,6340.0,43.0,0.7,1764.69,61.22618,1.28418,96.56172
4316972,Santa Margarida do Sul - RS,RS,2596.0,59.0,2.3,1610.73,55.15911,5.49662,79.17069
4317004,Santana da Boa Vista - RS,RS,7024.0,53.0,0.8,1182.47,58.39632,42.65527,61.583960000000005
4317103,Sant'Ana do Livramento - RS,RS,84421.0,763.0,0.9,1600.16,92.27452,40.62018,93.59357
4317202,Santa Rosa - RS,RS,76963.0,682.0,0.9,2122.58,93.60107,36.05732,98.20362999999999
4317251,Santa Tereza - RS,RS,1505.0,7.0,0.5,2366.65,91.38514,5.74324,97.97296999999999
4317301,Santa Vitória do Palmar - RS,RS,30983.0,287.0,0.9,1518.77,80.46014,66.27257,95.94982999999999
4317400,Santiago - RS,RS,48938.0,458.0,0.9,2097.02,91.41766,80.8959,96.34513
4317509,Santo Ângelo - RS,RS,76917.0,787.0,1.0,2046.8,93.52622,34.78056,97.58833
4317558,Santo Antônio do Palma - RS,RS,2091.0,5.0,0.2,2000.81,85.96257,3.20856,
4317608,Santo Antônio da Patrulha - RS,RS,42947.0,320.0,0.7,1614.13,65.16341,33.07954,96.1579
4317707,Santo Antônio das Missões - RS,RS,10300.0,131.0,1.3,1526.41,72.66275,0.93,73.76407999999999
4317756,Santo Antônio do Planalto - RS,RS,2089.0,9.0,0.5,1912.78,92.03431,,94.60784
4317806,Santo Augusto - RS,RS,13902.0,78.0,0.6,1895.92,95.88741,3.45458,93.2919
4317905,Santo Cristo - RS,RS,15320.0,59.0,0.4,2116.06,90.86449,4.9907,87.93774
4317954,Santo Expedito do Sul - RS,RS,2349.0,16.0,0.7,2108.68,65.82969,3.60262,56.65938
4318002,São Borja - RS,RS,59676.0,527.0,0.9,1568.58,86.63948,37.54156,91.39147
4318051,São Domingos do Sul - RS,RS,2754.0,26.0,0.9,2785.62,93.75591,6.71712,99.05393000000001
4318101,São Francisco de Assis - RS,RS,17618.0,99.0,0.6,1663.89,74.41347,10.54375,80.08556
4318200,São Francisco de Paula - RS,RS,21893.0,272.0,1.2,1572.34,72.60359,46.38043,95.74387999999999
4318309,São Gabriel - RS,RS,58487.0,671.0,1.1,1526.68,90.09199,68.54835,91.47857
4318408,São Jerônimo - RS,RS,21028.0,151.0,0.7,1635.38,78.28451,33.06143,85.87319
4318424,São João da Urtiga - RS,RS,4461.0,15.0,0.3,2185.87,66.82001,31.85739,87.75158
4318432,São João do Polêsine - RS,RS,2649.0,27.0,1.0,2028.21,75.21614,59.94236,98.07876999999999
4318440,São Jorge - RS,RS,2912.0,6.0,0.2,1677.22,87.16528,42.28994,98.79963
4318457,São José das Missões - RS,RS,2362.0,14.0,0.6,1309.27,90.66524,0.53648,58.79829
4318465,São José do Herval - RS,RS,1902.0,15.0,0.8,1379.43,47.79706,5.34045,83.04406
4318481,São José do Hortêncio - RS,RS,4447.0,13.0,0.3,1834.47,89.36799,24.5127,
4318499,São José do Inhacorá - RS,RS,2406.0,3.0,0.1,1809.63,82.11297,0.20921,89.22594000000001
4318507,São José do Norte - RS,RS,25443.0,324.0,1.3,1183.51,50.42676,38.61474,95.41842
4318606,São José do Ouro - RS,RS,6834.0,58.0,0.9,2185.37,61.35866,48.79474,85.75603
4318614,São José do Sul - RS,RS,2380.0,15.0,0.6,1684.96,78.1759,4.88599,98.80565
4318622,São José dos Ausentes - RS,RS,4172.0,25.0,0.6,1066.14,61.82317,58.4647,91.70664
4318705,São Leopoldo - RS,RS,217409.0,3041.0,1.4,1922.89,96.03278,93.80449,99.2707
4318804,São Lourenço do Sul - RS,RS,41989.0,382.0,0.9,1750.71,66.99239,54.33499,74.41632
4318903,São Luiz Gonzaga - RS,RS,34752.0,254.0,0.7,1901.46,86.08099,40.64321,94.85874999999999
4319000,São Marcos - RS,RS,21084.0,141.0,0.7,1695.7,85.95745,86.89362,97.79939
4319109,São Martinho - RS,RS,5481.0,37.0,0.7,1810.54,77.21119,0.8574,80.64080000000001
4319125,São Martinho da Serra - RS,RS,2860.0,56.0,2.0,1776.57,55.79773,1.39494,70.61901
4319158,São Miguel das Missões - RS,RS,7056.0,36.0,0.5,1484.86,77.60342,12.05421,63.9087
4319208,São Nicolau - RS,RS,5118.0,84.0,1.6,1350.34,87.93356,2.24719,82.6087
4319307,São Paulo das Missões - RS,RS,5846.0,11.0,0.2,1792.43,94.89018,1.1654,87.22546
4319356,São Pedro da Serra - RS,RS,3548.0,23.0,0.7,1942.46,92.74255,18.25821,99.69442000000001
4319364,São Pedro das Missões - RS,RS,1757.0,1.0,0.1,1178.39,84.64978,0.14903,66.61699
4319372,São Pedro do Butiá - RS,RS,3070.0,22.0,0.7,2153.13,95.72284,0.25663,97.17707
4319406,São Pedro do Sul - RS,RS,15577.0,94.0,0.6,1606.44,73.74241,57.81031,85.57857
4319505,São Sebastião do Caí - RS,RS,24428.0,329.0,1.3,1718.35,58.75928,62.77837,99.31071
4319604,São Sepé - RS,RS,21219.0,398.0,1.9,1613.74,80.74375,73.86403,89.785
4319703,São Valentim - RS,RS,3264.0,16.0,0.5,1963.67,59.0799,13.80145,
4319711,São Valentim do Sul - RS,RS,2207.0,13.0,0.6,1652.84,48.58156,21.2766,95.50828
4319737,São Valério do Sul - RS,RS,2543.0,8.0,0.3,1050.48,87.4092,2.90557,52.42131
4319752,São Vendelino - RS,RS,2251.0,13.0,0.6,2313.19,91.78404,37.55869,98.35681
4319802,São Vicente do Sul - RS,RS,8097.0,56.0,0.7,1507.1,75.68175,50.20853,88.89957999999999
4319901,Sapiranga - RS,RS,75648.0,817.0,1.1,1641.28,59.51386,91.8373,99.64132
4320008,Sapucaia do Sul - RS,RS,132107.0,1771.0,1.3,1571.59,90.38944,90.66249,99.71897
4320107,Sarandi - RS,RS,22851.0,146.0,0.6,1850.64,91.51972,70.058,94.87239
4320206,Seberi - RS,RS,11950.0,89.0,0.7,1567.87,81.57055,4.36263,84.16684
4320230,Sede Nova - RS,RS,2704.0,16.0,0.6,1991.34,80.99251,0.46816,73.22097000000001
4320263,Segredo - RS,RS,6009.0,34.0,0.6,1663.32,74.53684,0.04308,38.94872
4320305,Selbach - RS,RS,5107.0,16.0,0.3,2458.17,75.89692,2.37494,94.44162999999999
4320321,Senador Salgado Filho - RS,RS,2673.0,8.0,0.3,1464.59,87.35632,0.95785,69.34866000000001
4320354,Sentinela do Sul - RS,RS,5306.0,68.0,1.3,1250.16,35.9412,10.81081,87.81413
4320404,Serafina Corrêa - RS,RS,16961.0,78.0,0.5,2126.45,91.04478,2.42337,97.75317
4320453,Sério - RS,RS,1941.0,19.0,1.0,1799.08,67.4359,0.64103,90.0
4320503,Sertão - RS,RS,5541.0,44.0,0.8,1226.99,57.55363,8.80876,73.93884
4320552,Sertão Santana - RS,RS,5863.0,45.0,0.8,1517.5,22.04691,13.73134,94.96802
4320578,Sete de Setembro - RS,RS,1830.0,6.0,0.3,1435.27,95.25862,1.00575,55.02874
4320602,Severiano de Almeida - RS,RS,3406.0,66.0,1.9,2745.42,46.52406,17.03591,88.31169
4320651,Silveira Martins - RS,RS,2028.0,7.0,0.4,2041.91,62.86439,38.91001,96.07098
4320677,Sinimbu - RS,RS,8578.0,64.0,0.7,1313.34,44.26076,16.31316,80.41172
4320701,Sobradinho - RS,RS,14226.0,208.0,1.5,1838.82,85.35625,12.83566,93.3405
4320800,Soledade - RS,RS,29991.0,188.0,0.6,1773.11,90.7477,81.64049,90.51724
4320859,Tabaí - RS,RS,4461.0,45.0,1.0,1576.83,36.58257,2.06422,94.78211
4320909,Tapejara - RS,RS,24557.0,233.0,0.9,1867.41,90.21413,47.23769,98.36189
4321006,Tapera - RS,RS,10592.0,78.0,0.7,2018.36,90.76771,37.74377,95.72945
4321105,Tapes - RS,RS,14695.0,174.0,1.2,1449.76,86.44152,78.04026,96.92231
4321204,Taquara - RS,RS,53242.0,591.0,1.1,1711.54,60.02968,65.51609,98.69780999999999
4321303,Taquari - RS,RS,25198.0,300.0,1.2,1630.78,88.67215,17.44727,98.81177000000001
4321329,Taquaruçu do Sul - RS,RS,3119.0,8.0,0.3,2332.95,86.66667,2.98246,95.61403
4321352,Tavares - RS,RS,5212.0,36.0,0.7,1361.72,16.67441,27.7752,87.78449
4321402,Tenente Portela - RS,RS,14497.0,107.0,0.7,1735.1,78.91973,1.6129,76.63165
4321436,Terra de Areia - RS,RS,10334.0,106.0,1.0,1502.13,39.78548,2.24495,99.60088999999999
4321451,Teutônia - RS,RS,32797.0,431.0,1.3,1891.48,97.33876,3.5144,99.84346000000001
4321469,Tio Hugo - RS,RS,3267.0,12.0,0.4,1671.9,65.59226,0.16116,94.35939
4321477,Tiradentes do Sul - RS,RS,5129.0,22.0,0.4,2310.17,71.21735,0.14786,74.66732
4321493,Toropi - RS,RS,2554.0,16.0,0.6,1452.65,88.65784,0.28355,85.34971
4321501,Torres - RS,RS,41751.0,496.0,1.2,2080.13,81.77802,48.09973,99.78819
4321600,Tramandaí - RS,RS,54387.0,1079.0,2.0,1871.57,86.74887,17.6903,99.49727
4321626,Travesseiro - RS,RS,2152.0,16.0,0.8,1637.11,90.60241,1.44578,99.39759000000001
4321634,Três Arroios - RS,RS,2591.0,,,2492.19,68.38521,0.87549,82.49027000000001
4321667,Três Cachoeiras - RS,RS,10962.0,105.0,1.0,1632.48,44.99167,12.94314,99.3814
4321709,Três Coroas - RS,RS,24425.0,184.0,0.8,1619.03,67.39623,71.26685,98.98653
4321808,Três de Maio - RS,RS,24916.0,144.0,0.6,2038.2,85.04607,3.43222,91.3334
4321832,Três Forquilhas - RS,RS,2760.0,19.0,0.7,1413.66,74.92958,1.03286,97.93427
4321857,Três Palmeiras - RS,RS,4716.0,20.0,0.4,1177.01,93.90104,11.50748,84.40736999999999
4321907,Três Passos - RS,RS,25436.0,191.0,0.8,1970.49,86.99538,3.81603,98.22254
4321956,Trindade do Sul - RS,RS,7556.0,42.0,0.6,2079.23,79.93653,1.72779,87.79971
4322004,Triunfo - RS,RS,27498.0,377.0,1.4,1481.51,52.1484,23.11187,99.00625
4322103,Tucunduva - RS,RS,5542.0,17.0,0.3,1823.72,97.17813,5.24691,93.38624
4322152,Tunas - RS,RS,3681.0,23.0,0.6,1340.45,64.38746,12.74929,45.01424
4322186,Tupanci do Sul - RS,RS,1374.0,,,1414.83,44.82143,10.53571,75.35715
4322202,Tupanciretã - RS,RS,20005.0,220.0,1.1,1606.74,83.50436,42.40636,85.51822
4322251,Tupandi - RS,RS,5029.0,28.0,0.6,1897.87,89.41368,28.33876,99.45711
4322301,Tuparendi - RS,RS,8363.0,29.0,0.3,2155.38,84.25898,1.9899,79.56638
4322327,Turuçu - RS,RS,3419.0,23.0,0.7,1599.23,59.66805,42.57261,85.22822000000001
4322343,Ubiretama - RS,RS,1994.0,9.0,0.5,1986.68,97.25849,,31.331590000000002
4322350,União da Serra - RS,RS,1170.0,4.0,0.4,2893.51,54.3578,2.06422,75.22936
4322376,Unistalda - RS,RS,1995.0,6.0,0.3,1306.67,46.77419,5.45906,69.60297
4322400,Uruguaiana - RS,RS,117210.0,1671.0,1.4,1566.17,92.06128,88.88676,96.5905
4322509,Vacaria - RS,RS,64197.0,864.0,1.3,1790.15,92.89158,90.62923,97.23866
4322525,Vale Verde - RS,RS,3150.0,27.0,0.9,1263.82,68.08346,14.45131,86.47605
4322533,Vale do Sol - RS,RS,9897.0,22.0,0.2,1538.7,73.2786,9.45445,91.76377000000001
4322541,Vale Real - RS,RS,6058.0,37.0,0.6,1927.06,92.09015,43.74724,99.69068
4322558,Vanini - RS,RS,2004.0,21.0,1.0,1773.91,94.16244,54.82234,95.93907999999999
4322608,Venâncio Aires - RS,RS,68763.0,837.0,1.2,1739.54,80.26016,57.7561,94.45347000000001
4322707,Vera Cruz - RS,RS,26710.0,205.0,0.8,1596.06,94.92116,62.61972,97.32031
4322806,Veranópolis - RS,RS,24021.0,224.0,0.9,2257.23,91.75323,85.08026,99.22359
4322855,Vespasiano Corrêa - RS,RS,1818.0,6.0,0.3,3279.07,89.71963,2.18069,92.99065
4322905,Viadutos - RS,RS,4769.0,29.0,0.6,1777.55,61.07595,17.29958,85.97047
4323002,Viamão - RS,RS,224112.0,3289.0,1.5,1489.82,88.07971,55.96724,98.69404
4323101,Vicente Dutra - RS,RS,4665.0,11.0,0.2,1497.7,76.4114,7.60201,66.5176
4323200,Victor Graeff - RS,RS,2780.0,3.0,0.1,2384.33,58.27273,0.72727,83.27273
4323309,Vila Flores - RS,RS,3646.0,3.0,0.1,1903.28,79.74301,22.52457,98.11036
4323358,Vila Lângaro - RS,RS,2079.0,10.0,0.5,1454.41,29.58656,24.9354,90.43927000000001
4323408,Vila Maria - RS,RS,4413.0,24.0,0.5,2679.6,56.84973,38.92577,99.93965
4323457,Vila Nova do Sul - RS,RS,3863.0,94.0,2.4,1344.1,57.82228,58.3229,82.4781
4323507,Vista Alegre - RS,RS,2660.0,12.0,0.4,2168.24,72.87968,0.59172,70.71006
4323606,Vista Alegre do Prata - RS,RS,1590.0,9.0,0.5,2249.69,69.63351,3.31588,87.43455
4323705,Vista Gaúcha - RS,RS,2783.0,15.0,0.5,2018.17,83.57401,0.36101,63.537910000000004
4323754,Vitória das Missões - RS,RS,3260.0,16.0,0.5,1414.14,88.94817,0.53354,36.204269999999994
4323770,Westfália - RS,RS,3098.0,81.0,2.6,2321.97,81.56475,3.32734,98.92087
4323804,Xangri-lá - RS,RS,16463.0,203.0,1.2,2134.14,94.48466,14.33988,99.82764
5000203,Água Clara - MS,MS,16741.0,206.0,1.2,1627.25,82.34456,0.99768,88.24158
5000252,Alcinópolis - MS,MS,4537.0,48.0,1.1,1395.32,66.38418,59.26554,82.14689
5000609,Amambai - MS,MS,39325.0,221.0,0.6,1281.38,78.42835,36.33429,71.52395
5000708,Anastácio - MS,MS,24114.0,152.0,0.6,1196.18,87.25364,37.06122,86.1691
5000807,Anaurilândia - MS,MS,7653.0,56.0,0.7,1265.5,69.44731,30.38105,68.72639
5000856,Angélica - MS,MS,10729.0,121.0,1.1,1272.49,81.94619,32.98969,88.88609000000001
5000906,Antônio João - MS,MS,9303.0,112.0,1.2,980.8,77.39295,24.74811,75.62972
5001003,Aparecida do Taboado - MS,MS,27674.0,169.0,0.6,1465.45,68.63831,19.97863,92.3951
5001102,Aquidauana - MS,MS,46803.0,388.0,0.8,1307.08,86.81022,18.29996,82.49104999999999
5001243,Aral Moreira - MS,MS,10748.0,70.0,0.6,1083.72,68.45697,4.62908,74.74777999999999
5001508,Bandeirantes - MS,MS,7940.0,113.0,1.4,1797.07,73.08879,1.09702,77.20260999999999
5001904,Bataguassu - MS,MS,23031.0,216.0,0.9,1453.7,90.32532,32.49575,90.44671
5002001,Batayporã - MS,MS,10712.0,108.0,1.0,1366.25,80.01551,42.94209,82.36815
5002100,Bela Vista - MS,MS,21613.0,371.0,1.7,1166.61,88.3142,32.80321,80.56977
5002159,Bodoquena - MS,MS,8567.0,93.0,1.1,1334.74,73.6289,65.81281,73.26765
5002209,Bonito - MS,MS,23659.0,253.0,1.1,1796.79,82.37288,77.25182,88.98304999999999
5002308,Brasilândia - MS,MS,11579.0,123.0,1.1,1328.35,84.06139,45.24203,82.97521
5002407,Caarapó - MS,MS,30612.0,310.0,1.0,1227.87,83.57719,22.66929,80.84787
5002605,Camapuã - MS,MS,13583.0,100.0,0.7,1710.09,79.22341,51.47221,82.05742000000001
5002704,Campo Grande - MS,MS,898100.0,10779.0,1.2,2088.31,94.99785,67.19065,99.22078
5002803,Caracol - MS,MS,5036.0,40.0,0.8,1175.54,71.86954,32.09086,72.56843
5002902,Cassilândia - MS,MS,20988.0,310.0,1.5,1522.15,90.60419,31.98934,93.59486999999999
5002951,Chapadão do Sul - MS,MS,30993.0,262.0,0.8,2090.92,93.92965,66.71871,96.4735
5003108,Corguinho - MS,MS,4783.0,97.0,2.0,1190.38,67.59957,8.18084,67.43809999999999
5003157,Coronel Sapucaia - MS,MS,14289.0,173.0,1.2,699.98,65.49799,51.80884,70.83519
5003207,Corumbá - MS,MS,96268.0,965.0,1.0,1432.56,91.08852,51.23604,90.56021
5003256,Costa Rica - MS,MS,26037.0,354.0,1.4,1508.09,90.18522,55.63125,96.68938
5003306,Coxim - MS,MS,32151.0,265.0,0.8,1501.32,90.41808,16.05508,91.21794
5003454,Deodápolis - MS,MS,13663.0,76.0,0.6,1317.66,86.51335,9.82265,88.36484
5003488,Dois Irmãos do Buriti - MS,MS,11100.0,88.0,0.8,1232.92,72.75227,30.43717,61.42425
5003504,Douradina - MS,MS,5578.0,31.0,0.6,1196.02,73.65805,12.67396,69.48310000000001
5003702,Dourados - MS,MS,243367.0,2746.0,1.1,2015.16,83.15939,69.3567,94.83635
5003751,Eldorado - MS,MS,11386.0,83.0,0.7,1275.12,88.98467,27.51437,89.34387
5003801,Fátima do Sul - MS,MS,20609.0,144.0,0.7,1514.57,82.17153,25.10514,94.64764000000001
5003900,Figueirão - MS,MS,3539.0,31.0,0.9,1711.92,58.03375,6.01614,70.43287000000001
5004007,Glória de Dourados - MS,MS,10444.0,77.0,0.7,1559.86,82.21604,14.90008,82.89907
5004106,Guia Lopes da Laguna - MS,MS,9940.0,130.0,1.3,1147.34,84.74624,39.82153,85.88957
5004304,Iguatemi - MS,MS,13808.0,66.0,0.5,1475.2,77.9095,12.25054,79.66805000000001
5004403,Inocência - MS,MS,8404.0,59.0,0.7,1686.73,68.81789,19.9361,74.12141
5004502,Itaporã - MS,MS,24137.0,397.0,1.6,1257.96,80.35415,14.52501,71.03374
5004601,Itaquiraí - MS,MS,19423.0,130.0,0.7,1255.34,76.56837,1.12749,54.66898
5004700,Ivinhema - MS,MS,27821.0,159.0,0.6,1420.01,87.99534,1.59285,86.79099
5004809,Japorã - MS,MS,8148.0,39.0,0.5,757.4,56.09952,15.00803,29.052970000000002
5004908,Jaraguari - MS,MS,7139.0,42.0,0.6,1392.46,44.90996,0.44101,46.012499999999996
5005004,Jardim - MS,MS,23981.0,158.0,0.7,1572.74,92.98645,36.90205,93.63385
5005103,Jateí - MS,MS,3586.0,18.0,0.5,1424.47,63.7084,56.10143,75.51505
5005152,Juti - MS,MS,6729.0,45.0,0.7,1202.34,70.85954,20.83857,74.50734
5005202,Ladário - MS,MS,21522.0,197.0,0.9,1172.23,96.58628,32.94707,96.49233
5005251,Laguna Carapã - MS,MS,6799.0,76.0,1.1,1295.64,67.65957,23.3617,66.0
5005400,Maracaju - MS,MS,45047.0,270.0,0.6,1785.78,90.72558,42.93785,92.62998
5005608,Miranda - MS,MS,25536.0,238.0,0.9,924.13,83.40984,39.50523,74.152
5005681,Mundo Novo - MS,MS,19193.0,172.0,0.9,1531.14,90.46538,1.26277,91.40181
5005707,Naviraí - MS,MS,50457.0,476.0,0.9,1743.97,94.93078,35.13979,96.81625
5005806,Nioaque - MS,MS,13220.0,105.0,0.8,1269.36,73.08684,27.2356,56.190889999999996
5006002,Nova Alvorada do Sul - MS,MS,21822.0,148.0,0.7,1245.03,83.96251,17.20596,85.11813
5006200,Nova Andradina - MS,MS,48563.0,492.0,1.0,1656.18,88.33172,37.01975,88.93506
5006259,Novo Horizonte do Sul - MS,MS,4721.0,16.0,0.3,1347.22,68.37416,10.52339,
5006275,Paraíso das Águas - MS,MS,5510.0,65.0,1.2,1692.38,59.3654,14.43193,67.65608999999999
5006309,Paranaíba - MS,MS,40957.0,508.0,1.2,1719.67,63.8555,69.62546,93.23041
5006358,Paranhos - MS,MS,12921.0,75.0,0.6,763.99,69.98899,34.14097,53.1663
5006408,Pedro Gomes - MS,MS,6941.0,73.0,1.0,1271.33,79.26694,13.10626,79.56312999999999
5006606,Ponta Porã - MS,MS,92017.0,1221.0,1.3,1484.68,82.95749,61.4213,85.77384
5006903,Porto Murtinho - MS,MS,12859.0,74.0,0.6,1166.44,78.62973,69.2555,70.02226
5007109,Ribas do Rio Pardo - MS,MS,23150.0,198.0,0.9,1580.75,74.51257,45.35659,79.56644
5007208,Rio Brilhante - MS,MS,37601.0,257.0,0.7,1528.88,86.55251,23.82801,88.42466
5007307,Rio Negro - MS,MS,4841.0,18.0,0.4,1501.79,75.24025,10.45789,79.36688000000001
5007406,Rio Verde de Mato Grosso - MS,MS,19818.0,208.0,1.1,1598.28,83.95788,12.73249,87.10338999999999
5007505,Rochedo - MS,MS,5199.0,60.0,1.1,1211.98,71.56448,2.58985,71.14164
5007554,Santa Rita do Pardo - MS,MS,7027.0,44.0,0.6,1223.61,56.40414,32.97534,56.88147
5007695,São Gabriel do Oeste - MS,MS,29579.0,332.0,1.1,2084.65,91.31209,82.08997,93.88941
5007703,Sete Quedas - MS,MS,10994.0,40.0,0.4,1282.59,81.78844,0.79062,85.4144
5007802,Selvíria - MS,MS,8142.0,41.0,0.5,1247.44,71.19095,1.53027,80.23952
5007901,Sidrolândia - MS,MS,47118.0,577.0,1.2,1236.58,74.51051,19.86343,68.38288
5007935,Sonora - MS,MS,14516.0,162.0,1.1,1487.62,91.52833,1.73631,93.45544
5007950,Tacuru - MS,MS,10808.0,123.0,1.1,727.9,65.51511,40.06786,44.91055
5007976,Taquarussu - MS,MS,3625.0,25.0,0.7,1326.37,87.79956,2.03341,78.28613
5008008,Terenos - MS,MS,17652.0,223.0,1.3,1302.89,68.11414,20.61104,59.44479
5008305,Três Lagoas - MS,MS,132152.0,1524.0,1.2,1674.66,93.86784,80.7767,97.94341
5008404,Vicentina - MS,MS,6336.0,56.0,0.9,1429.37,76.11878,6.60811,81.68130000000001
5100102,Acorizal - MT,MT,5014.0,47.0,0.9,1231.13,66.72158,1.53762,72.65239
5100201,Água Boa - MT,MT,29219.0,348.0,1.2,2215.9,82.95466,7.96674,88.21424999999999
5100250,Alta Floresta - MT,MT,58613.0,683.0,1.2,1840.57,72.67775,31.82817,88.65635
5100300,Alto Araguaia - MT,MT,17193.0,108.0,0.6,1828.79,86.46899,15.95424,89.32871
5100359,Alto Boa Vista - MT,MT,5715.0,8.0,0.1,1237.65,69.33408,1.39899,82.42865
5100409,Alto Garças - MT,MT,13052.0,220.0,1.7,1517.96,90.48658,1.9856,93.45407
5100508,Alto Paraguai - MT,MT,8009.0,112.0,1.4,1030.35,71.08753,19.26393,72.7122
5100607,Alto Taquari - MT,MT,10904.0,119.0,1.1,1946.75,94.86459,1.814,95.14563
5100805,Apiacás - MT,MT,8590.0,81.0,0.9,1635.19,47.38155,0.89063,74.10046
5101001,Araguaiana - MT,MT,3795.0,31.0,0.8,1425.49,69.32052,0.27454,74.33082
5101209,Araguainha - MT,MT,1010.0,13.0,1.3,1663.95,87.7451,3.92157,
5101258,Araputanga - MT,MT,14786.0,158.0,1.1,1379.75,86.44962,23.31757,89.72353
5101308,Arenápolis - MT,MT,10576.0,126.0,1.2,1649.73,85.07345,5.58762,92.54984
5101407,Aripuanã - MT,MT,24626.0,240.0,1.0,1863.42,57.98741,4.43388,71.46896
5101605,Barão de Melgaço - MT,MT,7253.0,25.0,0.3,985.39,37.77687,13.65874,46.84167
5101704,Barra do Bugres - MT,MT,29403.0,305.0,1.0,1466.38,86.36967,24.32227,90.56872
5101803,Barra do Garças - MT,MT,69210.0,630.0,0.9,1778.99,93.6049,49.64999,94.78345999999999
5101852,Bom Jesus do Araguaia - MT,MT,7280.0,22.0,0.3,1533.79,3.35489,0.76799,68.95716
5101902,Brasnorte - MT,MT,17004.0,142.0,0.8,1603.19,64.23497,9.99827,71.06221
5102504,Cáceres - MT,MT,89681.0,761.0,0.8,1459.05,77.69983,20.46595,88.17094
5102603,Campinápolis - MT,MT,15347.0,116.0,0.8,861.15,53.06177,4.15335,55.56443
5102637,Campo Novo do Parecis - MT,MT,45899.0,433.0,0.9,1827.46,93.82764,5.05427,96.97921
5102678,Campo Verde - MT,MT,44585.0,629.0,1.4,1712.11,88.09833,55.49358,91.15319
5102686,Campos de Júlio - MT,MT,8822.0,81.0,0.9,1850.44,75.39903,0.52047,87.92505
5102694,Canabrava do Norte - MT,MT,4485.0,5.0,0.1,1615.55,15.44352,0.12763,66.62412
5102702,Canarana - MT,MT,25858.0,225.0,0.9,2136.38,83.25073,3.09754,87.05789
5102793,Carlinda - MT,MT,10332.0,111.0,1.1,1460.34,50.2907,0.18499,57.901689999999995
5102850,Castanheira - MT,MT,7506.0,29.0,0.4,1335.04,51.50625,0.80823,55.95151
5103007,Chapada dos Guimarães - MT,MT,18990.0,140.0,0.7,1863.33,67.25189,5.84736,70.93732
5103056,Cláudia - MT,MT,9593.0,84.0,0.9,1473.42,72.84242,45.09573,75.05154999999999
5103106,Cocalinho - MT,MT,6220.0,45.0,0.7,1466.11,52.1529,1.49385,76.93321999999999
5103205,Colíder - MT,MT,31370.0,496.0,1.6,1796.83,69.78111,26.83758,83.0253
5103254,Colniza - MT,MT,25766.0,118.0,0.5,1262.59,23.77504,1.00713,59.680890000000005
5103304,Comodoro - MT,MT,18238.0,130.0,0.7,1444.11,70.89297,2.89359,73.45987
5103353,Confresa - MT,MT,35075.0,303.0,0.9,1500.84,50.06718,9.87571,76.98186
5103361,Conquista D'Oeste - MT,MT,3760.0,31.0,0.8,1523.36,72.97297,0.9009,70.87087
5103379,Cotriguaçu - MT,MT,11011.0,129.0,1.2,1520.4,6.79537,0.9009,54.620329999999996
5103403,Cuiabá - MT,MT,650877.0,10514.0,1.6,2428.24,94.31915,71.20167,97.71231999999999
5103437,Curvelândia - MT,MT,4903.0,51.0,1.0,1300.68,27.29805,0.83565,74.20613
5103452,Denise - MT,MT,7014.0,45.0,0.6,1436.49,88.02419,0.92742,89.75807
5103502,Diamantino - MT,MT,21941.0,250.0,1.1,1634.49,81.62313,25.42644,87.56663
5103601,Dom Aquino - MT,MT,7872.0,47.0,0.6,1456.31,80.99802,27.52809,80.96497
5103700,Feliz Natal - MT,MT,10521.0,74.0,0.7,1520.23,73.37313,0.95522,76.47762
5103809,Figueirópolis D'Oeste - MT,MT,3187.0,22.0,0.7,1457.44,60.52849,0.16515,70.52023
5103858,Gaúcha do Norte - MT,MT,8642.0,17.0,0.2,1347.27,69.13902,1.26724,62.0574
5103908,General Carneiro - MT,MT,6037.0,14.0,0.2,1051.79,53.9314,8.97098,56.04222
5103957,Glória D'Oeste - MT,MT,2905.0,17.0,0.6,1190.16,59.74843,0.62893,77.1788
5104104,Guarantã do Norte - MT,MT,31024.0,400.0,1.3,1740.16,74.09241,11.3128,84.90099
5104203,Guiratinga - MT,MT,10966.0,46.0,0.4,1502.94,83.09859,51.11313,84.96137999999999
5104500,Indiavaí - MT,MT,2213.0,15.0,0.7,1281.65,63.32139,2.50896,76.70250999999999
5104526,Ipiranga do Norte - MT,MT,7815.0,51.0,0.7,1872.14,71.48468,1.96386,79.69363
5104542,Itanhangá - MT,MT,7539.0,63.0,0.8,1587.37,71.59091,1.41066,75.23510999999999
5104559,Itaúba - MT,MT,5020.0,67.0,1.3,1489.28,83.34291,3.10167,84.66399
5104609,Itiquira - MT,MT,12236.0,117.0,1.0,1638.65,73.39856,1.70044,86.09364
5104807,Jaciara - MT,MT,28569.0,223.0,0.8,1638.82,91.40747,18.8472,93.69168
5104906,Jangada - MT,MT,7426.0,67.0,0.9,1095.63,76.25589,0.70644,56.04395
5105002,Jauru - MT,MT,8367.0,103.0,1.2,1721.24,63.73342,25.16985,70.46262999999999
5105101,Juara - MT,MT,34906.0,360.0,1.0,1605.6,73.57479,20.06435,81.69293
5105150,Juína - MT,MT,45869.0,599.0,1.3,1597.67,59.45655,3.47139,83.80417
5105176,Juruena - MT,MT,10213.0,79.0,0.8,1627.82,65.26665,0.27632,76.07074
5105200,Juscimeira - MT,MT,11480.0,115.0,1.0,1222.76,70.8969,13.1068,76.99954
5105234,Lambari D'Oeste - MT,MT,4790.0,27.0,0.6,1165.12,66.22171,3.88857,74.57921999999999
5105259,Lucas do Rio Verde - MT,MT,83798.0,991.0,1.2,2202.82,94.61497,40.54103,97.75654
5105309,Luciara - MT,MT,2509.0,15.0,0.6,1051.57,77.2229,2.43605,76.00487
5105507,Vila Bela da Santíssima Trindade - MT,MT,16774.0,164.0,1.0,1260.1,33.35197,11.25396,47.45668
5105580,Marcelândia - MT,MT,11396.0,95.0,0.8,1570.67,73.89034,2.6893,79.92167
5105606,Matupá - MT,MT,20091.0,212.0,1.1,1880.9,74.08594,9.03132,79.94173
5105622,Mirassol d'Oeste - MT,MT,26785.0,283.0,1.1,1480.3,66.23745,22.96462,86.68762
5105903,Nobres - MT,MT,15492.0,89.0,0.6,1484.25,86.73508,1.8244,88.59749000000001
5106000,Nortelândia - MT,MT,5956.0,43.0,0.7,1454.13,82.10773,11.05386,85.8548
5106109,Nossa Senhora do Livramento - MT,MT,12940.0,140.0,1.1,1107.38,37.27708,2.3271,48.39061
5106158,Nova Bandeirantes - MT,MT,13635.0,101.0,0.7,1419.8,42.00608,0.42553,50.8612
5106174,Nova Nazaré - MT,MT,4200.0,34.0,0.8,1290.57,48.90447,2.45399,59.509209999999996
5106182,Nova Lacerda - MT,MT,6670.0,41.0,0.6,1411.77,53.55932,3.09322,53.55932
5106190,Nova Santa Helena - MT,MT,4239.0,65.0,1.5,1673.59,67.19788,1.06242,70.84993
5106208,Nova Brasilândia - MT,MT,3932.0,10.0,0.3,1187.78,73.31169,0.97403,75.77922
5106216,Nova Canaã do Norte - MT,MT,11707.0,98.0,0.8,1532.5,60.57356,1.11914,68.29097
5106224,Nova Mutum - MT,MT,55839.0,326.0,0.6,2222.75,88.12589,4.85309,91.08066
5106232,Nova Olímpia - MT,MT,16352.0,106.0,0.6,1378.26,88.12881,0.73107,89.53873
5106240,Nova Ubiratã - MT,MT,11530.0,105.0,0.9,1588.72,73.16422,1.86916,73.77837
5106257,Nova Xavantina - MT,MT,24345.0,320.0,1.3,1674.32,81.36178,50.19392,86.00516999999999
5106265,Novo Mundo - MT,MT,6520.0,55.0,0.8,1395.5,38.24719,1.03371,49.842690000000005
5106273,Novo Horizonte do Norte - MT,MT,3349.0,28.0,0.8,1535.86,57.60956,1.19522,59.84064
5106281,Novo São Joaquim - MT,MT,6919.0,42.0,0.6,1521.54,65.02366,28.4306,72.83123
5106299,Paranaíta - MT,MT,11671.0,59.0,0.5,1616.67,59.06863,0.98039,66.93627
5106307,Paranatinga - MT,MT,26423.0,240.0,0.9,1493.0,79.46839,8.007,81.64515999999999
5106315,Novo Santo Antônio - MT,MT,2015.0,17.0,0.8,1343.52,22.28261,0.27174,75.54348
5106372,Pedra Preta - MT,MT,18066.0,130.0,0.7,1510.72,83.96453,22.58792,85.75292999999999
5106422,Peixoto de Azevedo - MT,MT,32714.0,228.0,0.7,1089.88,71.78309,14.94485,83.13419
5106455,Planalto da Serra - MT,MT,3166.0,19.0,0.6,1477.03,77.23214,0.625,81.33929
5106505,Poconé - MT,MT,31217.0,353.0,1.1,1066.69,71.80426,2.44678,76.03314
5106653,Pontal do Araguaia - MT,MT,6932.0,48.0,0.7,1748.56,83.29519,6.67429,89.09229
5106703,Ponte Branca - MT,MT,2008.0,14.0,0.7,1511.48,85.97122,0.59952,85.4916
5106752,Pontes e Lacerda - MT,MT,52018.0,433.0,0.8,1576.59,76.3986,50.73208,87.65297
5106778,Porto Alegre do Norte - MT,MT,12127.0,47.0,0.4,1438.58,54.93857,8.00983,76.70762
5106802,Porto dos Gaúchos - MT,MT,5593.0,61.0,1.1,1773.87,76.62274,2.83065,86.72524
5106828,Porto Esperidião - MT,MT,10204.0,54.0,0.5,1172.74,59.44461,16.25687,62.221579999999996
5106851,Porto Estrela - MT,MT,3224.0,22.0,0.7,1006.14,54.87701,7.2095,57.16709
5107008,Poxoréu - MT,MT,23283.0,231.0,1.0,1126.25,51.44127,16.05813,75.04203
5107040,Primavera do Leste - MT,MT,85146.0,1070.0,1.3,2064.23,83.69524,70.64246,97.54894
5107065,Querência - MT,MT,26769.0,200.0,0.7,1861.74,84.1116,3.01454,86.94881
5107107,São José dos Quatro Marcos - MT,MT,17849.0,157.0,0.9,1355.35,76.96165,13.00885,82.30088
5107156,Reserva do Cabaçal - MT,MT,2122.0,40.0,1.9,1328.48,78.29736,1.19904,80.33574
5107180,Ribeirão Cascalheira - MT,MT,10089.0,56.0,0.6,1455.45,66.46689,3.99543,71.51826
5107198,Ribeirãozinho - MT,MT,2593.0,15.0,0.6,1593.37,87.62376,39.10891,87.42574
5107206,Rio Branco - MT,MT,4535.0,50.0,1.1,1472.23,83.48624,13.01606,89.50688000000001
5107248,Santa Carmem - MT,MT,5374.0,27.0,0.5,1739.4,75.73657,3.17735,84.171
5107263,Santo Afonso - MT,MT,2519.0,18.0,0.7,1498.51,63.84535,5.64263,74.29467
5107297,São José do Povo - MT,MT,2875.0,47.0,1.6,1417.51,44.52235,0.08764,58.36985
5107305,São José do Rio Claro - MT,MT,14911.0,233.0,1.6,1335.67,84.17807,1.44537,85.35364
5107354,São José do Xingu - MT,MT,5964.0,150.0,2.5,1336.91,82.06718,5.01292,82.37726
5107404,São Pedro da Cipa - MT,MT,4191.0,26.0,0.6,1339.52,92.14521,6.73267,91.0231
5107578,Rondolândia - MT,MT,3505.0,15.0,0.4,920.06,28.3054,0.18622,38.826809999999995
5107602,Rondonópolis - MT,MT,244911.0,2615.0,1.1,1960.35,93.89553,86.33778,97.42509
5107701,Rosário Oeste - MT,MT,15453.0,122.0,0.8,1249.99,59.51476,15.24534,62.46605
5107743,Santa Cruz do Xingu - MT,MT,2661.0,8.0,0.3,2108.12,69.32584,4.49438,68.53932999999999
5107750,Salto do Céu - MT,MT,3679.0,20.0,0.5,1383.61,57.18412,1.01083,67.14802
5107768,Santa Rita do Trivelato - MT,MT,3276.0,34.0,1.0,1598.18,64.95238,21.52381,72.28572
5107776,Santa Terezinha - MT,MT,7596.0,12.0,0.2,1002.97,40.93242,0.17109,46.449949999999994
5107792,Santo Antônio do Leste - MT,MT,4099.0,17.0,0.4,1168.53,64.00929,0.6192,78.63777
5107800,Santo Antônio de Leverger - MT,MT,15246.0,174.0,1.1,1214.99,51.03435,3.68852,68.34504000000001
5107859,São Félix do Araguaia - MT,MT,13621.0,124.0,0.9,1502.25,58.24531,2.0263,71.45935999999999
5107875,Sapezal - MT,MT,28944.0,224.0,0.8,1957.35,91.79851,8.19072,95.63018
5107883,Serra Nova Dourada - MT,MT,1800.0,24.0,1.3,1552.08,10.60842,,54.44618
5107909,Sinop - MT,MT,196312.0,2716.0,1.4,2146.78,89.17263,18.4328,96.54312
5107925,Sorriso - MT,MT,110635.0,1311.0,1.2,2175.07,92.27134,20.03457,95.72791
5107941,Tabaporã - MT,MT,9818.0,64.0,0.7,1631.67,66.75758,1.0303,78.21212
5107958,Tangará da Serra - MT,MT,106434.0,880.0,0.8,1846.11,89.40744,20.91972,94.14269
5108006,Tapurah - MT,MT,14370.0,105.0,0.7,1743.62,79.46933,1.97912,84.86298
5108055,Terra Nova do Norte - MT,MT,10616.0,114.0,1.1,1545.61,54.51235,0.85826,55.29259
5108105,Tesouro - MT,MT,3025.0,12.0,0.4,1370.11,73.24675,14.45887,77.74891000000001
5108204,Torixoréu - MT,MT,4164.0,37.0,0.9,1390.27,74.32432,18.15511,75.91069
5108303,União do Sul - MT,MT,3838.0,28.0,0.7,1589.3,62.04545,0.22727,78.10606
5108352,Vale de São Domingos - MT,MT,2904.0,15.0,0.5,1348.22,46.81239,20.21858,60.74681
5108402,Várzea Grande - MT,MT,300078.0,3901.0,1.3,1453.88,83.24475,37.28059,97.84
5108501,Vera - MT,MT,12800.0,141.0,1.1,1618.26,77.26424,1.23716,82.53967999999999
5108600,Vila Rica - MT,MT,19888.0,185.0,0.9,1632.85,21.72649,2.5287,75.97733
5108808,Nova Guarita - MT,MT,4590.0,69.0,1.5,1130.89,62.63473,19.4012,65.62874
5108857,Nova Marilândia - MT,MT,3529.0,58.0,1.6,1504.51,74.93956,1.2087,80.9025
5108907,Nova Maringá - MT,MT,5846.0,35.0,0.6,1721.46,72.83117,0.46753,76.20779999999999
5108956,Nova Monte Verde - MT,MT,8313.0,118.0,1.4,1604.84,15.56746,0.30131,67.82724999999999
5200050,Abadia de Goiás - GO,GO,19128.0,230.0,1.2,1180.2,63.30069,17.4988,98.15378999999999
5200100,Abadiânia - GO,GO,17232.0,118.0,0.7,1120.29,63.3236,53.95975,84.3395
5200134,Acreúna - GO,GO,21568.0,317.0,1.5,1489.52,69.90377,34.23652,94.20107
5200159,Adelândia - GO,GO,2297.0,15.0,0.7,1490.18,82.71335,0.54705,89.05908
5200175,Água Fria de Goiás - GO,GO,4954.0,57.0,1.2,1067.37,60.10017,1.83639,63.99555
5200209,Água Limpa - GO,GO,1858.0,15.0,0.8,1517.07,75.83893,1.47651,83.89262000000001
5200258,Águas Lindas de Goiás - GO,GO,225693.0,2518.0,1.1,1027.34,94.18132,51.09109,97.87557
5200308,Alexânia - GO,GO,27008.0,232.0,0.9,1299.21,74.97683,2.29636,91.52507
5200506,Aloândia - GO,GO,1973.0,9.0,0.5,1654.76,85.46798,2.21675,91.25616000000001
5200555,Alto Horizonte - GO,GO,6072.0,32.0,0.5,1527.35,87.04304,24.75706,90.88385000000001
5200605,Alto Paraíso de Goiás - GO,GO,10306.0,73.0,0.7,1767.85,70.98731,1.18588,85.82459999999999
5200803,Alvorada do Norte - GO,GO,8446.0,103.0,1.2,1143.51,85.64658,41.87542,86.76371
5200829,Amaralina - GO,GO,3268.0,46.0,1.4,1184.95,46.5625,0.70312,48.82812
5200852,Americano do Brasil - GO,GO,5259.0,22.0,0.4,914.55,89.55861,9.82439,94.06739999999999
5200902,Amorinópolis - GO,GO,3007.0,16.0,0.5,1484.2,77.13147,0.87649,85.01992
5201108,Anápolis - GO,GO,398869.0,4160.0,1.0,1723.02,90.00625,65.42939,98.97913
5201207,Anhanguera - GO,GO,924.0,11.0,1.2,1518.8,94.41341,1.67598,98.88269
5201306,Anicuns - GO,GO,18503.0,168.0,0.9,1473.21,82.24364,39.84353,89.53618
5201405,Aparecida de Goiânia - GO,GO,527796.0,6429.0,1.2,1417.33,72.30388,60.75631,99.61068
5201454,Aparecida do Rio Doce - GO,GO,2907.0,10.0,0.3,1436.79,78.61692,76.7061,92.35669
5201504,Aporé - GO,GO,4325.0,37.0,0.9,1507.57,76.96235,6.06254,80.91896000000001
5201603,Araçu - GO,GO,3799.0,15.0,0.4,1368.99,85.53665,1.70157,94.30629
5201702,Aragarças - GO,GO,18390.0,268.0,1.5,1333.37,94.34901,2.6522,95.50934
5201801,Aragoiânia - GO,GO,11890.0,260.0,2.2,1165.08,60.60671,4.36747,93.58864
5202155,Araguapaz - GO,GO,7153.0,99.0,1.4,1306.11,66.28242,46.75793,73.73920000000001
5202353,Arenópolis - GO,GO,2946.0,20.0,0.7,1335.2,64.32119,3.31126,82.36755000000001
5202502,Aruanã - GO,GO,8300.0,68.0,0.8,1469.3,61.73368,33.09163,88.99143
5202601,Aurilândia - GO,GO,3284.0,69.0,2.1,1491.47,79.23698,2.86134,87.74762
5202809,Avelinópolis - GO,GO,2868.0,37.0,1.3,1395.39,72.42614,1.79051,87.37691000000001
5203104,Baliza - GO,GO,3351.0,29.0,0.9,1183.7,37.86936,0.62208,41.057539999999996
5203203,Barro Alto - GO,GO,10371.0,77.0,0.7,1311.55,84.78618,2.87829,92.65351
5203302,Bela Vista de Goiás - GO,GO,34445.0,244.0,0.7,1637.71,64.69585,40.65866,91.17397
5203401,Bom Jardim de Goiás - GO,GO,7826.0,54.0,0.7,1367.26,67.93181,31.55355,81.08717
5203500,Bom Jesus de Goiás - GO,GO,23958.0,265.0,1.1,1447.48,81.93258,88.20134,95.82082999999999
5203559,Bonfinópolis - GO,GO,10296.0,91.0,0.9,1337.45,87.14849,1.49803,97.00394
5203575,Bonópolis - GO,GO,3299.0,6.0,0.2,1200.67,51.49555,9.37753,66.93613
5203609,Brazabrantes - GO,GO,3992.0,28.0,0.7,1266.06,84.88372,0.96899,93.73384999999999
5203807,Britânia - GO,GO,5695.0,56.0,1.0,1469.56,63.28344,64.07858,95.18240999999999
5203906,Buriti Alegre - GO,GO,10495.0,67.0,0.6,1463.96,91.8499,8.89101,94.12046000000001
5203939,Buriti de Goiás - GO,GO,2732.0,12.0,0.5,1419.51,84.11552,21.38989,90.25271000000001
5203962,Buritinópolis - GO,GO,3145.0,20.0,0.6,883.67,82.3689,0.90416,78.02893
5204003,Cabeceiras - GO,GO,7560.0,67.0,0.9,1170.16,80.8845,3.36257,86.40351
5204102,Cachoeira Alta - GO,GO,11513.0,98.0,0.9,1562.18,78.70112,65.33985,88.85009
5204201,Cachoeira de Goiás - GO,GO,1405.0,15.0,1.1,1196.62,81.72589,4.23012,85.61758999999999
5204250,Cachoeira Dourada - GO,GO,7782.0,50.0,0.6,1531.74,82.54389,45.37926,91.68599
5204300,Caçu - GO,GO,13774.0,160.0,1.2,1796.75,78.78222,81.11692,93.92978000000001
5204409,Caiapônia - GO,GO,16513.0,136.0,0.8,1652.4,75.75947,71.17131,80.77044
5204508,Caldas Novas - GO,GO,98622.0,1044.0,1.1,1596.14,88.53846,46.55365,97.99178
5204557,Caldazinha - GO,GO,4507.0,6.0,0.1,1384.25,56.14035,1.28655,85.26316
5204607,Campestre de Goiás - GO,GO,3755.0,39.0,1.0,1348.84,71.36722,0.57266,80.02864
5204656,Campinaçu - GO,GO,3708.0,4.0,0.1,1225.94,64.10437,0.14104,64.45698
5204706,Campinorte - GO,GO,12510.0,38.0,0.3,1364.05,76.09493,1.07875,89.03990999999999
5204805,Campo Alegre de Goiás - GO,GO,7422.0,48.0,0.7,1503.15,74.84709,4.85474,86.65902
5204854,Campo Limpo de Goiás - GO,GO,8081.0,21.0,0.3,1141.62,76.59496,1.11276,89.31751
5204904,Campos Belos - GO,GO,18108.0,171.0,0.9,1105.23,89.55319,70.34505,94.40293
5204953,Campos Verdes - GO,GO,4005.0,19.0,0.5,1092.31,67.86667,0.8,88.86666
5205000,Carmo do Rio Verde - GO,GO,9710.0,36.0,0.4,1138.24,82.10612,0.56849,84.67785
5205059,Castelândia - GO,GO,2985.0,22.0,0.7,1362.98,83.68377,1.17746,93.94448999999999
5205109,Catalão - GO,GO,114427.0,1351.0,1.2,1978.99,93.81954,62.53771,97.99878
5205208,Caturaí - GO,GO,5184.0,14.0,0.3,1173.84,75.22936,3.56779,86.08563
5205307,Cavalcante - GO,GO,9583.0,165.0,1.7,992.49,58.90961,1.95122,60.71736
5205406,Ceres - GO,GO,22046.0,91.0,0.4,1905.87,93.1674,76.37908,96.79311000000001
5205455,Cezarina - GO,GO,8090.0,241.0,3.0,1470.53,79.59627,27.6087,85.24844999999999
5205471,Chapadão do Céu - GO,GO,12870.0,71.0,0.6,2014.5,91.5539,77.9748,97.41018
5205497,Cidade Ocidental - GO,GO,91767.0,1186.0,1.3,1257.39,94.39429,32.79751,97.82944
5205513,Cocalzinho de Goiás - GO,GO,25016.0,163.0,0.7,1124.98,66.48853,7.41483,77.64417999999999
5205521,Colinas do Sul - GO,GO,4030.0,66.0,1.6,1094.18,68.16655,1.14171,74.0094
5205703,Córrego do Ouro - GO,GO,2454.0,17.0,0.7,1696.12,61.80215,0.39177,80.5093
5205802,Corumbá de Goiás - GO,GO,10562.0,81.0,0.8,1266.95,65.23259,1.452,73.32616
5205901,Corumbaíba - GO,GO,9164.0,108.0,1.2,1501.21,79.34969,70.42213,89.07585999999999
5206206,Cristalina - GO,GO,62337.0,735.0,1.2,1347.24,64.53854,36.48743,86.8815
5206305,Cristianópolis - GO,GO,3504.0,20.0,0.6,1545.25,83.73926,15.18625,91.33238
5206404,Crixás - GO,GO,17065.0,125.0,0.7,1438.23,64.7753,1.50339,78.88781
5206503,Cromínia - GO,GO,3883.0,25.0,0.6,1625.46,78.45052,2.92969,90.42968
5206602,Cumari - GO,GO,2927.0,5.0,0.2,1392.56,79.70512,68.43018,92.80139
5206701,Damianópolis - GO,GO,3770.0,29.0,0.8,914.23,72.78713,1.97513,79.95611
5206800,Damolândia - GO,GO,2724.0,37.0,1.4,1029.48,81.00917,0.82569,92.47707
5206909,Davinópolis - GO,GO,1902.0,18.0,1.0,1201.26,78.64583,5.85938,93.48957999999999
5207105,Diorama - GO,GO,2062.0,12.0,0.6,1362.3,69.23077,0.24038,75.60097
5207253,Doverlândia - GO,GO,6956.0,49.0,0.7,1501.93,71.91905,1.01193,72.35273
5207352,Edealina - GO,GO,4001.0,27.0,0.7,1467.35,74.6966,1.33495,87.68203
5207402,Edéia - GO,GO,11747.0,82.0,0.7,1592.09,84.67354,79.95418,92.39404
5207501,Estrela do Norte - GO,GO,3205.0,3.0,0.1,1317.6,78.01418,0.39401,90.93775
5207535,Faina - GO,GO,7070.0,43.0,0.6,1212.29,55.01066,0.24876,60.83867
5207600,Fazenda Nova - GO,GO,5877.0,44.0,0.7,1503.77,66.89996,0.61754,70.39934
5207808,Firminópolis - GO,GO,10419.0,37.0,0.4,1777.07,85.66848,0.83868,91.41589
5207907,Flores de Goiás - GO,GO,13744.0,56.0,0.4,911.08,33.22513,0.34779,35.12636
5208004,Formosa - GO,GO,115901.0,1021.0,0.9,1553.54,87.56412,72.22972,92.22726999999999
5208103,Formoso - GO,GO,4660.0,48.0,1.0,1442.82,79.01982,0.60573,81.05727
5208152,Gameleira de Goiás - GO,GO,3456.0,32.0,0.9,1420.81,50.07788,2.02492,58.72274
5208301,Divinópolis de Goiás - GO,GO,4457.0,25.0,0.6,988.81,83.95137,1.33739,82.79635
5208400,Goianápolis - GO,GO,13967.0,109.0,0.8,1280.32,84.156,3.77818,97.07495
5208509,Goiandira - GO,GO,4973.0,27.0,0.6,1519.4,88.77766,1.6333,95.73235
5208608,Goianésia - GO,GO,73707.0,691.0,0.9,1539.47,75.55419,81.14411,96.61147
5208707,Goiânia - GO,GO,1437366.0,17467.0,1.2,2668.8,95.41498,79.18885,99.77908000000001
5208806,Goianira - GO,GO,71916.0,687.0,1.0,1135.58,70.82126,26.36844,98.99575
5208905,Goiás - GO,GO,24071.0,214.0,0.9,1718.77,74.72115,45.5332,78.52601
5209101,Goiatuba - GO,GO,35664.0,590.0,1.7,1689.55,82.70139,44.85837,94.64444
5209150,Gouvelândia - GO,GO,4390.0,37.0,0.9,1288.3,58.10489,4.5292,88.37902
5209200,Guapó - GO,GO,19545.0,355.0,1.8,1227.07,83.22176,48.68898,95.32775
5209291,Guaraíta - GO,GO,2188.0,7.0,0.3,1292.35,61.99343,1.09529,75.35597000000001
5209408,Guarani de Goiás - GO,GO,4085.0,25.0,0.6,916.72,48.88579,1.4624,56.47632
5209457,Guarinos - GO,GO,2161.0,21.0,0.9,1100.76,56.96489,5.09626,66.47792
5209606,Heitoraí - GO,GO,3354.0,32.0,1.0,1315.65,71.43911,0.66421,82.43543
5209705,Hidrolândia - GO,GO,27742.0,268.0,1.0,1626.34,49.68579,10.15762,90.82105999999999
5209804,Hidrolina - GO,GO,3545.0,43.0,1.2,1353.29,73.46939,1.53061,83.74636000000001
5209903,Iaciara - GO,GO,10584.0,65.0,0.6,919.34,78.54934,3.14872,87.65814
5209937,Inaciolândia - GO,GO,5954.0,39.0,0.6,1249.96,70.23108,12.2338,90.3942
5209952,Indiara - GO,GO,17061.0,217.0,1.3,1441.09,83.14625,2.13439,90.37154
5210000,Inhumas - GO,GO,52204.0,455.0,0.9,1498.36,86.60162,61.96046,95.75522
5210109,Ipameri - GO,GO,25548.0,175.0,0.7,1527.05,85.50829,50.96302,91.67782
5210158,Ipiranga de Goiás - GO,GO,2919.0,10.0,0.4,1315.82,60.45724,0.67739,73.49704
5210208,Iporá - GO,GO,35684.0,271.0,0.8,1748.63,90.87395,48.21416,93.31472000000001
5210307,Israelândia - GO,GO,2560.0,26.0,1.0,1254.54,73.8835,3.20388,82.91262
5210406,Itaberaí - GO,GO,44734.0,416.0,0.9,1421.51,77.44657,45.08186,89.29509
5210562,Itaguari - GO,GO,4963.0,55.0,1.1,1331.54,87.24385,2.10041,94.82582000000001
5210604,Itaguaru - GO,GO,4904.0,31.0,0.6,1127.42,83.72916,4.85093,86.96312
5210802,Itajá - GO,GO,4380.0,55.0,1.2,1582.01,77.81589,76.55803,86.33503999999999
5210901,Itapaci - GO,GO,21087.0,218.0,1.0,1335.74,76.83819,3.23367,92.1083
5211008,Itapirapuã - GO,GO,8007.0,79.0,1.0,1503.44,68.43112,0.76531,81.53699
5211206,Itapuranga - GO,GO,26113.0,176.0,0.7,1371.33,74.98573,66.82519,88.28229
5211305,Itarumã - GO,GO,6101.0,48.0,0.8,1776.07,58.04795,64.81164,76.62671
5211404,Itauçu - GO,GO,7736.0,68.0,0.9,1451.46,86.38993,75.22967,91.52772999999999
5211503,Itumbiara - GO,GO,107970.0,945.0,0.9,1838.9,88.85167,94.34148,97.40871
5211602,Ivolândia - GO,GO,2693.0,17.0,0.6,1548.54,59.79853,2.38095,60.16484
5211701,Jandaia - GO,GO,6272.0,51.0,0.8,1620.89,75.02968,35.49664,79.97626
5211800,Jaraguá - GO,GO,45223.0,444.0,1.0,1313.47,83.54522,25.32988,88.5883
5211909,Jataí - GO,GO,105729.0,1236.0,1.2,1818.86,89.49459,83.16783,95.88407000000001
5212006,Jaupaci - GO,GO,2924.0,15.0,0.5,994.09,75.81354,16.97449,78.62797
5212055,Jesúpolis - GO,GO,2123.0,11.0,0.5,1290.01,81.51261,0.36014,91.83673999999999
5212105,Joviânia - GO,GO,7159.0,48.0,0.7,1785.45,80.87912,84.35897,96.15383999999999
5212204,Jussara - GO,GO,19620.0,151.0,0.8,1661.84,73.98851,62.69903,85.89141
5212253,Lagoa Santa - GO,GO,1390.0,12.0,0.9,1385.97,75.41899,76.72253,87.7095
5212303,Leopoldo de Bulhões - GO,GO,8745.0,102.0,1.2,1248.93,58.49231,1.63077,76.98461
5212501,Luziânia - GO,GO,209129.0,2210.0,1.1,1154.28,72.98236,25.61811,93.30952
5212600,Mairipotaba - GO,GO,2561.0,12.0,0.5,1624.03,68.42105,0.75188,84.49248
5212709,Mambaí - GO,GO,8124.0,68.0,0.8,1009.52,80.73818,0.76894,82.04536999999999
5212808,Mara Rosa - GO,GO,10700.0,86.0,0.8,1531.62,74.82877,41.7319,82.48532
5212907,Marzagão - GO,GO,2758.0,10.0,0.3,1499.44,85.7,0.6,92.69999999999999
5212956,Matrinchã - GO,GO,4042.0,16.0,0.4,1160.03,71.73077,14.35897,80.32051
5213004,Maurilândia - GO,GO,10304.0,109.0,1.1,1294.83,94.06151,4.61294,96.42099999999999
5213053,Mimoso de Goiás - GO,GO,2614.0,16.0,0.6,1104.6,49.59184,45.5102,52.346940000000004
5213087,Minaçu - GO,GO,27075.0,272.0,1.0,1290.17,85.39394,54.82828,87.95958999999999
5213103,Mineiros - GO,GO,70081.0,646.0,0.9,1576.3,93.18081,88.51229,94.77868000000001
5213400,Moiporá - GO,GO,1685.0,14.0,0.8,1576.61,71.75141,4.51977,78.95481000000001
5213509,Monte Alegre de Goiás - GO,GO,6692.0,35.0,0.5,817.02,54.12017,0.94421,56.69528
5213707,Montes Claros de Goiás - GO,GO,8756.0,71.0,0.8,1724.65,72.07944,23.53972,78.94274999999999
5213756,Montividiu - GO,GO,12521.0,88.0,0.7,1765.18,79.31736,40.66456,91.93038000000001
5213772,Montividiu do Norte - GO,GO,3779.0,30.0,0.8,1049.67,46.35762,1.25828,48.1457
5213806,Morrinhos - GO,GO,51351.0,467.0,0.9,1637.6,88.87819,59.29437,94.51006
5213855,Morro Agudo de Goiás - GO,GO,2456.0,23.0,0.9,1081.81,77.97131,0.71721,81.76230000000001
5213905,Mossâmedes - GO,GO,4654.0,34.0,0.7,1488.19,68.24288,18.80709,86.99624
5214002,Mozarlândia - GO,GO,14750.0,131.0,0.9,1506.16,61.17062,0.80337,94.1469
5214051,Mundo Novo - GO,GO,6189.0,48.0,0.8,1347.87,49.82394,5.01761,63.46831
5214101,Mutunópolis - GO,GO,3564.0,21.0,0.6,1101.7,63.57039,0.87083,71.11756
5214408,Nazário - GO,GO,8189.0,101.0,1.2,1255.13,90.25329,2.18019,96.05643
5214507,Nerópolis - GO,GO,31932.0,357.0,1.1,1390.6,71.34424,2.62946,97.97872
5214606,Niquelândia - GO,GO,34964.0,222.0,0.6,1385.45,76.47325,41.8312,81.31876
5214705,Nova América - GO,GO,2337.0,13.0,0.6,1100.11,72.02643,2.20264,78.85463
5214804,Nova Aurora - GO,GO,2101.0,10.0,0.5,1465.6,89.30288,6.00962,96.875
5214838,Nova Crixás - GO,GO,12815.0,40.0,0.3,1606.5,58.82604,2.21985,75.30416
5214861,Nova Glória - GO,GO,8310.0,33.0,0.4,1215.39,79.81121,0.57856,84.25701000000001
5214879,Nova Iguaçu de Goiás - GO,GO,3010.0,38.0,1.3,1397.76,73.33333,0.99099,79.0991
5214903,Nova Roma - GO,GO,3076.0,41.0,1.3,1060.47,81.41746,2.93863,45.03025
5215009,Nova Veneza - GO,GO,9481.0,105.0,1.1,1427.24,76.32794,2.45381,92.81177
5215207,Novo Brasil - GO,GO,3527.0,41.0,1.2,1369.21,71.89757,1.77282,80.17071
5215231,Novo Gama - GO,GO,103804.0,1145.0,1.1,1000.39,92.63087,36.91279,94.84978
5215256,Novo Planalto - GO,GO,3716.0,12.0,0.3,1129.16,67.92717,1.47059,75.42017
5215306,Orizona - GO,GO,16399.0,121.0,0.7,1855.19,62.70943,15.49386,80.89995
5215405,Ouro Verde de Goiás - GO,GO,4057.0,13.0,0.3,1332.08,66.86508,1.19048,78.24074
5215504,Ouvidor - GO,GO,7200.0,102.0,1.4,1528.14,87.34177,1.80284,94.43805
5215603,Padre Bernardo - GO,GO,34967.0,390.0,1.1,984.91,72.09399,35.92289,80.01984999999999
5215652,Palestina de Goiás - GO,GO,3132.0,38.0,1.2,1405.74,62.17789,0.83126,66.66667
5215702,Palmeiras de Goiás - GO,GO,31858.0,292.0,0.9,1337.68,76.96091,82.07783,90.11132
5215801,Palmelo - GO,GO,2259.0,23.0,1.0,1688.91,91.04143,1.56775,97.76036
5215900,Palminópolis - GO,GO,3851.0,33.0,0.8,1410.92,73.60105,1.57999,78.67018
5216007,Panamá - GO,GO,2455.0,13.0,0.5,1380.71,77.18593,5.92965,81.30654
5216304,Paranaiguara - GO,GO,7607.0,50.0,0.7,1222.1,90.44669,91.19661,93.80502
5216403,Paraúna - GO,GO,10659.0,101.0,1.0,1539.7,82.03182,79.33905,84.99388
5216452,Perolândia - GO,GO,2964.0,21.0,0.7,1469.08,79.09177,15.3264,88.55251
5216809,Petrolina de Goiás - GO,GO,9573.0,54.0,0.6,1336.02,66.25767,13.49693,74.20645
5216908,Pilar de Goiás - GO,GO,2328.0,17.0,0.7,1090.5,44.12094,47.03247,57.89474
5217104,Piracanjuba - GO,GO,24883.0,351.0,1.4,1876.46,75.01007,68.92872,85.04831999999999
5217203,Piranhas - GO,GO,11712.0,72.0,0.6,1598.1,82.89245,5.61578,90.32957
5217302,Pirenópolis - GO,GO,26690.0,483.0,1.8,1492.76,68.38175,11.36457,85.23936
5217401,Pires do Rio - GO,GO,32373.0,235.0,0.7,1745.69,92.66145,36.96999,96.77919
5217609,Planaltina - GO,GO,105031.0,1060.0,1.0,996.1,88.5115,65.83862,91.11503
5217708,Pontalina - GO,GO,18309.0,88.0,0.5,1692.99,79.40177,71.01292,91.92386
5218003,Porangatu - GO,GO,44317.0,539.0,1.2,1524.5,83.89323,31.05302,89.39043
5218052,Porteirão - GO,GO,4070.0,15.0,0.4,1696.91,87.92173,0.67476,94.80432
5218102,Portelândia - GO,GO,3280.0,35.0,1.1,1368.96,80.17657,2.24719,96.22793
5218300,Posse - GO,GO,34914.0,304.0,0.9,1333.77,83.02706,58.10224,82.45072
5218391,Professor Jamil - GO,GO,3649.0,16.0,0.4,1453.05,69.32773,0.84034,84.45378
5218508,Quirinópolis - GO,GO,48447.0,577.0,1.2,1722.78,74.40645,87.60078,94.64554
5218607,Rialma - GO,GO,12165.0,133.0,1.1,1469.23,92.82361,2.68276,95.14867
5218706,Rianápolis - GO,GO,3980.0,52.0,1.3,1482.64,91.45192,0.87995,93.90321
5218789,Rio Quente - GO,GO,3864.0,29.0,0.7,1613.63,84.60432,16.83453,94.53237999999999
5218805,Rio Verde - GO,GO,225696.0,2391.0,1.1,1822.67,88.26615,84.8417,96.10942999999999
5218904,Rubiataba - GO,GO,19788.0,328.0,1.7,1478.55,86.00522,71.72324,92.72845000000001
5219001,Sanclerlândia - GO,GO,7918.0,84.0,1.1,1561.85,87.28028,50.87888,92.13806
5219100,Santa Bárbara de Goiás - GO,GO,6149.0,59.0,1.0,1408.78,87.43339,1.28774,93.60568
5219209,Santa Cruz de Goiás - GO,GO,3002.0,10.0,0.3,1776.3,43.19098,0.88638,68.57373
5219258,Santa Fé de Goiás - GO,GO,4951.0,42.0,0.9,1530.95,75.47068,2.47445,85.52985
5219308,Santa Helena de Goiás - GO,GO,38492.0,626.0,1.6,1538.33,90.18177,92.79248,95.95059
5219357,Santa Isabel - GO,GO,3538.0,11.0,0.3,1333.06,67.21546,1.14531,75.73371999999999
5219407,Santa Rita do Araguaia - GO,GO,5924.0,77.0,1.3,1156.18,91.35159,2.12951,92.22077
5219456,Santa Rita do Novo Destino - GO,GO,2689.0,11.0,0.4,961.7,37.20703,2.24609,56.05469
5219506,Santa Rosa de Goiás - GO,GO,2820.0,22.0,0.8,1247.28,68.77912,2.23672,84.62255
5219605,Santa Tereza de Goiás - GO,GO,3293.0,28.0,0.8,1239.43,85.26955,0.37965,
5219704,Santa Terezinha de Goiás - GO,GO,10645.0,70.0,0.7,1239.58,48.1415,3.61446,79.13355000000001
5219712,Santo Antônio da Barra - GO,GO,4267.0,21.0,0.5,1279.99,77.26115,0.50955,91.84712999999999
5219738,Santo Antônio de Goiás - GO,GO,7386.0,34.0,0.5,1735.6,81.24525,0.72134,97.22855
5219753,Santo Antônio do Descoberto - GO,GO,72127.0,575.0,0.8,1046.54,83.98478,49.81594,93.72543999999999
5219803,São Domingos - GO,GO,9711.0,77.0,0.8,952.58,70.62554,0.8648,64.71605000000001
5219902,São Francisco de Goiás - GO,GO,6378.0,98.0,1.5,1112.78,76.4083,3.68488,77.55188
5220009,São João d'Aliança - GO,GO,14041.0,78.0,0.6,915.03,65.0939,6.66667,69.64789
5220058,São João da Paraúna - GO,GO,1774.0,4.0,0.2,1629.3,68.00574,69.58393,79.62697
5220108,São Luís de Montes Belos - GO,GO,33852.0,438.0,1.3,1873.64,88.5509,73.02048,95.16967000000001
5220157,São Luiz do Norte - GO,GO,4837.0,8.0,0.2,1233.48,45.63161,1.7251,86.81135
5220207,São Miguel do Araguaia - GO,GO,21900.0,266.0,1.2,1608.32,64.41008,44.01559,88.34775
5220264,São Miguel do Passa Quatro - GO,GO,4464.0,37.0,0.8,1824.82,65.01211,8.47458,82.20338
5220280,São Patrício - GO,GO,2143.0,14.0,0.6,1242.99,68.02885,1.44231,78.84615
5220405,São Simão - GO,GO,17020.0,154.0,0.9,1403.26,94.83582,86.70149,97.95522
5220454,Senador Canedo - GO,GO,155635.0,1900.0,1.2,1346.08,91.35192,11.33091,99.32404
5220504,Serranópolis - GO,GO,8027.0,59.0,0.7,1440.72,79.24592,3.26087,83.83152
5220603,Silvânia - GO,GO,22245.0,159.0,0.7,1585.22,66.33907,55.40541,76.14250999999999
5220686,Simolândia - GO,GO,5742.0,30.0,0.5,955.32,88.76124,0.999,83.66632999999999
5220702,Sítio d'Abadia - GO,GO,2927.0,36.0,1.2,1224.18,58.79447,4.54545,56.71937
5221007,Taquaral de Goiás - GO,GO,4026.0,22.0,0.6,1406.18,81.51365,2.79156,94.85112
5221080,Teresina de Goiás - GO,GO,2701.0,26.0,0.9,1007.11,76.06094,11.7519,71.27311999999999
5221197,Terezópolis de Goiás - GO,GO,7944.0,61.0,0.8,1205.2,74.89362,56.24113,96.41843999999999
5221304,Três Ranchos - GO,GO,2921.0,32.0,1.1,1577.47,72.96588,31.58355,95.80053000000001
5221403,Trindade - GO,GO,142431.0,1644.0,1.2,1355.44,87.03557,49.53804,98.77206
5221452,Trombas - GO,GO,3120.0,33.0,1.1,1118.1,64.84056,1.47179,67.37531
5221502,Turvânia - GO,GO,4480.0,49.0,1.1,1413.92,80.03319,0.22124,87.55531
5221551,Turvelândia - GO,GO,4985.0,46.0,0.9,1307.37,78.97727,1.47727,81.875
5221577,Uirapuru - GO,GO,2798.0,26.0,0.9,1187.62,62.86249,0.84191,72.31057
5221601,Uruaçu - GO,GO,42546.0,433.0,1.0,1578.46,81.3439,58.41521,92.20286
5221700,Uruana - GO,GO,13729.0,81.0,0.6,1422.2,83.45351,6.18596,89.67742000000001
5221809,Urutaí - GO,GO,3553.0,29.0,0.8,1587.02,70.11747,0.36711,81.93833
5221858,Valparaíso de Goiás - GO,GO,198861.0,2231.0,1.1,1444.85,93.60677,37.32946,99.43656
5221908,Varjão - GO,GO,3716.0,5.0,0.1,1544.18,59.36896,0.38635,76.62589
5222005,Vianópolis - GO,GO,14956.0,168.0,1.1,1763.05,73.39516,15.4028,84.88816
5222054,Vicentinópolis - GO,GO,8768.0,93.0,1.1,1340.26,91.06234,0.98601,92.49364
5222203,Vila Boa - GO,GO,4215.0,21.0,0.5,884.85,74.2642,5.13347,
5222302,Vila Propício - GO,GO,5815.0,52.0,0.9,1212.43,49.40367,0.82569,62.981649999999995
5300108,Brasília - DF,DF,2817381.0,34136.0,1.2,2999.18,93.36788,86.21754,98.91023
